person_id,full_name,first_name,last_name,title,seniority,company_name,company_slug,company_linkedin_url,person_linkedin_url,email_guess,location_country,location_city,years_in_role,profile_summary,exclusion_flag,exclusion_reason
qutaybaalmerie,"Qutayba Almerie MD, MSc, FRCS",Qutayba,"Almerie MD, MSc, FRCS","Consultant Upper GI, Bariatric & General Surgeon",other,Circle Health Group,circle-health,,https://linkedin.com/in/qutaybaalmerie,,,United Kingdom,,"[Target-company role: Bariatric & General Surgeon at Circle Health Group] Primary employer: Manchester University NHS Foundation Trust. Consultant Upper Gastrointestinal, Bariatric & General Surgeon. Manchester University NHS Foundation Trust",,
professor-lisa-grant-aa460174,Professor Lisa Grant,Professor Lisa,Grant,Group Chief Nursing Officer & Chief Operating Officer,c-level,Spire Healthcare,spire-healthcare,https://www.linkedin.com/company/spire-healthcare,https://linkedin.com/in/professor-lisa-grant-aa460174,,,United Kingdom,,Primary employer: Spire Healthcare Group plc. Group Chief Nursing Officer & Chief Operating Officer ,,
caroline-oleary-a8769a74,Caroline Oleary,Caroline,Oleary,Registered Clinic Manager,manager,The Hospital Group,hospital,https://www.linkedin.com/company/transform-healthcare,https://linkedin.com/in/caroline-oleary-a8769a74,,,United Kingdom,,Primary employer: Transform Cosmetic Surgery Group. Registered Clinic Manager at Transform Cosmetic Surgery Group,,
senthil-nathan-urologista323a675,Senthil Nathan,Senthil,Nathan,Professor of Urology,other,Cleveland Clinic London,cleveland-clinic-london,,https://linkedin.com/in/senthil-nathan-urologista323a675,,,United Kingdom,,"[Target-company role: Director of Innovations at Cleveland Clinic London] Primary employer: Cleveland Clinic Lerner College of Medicine. Chairman of Urology, Director of Robotic Surgery & Medical Director of Innovations, Professor of Urology ",,
firas-arnaout,Firas Arnaout MD MSc FRCS(Orth),Firas,Arnaout MD MSc FRCS(Orth),Clinical Director - Orthopaedics,director/head,Practice Plus Group,practice-plus,https://www.linkedin.com/company/practiceplusgroup,https://linkedin.com/in/firas-arnaout,,,United Kingdom,,Primary employer: Practice Plus Group. Consultant Orthopaedic Surgeon || Clinical Director || Book Author || Academic || Medicolegal Expert II MHPS Investigator,,
sarah-raine-thrall-b1546a75,Sarah Raine-Thrall,Sarah,Raine-Thrall,Business Owner,other,The Hospital Group,hospital,,https://linkedin.com/in/sarah-raine-thrall-b1546a75,,,United Kingdom,,"[Target-company role: Aesthetic Nurse Prescriber at A.M.F, faculty educator at Heart of England NHS Foundation Trust, aesthetic nurse at Transform Cosmetic Surgery Group] Primary employer: Sarah Raine Aesthetics. Business Owner at Sarah Raine Aesthetics
15 + years experience 
RGN INP ",,
drtomwong,Professor Tom Wong,Professor Tom,Wong,Professor in Cardiology,other,HCA Healthcare UK,hca-healthcare-uk,,https://linkedin.com/in/drtomwong,,,United Kingdom,,[Target-company role: Consultant Cardiologist at HCA International Ltd] Primary employer: King's College London. Consultant Cardiologist and Electrophysiologist | Professor of Cardiology,,
mike-sarson-a3387773,Mike Sarson,Mike,Sarson,Hospital Director,director/head,Spire Healthcare,spire-healthcare,https://www.linkedin.com/company/spire-healthcare,https://linkedin.com/in/mike-sarson-a3387773,,,United Kingdom,,Primary employer: Spire Healthcare Group plc. Hospital Director at Spire Regency in Macclesfield ,,
nichola-evans,Nichola Evans,Nichola,Evans,Hospital Director,director/head,Spire Healthcare,spire-healthcare,https://www.linkedin.com/company/spire-healthcare,https://linkedin.com/in/nichola-evans,,,United Kingdom,,Primary employer: Spire Healthcare Group plc. Hospital Director,,
annabelle-neame-56a46162,Annabelle Neame,Annabelle,Neame,Vice President New Markets and Innovation,vp,HCA Healthcare UK,hca-healthcare-uk,https://www.linkedin.com/company/hca-international-ltd,https://linkedin.com/in/annabelle-neame-56a46162,,,United Kingdom,,Primary employer: HCA Healthcare UK. Vice President | International Leader in Medical Concierge Services | Clinician | Health Tourism SME| Spears500 Top Recommended 2026| Governor Royal Humane Society| Non Executive Director,,
yashinramkissoon,Yashin Ramkissoon,Yashin,Ramkissoon,"Consultant Ophthalmologist, Cataract & Vitreo-Retinal Surgeon",other,Claremont Private Hospital,claremont-private-hospital,,https://linkedin.com/in/yashinramkissoon,,,United Kingdom,,"[No shortlisted company found in experience] Primary employer: Claremont Private Hospital. Consultant Ophthalmologist, Cataract & Vitreo-Retinal Surgeon",,
sharon-takeda-1701a262,Sharon Takeda,Sharon,Takeda,Director of Clinical Services,director/head,Spire Healthcare,spire-healthcare,https://www.linkedin.com/company/spire-healthcare,https://linkedin.com/in/sharon-takeda-1701a262,,,United Kingdom,,Primary employer: Spire Healthcare Group plc. Director Of Clinical Services at The Spire Alexandra Hospital ,,
shoulderandelbowlondon,Nick Ferran,Nick,Ferran,Deputy Divisional Medical Director - Surgery & St Marks Division- Surgical Specialties Group Lead,director/head,HCA Healthcare UK,hca-healthcare-uk,,https://linkedin.com/in/shoulderandelbowlondon,,,United Kingdom,,[Target-company role: Consultant Shoulder & Elbow Surgeon at The Wellington Hospital] Primary employer: London North West Healthcare NHS Trust. Consultant Shoulder & Elbow Surgeon,,
jake-hamilton-certrp-060a4662,Jake Hamilton CertRP,Jake,Hamilton CertRP,Talent Acquisition Business Partner,other,Cleveland Clinic London,cleveland-clinic-london,https://www.linkedin.com/company/cleveland-clinic-london,https://linkedin.com/in/jake-hamilton-certrp-060a4662,,,United Kingdom,,Primary employer: Cleveland Clinic London. Talent Acquisition Leader | Leading Teams Across Recruitment & Onboarding | Healthcare Talent Acquisition | Workforce Planning | Stakeholder Management,,
giuseppe-sforza-941a8765,Giuseppe Sforza,Giuseppe,Sforza,Consultant Orthopaedic Surgeon,other,Spire Healthcare,spire-healthcare,,https://linkedin.com/in/giuseppe-sforza-941a8765,,,United Kingdom,,[Target-company role: Consultant Orthopaedic Surgeon at Spire Dunedin Hospital] Primary employer: Fortius Clinic. Consultant Orthopaedic Surgeon presso Schoen Clinic London,,
adam-barlow-63752465,Adam Barlow,Adam,Barlow,General Surgery Deputy Training Programme Director,director/head,Nuffield Health,nuffield-health,,https://linkedin.com/in/adam-barlow-63752465,,,United Kingdom,,"[Target-company role: Consultant Spinal Access Surgeon at Nuffield Health Leeds Hospital] Primary employer: Health Education Yorkshire and the Humber. Consultant Renal Transplant, Sarcoma and General Surgeon, Leeds | Spinal Access Surgeon | General Surgery Training Programme Director | Expert Witness",,
poonam-pradhan-94864a65,Poonam Pradhan,Poonam,Pradhan,Medical Director,director/head,Spire Healthcare,spire-healthcare,,https://linkedin.com/in/poonam-pradhan-94864a65,,,United Kingdom,,[Target-company role: Senior Gynaecologist at Spire Healthcare  at Spire Healthcare Group plc] Primary employer: Midlands Ultrasound and Medical Services. Senior Consultant Gynaecologist at University Hospitals Birmingham,,
vishakha-tripathi-gaglani-723a3766,Vishakha Tripathi Gaglani,Vishakha,Tripathi Gaglani,Clinical Lead Prevention Programmes,manager,HCA Healthcare UK,hca-healthcare-uk,,https://linkedin.com/in/vishakha-tripathi-gaglani-723a3766,,,United Kingdom,,"[Target-company role: Consultant Genetic Counsellor at HCA Healthcare UK] Primary employer: Further Group. Consultant Genetic Counsellor, GSTT & Managing Director, DNA Connect",,
sushil-maslekar-29b91568,Sushil Maslekar,Sushil,Maslekar,Deputy Head of School of Surgery,director/head,Spire Healthcare,spire-healthcare,,https://linkedin.com/in/sushil-maslekar-29b91568,,,United Kingdom,,[Target-company role: Consultant Laparoscopic/Robotic Colorectal and General Surgeon at Spire hospital] Primary employer: Health Education England. Consultant Robotic Colorectal and Hernia Surgeon,,
adele-benniman-041a9468,Adele Benniman,Adele,Benniman,Ward Manager,manager,Spire Healthcare,spire-healthcare,https://www.linkedin.com/company/spire-healthcare,https://linkedin.com/in/adele-benniman-041a9468,,,United Kingdom,,Primary employer: Spire Healthcare Group plc. Ward Manager,,
deborah-mulbah-cummings-81839768,Deborah Mulbah-Cummings,Deborah,Mulbah-Cummings,Head of Governance & Risk,director/head,HCA Healthcare UK,hca-healthcare-uk,https://www.linkedin.com/company/hca-international-ltd,https://linkedin.com/in/deborah-mulbah-cummings-81839768,,,United Kingdom,,Primary employer: HCA Healthcare UK. Strategic Leader in Healthcare Governance & Risk | Champion of Quality Assurance | Driving Excellence in Patient Safety & Regulatory Compliance,,
raj-kanwar-0084a568,Raj Kanwar,Raj,Kanwar,General Practitioner,other,Practice Plus Group,practice-plus,,https://linkedin.com/in/raj-kanwar-0084a568,,,United Kingdom,,[Target-company role: Out of Hours Visiting GP & Trainer of GP registrars at Practice Plus Group] Primary employer: NHS. NHS GP Partner since 2014 | Clinical Director | Expert Witness | Surgical & Orthopaedic Background | Emergency Out-of-Hours GP | Medical Educator | Dispensing Doctors’ Board Member | LMC Member | Crematorium Referee,,
dr-khawaja-shahabuddin-52855868,Dr Khawaja Shahabuddin,Dr Khawaja,Shahabuddin,Consultant Radiologist,other,The London Clinic,london-clinic,https://www.linkedin.com/company/the-london-clinic,https://linkedin.com/in/dr-khawaja-shahabuddin-52855868,,,United Kingdom,,Primary employer: The London Clinic. Consultant GI/HPB Radiologist at St. Bartholomew's Hospital | Training Programme Director (TPD) at Barts Health NHS Trust.,,
daniel-vazquez-96b08b69,Daniel Vazquez,Daniel,Vazquez,Head of Operations,director/head,HCA Healthcare UK,hca-healthcare-uk,https://www.linkedin.com/company/hca-international-ltd,https://linkedin.com/in/daniel-vazquez-96b08b69,,,United Kingdom,,Primary employer: HCA Healthcare UK. Head of Operations Supply Chain HCA Healthcare,,
sam-vollans-2919266a,Sam Vollans,Sam,Vollans,Founding Director,director/head,Nuffield Health,nuffield-health,,https://linkedin.com/in/sam-vollans-2919266a,,,United Kingdom,,[Target-company role: Shoulder & Elbow Surgeon at Nuffield Health Leeds Hospital] Primary employer: Sozo Healthcare Ltd. Consultant Shoulder & Elbow Surgeon,,
john-leddy-7569316a,John Leddy,John,Leddy,Musculoskeletal Sonographer,other,Circle Health Group,circle-health,,https://linkedin.com/in/john-leddy-7569316a,,,United Kingdom,,"[Target-company role: Extended Scope Physiotherapist and Sonographer at Circle Health] Primary employer: Frimley Health NHS Foundation Trust. Musculoskeletal Sonographer, Physiotherapist, Educator and Independent Prescriber",,
chris-mann-7390a971,Chris Mann,Chris,Mann,Training Programme Director General Surgery East Midlands South,director/head,Spire Healthcare,spire-healthcare,,https://linkedin.com/in/chris-mann-7390a971,,,United Kingdom,,[Target-company role: Consultant General and Colorectal Surgeon at Spire Healthcare Group plc] Primary employer: Health Education East Midlands. Consultant General and Colorectal Surgeon. Training Programme Director General Surgery East Midlands South,,
rahila-zakir-19712571,Rahila Zakir,Rahila,Zakir,Clinical Director Ophthalmology,director/head,The London Clinic,london-clinic,,https://linkedin.com/in/rahila-zakir-19712571,,,United Kingdom,,"[Target-company role: Consultant Ophthalmic Surgeon at The London Clinic] Primary employer: Imperial College Healthcare NHS Trust. Consultant Ophthalmic Surgeon & Clinical Director, Western Eye Hospital. Training Programme Director & Simulation Lead, School of Ophthalmology London. Academic Tutor, Faculty of Medicine, Imperial College London.",,
hemang-mehta-1b334271,Hemang Mehta,Hemang,Mehta,Consultant Orthopaedic Surgeon,other,Spire Healthcare,spire-healthcare,,https://linkedin.com/in/hemang-mehta-1b334271,,,United Kingdom,,Primary employer: Spire Hospital cardiff. Consultant Orthopaedic Surgeon at Aneurin Bevan health Board,,
kate-convery-0b536872,Kate Convery,Kate,Convery,Surgery Support Manager,manager,The Hospital Group,hospital,https://www.linkedin.com/company/transform-healthcare,https://linkedin.com/in/kate-convery-0b536872,,,United Kingdom,,Primary employer: Transform Hospital Group. --,,
juliecox4,Julie Cox,Julie,Cox,Director of Research and Innovation,director/head,Spire Healthcare,spire-healthcare,,https://linkedin.com/in/juliecox4,,,United Kingdom,,[Target-company role: Consultant Radiologist at Spire Healthcare Group plc] Primary employer: County Durham & Darlington NHS Foundation Trust. Director of Research and Innovation | Consultant Radiologist,,
dr-katie-hodgkinson-0712581,Dr Katie Hodgkinson,Dr Katie,Hodgkinson,Out of hours GP,other,Spire Healthcare,spire-healthcare,,https://linkedin.com/in/dr-katie-hodgkinson-0712581,,,United Kingdom,,"[Target-company role: Private GP at Spire Healthcare Group plc] Primary employer: NHS. GP & Lifestyle Medicine Doctor | Hormone Health & Wellbeing | Hampshire Health & Hormones | Private GP at Spire Hospital, Southampton",,
nada-hamed-a9766a30,Nada Hamed,Nada,Hamed,Pharmacy Manager,manager,Spire Healthcare,spire-healthcare,https://www.linkedin.com/company/spire-healthcare,https://linkedin.com/in/nada-hamed-a9766a30,,,United Kingdom,,Primary employer: Spire Healthcare Group plc. Pharmacy Manager- Spire Cheshire Hospital ,,
harveyrao,Harvey Rao,Harvey,Rao,Owner,other,London Health Clinic,london-health-clinic,,https://linkedin.com/in/harveyrao,,,Canada,,[No shortlisted company found in experience] Primary employer: London Health Clinic. Physician at The Genomic Clinic,,
luke-cascarini-71757031,Luke Cascarini,Luke,Cascarini,Chief of service,other,The London Clinic,london-clinic,,https://linkedin.com/in/luke-cascarini-71757031,,,United Kingdom,,[Target-company role: Head and Neck Surgeon at The London Clinic] Primary employer: Department of Oral & Maxillofacial Surgery. Chief of service at Department of Oral & Maxillofacial Surgery,,
dr-ewa-majdak-paredes-phd-ebopras-frcs-plastic-surgery-24063631,"Dr Ewa Majdak-Paredes PhD, EBOPRAS, FRCS(Plastic Surgery)",Dr Ewa,"Majdak-Paredes PhD, EBOPRAS, FRCS(Plastic Surgery)",Clinical Director,director/head,Spire Healthcare,spire-healthcare,,https://linkedin.com/in/dr-ewa-majdak-paredes-phd-ebopras-frcs-plastic-surgery-24063631,,,United Kingdom,,"[Target-company role: Reconstructive and Aesthetic Surgeon at Spire Healthcare Group plc] Primary employer: NHS Lothian. Consultant Plastic Surgeon; Clinical Director Plastic, Burns and Hand Surgery",,
prof-ajay-mahajan-36805031,Prof Ajay Mahajan,Prof Ajay,Mahajan,Consultant Plastic Surgeon,other,Spire Healthcare,spire-healthcare,,https://linkedin.com/in/prof-ajay-mahajan-36805031,,,United Kingdom,,[Target-company role: Consultant Plastic Surgeon at Spire Healthcare] Primary employer: Bradford Teaching Hospitals NHS Trust. Professor of Plastic Surgery and Consultant Plastic Surgeon,,
narendrapisal,Narendra Pisal,Narendra,Pisal,Founder and Director,founder/ceo,The London Clinic,london-clinic,,https://linkedin.com/in/narendrapisal,,,United Kingdom,,"[Target-company role: Consultant Gynaecologist at The London Clinic] Primary employer: London Gynaecology. Founder Director of a Women’s Health Organisation, Laparoscopic and Robotic Surgeon with a specialist interest in fibroids surgery",,
rob-pollock-1b17562,Rob Pollock,Rob,Pollock,Consultant Orthopaedic Surgeon,other,HCA Healthcare UK,hca-healthcare-uk,,https://linkedin.com/in/rob-pollock-1b17562,,,United Kingdom,,"[Target-company role: Chair HCA Sarcoma Board at HCA Healthcare UK] Primary employer: Royal National Orthopaedic Hospital (RNOH) NHS Trust. Orthopaedic Surgeon. Patient centered, outcome driven",,
jon-bell-a3a5471,Jon Bell,Jon,Bell,MAHSC Honorary Clinical Professor,other,HCA Healthcare UK,hca-healthcare-uk,,https://linkedin.com/in/jon-bell-a3a5471,,,United Kingdom,,[Target-company role: Consultant Interventional Radiologist & Member of the Medical Advisory Committee at HCA Healthcare UK] Primary employer: The University of Manchester. Consultant Interventional Radiologist at The Christie NHS Foundation Trust and Honorary Professor of Interventional Radiology at The University of Manchester,,
hemant-kocher-83a64234,Hemant Kocher,Hemant,Kocher,Research Lead,manager,The London Clinic,london-clinic,https://www.linkedin.com/company/the-london-clinic,https://linkedin.com/in/hemant-kocher-83a64234,,,United Kingdom,,Primary employer: The London Clinic. Director at Pancreatic Cancer Research Fund Tissue Bank,,
kislaya-thakur-2391374,Kislaya Thakur,Kislaya,Thakur,Chairperson,other,Circle Health Group,circle-health,,https://linkedin.com/in/kislaya-thakur-2391374,,,United Kingdom,,[Target-company role: Consultant Breast & General Surgeon at Circle Health Group] Primary employer: South East London Cancer Alliance. Cancer Lead Clinician  at Lewisham and Greenwich NHS Trust,,
asif-qasim-b77b822,Asif Qasim,Asif,Qasim,Founder and CEO,founder/ceo,Cleveland Clinic London,cleveland-clinic-london,,https://linkedin.com/in/asif-qasim-b77b822,,,United Kingdom,,[Target-company role: Consultant Cardiologist at Cleveland Clinic London] Primary employer: MedShr. Founder & CEO MedShr  +  Interventional Cardiologist   +  Trustee Bradford 2025 - UK City of Culture,,
rogan-corbridge-mbbs-bsc-frcs-frcs-orl-a835b633,"rogan corbridge MBBS, BSc.,FRCS,FRCS ORL",rogan,"corbridge MBBS, BSc.,FRCS,FRCS ORL",Partner,other,The ENT Consultancy,ent-consultancy,,https://linkedin.com/in/rogan-corbridge-mbbs-bsc-frcs-frcs-orl-a835b633,,,United Kingdom,,[No shortlisted company found in experience] Primary employer: The ENT Consultancy. ENT / Head & Neck / Thyroid / Salivary gland Surgeon,,
gurbinder-nandhara-7379193,Gurbinder Nandhara,Gurbinder,Nandhara,Clinical Director of Surgery,director/head,Ramsay Health Care UK,ramsay-health-care-uk,,https://linkedin.com/in/gurbinder-nandhara-7379193,,,United Kingdom,,[Target-company role: Foot and ankle surgery at Ramsay Health Care UK] Primary employer: George Eliot Hospital NHS Trust. Trauma  and Orthopaedics at George Eliot Hospital,,
draadilakhan,Aadil Khan,Aadil,Khan,Research and Innovation Committee,other,The London Clinic,london-clinic,,https://linkedin.com/in/draadilakhan,,,United Kingdom,,"[Target-company role: Consultant Plastic Surgeon at The London Clinic] Primary employer: BAPRAS (British Association of Plastic, Reconstructive and Aesthetic Surgeons). Consultant Plastic Surgeon",,
satyajit-bhattacharya-672b9835,Satyajit Bhattacharya,Satyajit,Bhattacharya ,Non Executive Director,director/head,The London Clinic,london-clinic,,https://linkedin.com/in/satyajit-bhattacharya-672b9835,,,United Kingdom,,"[Target-company role: Consultant Surgeon at The London Clinic] Primary employer: MDDUS. CVO, MB, MS, MPhil, FRCS  Consultant Surgeon, The London Clinic; Non-Executive Director, MDDUS",,
alex-woollard,Alex Woollard,Alex,Woollard,Facial Palsy Lead,manager,Cleveland Clinic London,cleveland-clinic-london,,https://linkedin.com/in/alex-woollard,,,United Kingdom,,"[Target-company role: Consultant Plastic Surgeon at Cleveland Clinic London] Primary employer: Great Ormond Street Hospital for Children NHS Foundation Trust. Consultant Plastic Surgeon, Professor",,
richard-price-3ba09136,Richard Price,Richard,Price,"Associate Medical Director, Spire Healthcare Ltd",director/head,Spire Healthcare,spire-healthcare,,https://linkedin.com/in/richard-price-3ba09136,,,United Kingdom,,[Target-company role: Regional Medical Director (South) at Spire Healthcare Group plc] Primary employer: RICHARD PRICE PLASTIC SURGERY LTD. Associate Medical Director at Spire Healthcare Group plc,,
constantinos-yiangou-b8a6795,Constantinos Yiangou,Constantinos,Yiangou,Medical Examiner,other,Circle Health Group,circle-health,https://www.linkedin.com/company/circlehealthgroup,https://linkedin.com/in/constantinos-yiangou-b8a6795,,,United Kingdom,,"Primary employer: Circle Health Group. Associate Medical Director and Medical Examiner, Circle Health Group",,
dr-chris-fraser-mb-chb-md-frcp-80410836,Dr Chris Fraser MB ChB MD FRCP,Dr Chris Fraser,MB ChB MD FRCP,Consultant Gastroenterologist,other,The London Clinic,london-clinic,,https://linkedin.com/in/dr-chris-fraser-mb-chb-md-frcp-80410836,,,United Kingdom,,[Target-company role: Consultant Gastroenterologist at The London Clinic] Primary employer: The Physicians' Clinic. Consultant Gastroenterologist at The Physicians Clinic,,
aji-raghu-ram-6a38b534,Aji Raghu Ram,Aji,Raghu Ram,Director,director/head,Spire Healthcare,spire-healthcare,,https://linkedin.com/in/aji-raghu-ram-6a38b534,,,United Kingdom,,"[Target-company role: Consultant ophthalmic Surgeon at Spire Healthcare] Primary employer: Optimal Eye Care. Consultant Ophthalmic Surgeon, Cwm Taf University Health Board",,
sanjaya-kalkur-6309b04,Sanjaya Kalkur,Sanjaya,Kalkur,Group Clinical Director for Obstetrics and Gynaecology,director/head,Spire Healthcare,spire-healthcare,,https://linkedin.com/in/sanjaya-kalkur-6309b04,,,United Kingdom,,"[Target-company role: Consultant Gynaecologist at Spire Wellesley Hospital] Primary employer: Mid and South Essex NHS Foundation Trust. Group Clinical Director for Obstetrics and Gynaecology @ Mid and South Essex NHS Foundation Trust | Special interest in Gynaecological oncology, Colposcopy & Endometriosis and Menopause Specialist",,
ekundayoajayi-obe,"Ajayi-Obe, Ekundayo","Ajayi-Obe,",Ekundayo,"Board, Independent Non-Executive Director (Health)",director/head,HCA Healthcare UK,hca-healthcare-uk,,https://linkedin.com/in/ekundayoajayi-obe,,,United Kingdom,,"[Target-company role: Consultant Paediatrician at HCA Healthcare UK] Primary employer: AXA Mansard. Independent Non-Executive Director | Insurance Governance & Enterprise Risk | Audit & Risk Chair (Former) | Acting Board Chair (Former) | President-Elect, Harvard T.H. Chan Alumni Association | Harvard SM Epidemiology",,
tom-cooper-9b671735,Tom Cooper,Tom,Cooper,Co-Owner,c-level,Insolace,insolace,,https://linkedin.com/in/tom-cooper-9b671735,,,United Kingdom,,"[No shortlisted company found in experience] Primary employer: Insolace. Co-Owner & Managing Director at ACE Feet in Motion, The Healthcare Hub and Insolace 3D Print Farm | Co-Owner Dacey Ltd | Co-Owner Orthotix | Co-Owner PTH Group | Co-Owner Pathway Properties",,
amit-kumar-13685b35,Amit Kumar,Amit,Kumar,Honorary Senior Lecturer,other,Spire Healthcare,spire-healthcare,,https://linkedin.com/in/amit-kumar-13685b35,,,United Kingdom,,[Target-company role: Consultant Orthopaedic Surgeon at Spire Manchester Hospital] Primary employer: University of Manchester. Consultant Orthopaedic & Oncological Surgeon,,
shaishav-shashikant-dhage-98722135,Shaishav Shashikant Dhage,Shaishav Shashikant,Dhage,"Training Programme Director IMS2 and GIM, Health Education North West ",director/head,HCA Healthcare UK,hca-healthcare-uk,,https://linkedin.com/in/shaishav-shashikant-dhage-98722135,,,United Kingdom,,[Target-company role: Consultant Endocrinologist at HCA Healthcare UK] Primary employer: NHS England. Consultant Endocrinologist,,
dbghosh,Debashis. B.Ghosh,Debashis.,B.Ghosh,"Divisional Director (Breast ,Plastics,Urology,Gynaecology,Dermatology,Ophthalmology)",director/head,The London Clinic,london-clinic,https://www.linkedin.com/company/the-london-clinic,https://linkedin.com/in/dbghosh,,,United Kingdom,,"Primary employer: The London Clinic. Consultant Breast & Oncoplastic Surgeon  ,Clinical Director Breast NCL NHS England ,Divisional Director Surgery The London Clinic",,
kelvin-lau-3334996,Kelvin Lau,Kelvin,Lau,Clinical Director,director/head,Cleveland Clinic London,cleveland-clinic-london,,https://linkedin.com/in/kelvin-lau-3334996,,,United Kingdom,,[Target-company role: Consultant Thoracic and Robotic Surgeon at Cleveland Clinic London] Primary employer: Barts Health NHS Trust. Clinical Director for Thoracic Surgery and Consultant Thoracic Surgeon at St Bartholomew's Hospital,,
rajarshi-bhattacharya-8b472436,Rajarshi Bhattacharya,Rajarshi,Bhattacharya,Professor of Practice (Orthopaedics),other,Cleveland Clinic London,cleveland-clinic-london,,https://linkedin.com/in/rajarshi-bhattacharya-8b472436,,,United Kingdom,,"[Target-company role: Consultant Orthopaedic Surgeon at Cleveland Clinic London] Primary employer: Imperial College London. Consultant Orthopaedic Surgeon; Professor of Orthopaedics, Cleveland Clinic, Professor of Practice (Orthopaedics), Imperial College, Divisional Director of Surgery, Imperial College Healthcare NHS Trust",,
mr-patkó-jános-mbbs-mrcs-ed-eec-ortho-trauma-8b88b76,"Mr. Patkó János MBBs., MRCS /Ed/  EEC Ortho  Trauma",Mr. Patkó,"János MBBs., MRCS /Ed/  EEC Ortho  Trauma",Joint CEO,founder/ceo,Spire Healthcare,spire-healthcare,,https://linkedin.com/in/mr-patkó-jános-mbbs-mrcs-ed-eec-ortho-trauma-8b88b76,,,United Kingdom,,[Target-company role: Consultant orthopaedic and trauma surgeon at Spire Leeds Hospital] Primary employer: Oliive Branch Ltd. Founding Director CEO at Ortho Health Plus Ltd  OH+,,
chad-kunkle-8329026,Chad Kunkle,Chad,Kunkle,Head of Office of Professional Staff Affairs,director/head,Cleveland Clinic London,cleveland-clinic-london,https://www.linkedin.com/company/cleveland-clinic-london,https://linkedin.com/in/chad-kunkle-8329026,,,United Kingdom,,Primary employer: Cleveland Clinic London. Head of Office of Professional Staff Affairs at Cleveland Clinic London,,
raj-kucheria-b4a2988,Raj Kucheria,Raj,Kucheria,Consultant Urologist,other,Spire Healthcare,spire-healthcare,,https://linkedin.com/in/raj-kucheria-b4a2988,,,United Kingdom,,"[Target-company role: Consultant Urological Surgeon at Spire Healthcare Group plc] Primary employer: OneWelbeck. Consultant, Clincal Lead and Foundation training Programme Director at Royal Free London NHS Foundation Trust",,
jorge-leon-villapalos-a0885a37,Jorge Leon-Villapalos,Jorge,Leon-Villapalos,"Chair, National Burns EPRR Group",other,HCA Healthcare UK,hca-healthcare-uk,,https://linkedin.com/in/jorge-leon-villapalos-a0885a37,,,United Kingdom,,"[Target-company role: Aesthetic Surgery ans Burns at The Wellington Hospital] Primary employer: NHS England. Consultant in Plastic, Reconstructive, Aesthetic and Laser Surgery. Chair, National Burns EPRR. Senior Clinical Lecturer Imperial College.",,
shabin-joshi-94693637,Shabin Joshi,Shabin,Joshi,Director,director/head,JoandR,joandr,,https://linkedin.com/in/shabin-joshi-94693637,,,United Kingdom,,"[No shortlisted company found in experience] Primary employer: JoandR. Consultant Neurosurgeon and Spinal Surgeon (Private) at Woodland Hospital, Ramsay Healthcare UK",,
amit-chawla-366b497,Amit Chawla,Amit,Chawla,Director,director/head,The London Clinic,london-clinic,,https://linkedin.com/in/amit-chawla-366b497,,,United Kingdom,,"[Target-company role: Consultant Anaesthetist at The London Clinic] Primary employer: AVC Anaesthetic Services. Consultant Anaesthetist at St Thomas’ Hospital, London",,
muntzer-mughal-6b871838,Muntzer Mughal,Muntzer,Mughal,Director of Surgical Oncology,director/head,Cleveland Clinic London,cleveland-clinic-london,https://www.linkedin.com/company/cleveland-clinic-london,https://linkedin.com/in/muntzer-mughal-6b871838,,,United Kingdom,,Primary employer: Cleveland Clinic London. Director of Surgical Oncology at Cleveland Clinic London,,
fiona-macneill-3360bb38,FIONA MACNEILL,FIONA,MACNEILL,Consultant Breast (oncoplastic) and Reconstructive Surgeon,other,The Royal Marsden NHS Foundation Trust,royal-marsden-nhs-foundation-trust,,https://linkedin.com/in/fiona-macneill-3360bb38,,,United Kingdom,,[No shortlisted company found in experience] Primary employer: The Royal Marsden NHS Foundation Trust. Director of Surgery at The London Breast Clinic,,
konstantinos-starantzis-b0881438,Konstantinos Starantzis,Konstantinos,Starantzis,Director of Deformity & Complex Spine Surgery-Eurospine Surgical Spine Centre of Excellence,director/head,Ramsay Health Care UK,ramsay-health-care-uk,,https://linkedin.com/in/konstantinos-starantzis-b0881438,,,Greece,,[Target-company role: Spine Consultant at Ramsay Health Care UK] Primary employer: Athens Medical Grοup. Director of Deformity & Complex Spine Surgery (Eurospine Surgical Spine Centre of Excellence) at Athens Medical Grοup,,
nima-heidari-5683113a,Nima Heidari,Nima,Heidari,Consultant Orthopaedic Surgeon (Co-Founder),founder/ceo,The London Clinic,london-clinic,,https://linkedin.com/in/nima-heidari-5683113a,,,United Kingdom,,"[Target-company role: Consultant Foot Ankle and Limb Reconstruction Surgeon  at The London Clinic] Primary employer: OS - Orthopaedic Specialists. Orthopaedic Surgeon | Founder OS Clinic |
Chief Medical Officer: European Quantum",,
sue-norton-4600989,Sue Norton,Sue,Norton,Head of Dietetics and Bariatric Patient Care,director/head,The Hospital Group,hospital,https://www.linkedin.com/company/transform-healthcare,https://linkedin.com/in/sue-norton-4600989,,,United Kingdom,,"Primary employer: Transform Medical Services.  Head of Dietetics and Patient Bariatric Care, Electiva  Healthcare Head of Weight Management, Clinical Dietetic Lead (Weight Loss), Founder of BandBoozled Online Support Hub",,
jennie-tantamco-4697a039,Jennie Tantamco,Jennie,Tantamco,Director of Clinical Services,director/head,Circle Health Group,circle-health,https://www.linkedin.com/company/circlehealthgroup,https://linkedin.com/in/jennie-tantamco-4697a039,,,United Kingdom,,Primary employer: Circle Health Group. Director of Clinical Services at Circle Health Group,,
jonathan-boulton-a0b6918,Jonathan Boulton,Jonathan,Boulton,Partner and Consultant Ophthalmologist,other,Circle Health Group,circle-health,https://www.linkedin.com/company/circlehealthgroup,https://linkedin.com/in/jonathan-boulton-a0b6918,,,United Kingdom,,Primary employer: CircleBath. Consultant Ophthalmologist at Royal United Hospital Bath,,
chetan-bhan-gidoctors,Chetan Bhan,Chetan,Bhan,London complex mesh centre,other,Cleveland Clinic London,cleveland-clinic-london,,https://linkedin.com/in/chetan-bhan-gidoctors,,,United Kingdom,,[Target-company role: Clinical Lead Department of Colorectal Surgery at Cleveland Clinic London] Primary employer: University College London Hospitals NHS Foundation Trust. Consultant Colorectal Surgeon UCLH. Director Colorectal Cancer Tumour Board at North Central London Alliance  - Clinical Lead Department of Colorectal Surgery at The Cleveland Clinic London,,
andy-hacker-mbbs-frcs-8222209,Andy Hacker MBBS FRCS,Andy,Hacker MBBS FRCS,Consultant Hand and Wrist Surgeon,other,Spire Healthcare,spire-healthcare,https://www.linkedin.com/company/spire-healthcare,https://linkedin.com/in/andy-hacker-mbbs-frcs-8222209,,,United Kingdom,,Primary employer: Spire Healthcare Group plc. Consultant Hand and Wrist Surgeon,,
almaskhan,Almas Khan FRCS(Tr&Orth),Almas,Khan FRCS(Tr&Orth),"Research and Innovation Lead, Integrated Spinal Surgery and Pain, Centre for Neurosciences",manager,Nuffield Health,nuffield-health,,https://linkedin.com/in/almaskhan,,,United Kingdom,,"[Target-company role: Consultant Spinal Surgeon at Nuffield Health Leeds Hospital] Primary employer: Leeds Teaching Hospitals NHS Trust. Adult and Childrens' Complex Spinal Surgeon, R&I Lead Spine & Pain, Centre for Neurosciences, Leeds Teaching Hospitals",,
beri-ridgeway-md,"Beri Ridgeway, M.D.",Beri,"Ridgeway, M.D.","President, Cleveland Clinic London",other,Cleveland Clinic London,cleveland-clinic-london,https://www.linkedin.com/company/cleveland-clinic-london,https://linkedin.com/in/beri-ridgeway-md,,,United Kingdom,,"Primary employer: Cleveland Clinic London. President, Cleveland Clinic London",,
rossfinch,Ross F.,Ross,F.,Head of Digital Growth,director/head,Ramsay Health Care UK,ramsay-health-care-uk,https://www.linkedin.com/company/ramsay-healthcare-uk,https://linkedin.com/in/rossfinch,,,United Kingdom,,Primary employer: Ramsay Health Care UK. Digital Growth Specialist Creating Consumer Centric Digital Campaigns and Transformation | Senior Digital Marketing Leader | Martech Specialist | Digital Transformation | IDM Award Winning | Mentor,,
dan-fagan-2890673a,Dan Fagan,Dan,Fagan,Clinical Chairman Circle Health Group,other,Circle Health Group,circle-health,https://www.linkedin.com/company/circlehealthgroup,https://linkedin.com/in/dan-fagan-2890673a,,,United Kingdom,,Primary employer: Circle Health Group. Clinical Chairman Circle Health Group,,
orwa-falah-85857739,Orwa Falah,Orwa,Falah ,Lead Clinician of Scottish National Service for Thoracoabdominal Aneurysm,manager,NHS National Services Scotland,nhs-national-services-scotland,,https://linkedin.com/in/orwa-falah-85857739,,,United Kingdom,,"[No shortlisted company found in experience] Primary employer: NHS National Services Scotland. Consultant Vascular & Endovascular Surgeon - Edinburgh Royal Infirmary | Honorary clinical Senior Lecturer - University Of Edinburgh | Clinical Director, Scottish National Service for Thoracoabdominal Aneurysm",,
athanasios-diamantopoulos-md-phd-frcr-ebir-fcirse-81361939,"Athanasios Diamantopoulos MD, PhD, FRCR, EBIR, FCIRSE",Athanasios,"Diamantopoulos MD, PhD, FRCR, EBIR, FCIRSE",Professor of Interventional Radiology,other,The London Clinic,london-clinic,,https://linkedin.com/in/athanasios-diamantopoulos-md-phd-frcr-ebir-fcirse-81361939,,,United Kingdom,,"[Target-company role: Co Director for Interventional Radiology and Imaging at The London Clinic] Primary employer: King's College London. Professor of Interventional Radiology (Hon), School of Biomedical Engineering & Imaging Sciences, Faculty of Life Sciences & Medicine, KCL | Consultant IR, Guy’s & St Thomas’ | NIHR Senior Research Award",,
sanjay-s-538080a,Sanjay S.,Sanjay,S.,Consultant in Sports Cardiology,other,Cleveland Clinic London,cleveland-clinic-london,https://www.linkedin.com/company/cleveland-clinic-london,https://linkedin.com/in/sanjay-s-538080a,,,United Kingdom,,"Primary employer: Cleveland Clinic London. Professor of Cardiology. City St George’s, University of London",,
barrie-crabtree-2a47403a,Barrie Crabtree,Barrie,Crabtree,General Manager,manager,National Obesity Surgery Centre,national-obesity-surgery-centre,,https://linkedin.com/in/barrie-crabtree-2a47403a,,,United Kingdom,,Primary employer: National Obesity Surgery Centre. General Manager at National Obesity Surgery Centre,,
arjun-shankar-4367983a,Arjun Shankar,Arjun,Shankar,"Consultant Sarcoma, HPB , General Surgeon and Medical Director The Lister Hospital",director/head,HCA Healthcare UK,hca-healthcare-uk,,https://linkedin.com/in/arjun-shankar-4367983a,,,United Kingdom,,"[Target-company role: General Surgeon and Medical Director The Lister Hospital at UCLH NHS Foundation Trust and HCA International] Primary employer: UCLH NHS Foundation Trust and HCA International. Consultant Surgeon and Medical Director
Proud to be part of the CQC rated ‘ Outstanding’ team at the Lister Hospital",,
jeethendrarao,Jeethendra Rao,Jeethendra,Rao,Consultant in Oral and Maxillofacial Surgery,other,Spire Healthcare,spire-healthcare,,https://linkedin.com/in/jeethendrarao,,,United Kingdom,,[Target-company role: Maxillofacial and Cosmetic Facial Plastic Surgeon at Spire Healthcare Group plc] Primary employer: East Lancashire Hospitals NHS Trust. UK Board Certified Cosmetic Facial Plastic and Consultant Maxillofacial Surgeon,,
sam-datta-7b34a440,Sam Datta,Sam,Datta,Visiting Associate Professor,other,Ramsay Health Care UK,ramsay-health-care-uk,,https://linkedin.com/in/sam-datta-7b34a440,,,United Kingdom,,"[Target-company role: Consultant Urological Surgeon at Ramsay Health Care UK] Primary employer: Anglia Ruskin University. Managing Director & Board Adviser | NHS Clinical Director (9 yrs) & Consultant Surgeon | Governance, Risk & Quality | Capital Procurement, MedTech & Health-Tech | Commercial & Regulated-Sector Oversight",,
andy-kyriacou-a794b340,Andy Kyriacou,Andy,Kyriacou,Pathology Manager,manager,Spire Healthcare,spire-healthcare,https://www.linkedin.com/company/spire-healthcare,https://linkedin.com/in/andy-kyriacou-a794b340,,,United Kingdom,,Primary employer: Spire Healthcare. Pathology Manager at Spire Healthcare,,
kogie-naidoo-614b703b,Kogie Naidoo,Kogie,Naidoo,Executive Director - Bath Clinic,director/head,Circle Health Group,circle-health,https://www.linkedin.com/company/circlehealthgroup,https://linkedin.com/in/kogie-naidoo-614b703b,,,United Kingdom,,Primary employer: Circle Health Group. Executive Director @ Circle Health Group | MBA,,
nick-jackson-869767b,Nick Jackson,Nick,Jackson,"Hospital Director, Springfield Hospital.",director/head,Ramsay Health Care UK,ramsay-health-care-uk,https://www.linkedin.com/company/ramsay-healthcare-uk,https://linkedin.com/in/nick-jackson-869767b,,,United Kingdom,,"Primary employer: Ramsay Health Care UK. Hospital Director, Springfield Hospital, Chelmsford.",,
jayne-cassidy-69142710,Jayne Cassidy,Jayne,Cassidy,Hospital Director,director/head,Spire Healthcare,spire-healthcare,https://www.linkedin.com/company/spire-healthcare,https://linkedin.com/in/jayne-cassidy-69142710,,,United Kingdom,,"Primary employer: Spire Healthcare Group plc. Hospital Director delivering Business Transformation, Strategic planning & implementation, Complex project success",,
robert-farnell-696a5840,Robert Farnell,Robert,Farnell,Owner,other,Spire Healthcare,spire-healthcare,,https://linkedin.com/in/robert-farnell-696a5840,,,United Kingdom,,[Target-company role: Consultant Orthopaedic Hand and Wrist Surgeon at Spire Healthcare] Primary employer: Your Hands Ltd. Consultant Orthopaedic Hand and Wrist Surgeon,,
debbie-craven-88797811,Debbie Craven,Debbie,Craven,Operations Director North East & North West,director/head,Ramsay Health Care UK,ramsay-health-care-uk,https://www.linkedin.com/company/ramsay-healthcare-uk,https://linkedin.com/in/debbie-craven-88797811,,,United Kingdom,,Primary employer: Ramsay Health Care UK. Operations Director North East & North West  (Ramsay Health Care UK),,
alister-hart-22789841,Alister Hart,Alister,Hart,Consultant Hip Orthopaedic Surgeon,other,Cleveland Clinic London,cleveland-clinic-london,https://www.linkedin.com/company/cleveland-clinic-london,https://linkedin.com/in/alister-hart-22789841,,,United Kingdom,,Primary employer: Cleveland Clinic London. Consultant Hip Orthopaedic Surgeon at Cleveland Clinic London,,
karengoodall1,Karen Goodall,Karen,Goodall,Clinical Director,director/head,Practice Plus Group,practice-plus,https://www.linkedin.com/company/practiceplusgroup,https://linkedin.com/in/karengoodall1,,,United Kingdom,,Primary employer: Practice Plus Group. Clinical Director at Practice Plus Group,,
elijah-ablorsu-824b3743,Elijah Ablorsu,Elijah,Ablorsu,Consultant Transplant and General Surgeon,other,Spire Healthcare,spire-healthcare,,https://linkedin.com/in/elijah-ablorsu-824b3743,,,United Kingdom,,"[Target-company role: Laparoscopic and Upper-GI Surgeon at Spire Healthcare Group plc] Primary employer: Cardiff and Vale University Health Board. Transplant and General Surgeon specialising in Organ Retrieval, Organ Perfusion and Laparoscopic Surgery.",,
vishal-paringe-5a187543,Vishal Paringe,Vishal,Paringe,Healthcare Consultant,other,Spire Healthcare,spire-healthcare,https://www.linkedin.com/company/spire-healthcare,https://linkedin.com/in/vishal-paringe-5a187543,,,United Kingdom,,Primary employer: Spire Healthcare Group plc. Consultant @ Midlands Metropolitan University Hospital ( SWBH) / Spire Parkway / Ramsay Health Care / | FRCS T&O,,
bob-chatterjee-mbbs-mrcs-msc-distinction-7a231113,Bob Chatterjee MBBS MRCS MSc(Distinction),Bob,Chatterjee MBBS MRCS MSc(Distinction),Spinal Lead,manager,The London Clinic,london-clinic,https://www.linkedin.com/company/the-london-clinic,https://linkedin.com/in/bob-chatterjee-mbbs-mrcs-msc-distinction-7a231113,,,United Kingdom,,Primary employer: The London Clinic. Expert Consultant Spinal Surgeon,,
sinead-fagan-025a8043,Sinead Fagan,Sinead,Fagan,Head of Theatres & Endoscopy,director/head,The London Clinic,london-clinic,https://www.linkedin.com/company/the-london-clinic,https://linkedin.com/in/sinead-fagan-025a8043,,,United Kingdom,,Primary employer: The London Clinic. Head of Theatres & Endoscopy ,,
phillip-johnston-7b445013,Phillip Johnston,Phillip,Johnston,Hand Fellowship TIG supervisor and faculty member,other,Spire Healthcare,spire-healthcare,,https://linkedin.com/in/phillip-johnston-7b445013,,,United Kingdom,,[Target-company role: Consultant Orthopaedic Surgeon at Spire Healthcare] Primary employer: Cambridge University Hospitals NHS Foundation Trust. Consultant Orthopaedic and Trauma Surgeon,,
melise-nevin-26312212,Melise Nevin,Melise,Nevin,Division Clinical Resource Director,director/head,HCA Healthcare UK,hca-healthcare-uk,https://www.linkedin.com/company/hca-international-ltd,https://linkedin.com/in/melise-nevin-26312212,,,United Kingdom,,Primary employer: HCA Healthcare UK. Division Clinical Resource Director at HCA Healthcare,,
paul-scott-mba-cmgr-fcmi-56ab6a12,"Paul Scott.  MBA, CMgr FCMI.",Paul,"Scott.  MBA, CMgr FCMI.",Hospital Director,director/head,Ramsay Health Care UK,ramsay-health-care-uk,https://www.linkedin.com/company/ramsay-healthcare-uk,https://linkedin.com/in/paul-scott-mba-cmgr-fcmi-56ab6a12,,,United Kingdom,,"Primary employer: Ramsay Health Care UK. Hospital Director. National chair for People and Culture.
Ramsay Healthcare  UK",,
sajjad-afzal-5796aa43,Sajjad Afzal,Sajjad,Afzal,Consultant MSK Podiatrist,other,The London Clinic,london-clinic,https://www.linkedin.com/company/the-london-clinic,https://linkedin.com/in/sajjad-afzal-5796aa43,,,United Kingdom,,"Primary employer: The London Clinic. Owner, Podiatry First Ltd",,
melanie-tan-4185b312,Melanie Tan,Melanie,Tan,Director of Medical Informatics,director/head,Cleveland Clinic London,cleveland-clinic-london,https://www.linkedin.com/company/cleveland-clinic-london,https://linkedin.com/in/melanie-tan-4185b312,,,United Kingdom,,"Primary employer: Cleveland Clinic London. Epic EHRS Lead for Digital Transformation, Theatres & Anaesthesia at University College London Hospitals NHS Foundation Trust",,
graham-walsh-8ab75743,Graham Walsh,Graham,Walsh,"Associate Editor, BMJ Digital health & AI",other,Circle Health Group,circle-health,,https://linkedin.com/in/graham-walsh-8ab75743,,,United Kingdom,,[Target-company role: Clinical Chair at Circle Health Group] Primary employer: BMJ. Knee Surgeon & Medical Director at Health Innovation YH,,
daniel-brogan-1ab34645,Daniel Brogan,Daniel,Brogan,Osteopath,other,HCA Healthcare UK,hca-healthcare-uk,https://www.linkedin.com/company/hca-international-ltd,https://linkedin.com/in/daniel-brogan-1ab34645,,,United Kingdom,,Primary employer: HCA Healthcare UK. Osteopath at HCA Healthcare UK,,
james-teo-12158313,James Teo,James,Teo,Chief Medical Officer,c-level,Cleveland Clinic London,cleveland-clinic-london,,https://linkedin.com/in/james-teo-12158313,,,United Kingdom,,"[Target-company role: Neurologist at Cleveland Clinic London] Primary employer: CogStack. Co-founder CogStack AI; Chief Medical Officer London AI Centre; Professor of Neurology King’s College Hospital, Guy’s & St Thomas Hospitals and Cleveland Clinic London",,
dave-lear-12914344,Dave Lear,Dave,Lear,Director,director/head,Practice Plus Group,practice-plus,,https://linkedin.com/in/dave-lear-12914344,,,United Kingdom,,"[Target-company role: Nurse Practitioner / Advanced Nurse Practitioner at Practice Plus Group] Primary employer: PortsMed Ltd. Director at PortsMed Ltd, Advanced Nurse Practitioner, Independent and Supplementary Prescriber",,
andreas-baumbach-05a25844,Andreas Baumbach,Andreas,Baumbach,Consultant Cardiologist,other,Cleveland Clinic London,cleveland-clinic-london,https://www.linkedin.com/company/cleveland-clinic-london,https://linkedin.com/in/andreas-baumbach-05a25844,,,United Kingdom,,"Primary employer: Cleveland Clinic London. Professor at QMUL, Interventional Cardiologist Barts Heart Centre",,
jonathanhughesentsurgeon,Jonathan Hughes PhD FRCS,Jonathan,Hughes PhD FRCS,"Consultant Ear, Nose and Throat / Head and Neck / Thyroid Surgeon",other,Cleveland Clinic London,cleveland-clinic-london,,https://linkedin.com/in/jonathanhughesentsurgeon,,,United Kingdom,,"[Target-company role: Nose and Throat / Head and Neck / Thyroid Surgeon at Cleveland Clinic London] Primary employer: University College London Hospitals NHS Foundation Trust. Consultant Ear, Nose and Throat / Head and Neck / Thyroid Surgeon at University College Hospitals London",,
sandip-mitra-a0993113,Sandip Mitra,Sandip,Mitra,NIHR National Chair for Research in Hospital Settings (NIHR RDN),other,Spire Healthcare,spire-healthcare,,https://linkedin.com/in/sandip-mitra-a0993113,,,United Kingdom,,"[Target-company role: Nephrologist at Spire Manchester Hospital] Primary employer: NIHR (National Institute for Health and Care Research). Renal Physician, Professor of Medicine & Clinician Entrepreneur",,
oliver-young-a7907b45,Oliver Young,Oliver,Young,Clinical Director Edinburgh Breast Unit,director/head,Spire Healthcare,spire-healthcare,,https://linkedin.com/in/oliver-young-a7907b45,,,United Kingdom,,"[Target-company role: Consultant Breast Surgeon at Spire Murrayfield Hospital] Primary employer: NHS Lothian. Consultant Breast Surgeon & Clinical Director, Edinburgh Breast Unit, NHS Lothian",,
oliver-segal-6b370314,Oliver Segal,Oliver,Segal,Consultant Cardiologist & Electrophysiologist,other,HCA Healthcare UK,hca-healthcare-uk,https://www.linkedin.com/company/hca-international-ltd,https://linkedin.com/in/oliver-segal-6b370314,,,United Kingdom,,"Primary employer: HCA Healthcare UK. Consultant Electrophysiologist at HCA Healthcare, The Harley Street Clinic",,
neil-kukreja-a0b29516,Neil Kukreja,Neil,Kukreja,Consultant Surgeon,other,Cleveland Clinic London,cleveland-clinic-london,https://www.linkedin.com/company/cleveland-clinic-london,https://linkedin.com/in/neil-kukreja-a0b29516,,,United Kingdom,,"Primary employer: Cleveland Clinic London. Consultant robotic, laparoscopic colorectal and emergency surgeon, Proctor (trainer) Da Vinci Robot, Medical Director",,
gregoryflint,Gregory Flint,Gregory,Flint,Company Director,director/head,Breathe Medical,breathe-medical,,https://linkedin.com/in/gregoryflint,,,United Kingdom,,[No shortlisted company found in experience] Primary employer: Breathe Medical. Founder: Breathe Medical - Sleep Medicine Consultancy and Technology,,
chris-cartlidge-breast-surgeon,Chris Cartlidge,Chris,Cartlidge,Associate Medical Director,director/head,Spire Healthcare,spire-healthcare,,https://linkedin.com/in/chris-cartlidge-breast-surgeon,,,United Kingdom,,[Target-company role: Consultant Oncoplastic Breast Surgeon at Spire Healthcare Group plc] Primary employer: NHS Fife. Consultant Oncoplastic Breast Surgeon and Associate Medical Director,,
sandip-hindocha-40918315,Sandip Hindocha,Sandip,Hindocha,Chief Medical Officer,c-level,Tonic Weight Loss Surgery,tonic-weight-loss-surgery,,https://linkedin.com/in/sandip-hindocha-40918315,,,United Kingdom,,"[Target-company role: Consultant Plastic Surgeon at Tonic Surgery UK] Primary employer: The Private Clinic. Chief Medical Officer; Associate Medical Director; Clinical Director & Consultant Plastic, Reconstructive, Cosmetic, Laser & Hand Surgeon; Visiting Professor; Lead Forensic Medical Examiner, Medico-Legal Expert",EXCLUDE,company already worked from katerina
barrie-crabtree-11724315,Barrie Crabtree,Barrie,Crabtree,General Manager,manager,National Obesity Surgery Centre,national-obesity-surgery-centre,,https://linkedin.com/in/barrie-crabtree-11724315,,,United Kingdom,,"Primary employer: National Obesity Surgery Centre. Managing Director, National Obesity Surgery Centre",,
david-rose-92787945,David Rose,David,Rose,Consultant Cardiac Surgeon,other,Spire Healthcare,spire-healthcare,https://www.linkedin.com/company/spire-healthcare,https://linkedin.com/in/david-rose-92787945,,,United Kingdom,,"Primary employer: Spire Manchester Hospital. Consultant Cardiac Surgeon Blackpool Teaching Hospitals, Head of Department Cardiothoracic Surgery",,
sian-powell-982ab815,Sian Powell,Sian,Powell,Deputy Director of Clinical Services: Quality Governance Manager,director/head,Spire Healthcare,spire-healthcare,https://www.linkedin.com/company/spire-healthcare,https://linkedin.com/in/sian-powell-982ab815,,,United Kingdom,,"Primary employer: Spire Healthcare Group plc. Deputy Director of Clinical Services:Head of Integrated Quality Governance Spire Bristol Hospital. Mental health first aider, dementia friend. ",,
jonathan-dyer-97b07119,Jonathan Dyer,Jonathan,Dyer,Partner,other,Spire Healthcare,spire-healthcare,,https://linkedin.com/in/jonathan-dyer-97b07119,,,United Kingdom,,"[Target-company role: Consultant Urologist at Spire Southampton Hospital] Primary employer: SOUTH COAST UROLOGY LLP. Consultant Urological and robotic surgeon at University Hospital Southampton
Royal college of Surgeons of England and British Urological foundation fellow. 
Doctorate of Medicine
Minimally invasive surgery fellowship",,
una-dube-088b0818,Una Dube,Una,Dube,Director of Nursing and Midwifery ,director/head,HCA Healthcare UK,hca-healthcare-uk,,https://linkedin.com/in/una-dube-088b0818,,,United Kingdom,,[Target-company role: RM at HCA Healthcare UK] Primary employer: The Magi | Healthcare Jobs. Human Health Sciences Entrepreneur ,,
jane-almond-36638418,Jane Almond,Jane,Almond,Clinical Projects Partner,other,Circle Health Group,circle-health,https://www.linkedin.com/company/circlehealthgroup,https://linkedin.com/in/jane-almond-36638418,,,United Kingdom,,Primary employer: Circle Health Group. Clinical Projects Partner,,
ruth-whitby-b48a4448,Ruth Whitby, Ruth,Whitby,Medical Director of Concierge Medicine,director/head,Cleveland Clinic London,cleveland-clinic-london,https://www.linkedin.com/company/cleveland-clinic-london,https://linkedin.com/in/ruth-whitby-b48a4448,,,United Kingdom,,"Primary employer: Cleveland Clinic London. Medical Director of Concierge Medicine and General Practitioner, Cleveland Clinic London",,
bernadette-bishop-0713b948,Bernadette  Bishop,Bernadette ,Bishop,National Clinical Director,director/head,Spire Healthcare,spire-healthcare,https://www.linkedin.com/company/spire-healthcare,https://linkedin.com/in/bernadette-bishop-0713b948,,,United Kingdom,,Primary employer: Spire Healthcare Group plc. National Clinical Director at SpireHealthcare,,
simon-sturdee-95697717,Simon Sturdee,Simon,Sturdee,Consultant Orthopaedic and Trauma Surgeon,other,Spire Healthcare,spire-healthcare,,https://linkedin.com/in/simon-sturdee-95697717,,,United Kingdom,,"[Target-company role: Consultant Orthopaedic and Trauma Surgeon at Spire Elland Hospital] Primary employer: Calderdale and Huddersfield NHS Foundation Trust. Consultant Orthopaedic and Trauma Surgeon, Specialising in Foot and Ankle disorders.",,
lizzy-morgan-1339a517,Lizzy Morgan,Lizzy,Morgan,Ophthalmic Business Owner,other,Circle Health Group,circle-health,,https://linkedin.com/in/lizzy-morgan-1339a517,,,United Kingdom,,"Primary employer: CircleBath, Hospital. Ophthalmic Business Owner at CircleBath Hospital.",,
thomas-ind-67160548,Thomas Ind,Thomas,Ind,President,other,The London Clinic,london-clinic,,https://linkedin.com/in/thomas-ind-67160548,,,United Kingdom,,"[Target-company role: Consultant Gynaecological Surgeon at The London Clinic] Primary employer: British Gynaecological Cancer Society. Consultant Gynaecology Oncology Royal Marsden Hospital. President of British Gynaecological Cancer Society (BGCS).
Past-President of Society of European Robotic Gynaecological Surgeons (SERGS)",,
matthew-liew-75600118,Matthew Liew,Matthew,Liew,Deputy Clinical Director for Innovation,director/head,Spire Healthcare,spire-healthcare,,https://linkedin.com/in/matthew-liew-75600118,,,United Kingdom,,"[Target-company role: Consultant Urological Surgeon at Spire Healthcare Group plc] Primary employer: Liverpool University Hospitals NHS Foundation Trust. Consultant Urological Surgeon.                              Deputy Clinical Director for Innovation, University Hospitals of Liverpool Group Chair Merseyside Benign Urology Network NHS Responsible AI Champion",,
tahsin-zatman-01380818,Tahsin Zatman,Tahsin,Zatman,Clinical Director,director/head,Practice Plus Group,practice-plus,https://www.linkedin.com/company/practiceplusgroup,https://linkedin.com/in/tahsin-zatman-01380818,,,United Kingdom,,"Primary employer: Practice Plus Group. Creator of Tune Into Confidence | Clinical Director of Anaesthetics and Lead in Peri operative Medicine, Practice Plus Group |Consultant Anaesthetist | Sedation Specialist | Director of Brockweir Clinic Ltd | Mother |",,
apostolos-nakas-31410818,Apostolos Nakas,Apostolos,Nakas,Consultant Thoracic Surgeon,other,Spire Healthcare,spire-healthcare,,https://linkedin.com/in/apostolos-nakas-31410818,,,United Kingdom,,[Target-company role: Consultant Thoracic Surgeon at Spire Healthcare Group plc] Primary employer: University Hospitals of Leicester NHS Trust. Consultant Thoracic Surgeon / Deputy Clinical Director RRCV CMG UHL NHS Trust,,
mark-gilmour,Mark Gilmour,Mark,Gilmour,Hospital Director,director/head,Practice Plus Group,practice-plus,https://www.linkedin.com/company/practiceplusgroup,https://linkedin.com/in/mark-gilmour,,,United Kingdom,,Primary employer: Practice Plus Group. Hospital Director at Practice Plus Group,,
john-knight-a8688048,John Knight,John,Knight,Director,director/head,Spire Healthcare,spire-healthcare,,https://linkedin.com/in/john-knight-a8688048,,,United Kingdom,,"[Target-company role: Laparoscopic & General Surgeon at Spire Southampton Hospital] Primary employer: GI Choice Ltd. Consultant Colorectal Surgeon, University Hospital Southampton",,
alviatif,Professor Atif Alvi,Professor Atif,Alvi,Clinical Professor in General Surgery,other,HCA Healthcare UK,hca-healthcare-uk,,https://linkedin.com/in/alviatif,,,United Arab Emirates,,"[Target-company role: Laparoscopic & General Surgeon at HCA Healthcare UK] Primary employer: Gulf Medical University. Clinical Professor of General Surgery -
Clinical Director General, Breast & Colorectal Surgery - Consultant Colorectal, Laparoscopic & General Surgeon  at King's College Hospital London – Dubai, UAE",,
naveed-yasin-6819594a,Naveed Yasin,Naveed,Yasin,Consultant in Complex Spinal Surgery,other,Spire Healthcare,spire-healthcare,,https://linkedin.com/in/naveed-yasin-6819594a,,,United Kingdom,,[Target-company role: Spine Consultant at Spire Healthcare Group plc] Primary employer: Northern Care Alliance NHS Foundation Trust. Consultant Spinal Surgeon,,
amit-agrawal-420bb919,Amit Agrawal,Amit,Agrawal,Consultant Oncoplastic Breast Surgeon,other,Nuffield Health,nuffield-health,,https://linkedin.com/in/amit-agrawal-420bb919,,,United Kingdom,,"[Target-company role: Consultant Oncoplastic Breast Surgeon at Nuffield Health] Primary employer: Cambridge University Hospitals NHS Foundation Trust. Associate Professor, affiliated to the Dept of Surgery, University of Cambridge",,
bilal-alkhaffaf,Bilal Alkhaffaf,Bilal,Alkhaffaf,Clinical Director of Upper GI Surgery and Intestinal Failure,director/head,Spire Healthcare,spire-healthcare,,https://linkedin.com/in/bilal-alkhaffaf,,,United Kingdom,,[Target-company role: Consultant Upper Gastrointestinal & Bariatric Surgeon at Spire Manchester Hospital] Primary employer: Northern Care Alliance NHS Foundation Trust. Professor of Oesophago-Gastric and Bariatric Surgery,,
professor-jenny-mcknight-7060a21a,Professor Jenny McKnight,Professor Jenny,McKnight,Director of Learning and Circle Academy,director/head,Circle Health Group,circle-health,https://www.linkedin.com/company/circlehealthgroup,https://linkedin.com/in/professor-jenny-mcknight-7060a21a,,,United Kingdom,,Primary employer: Circle Health Group. Director of Learning and Circle Academy,,
vicky-morris-b271a91a,Vicky Morris,Vicky,Morris,Hospital Director,director/head,Spire Healthcare,spire-healthcare,https://www.linkedin.com/company/spire-healthcare,https://linkedin.com/in/vicky-morris-b271a91a,,,United Kingdom,,Primary employer: Spire Healthcare Group plc. Hospital Director at Spire Healthcare Group plc,,
profbenedict-rogers-surgeon,Professor Benedict Rogers PhD FRCS,Professor Benedict,Rogers PhD FRCS,Research Committee Member,other,Spire Healthcare,spire-healthcare,,https://linkedin.com/in/profbenedict-rogers-surgeon,,,United Kingdom,,[Target-company role: Consultant Orthopaedic Surgeon at Spire Montefiore Hospital] Primary employer: British Orthopaedic Association. Consultant Orthopaedic Surgeon ,,
alex-chipperfield-ba293a1b,Alex Chipperfield,Alex,Chipperfield,Medical Director,director/head,Circle Health Group,circle-health,,https://linkedin.com/in/alex-chipperfield-ba293a1b,,,United Kingdom,,[Target-company role: Consultant Orthopaedic Surgeon at Circle Health Group] Primary employer: Benenden Hospital. Specialist in Hip and Knee Surgery,,
andy-northeast-8829b24b,Andy Northeast,Andy,Northeast,Consultant Surgeon,other,Circle Health Group,circle-health,https://www.linkedin.com/company/circlehealthgroup,https://linkedin.com/in/andy-northeast-8829b24b,,,United Kingdom,,Primary employer: Circle Health Group. Consultant Surgeon at Chiltern & Shelburne Hospitals,,
sharon-stewart-arrc-khn-1bb3741b,Sharon Stewart ARRC KHN,Sharon,Stewart ARRC KHN,Director of Clinical Governance & Quality Improvement,director/head,Circle Health Group,circle-health,https://www.linkedin.com/company/circlehealthgroup,https://linkedin.com/in/sharon-stewart-arrc-khn-1bb3741b,,,United Kingdom,,Primary employer: Circle Health Group. Director of Clinical Governance and Quality Improvement,,
anjana-odedra-20967951,Anjana Odedra,Anjana,Odedra,Executive Assistant To Chief Executive Officer,founder/ceo,The Hospital Group,hospital,,https://linkedin.com/in/anjana-odedra-20967951,,,United Kingdom,,[Target-company role: Head of Pharmacy Operations & Medicines Management at Transform Hospital Group] Primary employer: ASHLEY MILTON LIMITED. Head Of Pharmacy Operations at Electiva Hospitals & Independent Prescriber,,
james-newman-66668651,James Newman,James,Newman,Clinical Director,director/head,Spire Healthcare,spire-healthcare,,https://linkedin.com/in/james-newman-66668651,,,United Kingdom,,[Target-company role: Consultant Knee Surgeon at Spire Healthcare Group plc] Primary employer: Orthopedic and Trauma Surgeon. Consultant Knee Surgeon at the Yorkshire Knee Clinic Ltd,,
kate-farrow-93023651,Kate Farrow,Kate,Farrow ,Vice President  Network Optimisation (Division),vp,HCA Healthcare UK,hca-healthcare-uk,https://www.linkedin.com/company/hca-international-ltd,https://linkedin.com/in/kate-farrow-93023651,,,United Kingdom,,Primary employer: HCA Healthcare UK. Vice President - Network Optimisation ,,
nick-fletcher-54981450,Nick Fletcher,Nick,Fletcher,Chair Institute of Anaesthesia and Critical Care,other,Cleveland Clinic London,cleveland-clinic-london,https://www.linkedin.com/company/cleveland-clinic-london,https://linkedin.com/in/nick-fletcher-54981450,,,United Kingdom,,"Primary employer: Cleveland Clinic London. Professor and Chair, Institute of Critical Care, Anaesthesia and Pain. Cleveland Clinic London",,
rosie9,Rosie Wilson,Rosie,Wilson ,Director Of Clinical Services,director/head,Circle Health Group,circle-health,https://www.linkedin.com/company/circlehealthgroup,https://linkedin.com/in/rosie9,,,United Kingdom,,Primary employer: Circle Health Group. Director of Clinical Services,,
jeremy-c-2089a220,Jeremy C.,Jeremy,C.,Company Director,director/head,Spire Healthcare,spire-healthcare,,https://linkedin.com/in/jeremy-c-2089a220,,,United Kingdom,,[Target-company role: Conference Chair at Spire Harpenden] Primary employer: In House Doctor Ltd. Private GP,,
jasdeep-gahir-19049951,Jasdeep Gahir,Jasdeep,Gahir,Consultant Breast and General Surgeon,other,Spire Healthcare,spire-healthcare,,https://linkedin.com/in/jasdeep-gahir-19049951,,,United Kingdom,,[Target-company role: Consultant Oncoplastic Breast and General Surgeon  at Spire Roding] Primary employer: 108 Harley Street Ltd. Consultant Oncoplastic Breast and General Surgeon at St Johns and Elizabeth Hospital,,
dr-akeel-alisa-md-frcp-consultant-gastroenterologist-589a5b50,Dr Akeel Alisa MD FRCP Consultant Gastroenterologist,Dr Akeel Alisa MD FRCP,Consultant Gastroenterologist,Consultant Gastroenterologist/Hepatologist & General Physician,other,Spire Healthcare,spire-healthcare,,https://linkedin.com/in/dr-akeel-alisa-md-frcp-consultant-gastroenterologist-589a5b50,,,United Kingdom,,[Target-company role: Consultant Gastroenterologist/Hepatologist & General Physician at Spire Healthcare Group plc] Primary employer: Royal Free London NHS Foundation Trust. Founder / Director: Leaders in Gastrointestinal Care London (LGCL). Elective Services (ES) - Hadley Wood Hospital - KIC ; Director and Lead  in Endoscopy-Gastroenterology.,,
reena-ravikumar-796bbb20,Reena Ravikumar,Reena,Ravikumar,Founder & CEO,founder/ceo,HCA Healthcare UK,hca-healthcare-uk,,https://linkedin.com/in/reena-ravikumar-796bbb20,,,United Kingdom,,[Target-company role: Surgeon at HCA Healthcare UK] Primary employer: OptimisHealth. Founder at OptimisHealth | Surgeon | ex-BCG | Oxford DPhil,,
andrew-mikhail-60b14353,Andrew Mikhail,Andrew,Mikhail ,Chief Clinical Information Officer,other,Practice Plus Group,practice-plus,https://www.linkedin.com/company/practiceplusgroup,https://linkedin.com/in/andrew-mikhail-60b14353,,,United Kingdom,,Primary employer: Practice Plus Group. MBA/CMgr FCMI/Healthcare Executive,,
paul-manning-075a5151,Paul Manning,Paul,Manning,Chief Executive Officer,founder/ceo,Circle Health Group,circle-health,https://www.linkedin.com/company/circlehealthgroup,https://linkedin.com/in/paul-manning-075a5151,,,United Kingdom,,Primary employer: Circle Health Group. Chief Executive Officer at Circle Health Group,,
ashley-davids-8b943421,Ashley Davids,Ashley,Davids,Operating Theatre Manager,manager,Circle Health Group,circle-health,https://www.linkedin.com/company/circlehealthgroup,https://linkedin.com/in/ashley-davids-8b943421,,,United Kingdom,,Primary employer: Circle Health Group. CSM Theatre Services,,
david-rew-qvrm-td-ma-mchir-frcs-51900552,David Rew QVRM TD MA MChir FRCS,David,Rew QVRM TD MA MChir FRCS,Sole Director,director/head,Practice Plus Group,practice-plus,,https://linkedin.com/in/david-rew-qvrm-td-ma-mchir-frcs-51900552,,,United Kingdom,,"[Target-company role: Southampton at Practice Plus Group] Primary employer: Wessex Surgical Services Ltd. Consultant General Surgeon in Southampton and Director, Wessex Surgical Services Ltd",,
syam-prasad-morapudi-6250b322,Syam Prasad Morapudi,Syam Prasad,Morapudi,Associate Medical Director - Planned care,director/head,Spire Healthcare,spire-healthcare,,https://linkedin.com/in/syam-prasad-morapudi-6250b322,,,United Kingdom,,"[Target-company role: Hip & Knee surgeon at Spire Manchester Hospital] Primary employer: East Cheshire NHS Trust. Consultant Orthopaedic Surgeon at Spire Regency Hospital, Macclesfield",,
charles-evans-89564621,Charles Evans,Charles,Evans,Robotic Colorectal Surgeon,other,HCA Healthcare UK,hca-healthcare-uk,https://www.linkedin.com/company/hca-international-ltd,https://linkedin.com/in/charles-evans-89564621,,,United Kingdom,,"Primary employer: HCA Healthcare UK. Consultant Colorectal Surgeon UHCW NHS Trust, HCA Robotic Colorectal Surgeon",,
richard-levy-b0aa0b23,Richard Levy,Richard,Levy,consultant cardiologist,other,HCA Healthcare UK,hca-healthcare-uk,,https://linkedin.com/in/richard-levy-b0aa0b23,,,United Kingdom,,[Target-company role: consultant cardiologist at HCA] Primary employer: HCA. Consultant Interventional Cardiologist at University Hospital of South Manchester,,
grace-p-8b969a54,Grace P.,Grace,P.,Director Of Development,director/head,HCA Healthcare UK,hca-healthcare-uk,https://www.linkedin.com/company/hca-international-ltd,https://linkedin.com/in/grace-p-8b969a54,,,United Kingdom,,Primary employer: HCA Healthcare UK. Director Of Development at HCA Healthcare UK,,
chris-chadwick-16347823,Chris Chadwick,Chris,Chadwick,Hospital Director,director/head,Spire Healthcare,spire-healthcare,https://www.linkedin.com/company/spire-healthcare,https://linkedin.com/in/chris-chadwick-16347823,,,United Kingdom,,Primary employer: Spire Healthcare. Hospital Director at Spire Healthcare,,
ranjanthilagarajah,Ranjan Thilagarajah,Ranjan,Thilagarajah,Urological Cancer Subspecialty Lead,manager,HCA Healthcare UK,hca-healthcare-uk,,https://linkedin.com/in/ranjanthilagarajah,,,United Kingdom,,[Target-company role: Consultant Urological Surgeon at Princess Grace Hospital] Primary employer: NIHR (National Institute for Health Research). Urological Cancer Subspecialty Lead at NIHR (National Institute for Health Research),,
mr-ian-currie-90946653,Mr. Ian Currie,Mr. Ian,Currie,Consultant clinical lead,manager,Circle Health Group,circle-health,https://www.linkedin.com/company/circlehealthgroup,https://linkedin.com/in/mr-ian-currie-90946653,,,United Kingdom,,Primary employer: Circle Health Group. Trustee to Council at Royal Society of Medicine,,
alison-peake-8720bb23,Alison Peake,Alison,Peake,Hospital Director,director/head,Spire Healthcare,spire-healthcare,https://www.linkedin.com/company/spire-healthcare,https://linkedin.com/in/alison-peake-8720bb23,,,United Kingdom,,Primary employer: Spire Healthcare. Hospital Director at Spire Liverpool Hospital,,
julia-salmon-8a677323,Julia Salmon,Julia,Salmon,Hospital Director,director/head,Spire Healthcare,spire-healthcare,https://www.linkedin.com/company/spire-healthcare,https://linkedin.com/in/julia-salmon-8a677323,,,United Kingdom,,Primary employer: Spire Healthcare Group plc. Hospital Director at Spire Bushey Hospital and Outer London Hub ,,
professor-david-ralph,Professor David Ralph,Professor David,Ralph ,Consultant Urologist,other,The London Clinic,london-clinic,,https://linkedin.com/in/professor-david-ralph,,,United Kingdom,,"[Target-company role: Professor of Urology  at The London Clinic] Primary employer: MHISC-Men's Health International Surgical Center. Consultant Urologist - BSc, MS, FRCS(Urol)",,
tim-wigmore-0a87b423,Tim Wigmore,Tim,Wigmore,Medical Director (Commercial),director/head,Cleveland Clinic London,cleveland-clinic-london,https://www.linkedin.com/company/cleveland-clinic-london,https://linkedin.com/in/tim-wigmore-0a87b423,,,United Kingdom,,Primary employer: Cleveland Clinic London. Commercial Medical Director,,
simon-holbrook-7b193b53,Simon Holbrook,Simon,Holbrook,Medical Examiner,other,Circle Health Group,circle-health,,https://linkedin.com/in/simon-holbrook-7b193b53,,,United Kingdom,,[Target-company role: Consultant in Anaesthetics at Circle Health Group] Primary employer: Harrogate and District NHS Foundation Trust. Consultant in Anaesthetics & Intensive Care Medicine at Harrogate and District NHS Foundation Trust,,
ajai-seth-02554455,Ajai Seth,Ajai,Seth,Lead Consultant in Sport and Exercise Medicine,manager,HCA Healthcare UK,hca-healthcare-uk,https://www.linkedin.com/company/london-bridge-hospital,https://linkedin.com/in/ajai-seth-02554455,,,United Kingdom,,"Primary employer: London Bridge Hospital. Medical Director, London Bridge Sports Medicine. Senior Lecturer, King's College London. Past President Royal Society of Medicine.",,
jill-butler-1173ba57,Jill Butler,Jill,Butler,Owner-Operator,other,The Hospital Group,hospital,,https://linkedin.com/in/jill-butler-1173ba57,,,United Kingdom,,[Target-company role: Aesthetic Nurse Prescriber at Transform Plastic Surgery Group] Primary employer: Aesthetic Expert Clinic and Spa. Lead Trainer   at Aesthetic Expert Training,,
sharon-wong-12340a57,Sharon Wong,Sharon,Wong,President of the Institute of Trichologists (IOT),other,HCA Healthcare UK,hca-healthcare-uk,,https://linkedin.com/in/sharon-wong-12340a57,,,United Kingdom,,"[Target-company role: Consultant Dermatologist and Hair Specialist at HCA Healthcare UK] Primary employer: The Institute of Trichologists. Consultant Dermatologist and Hair Specialist, President of the Institute of Trichologists, Founder and CEO of DOSE",,
paula-vrey-85613126,Paula Vrey,Paula,Vrey,Head of Nursing,director/head,Practice Plus Group,practice-plus,,https://linkedin.com/in/paula-vrey-85613126,,,United Kingdom,,[Target-company role: Head of Clinical Services @ Surgical Centre Gillingham at Practice Plus Group] Primary employer: Care UK. Head of Clinical Services at Practice Plus Group,,
sameer-gohir-6046ba25,Sameer Gohir,Sameer,Gohir,Chief Executive Officer,founder/ceo,Circle Health Group,circle-health,,https://linkedin.com/in/sameer-gohir-6046ba25,,,United Kingdom,,[Target-company role: Clinical Services Manager and Advanced Physiotherapy Practitioner at Circle Health Group] Primary employer: Joint Injection Clinic. Consultant MSK Advanced Sonographer & Interventionist / APP,,
jo-dean-0216a825,Jo Dean,Jo,Dean,Program Director,director/head,Spire Healthcare,spire-healthcare,https://www.linkedin.com/company/spire-healthcare,https://linkedin.com/in/jo-dean-0216a825,,,United Kingdom,,Primary employer: Spire Healthcare Group plc. Programme Director and experienced Hospital Director at Spire Healthcare Group plc,,
jonathan-noël-6620b928,Jonathan Noël,Jonathan,Noël,Consultant Urological & Robotic Prostate Surgeon,other,The London Clinic,london-clinic,,https://linkedin.com/in/jonathan-noël-6620b928,,,United Kingdom,,"[Target-company role: Consultant Urological & Robotic Prostate Surgeon at The London Clinic] Primary employer: Guy's and St Thomas'​ NHS Foundation Trust. Consultant Surgeon at Guy’s & St Thomas’ NHS Foundation Trust. 
Director of Global Robotic Prostate.",,
alistair-jepson-40581858,Alistair Jepson,Alistair,Jepson,Consultant Orthopaedic Surgeon,other,Circle Health Group,circle-health,https://www.linkedin.com/company/circlehealthgroup,https://linkedin.com/in/alistair-jepson-40581858,,,United Kingdom,,Primary employer: Circle Health Group. Director at Upper Limb Ltd,,
fahad-hossain-26301527,Fahad Hossain,Fahad,Hossain,"Consultant Sports, Joint Preservation & Robotic Arthroplasty Knee Surgeon",other,Spire Healthcare,spire-healthcare,https://www.linkedin.com/company/spire-healthcare,https://linkedin.com/in/fahad-hossain-26301527,,,United Kingdom,,Primary employer: Spire Healthcare Group plc. Consultant Orthopaedic Surgeon with sub specialty interest in Knee Surgery  Director Of Research and Development at Walsall Hospitals NHS Trust,,
apurv-sinha-18470927,Apurv Sinha,Apurv,Sinha,Program Director Foundation Training,director/head,Chesterfield Royal Hospital NHS Foundation Trust,chesterfield-royal-hospital-nhs-foundation-trust,,https://linkedin.com/in/apurv-sinha-18470927,,,United Kingdom,,[No shortlisted company found in experience] Primary employer: Chesterfield Royal Hospital NHS Foundation Trust. Consultant Orthopaedic Surgeon,,
fiona-taylor-a3497927,Fiona Taylor,Fiona,Taylor,"Director of Operational Efficiency, Divisional Director(South)",director/head,Spire Healthcare,spire-healthcare,https://www.linkedin.com/company/spire-healthcare,https://linkedin.com/in/fiona-taylor-a3497927,,,United Kingdom,,"Primary employer: Spire Healthcare Group plc. Director of Operational Efficiency, Divisional Director at Spire Healthcare Group plc",,
sabira-m-60135227,Sabira M.,Sabira,M.,"Associate Director, Link Strategy",director/head,HCA Healthcare UK,hca-healthcare-uk,,https://linkedin.com/in/sabira-m-60135227,,,United Kingdom,,"[Target-company role: Resident Doctor in Oncology and Surgery at HCA Healthcare UK] Primary employer: Veeva Systems. Medical Doctor | Healthcare Digital, Data & AI",,
dawn-pickrell-1baa5327,Dawn Pickrell,Dawn,Pickrell,Hospital Director and Hub Director at spire healthcare,director/head,Spire Healthcare,spire-healthcare,https://www.linkedin.com/company/spire-healthcare,https://linkedin.com/in/dawn-pickrell-1baa5327,,,United Kingdom,,Primary employer: Spire Healthcare Group plc. Hospital Director and Hub director at Spire Healthcare Group plc,,
alistair-laidlaw-4872925a,Alistair Laidlaw,Alistair,Laidlaw,Consultant Vitreo Retinal Surgeon,other,The London Clinic,london-clinic,,https://linkedin.com/in/alistair-laidlaw-4872925a,,,United Kingdom,,[Target-company role: Consultant Ophthalmologist and Vitreo Retinal Surgeon at The London Clinic] Primary employer: Guys and St Thomas' NHS Trust & Mid Kent Healthcare Trust. Consultant Ophthalmologist and Vitreo Retinal Surgeon,,
rob-laycock-96b82329,Rob Laycock,Rob,Laycock,Medical Director,director/head,Spire Healthcare,spire-healthcare,,https://linkedin.com/in/rob-laycock-96b82329,,,United Kingdom,,[Target-company role: Consultant at Spire Healthcare Group plc] Primary employer: The Pinewoods Clinics. Consultant Maxillofacial and Facial Plastic Surgeon,,
amit-saxena-359aa128,amit saxena,amit,saxena,Anesthesiologist,other,Spire Healthcare,spire-healthcare,,https://linkedin.com/in/amit-saxena-359aa128,,,United Kingdom,,[Target-company role: Anesthesiologist at Spire Healthcare Group plc] Primary employer: St John & St Elizabeth Hospital. Consultant Anaesthetist in NHS,,
gordon-stamp-b0a33529,Gordon Stamp,Gordon,Stamp,Director and Consultant Histopathologist,director/head,The London Clinic,london-clinic,,https://linkedin.com/in/gordon-stamp-b0a33529,,,United Kingdom,,[Target-company role: Consultant Histopathologist at The London Clinic] Primary employer: Advance Histopathology Laboratory Limited. Director of Advance Histopathology Laboratory,,
aurora-catalan-9a82b459,Aurora Catalan,Aurora,Catalan,Gynae. & Urology Lead [ Theatres ],manager,Practice Plus Group,practice-plus,https://www.linkedin.com/company/practiceplusgroup,https://linkedin.com/in/aurora-catalan-9a82b459,,,United Kingdom,,Primary employer: Practice Plus Group. ☆☆☆☆☆☆☆,,
dnc79,Dorothy Chakani,Dorothy,Chakani,Assistant Director Infection Prevention & Control ,director/head,Circle Health Group,circle-health,,https://linkedin.com/in/dnc79,,,United Kingdom,,"[Target-company role: IPC Lead at Circle Health Group] Primary employer: Kent Community Health NHS Foundation Trust. Assistant Director of Infection Prevention and Control | Independent IPC Consultant | Strategic IPC Leadership | Governance, Assurance and Digital Optimisation",,
heman-joshi-0639b528,Heman Joshi,Heman,Joshi,Affiliated Assistant Professor,other,Spire Healthcare,spire-healthcare,,https://linkedin.com/in/heman-joshi-0639b528,,,United Kingdom,,"[Target-company role: Clinical Lead for Endoscopy at Spire Healthcare Group plc] Primary employer: University of Cambridge. Clinical Director, Digestive Diseases, CUH 
| Affiliated Assistant Professor, University of Cambridge | ACPGBI External Affairs Chair | Multi-platform Robotic Colorectal Surgeon & Proctor",,
anthony-cartwright,Anthony Cartwright  MB ChB  MRCS(Eng)  FRCA  MSc  MBCS,Anthony,Cartwright  MB ChB  MRCS(Eng)  FRCA  MSc  MBCS,Lead Perioperative Anaesthetist for Group,manager,Practice Plus Group,practice-plus,https://www.linkedin.com/company/practiceplusgroup,https://linkedin.com/in/anthony-cartwright,,,United Kingdom,,Primary employer: Practice Plus Group. Medical Director & Lead Consultant Anaesthetist | EHR Healthcare Consultant,,
samlock,Sam Lock,Sam,Lock,National Director,director/head,Circle Health Group,circle-health,https://www.linkedin.com/company/circlehealthgroup,https://linkedin.com/in/samlock,,,United Kingdom,,Primary employer: Circle Health Group. Healthcare Executive | Board Chair & Trustee,,
ema-proctor-1403905a,Ema Proctor,Ema,Proctor,Head of Operations,director/head,Ramsay Health Care UK,ramsay-health-care-uk,https://www.linkedin.com/company/ramsay-healthcare-uk,https://linkedin.com/in/ema-proctor-1403905a,,,United Kingdom,,Primary employer: Ramsay Health Care UK. Head of Operations  at Ramsayhealth uk,,
chris-gunn-5734b62a,Chris Gunn,Chris,Gunn,Director of Diagnostics ,director/head,Spire Healthcare,spire-healthcare,https://www.linkedin.com/company/spire-healthcare,https://linkedin.com/in/chris-gunn-5734b62a,,,United Kingdom,,Primary employer: Spire Healthcare Group plc. Director of Diagnostics at Spire Healthcare Group plc,,
alison-edwards-9235412a,Alison Edwards,Alison,Edwards,Medical Director,director/head,Practice Plus Group,practice-plus,https://www.linkedin.com/company/practiceplusgroup,https://linkedin.com/in/alison-edwards-9235412a,,,United Kingdom,,Primary employer: Practice Plus Group. Medical Director and Consultant Hand Surgeon,,
kavinandi,Professor Kavin Andi,Professor Kavin,Andi,Consultant Maxillo-Facial Head & Neck Oral Mouth Cancer Surgeon,other,HCA Healthcare UK,hca-healthcare-uk,https://www.linkedin.com/company/the-harley-street-clinic,https://linkedin.com/in/kavinandi,,,United Kingdom,,"Primary employer: The Harley Street Clinic. Consultant Maxillofacial Head & Neck Surgeon at St George's University Hospitals NHS Foundation Trust, London.
Visiting Professor at Cranfield University",,
mark-bowditch-6332322a,Mark Bowditch,Mark,Bowditch,Immediate Past President,other,Nuffield Health,nuffield-health,,https://linkedin.com/in/mark-bowditch-6332322a,,,United Kingdom,,[Target-company role: Consultant Orthopaedic Surgeon at Nuffield Health] Primary employer: British Orthopaedic Association. Consultant Knee surgeon ,,
dr-lorraine-kelly-phd-46b9315a,Dr Lorraine Kelly (PhD),Dr Lorraine,Kelly (PhD),Clinical Partner for Circle Healthgroup,other,Circle Health Group,circle-health,https://www.linkedin.com/company/circlehealthgroup,https://linkedin.com/in/dr-lorraine-kelly-phd-46b9315a,,,United Kingdom,,Primary employer: Circle Health Group.  Clinical Projects Partner at Circle Health Group I Integrated Governance Lead at One Stop Healthcare | Former Director of Nursing & Clinical Services | Trustee at MIND | Fellow RCSI.  drlorrainekellyconsultancy.com ,,
justin-davies-354b0b60,Justin  Davies,Justin ,Davies ,Consultant Colorectal Surgeon,other,Spire Healthcare,spire-healthcare,,https://linkedin.com/in/justin-davies-354b0b60,,,United Kingdom,,"[Target-company role: Consultant Surgeon at Spire Healthcare Group plc] Primary employer: Cambridge University Hospitals NHS Foundation Trust. MA MChir FRCS(Gen Surg) FEBS(C) FASCRS (Hon). Surgeon, Affiliated Associate Professor, Senior medical leader, Fellow in Clinical Medicine, Cambridge, UK. Past President ACPGBI & Past President RSM Coloproctology Section ",,
matthew-gray-6943a660,Matthew Gray,Matthew,Gray,Consultant Anaesthetist,other,Spire Healthcare,spire-healthcare,,https://linkedin.com/in/matthew-gray-6943a660,,,United Kingdom,,[Target-company role: Consultant Anaesthetist at Spire Parkway Hospital] Primary employer: Heart of England NHS Foundation Trust. Consultant Anaesthetist and Dental Sedationist at www.thedentalsedationgroup.com,,
julie-watkinson-73340360,julie watkinson,julie,watkinson,Nursing Services Manager,manager,Spire Healthcare,spire-healthcare,https://www.linkedin.com/company/spire-healthcare,https://linkedin.com/in/julie-watkinson-73340360,,,United Kingdom,,Primary employer: Spire Healthcare. Matron/Head of Clinical Services at Spire Healthcare,,
dr-kirsten-protherough-gp,Kirsten Protherough,Kirsten,Protherough,Co-Founder,founder/ceo,Practice Plus Group,practice-plus,,https://linkedin.com/in/dr-kirsten-protherough-gp,,,United Kingdom,,"[Target-company role: Out of Hours GP at Practice Plus Group] Primary employer: CareBoodle. Frailty Clinician & GP SME | Health & Social Care Innovator | Co-Founder, CareBoodle | Founder, Healthacate | BetaDen Alumni",,
michelle-stone-0264b360,Michelle Stone,Michelle,Stone,Hospital Director,director/head,Ramsay Health Care UK,ramsay-health-care-uk,https://www.linkedin.com/company/ramsay-healthcare-uk,https://linkedin.com/in/michelle-stone-0264b360,,,United Kingdom,,Primary employer: Ramsay Health Care UK. Experienced Senior Healthcare Manager/Director,,
maneesh-bhatia-80771460,Maneesh BHATIA,Maneesh,BHATIA,Associate Professor,other,Spire Healthcare,spire-healthcare,,https://linkedin.com/in/maneesh-bhatia-80771460,,,United Kingdom,,"[Target-company role: Consultant Orthopaedics at Spire Hospital Leicester] Primary employer: University of Leicester. Professor, Associate Professor, Director BEOFAA, Consultant Orthopaedic Foot Ankle Surgeon",,
shelagh-alderson-02b12060,Shelagh Alderson,Shelagh,Alderson,Hospital director,director/head,Spire Healthcare,spire-healthcare,,https://linkedin.com/in/shelagh-alderson-02b12060,,,United Kingdom,,Primary employer: Spire Washington Hospital. Hospital Director at Spire Washington Hospital,,
andrew-logan-0500b960,Andrew Logan,Andrew,Logan,Managing Director,director/head,Spire Healthcare,spire-healthcare,,https://linkedin.com/in/andrew-logan-0500b960,,,United Kingdom,,[Target-company role: Consultant Pain Management at Spire Liverpool Hospital] Primary employer: Pain Management Expert Ltd. Managing Director at Pain Management Expert Ltd,,
npshoulder,Neil Pennington,Neil,Pennington,Clinical Director Trauma & Orthopaedics,director/head,Circle Health Group,circle-health,,https://linkedin.com/in/npshoulder,,,United Kingdom,,[Target-company role: Consultant Shoulder Surgeon at Circle Health Group] Primary employer: Calderdale and Huddersfield NHS Foundation Trust. Consultant Shoulder Surgeon at Calderdale & Huddersfield NHS Foundation Trust,,
boweldoctor,Simon Radley,Simon,Radley,"Medical Director HCA, The Harborne Hospital",director/head,HCA Healthcare UK,hca-healthcare-uk,https://www.linkedin.com/company/hca-international-ltd,https://linkedin.com/in/boweldoctor,,,United Kingdom,,Primary employer: HCA Healthcare UK. Consultant Colorectal Surgeon | Medical Director at HCA The Harborne | Executive Director at Medmin & Get Well Soon | Medical Entrepreneur,,
gary-pickering-1a71a6117,Gary Pickering,Gary,Pickering,Director of Clinical Services,director/head,Circle Health Group,circle-health,https://www.linkedin.com/company/circlehealthgroup,https://linkedin.com/in/gary-pickering-1a71a6117,,,United Kingdom,,Primary employer: Circle Health Group. Director of Clinical Services for Circle Health Group Huddersfield,,
pauline-sharma-a48384120,Pauline Sharma,Pauline,Sharma,Head of healthcare,director/head,Practice Plus Group,practice-plus,https://www.linkedin.com/company/practiceplusgroup,https://linkedin.com/in/pauline-sharma-a48384120,,,United Kingdom,,Primary employer: Practice Plus Group. Head of Healthcare,,
martine-dempsey-94551a120,Martine Dempsey,Martine,Dempsey,Area Manager,manager,The Hospital Group,hospital,https://www.linkedin.com/company/transform-healthcare,https://linkedin.com/in/martine-dempsey-94551a120,,,United Kingdom,,Primary employer: Transform Cosmetic Surgery. Area Manager at Transform Cosmetic Surgery,,
david-cumming-16277611b,David Cumming,David,Cumming,Spinal Consultant,other,Cleveland Clinic London,cleveland-clinic-london,https://www.linkedin.com/company/cleveland-clinic-london,https://linkedin.com/in/david-cumming-16277611b,,,United Kingdom,,Primary employer: Cleveland Clinic London. Spinal Surgeon,,
katrin-davis-9b06bb120,Katrin Davis,Katrin,Davis,Associate Director of Clinical Services,director/head,Circle Health Group,circle-health,https://www.linkedin.com/company/circlehealthgroup,https://linkedin.com/in/katrin-davis-9b06bb120,,,United Kingdom,,Primary employer: Circle Health Group. Associate Director of Clinical Services ,,
sandra-donoghue-8332b4121,Sandra Donoghue,Sandra,Donoghue,Hospital Director ,director/head,Ramsay Health Care UK,ramsay-health-care-uk,https://www.linkedin.com/company/ramsay-healthcare-uk,https://linkedin.com/in/sandra-donoghue-8332b4121,,,United Kingdom,,Primary employer: Ramsay Health Care UK. Hospital Director at Ramsay Health Care UK,,
samantha-jarvis-68a838121,Samantha Jarvis,Samantha,Jarvis,Area Director of Clinical Performance ,director/head,Circle Health Group,circle-health,https://www.linkedin.com/company/circlehealthgroup,https://linkedin.com/in/samantha-jarvis-68a838121,,,United Kingdom,,Primary employer: Circle Health Group. Area Director of Clinical Performance,,
ian-douglas-brown-364b05128,Ian Douglas-Brown,Ian,Douglas-Brown,Theater Manager,manager,HCA Healthcare UK,hca-healthcare-uk,https://www.linkedin.com/company/hca-international-ltd,https://linkedin.com/in/ian-douglas-brown-364b05128,,,United Kingdom,,"Primary employer: HCA Healthcare UK. Theatre Manager, HCA Healthcare UK",,
caitlin-horsley-240510128,Caitlin Horsley,Caitlin,Horsley,Director,director/head,Circle Health Group,circle-health,,https://linkedin.com/in/caitlin-horsley-240510128,,,United Kingdom,,[Target-company role: Senior Neurological Physiotherapist at Circle Health Group] Primary employer: Neuro Revive Physiotherapy. Neurological Physiotherapist & Co-Founder at Neuro Revive| Empowering Recovery & Independence,,
rajeev-parameswaran-663044128,Rajeev Parameswaran,Rajeev,Parameswaran,Clinical Director,director/head,Spire Healthcare,spire-healthcare,,https://linkedin.com/in/rajeev-parameswaran-663044128,,,United Kingdom,,"[Target-company role: Consultant General and Upper GI Surgeon at Spire Healthcare Group plc] Primary employer: Wirral University Teaching Hospital NHS Foundation Trust. MBBS, MD, FRCS
Consultant Robotic General and UGI Surgery
Clinical Director Gen Surgery (WUTH)
Honorary Lecturer University of Liverpool Medical School",,
siva-kumar-veeramani-723722a7,Siva  Kumar Veeramani,Siva ,Kumar Veeramani,Co-Founder - The U Clinic,founder/ceo,Ramsay Health Care UK,ramsay-health-care-uk,,https://linkedin.com/in/siva-kumar-veeramani-723722a7,,,United Kingdom,,"[Target-company role: Consultant Plastic and Cosmetic surgeon at Ramsay Health Care UK] Primary employer: The U Clinic. Consultant Plastic, Reconstructive and Aesthetic Surgeon",,
dr-kathryn-oakland-97ab2076,Dr Kathryn Oakland,Dr Kathryn,Oakland ,Medical Director - Clinical Service Lines,director/head,HCA Healthcare UK,hca-healthcare-uk,https://www.linkedin.com/company/hca-international-ltd,https://linkedin.com/in/dr-kathryn-oakland-97ab2076,,,United Kingdom,,Primary employer: HCA Healthcare UK. Medical Director - Clinical Service Lines,,
charles-ranaboldo-129b9977,Charles Ranaboldo,Charles,Ranaboldo,Medical Director and General Surgeon ,director/head,Practice Plus Group,practice-plus,https://www.linkedin.com/company/practiceplusgroup,https://linkedin.com/in/charles-ranaboldo-129b9977,,,United Kingdom,,Primary employer: Practice Plus Group. Private surgical practice; independant sector hospitals,,
fiona-mcleman-10331778,Fiona McLeman,Fiona,McLeman,Head of Diagnostics Governance,director/head,Spire Healthcare,spire-healthcare,https://www.linkedin.com/company/spire-healthcare,https://linkedin.com/in/fiona-mcleman-10331778,,,United Kingdom,,Primary employer: Spire Healthcare Group plc. Head of Diagnostics Governance at Spire Healthcare Group plc,,
chris-sweet-a54300a8,Chris Sweet,Chris,Sweet,"Consultant Cleft, Oral & Maxillofacial Surgeon",other,Spire Healthcare,spire-healthcare,,https://linkedin.com/in/chris-sweet-a54300a8,,,United Kingdom,,"[Target-company role: Consultant Oral & Maxillofacial Surgeon at Spire Healthcare Group plc] Primary employer: Alder Hey Children's Hospital. Clinical Director Of North West England, Isle of Man & North Wales Cleft Lip and Palate Network",,
nickaresti,Nick Aresti,Nick,Aresti,Orthopaedic Surgeon,other,The London Clinic,london-clinic,,https://linkedin.com/in/nickaresti,,,United Kingdom,,"[Target-company role: Clinical Lead at The London Clinic] Primary employer: Fortius Clinic. Consultant Trauma & Orthopaedic Surgeon  I  Shoulder, Elbow & Upper Limb Specialist  I  Orthopaedic Clinical Network Director (Barts Health) & Clinical Lead (The London Clinic)",,
cliffbucknall,Cliff Bucknall,Cliff,Bucknall,Chief Medical Officer,c-level,HCA Healthcare UK,hca-healthcare-uk,https://www.linkedin.com/company/hca-international-ltd,https://linkedin.com/in/cliffbucknall,,,United Kingdom,,Primary employer: HCA Healthcare UK. Chief Medical Officer @ HCA Healthcare UK |,,
lisa-wickwar-38762579,Lisa Wickwar,Lisa,Wickwar,Director Of Clinical Services,director/head,Spire Healthcare,spire-healthcare,,https://linkedin.com/in/lisa-wickwar-38762579,,,United Kingdom,,Primary employer: Spire Healthcare Group plc- Montefiore Hospital. --,,
facialplasticsurgeryaj,"Anil Joshi MS, FRCS (ORL-HNS)",Anil Joshi,"MS, FRCS (ORL-HNS)",President,other,HCA Healthcare UK,hca-healthcare-uk,,https://linkedin.com/in/facialplasticsurgeryaj,,,United Kingdom,,"[Target-company role: Consultant  Surgeon at OneWelbeck, consultant Facial Plastic and ENT surgeon  at HCA Healthcare UK] Primary employer: The British Society of Facial Plastic Surgery. President of The British Society of Facial Plastic Surgery (BSFPS) 
Consultant Facial Plastic Surgeon",,
p-julian-owen-8701ba79,P Julian Owen,P Julian,Owen,Board of Specialist Societies (Representing BODS),other,Spire Healthcare,spire-healthcare,,https://linkedin.com/in/p-julian-owen-8701ba79,,,United Kingdom,,[Target-company role: Consultant Trauma & Orthopaedic Surgeon at Spire Healthcare] Primary employer: British Orthopaedic Association. Founder Member & Chair at cluB-12,,
greg-jones-06b000b0,Greg Jones,Greg,Jones,Robotic Bariatric Surgeon,other,Spire Healthcare,spire-healthcare,,https://linkedin.com/in/greg-jones-06b000b0,,,United Kingdom,,[Target-company role: Consultant Upper GI & Bariatric Surgeon at Spire Healthcare Group plc] Primary employer: Optimise Weight Loss Surgery. Consultant surgeon specialising in robotic and laparoscopic weight loss surgery,,
akhtar-zaman-281a74ab,Akhtar Zaman,Akhtar,Zaman,Medical Assessor,other,Circle Health Group,circle-health,,https://linkedin.com/in/akhtar-zaman-281a74ab,,,United Kingdom,,[Target-company role: Private GP at Circle Health Group] Primary employer: Care Quality Commission. General Practitioner at NHS England,,
paula-o’brien-8b83997a,Paula O’Brien,Paula,O’Brien,Head of Nursing Ops,director/head,The London Clinic,london-clinic,https://www.linkedin.com/company/the-london-clinic,https://linkedin.com/in/paula-o’brien-8b83997a,,,United Kingdom,,Primary employer: The London Clinic. Head of Nursing Operations- Medical and Surgical,,
jennifer-collin-044852ab,Jennifer Collin,Jennifer,Collin,Clinic Manager,manager,The Hospital Group,hospital,,https://linkedin.com/in/jennifer-collin-044852ab,,,United Kingdom,,Primary employer: Transform Cosmetic Surgery Group. Cosmetics Professional,,
eldimarys-curry-machado-5a31aaab,Eldimarys Curry-Machado,Eldimarys,Curry-Machado,General Practitioner,other,HCA Healthcare UK,hca-healthcare-uk,https://www.linkedin.com/company/hca-international-ltd,https://linkedin.com/in/eldimarys-curry-machado-5a31aaab,,,United Kingdom,,Primary employer: HCA Healthcare UK. Clinical dermatology at Queen Mary University of London,,
diana-niland-138a8880,Diana Niland,Diana,Niland,Director of Clinical Services,director/head,Circle Health Group,circle-health,https://www.linkedin.com/company/circlehealthgroup,https://linkedin.com/in/diana-niland-138a8880,,,United Kingdom,,Primary employer: Circle Health Group. Director of Clinical Services at  Runnymede Hospital (Part of Circle Health Group),,
sanah-qasem-b57933b0,Sanah Qasem,Sanah,Qasem,Owner and Advanced Injector,other,The Hospital Group,hospital,,https://linkedin.com/in/sanah-qasem-b57933b0,,,United Kingdom,,"[Target-company role: Aesthetic Doctor at Transform Cosmetic Surgery Group] Primary employer: Derma Medical. NHS Doctor, Aesthetic Dr, Clinical  Director & Principal Trainer at Derma Medical.",,
ash-vasireddy-495942b0,Ash Vasireddy,Ash,Vasireddy,Consultant Orthopaedic Trauma Surgeon & Lead for Orthopaedic Trauma,manager,Cleveland Clinic London,cleveland-clinic-london,https://www.linkedin.com/company/cleveland-clinic-london,https://linkedin.com/in/ash-vasireddy-495942b0,,,United Kingdom,,"Primary employer: Cleveland Clinic London. Orthopaedic Trauma Surgeon | Prehospital Care Consultant | Healthcare AI & MedTech Advisor | Trauma Systems, Defence Medicine & Private Equity Strategy | National Public Inquiry Medical Expert",,
neal-jacobs-481375b0,Neal Jacobs,Neal,Jacobs,Consultant Trauma & Orthopaedic Surgeon,other,Spire Healthcare,spire-healthcare,,https://linkedin.com/in/neal-jacobs-481375b0,,,United Kingdom,,"[Target-company role: Consultant Orthopaedic Foot & Ankle Surgeon at Spire Southampton Hospital] Primary employer: Salisbury NHS Foundation Trust. Consultant Trauma & Orthopaedic surgeon (Foot & Ankle, Complex limb recon)",,
oliver-young-802721b1,Oliver Young,Oliver,Young,"Clinical Director, Edinburgh Breast Unit",director/head,Spire Healthcare,spire-healthcare,,https://linkedin.com/in/oliver-young-802721b1,,,United Kingdom,,[Target-company role: Consultant Breast Surgeon at Spire Healthcare Group plc] Primary employer: NHS Lothian. Consultant Breast Surgeon at Edinburgh Breast Clinic,,
rebecca-somerscales-77714481,Rebecca Somerscales,Rebecca,Somerscales,Registered Nurse,other,Spire Healthcare,spire-healthcare,https://www.linkedin.com/company/spire-healthcare,https://linkedin.com/in/rebecca-somerscales-77714481,,,United Kingdom,,"Primary employer: Spire Healthcare Group plc. Registered Nurse, Health and Wellbeing advisor, Yoga teacher, Yoga therapist in Viniyoga tradition.  Passionate holistic health educator.  Director of Svastha Lincs CIC. Creator of Women of a Certain Rage Facebook group",,
robert-clayton-83373783,Robert Clayton,Robert,Clayton,"2025 Past President, British Orthopaedic Foot and Ankle Society",other,Spire Healthcare,spire-healthcare,,https://linkedin.com/in/robert-clayton-83373783,,,United Kingdom,,[Target-company role: Consultant Orthopaedic Foot and Ankle Surgeon at Spire Healthcare Group plc] Primary employer: British Orthopaedic Foot & Ankle Society. 2025 Past President of British Orthopaedic Foot and Ankle Society and Director at Resolve Medicolegal,,
dr-salinda-johnson-29845a83,Dr. Salinda Johnson,Dr. Salinda,Johnson,Medical Director,director/head,The Hospital Group,hospital,,https://linkedin.com/in/dr-salinda-johnson-29845a83,,,United Kingdom,,[Target-company role: Senior aesthetic dermatologist at Transform cosmetic surgery group] Primary employer: Londoncosmeticclinic. at,,
dafydd-taff-edwards-86146883,"Dafydd ""Taff"" Edwards","Dafydd ""Taff""",Edwards,Chair of the Trauma Committee,other,Cleveland Clinic London,cleveland-clinic-london,,https://linkedin.com/in/dafydd-taff-edwards-86146883,,,United Kingdom,,"[Target-company role: Consultant Hand and Wrist Surgeon at Cleveland Clinic London] Primary employer: British Society for Surgery of the Hand. Clinical Director Trauma and Orthopaedics/Plastics
Consultant Trauma and Orthopaedic Surgeon (Hand, Wrist and Elbow) at The Royal London Hospital",,
nurul-ahad-276289b5,Nurul Ahad,Nurul,Ahad,Medical Director,director/head,Practice Plus Group,practice-plus,https://www.linkedin.com/company/practiceplusgroup,https://linkedin.com/in/nurul-ahad-276289b5,,,United Kingdom,,Primary employer: Practice Plus Group. Medical Director at Practice Plus Group ,,
greg-gerrard-380839b4,Greg Gerrard,Greg,Gerrard,Oral Surgeon,other,Practice Plus Group,practice-plus,,https://linkedin.com/in/greg-gerrard-380839b4,,,United Kingdom,,"[Target-company role: Specialist Oral Surgeon at Practice Plus Group] Primary employer: Lovat House Dental Specialist. Consultant in Oral Surgery, Swindon ::
Clinical Director of Oral Surgery, CareUK ::
Director of Adept Dental Ltd",,
feras-al-jaafari-799b8785,Feras Al Jaafari,Feras,Al Jaafari,Clinical Director - Surgical Directorate,director/head,Spire Healthcare,spire-healthcare,,https://linkedin.com/in/feras-al-jaafari-799b8785,,,United Kingdom,,"[Target-company role: Consultant Urologist at Spire Edinburgh Hospitals] Primary employer: NHS Fife. Consultant Urologist with special interest in Endourology, BPH and Medical education ",,
jonathan-richardson-73252285,Jonathan Richardson,Jonathan,Richardson,Governance Lead - General Surgery,manager,HCA Healthcare UK,hca-healthcare-uk,,https://linkedin.com/in/jonathan-richardson-73252285,,,United Kingdom,,"[Target-company role: Consultant Colorectal & General Surgeon - Private Surgeon at HCA Healthcare UK] Primary employer: Queen Elizabeth Hospital NHS Trust. Consultant Colorectal & General Surgeon, University Hospitals Birmingham | Laparoscopic & Robotic Oncology Surgeon | Honorary Associate Professor, University of Birmingham | Director of West Midlands Colorectal",,
cherrilreilly,Cherril Reilly,Cherril,Reilly,Surgical Services Director for Performance Improvement,director/head,HCA Healthcare UK,hca-healthcare-uk,https://www.linkedin.com/company/hca-international-ltd,https://linkedin.com/in/cherrilreilly,,,United Kingdom,,Primary employer: HCA Healthcare UK. Surgical Services Director for Performance Improvement at HCA,,
sarah-lang-81a909b7,Sarah Lang,Sarah,Lang,Ward Manager,manager,Spire Healthcare,spire-healthcare,https://www.linkedin.com/company/spire-healthcare,https://linkedin.com/in/sarah-lang-81a909b7,,,United Kingdom,,Primary employer: Spire Healthcare Group plc. Ward Manager at Spire Healthcare Group plc,,
dr-umer-butt-77476687,Dr Umer Butt,Dr Umer,Butt,President Pakistan knee and Hip Society,other,Circle Health Group,circle-health,,https://linkedin.com/in/dr-umer-butt-77476687,,,United Kingdom,,"[Target-company role: Medical Appraiser for doctors  at Circle Health hospitals] Primary employer: PKHS. PRESIDENT PAKISTAN KNEE & HIP SOCIETY  CHAIRMAN 
MEMBER BOARD OF MEDICAL TOURISM GOVERNMENT OF PAKISTAN   
SICOT SPORTS 2023-25  DIRECTOR SPORTS SURGERY FELLOWSHIP SICOT PAKISTAN  PATRON IN CHIEF JBSS
 JOURNAL ",,
anneka-hornsey-39514089,Anneka Hornsey,Anneka,Hornsey,Director of Clinical Services,director/head,Circle Health Group,circle-health,https://www.linkedin.com/company/circlehealthgroup,https://linkedin.com/in/anneka-hornsey-39514089,,,United Kingdom,,Primary employer: Circle Health Group. Director of Clinical Services,,
rishi-singhal-358579b8,Rishi Singhal,Rishi,Singhal,Visiting Professor of Bariatric Surgery,other,Healthier Weight,healthier-weight,,https://linkedin.com/in/rishi-singhal-358579b8,,,United Kingdom,,[Target-company role: Medical Director at Healthier Weight] Primary employer: Birmingham City University. Consultant Surgeon at University Hospital Birmingham NHS Trust.  Bariatric Surgeon The Priory & Spire Parkway Hospitals,EXCLUDE,company already worked from katerina
professor-bijayendrasingh,Professor Bijayendra Singh,Professor Bijayendra,Singh,Senior Consultant,other,Practice Plus Group,practice-plus,,https://linkedin.com/in/professor-bijayendrasingh,,,United Kingdom,,[Target-company role: Senior Consultant at Practice Plus Group] Primary employer: LIPS Healthcare. Senior Consultant at LIPS Healthcare,,
suzanne-h-84607189,Suzanne H.,Suzanne,H.,Advanced Aesthetic Practitioner/Company Director,director/head,Spire Healthcare,spire-healthcare,,https://linkedin.com/in/suzanne-h-84607189,,,United Kingdom,,[Target-company role: Spinal Surgery Team Leader - Anaesthetic Team Leader - Theatre Training/Education Co ordinator at Spire Healthcare Group plc] Primary employer: YDA Ltd. Advanced Aesthetic Practitioner/Company Director at YDA Ltd,,
ranjit-sandhu-698056bb,Ranjit Sandhu,Ranjit,Sandhu,Key Opinion Leader,other,Spire Healthcare,spire-healthcare,,https://linkedin.com/in/ranjit-sandhu-698056bb,,,United Kingdom,,[Target-company role: Consultant Ophthalmic Surgeon at Spire Healthcare Group plc] Primary employer: ZEISS Medical Technology. Moorfields trained Consultant Ophthalmic Surgeon I Director & Co-Founder VISIO Health,,
borzoueh-boz-mohammadi-9507798a,Borzoueh Boz Mohammadi,Borzoueh Boz,Mohammadi,Chair of the OG Cancer MDT,other,Cleveland Clinic London,cleveland-clinic-london,https://www.linkedin.com/company/cleveland-clinic-london,https://linkedin.com/in/borzoueh-boz-mohammadi-9507798a,,,United Kingdom,,"Primary employer: Cleveland Clinic London. Consultant Oesophagogastric and General Surgeon, University College London Hospital and Cleveland Clinic London, Chair of the Foregut Unit at Cleveland Clinic London",,
omar-hussain-1b628bbb,Omar Hussain,Omar,Hussain,Clinical Director of Head and Neck Services,director/head,Doncaster and Bassetlaw NHS Trust,doncaster-and-bassetlaw-nhs-trust,,https://linkedin.com/in/omar-hussain-1b628bbb,,,United Kingdom,,[No shortlisted company found in experience] Primary employer: Doncaster and Bassetlaw NHS Trust. Consultant OMFS/ Specialty lead &Clinical Director Head and Neck Services Doncaster and Bassetlaw NHS Teaching Hospitals,,
david-dujon-86a0488b,David Dujon,David,Dujon,Consultant Plastic Surgeon,other,Spire Healthcare,spire-healthcare,https://www.linkedin.com/company/spire-healthcare,https://linkedin.com/in/david-dujon-86a0488b,,,United Kingdom,,Primary employer: Spire Healthcare Group plc. Consultant Plastic Surgeon & Cosmetic Surgeon,,
natalie-singleton-b543908b,Natalie Singleton,Natalie,Singleton,clinic manager,manager,The Hospital Group,hospital,https://www.linkedin.com/company/transform-healthcare,https://linkedin.com/in/natalie-singleton-b543908b,,,United Kingdom,,Primary employer: Transform Cosmetic Surgery Group. clinic manager at Transform Cosmetic Surgery Group,,
louise-kipling-479a9792,Louise Kipling,Louise,Kipling,Clinic manager,manager,The Hospital Group,hospital,https://www.linkedin.com/company/transform-healthcare,https://linkedin.com/in/louise-kipling-479a9792,,,United Kingdom,,Primary employer: Transform Cosmetic Surgery Group. Clinic manager at Transform Cosmetic Surgery Group,,
jade-yandene-mcpherson-1828a391,Jade Yandene McPherson,Jade Yandene,McPherson,Theatre Manager ,manager,HCA Healthcare UK,hca-healthcare-uk,https://www.linkedin.com/company/hcauk-manchester,https://linkedin.com/in/jade-yandene-mcpherson-1828a391,,,United Kingdom,,"Primary employer: The Wilmslow Hospital, part of HCA Healthcare UK. Theatre Manager at The Wilmslow Hospital, HCA Healthcare UK",,
marianne-sampson-6a499891,Marianne Sampson,Marianne,Sampson,Robotic Bariatric Surgeon,other,Circle Health Group,circle-health,,https://linkedin.com/in/marianne-sampson-6a499891,,,United Kingdom,,[Target-company role: Consultant Surgeon at Circle Health] Primary employer: Optimise Weight Loss. Consultant Surgeon specialising in robotic and laparoscopic weight loss surgery,,
john-mccabe-38430095,John McCabe,John,McCabe,Consultant Urological Surgeon,other,Spire Healthcare,spire-healthcare,,https://linkedin.com/in/john-mccabe-38430095,,,United Kingdom,,"[Target-company role: Consultant Urological Surgeon at Spire Liverpool Hospital] Primary employer: Mersey and West Lancashire Teaching Hospitals NHS Trust. Consultant Urologist & Divisional Medical Director for Surgery, Mersey & West Lancs Teaching Hospitals.
Medical Director, Cheshire & Merseyside Cancer Alliance",,
tania-terblanche-a5091994,Tania Terblanche,Tania,Terblanche,Hospital Director,director/head,Spire Healthcare,spire-healthcare,https://www.linkedin.com/company/spire-healthcare,https://linkedin.com/in/tania-terblanche-a5091994,,,United Kingdom,,Primary employer: Spire Healthcare Group plc. Hospital Director at Spire Healthcare Group plc,,
chris-booth-96607a97,Chris Booth,Chris,Booth,Clinical Director,director/head,Ramsay Health Care UK,ramsay-health-care-uk,,https://linkedin.com/in/chris-booth-96607a97,,,United Kingdom,,[Target-company role: Consultant Urologist at Ramsay Health Care] Primary employer: CHAPS Men's Health Charity. Clinical Director at CHAPS Men's Health Charity,,
david-heaver-2b97a7107,David Heaver,David,Heaver,Director of Clinical Services,director/head,Circle Health Group,circle-health,https://www.linkedin.com/company/circlehealthgroup,https://linkedin.com/in/david-heaver-2b97a7107,,,United Kingdom,,Primary employer: Circle Health Group. Director of Clinical Services at Circle Health Group - The London Independent Hospital ,,
milan-thomas-120a4395,Milan Thomas,Milan,Thomas,Consultant Urological Surgeon,other,Circle Health Group,circle-health,,https://linkedin.com/in/milan-thomas-120a4395,,,United Kingdom,,"[Target-company role: Consultant Urological Surgeon at Circle Health Group] Primary employer: ONE ASHFORD HEALTHCARE LIMITED. Director Canterbury Urology Ltd, 

Consultant Urological Surgeon at Department of Urology, Canterbury, East Kent NHS Trust former Clinical Lead, One Ashford Hospital, BMI Chaucer Hospital",,
neeraj-saxena-a5496497,Neeraj Saxena,Neeraj,Saxena,Consultant Anaesthesia & Pain Medicine,other,Spire Healthcare,spire-healthcare,,https://linkedin.com/in/neeraj-saxena-a5496497,,,United Kingdom,,[Target-company role: Consultant in Pain Management at Spire Healthcare Group plc] Primary employer: Cwm Taf Morgannwg University Health Board. Consultant | Professor | Medicolegal Expert Witness- Pain | Innovation and drug development | Digital Health | Musculoskeletal Medicine | Lifestyle Medicine Physician,,
sarah-ballis-3a133597,Sarah Ballis,Sarah,Ballis,Partner,other,HCA Healthcare UK,hca-healthcare-uk,,https://linkedin.com/in/sarah-ballis-3a133597,,,United Kingdom,,[Target-company role: HCA UK Head of AHP Strategy & Operations at HCA Healthcare UK] Primary employer: The Health and Care Professions Council. Head of Therapies | Clinical Dietitian | AHP Strategy,,
colin-vize-a1a20298,Colin Vize,Colin,Vize,Consultant Ophthalmic Surgeon,other,Spire Healthcare,spire-healthcare,,https://linkedin.com/in/colin-vize-a1a20298,,,United Kingdom,,[Target-company role: Consultant Ophthalmologist at Spire Healthcare Group plc] Primary employer: Hull University Teaching Hospitals NHS Trust. Consultant Ophthalmic Surgeon at Hull University Teaching Hospitals,,
denise-waite-93388a99,Denise Waite,Denise,Waite,PA to Hospital Director HR & Complaints Coordinator,director/head,Spire Healthcare,spire-healthcare,https://www.linkedin.com/company/spire-healthcare,https://linkedin.com/in/denise-waite-93388a99,,,United Kingdom,,Primary employer: Spire Healthcare. --,,
becky-blount-38aa6599,Becky Blount,Becky,Blount,Volunteer Diversity & Inclusion Panel Member,other,Spire Healthcare,spire-healthcare,,https://linkedin.com/in/becky-blount-38aa6599,,,United Kingdom,,[Target-company role: Bank Operating Department Practitioner (scrub) at Spire Healthcare Group plc] Primary employer: ITV. Bank Scrub Operating Department Practitioner at Spire Healthcare Group plc | NEBOSH certified | CIPD Associate registered | PA to Director at Logic Leisure Homes Ltd,,
hjmferguson,Henry Ferguson,Henry,Ferguson,"Clinical Director, Department of General Surgery",director/head,Spire Healthcare,spire-healthcare,,https://linkedin.com/in/hjmferguson,,,United Kingdom,,"[Target-company role: Consultant Surgeon at Spire Healthcare Group plc] Primary employer: South Warwickshire NHS Foundation Trust. Consultant General and Colorectal Surgeon, and Clinical Director of General Surgery",,
colin-davis-3a338999,Colin Davis,Colin,Davis,Co-Founder and Group Medical Director,founder/ceo,HCA Healthcare UK,hca-healthcare-uk,,https://linkedin.com/in/colin-davis-3a338999,,,United Kingdom,,"[Target-company role: Consultant Obstetrician and Gynaecologist at HCA Healthcare UK] Primary employer: The Evewell. Co-Founder and Group Medical Director, The Evewell",,
paul-sharpe-8b5a2498,Paul Sharpe,Paul,Sharpe,Sterile Services Manager,manager,Spire Healthcare,spire-healthcare,https://www.linkedin.com/company/spire-healthcare,https://linkedin.com/in/paul-sharpe-8b5a2498,,,United Kingdom,,Primary employer: Spire Healthcare Group plc. Sterile Services Manager,,
lyndonmason,Lyndon Mason,Lyndon,Mason,Arnott lecturer,other,Spire Healthcare,spire-healthcare,,https://linkedin.com/in/lyndonmason,,,United Kingdom,,"[Target-company role: Orthopaedic Surgeon at Spire Healthcare Group plc] Primary employer: The Royal College of Surgeons of England. Foot and Ankle Lead at the NHS University Hospitals of Liverpool Group, Director of the Liverpool Foot and Ankle Clinic, Honorary Associate Professor at University of Liverpool,",,
ahmed-shalaby-bardan,Ahmed Shalaby Bardan PhD,Ahmed Shalaby,Bardan PhD,Consultant Ophthalmologist,other,Spire Healthcare,spire-healthcare,,https://linkedin.com/in/ahmed-shalaby-bardan,,,United Kingdom,,"Primary employer: Spire Harrogate Hospital. MSc MD PhD FRCSEd FRCOphth CertLRS. 
Cornea, Cataract and refractive surgery Consultant- St James University Hospital, UK
RCOphth representative
Lecturer at Leeds University, UK
Lecturer at Alexandria University, Egypt",,
carriecobb12,Carrie Cobb ( MSc),Carrie,Cobb ( MSc) ,Director of Clinical Services,director/head,Circle Health Group,circle-health,https://www.linkedin.com/company/circlehealthgroup,https://linkedin.com/in/carriecobb12,,,United Kingdom,,"Primary employer: Circle Health Group. Director of Clinical services  / Prev- Deputy Chief nurse- FCMS , prev ICB - quality lead , commissioner, NED UHMBT. Prev Lead ANP/ V300 . Experienced in board governance and strategy  . MSc healthcare leadership / EGA",,
simon-orwin-879773a0,Simon Orwin,Simon,Orwin,Hospital Director,director/head,Spire Healthcare,spire-healthcare,https://www.linkedin.com/company/spire-healthcare,https://linkedin.com/in/simon-orwin-879773a0,,,United Kingdom,,Primary employer: Spire Healthcare Group plc. Hospital Director - Spire Healthcare,,
ahmed-elghamaz-511010a0,Ahmed Elghamaz,Ahmed,Elghamaz,Consultant Cardiologist,other,The London Clinic,london-clinic,,https://linkedin.com/in/ahmed-elghamaz-511010a0,,,United Kingdom,,[Target-company role: Consultant Cardiologist at The London Clinic] Primary employer: London North West Healthcare NHS Trust. manybeats.co.uk,,
andre-bothma-675451111,Andre Bothma,Andre,Bothma,Executive Director,director/head,Circle Health Group,circle-health,https://www.linkedin.com/company/circlehealthgroup,https://linkedin.com/in/andre-bothma-675451111,,,United Kingdom,,Primary employer: Circle Health Group. Executive Director,,
vicky-jones-rgn-msc-5107a6a1,Vicky Jones RGN MSc,Vicky,Jones RGN MSc,Deputy Chief Clinical and Quality Officer,other,Circle Health Group,circle-health,https://www.linkedin.com/company/circlehealthgroup,https://linkedin.com/in/vicky-jones-rgn-msc-5107a6a1,,,United Kingdom,,Primary employer: Circle Health Group. Corporate Director of Clinical Practice and Professional Lead Nurse at Circle Health Group,,
ioannis-c-kotsopoulos-md-mphil-phd-938917111,"Ioannis C Kotsopoulos MD, MPhil, PhD",Ioannis C,"Kotsopoulos MD, MPhil, PhD",Subspecialty Training Program Director,director/head,HCA Healthcare UK,hca-healthcare-uk,,https://linkedin.com/in/ioannis-c-kotsopoulos-md-mphil-phd-938917111,,,United Kingdom,,[Target-company role: Consultant Gynaecological Oncology Surgeon at HCA Healthcare UK] Primary employer: Royal College of Obstetricians and Gynaecologists | RCOG. Consultant Gynaecological Oncologist at University College London Hospitals NHS Foundation Trust ,,
christopher-valentine-burrows-181804113,Christopher Valentine-Burrows,Christopher,Valentine-Burrows,Area Director of Clinical Performance (North Region),director/head,Circle Health Group,circle-health,https://www.linkedin.com/company/circlehealthgroup,https://linkedin.com/in/christopher-valentine-burrows-181804113,,,United Kingdom,,Primary employer: Circle Health Group. Area Director of Clinical Performance | County Lead Volunteer | Trustee,,
adam-peckham-cooper,Adam Peckham-Cooper,Adam,Peckham-Cooper,Director of Emergency General Surgery,director/head,Spire Healthcare,spire-healthcare,,https://linkedin.com/in/adam-peckham-cooper,,,United Kingdom,,"[Target-company role: Consultant General Surgeon at Spire Healthcare Group plc] Primary employer: Association of Surgeons of Great Britain and Ireland. Consultant Emergency General Surgeon at Leeds Teaching Hospitals NHS Trust, Director of EGS @ASGBI, Clinical Lead for Sustainability @ Leeds NIHR Health tech research centre",,
anita-macqueen-197256a6,Anita Macqueen,Anita,Macqueen,Director of Clinical Services,director/head,Spire Healthcare,spire-healthcare,https://www.linkedin.com/company/spire-healthcare,https://linkedin.com/in/anita-macqueen-197256a6,,,United Kingdom,,"Primary employer: Spire Healthcare Group plc. RN Dip Ed, MSC, Senior Nurse | Compassionate Clinical Leader | Passionate About Supporting & Developing Others",,
lucy-hetherington-120985196,Lucy Hetherington,Lucy,Hetherington,"Hospital Director, Runnymede",director/head,Circle Health Group,circle-health,https://www.linkedin.com/company/circlehealthgroup,https://linkedin.com/in/lucy-hetherington-120985196,,,United Kingdom,,"Primary employer: Circle Health Group. Hospital Director, Runnymede at Circle Health Group",,
adrian-bloor-55558019b,Adrian Bloor,Adrian,Bloor,Medical Director Future Christie,director/head,HCA Healthcare UK,hca-healthcare-uk,,https://linkedin.com/in/adrian-bloor-55558019b,,,United Kingdom,,"[Target-company role: Consultant Haematologist - The Christie Private Care at HCA Healthcare UK] Primary employer: The Christie NHS Foundation Trust. Consultant Haematologist and Honorary Clinical Chair (University of Manchester). Medical Director for Future Christie (Digital services, Data and Transformation).",,
nadey-hakim-59a8161a2,Nadey Hakim,Nadey,Hakim,President,other,Cleveland Clinic London,cleveland-clinic-london,,https://linkedin.com/in/nadey-hakim-59a8161a2,,,United Kingdom,,[Target-company role: International Relations Director at The Cleveland Clinic London] Primary employer: The Transplantation Society (TTS). President at The Transplantation Society (TTS),,
sarah-brinkworth-96b4b0130,SARAH • BRINKWORTH,SARAH •,BRINKWORTH,Bank Midwife,other,HCA Healthcare UK,hca-healthcare-uk,https://www.linkedin.com/company/hca-international-ltd,https://linkedin.com/in/sarah-brinkworth-96b4b0130,,,United Kingdom,,Primary employer: HCA Healthcare UK. Registered Midwife / International Board Certified Lactation Consultant,,
michelle-mulkeen-678b1512b,Michelle Mulkeen,Michelle,Mulkeen,Director of Clinical Services,director/head,Spire Healthcare,spire-healthcare,https://www.linkedin.com/company/spire-healthcare,https://linkedin.com/in/michelle-mulkeen-678b1512b,,,United Kingdom,,Primary employer: Spire Healthcare Group plc. Director of Clinical Services at Spire Health Group. Murrayfield Hospital ,,
dovlar-cinco-8a1395130,Dovlar Cinco,Dovlar,Cinco,Clnical services manager,manager,Circle Health Group,circle-health,https://www.linkedin.com/company/circlehealthgroup,https://linkedin.com/in/dovlar-cinco-8a1395130,,,United Kingdom,,Primary employer: Circle Health Group. Clinical services manager- Surgery,,
carmine-civilli,Carmine Civilli,Carmine,Civilli,Founder & Director,founder/ceo,HCA Healthcare UK,hca-healthcare-uk,,https://linkedin.com/in/carmine-civilli,,,United Kingdom,,[Target-company role: Lead Surgical Practitice at HCA Healthcare UK] Primary employer: Robotic Surgery Healthcare. Surgical Care Practitioner | Robotic Surgery Clinical & Strategic Development | Education Consultant | Chair ALRTS North: ALRSGBI | Council Member BIARGS: Nursing & Surgical Assistants Representative,,
nadeem-mushtaq-909419135,Nadeem Mushtaq,Nadeem,Mushtaq,Orthopaedic Surgeon (foot & ankle),other,Cleveland Clinic London,cleveland-clinic-london,https://www.linkedin.com/company/cleveland-clinic-london,https://linkedin.com/in/nadeem-mushtaq-909419135,,,United Kingdom,,Primary employer: Cleveland Clinic London. Consultant Orthopaedic Surgeon at Imperial College Healthcare NHS Trust,,
philip-quarcoo-230183136,Philip Quarcoo,Philip,Quarcoo,Director Of Clinical Services (Nursing),director/head,Spire Healthcare,spire-healthcare,https://www.linkedin.com/company/spire-healthcare,https://linkedin.com/in/philip-quarcoo-230183136,,,United Kingdom,,Primary employer: Spire Healthcare Group plc. Director Of Clinical Services @ Spire Healthcare | Doctorate Business Administration,,
jaspal-phull-9457b5167,jaspal phull,jaspal,phull,"Deputy Medical Director (Population health, innovation and integrated care)",director/head,Circle Health Group,circle-health,,https://linkedin.com/in/jaspal-phull-9457b5167,,,United Kingdom,,"[Target-company role: Consultant Urological Surgeon (minimally invasive surgery) at Circle Health Group] Primary employer: Lincolnshire Community and Hospitals NHS Group. Deputy Medical Director (Population health, innovation and integrated care) at Lincolnshire Community and Hospitals NHS Group",,
evan-davies-ba680716a,Evan Davies,Evan,Davies,Consultant Spinal Surgeon,other,Spire Healthcare,spire-healthcare,https://www.linkedin.com/company/spire-healthcare,https://linkedin.com/in/evan-davies-ba680716a,,,United Kingdom,,Primary employer: Spire Healthcare Group plc. Paediatric and Adult Spinal Surgeon,,
fabio-castiglione-urologo-londra-0670a7141,Fabio Castiglione Urologo Londra,Fabio,Castiglione Urologo Londra,Men’s Health Lead,manager,HCA Healthcare UK,hca-healthcare-uk,,https://linkedin.com/in/fabio-castiglione-urologo-londra-0670a7141,,,United Kingdom,,"[Target-company role: Consultant Urologist and Andrologist at HCA Healthcare UK] Primary employer: Vira Health. Urologist In London,  Andrologist in London. Consultant Urologist,Accademia and Research Lead at King’s College London Hospital, MD, PhD, Hon Reader king’s College London. Executive MBA-Candidate Imperial Business School",,
jeremy-nettleton-166308142,Jeremy Nettleton,Jeremy,Nettleton,Consultant Urologist,other,Spire Healthcare,spire-healthcare,https://www.linkedin.com/company/spire-healthcare,https://linkedin.com/in/jeremy-nettleton-166308142,,,United Kingdom,,"Primary employer: Spire Healthcare Group plc. Consultant Urologist leading transformative change with new technology (Aquablation/ Robotics), pathway change with A.I.and internationally leading day case care",,
richard-cohen-311b34173,Richard Cohen,Richard,Cohen,Medical Director,director/head,Cleveland Clinic London,cleveland-clinic-london,https://www.linkedin.com/company/cleveland-clinic-london,https://linkedin.com/in/richard-cohen-311b34173,,,United Kingdom,,"Primary employer: Cleveland Clinic London. Consultant Colorectal Surgeon 
Medical Director 
Chief of Surgery & Vice Chief of Digestive Disease and Surgery, Cleveland Clinic London",,
lucy-harrison-tcmw,Lucy Harrison,Lucy,Harrison,Mindfulness Teacher (including Mindfulness Based Cognitive Therapy),other,Spire Healthcare,spire-healthcare,,https://linkedin.com/in/lucy-harrison-tcmw,,,United Kingdom,,"[Target-company role: Doctor at Spire Healthcare Group plc] Primary employer: The Centre for Mindfulness and Wellbeing. Co-Director of The Centre for Mindfulness & Wellbeing, General Practitioner",,
camila-hidalgo-salinas-61b391181,Camila Hidalgo Salinas,Camila,Hidalgo Salinas,Founder and Coordinator,founder/ceo,HCA Healthcare UK,hca-healthcare-uk,,https://linkedin.com/in/camila-hidalgo-salinas-61b391181,,,United States,,[Target-company role: Resident Medical Officer - General & Hepatopancreatobiliary Surgery (Bank) at HCA Healthcare UK] Primary employer: PANC-PALS. MD MSc | Postdoc Pancreatic Surgery NYULH | DPhil Candidate University of Oxford,,
daniele-rosso-56b7a3157,Daniele Rosso,Daniele,Rosso,Site Manager,manager,HCA Healthcare UK,hca-healthcare-uk,https://www.linkedin.com/company/hca-international-ltd,https://linkedin.com/in/daniele-rosso-56b7a3157,,,United Kingdom,,Primary employer: HCA Healthcare UK. Clinical operations Leader | cardiology & Electrophysiology | Training & Technical Support,,
tracy-bell-b8132518a,Tracy Bell,Tracy,Bell,Director of Clinical Services,director/head,Spire Healthcare,spire-healthcare,https://www.linkedin.com/company/spire-healthcare,https://linkedin.com/in/tracy-bell-b8132518a,,,United Kingdom,,Primary employer: Spire Healthcare Group plc. Director of Clinical Services at Spire Healthcare Group plc,,
karen-willoughby-98bb4818a,Karen Willoughby,Karen,Willoughby,Director of Clinical Services,director/head,Nuffield Health,nuffield-health,https://www.linkedin.com/company/nuffield-health-guildford-hospital,https://linkedin.com/in/karen-willoughby-98bb4818a,,,United Kingdom,,Primary employer: Nuffield Health Guildford Hospital. Director of Clinical Services,,
vincenzo-prinzi-ab756a18a,Vincenzo Prinzi,Vincenzo,Prinzi,Day Case and Urgent Care Centre Manager,manager,HCA Healthcare UK,hca-healthcare-uk,https://www.linkedin.com/company/hca-international-ltd,https://linkedin.com/in/vincenzo-prinzi-ab756a18a,,,United Kingdom,,Primary employer: HCA Healthcare UK. Day Case and Urgent Care Centre Manager at HCA Healthcare UK,,
rachael-daffé-984122160,Rachael Daffé,Rachael,Daffé,Clincal Director of Balance Health Nottingham,director/head,Spire Healthcare,spire-healthcare,,https://linkedin.com/in/rachael-daffé-984122160,,,United Kingdom,,[Target-company role: Deputy Director of Clinical Services at Spire Healthcare Group plc] Primary employer: Balance Health Nottingham. Clinical Director ,,
sheikh-mateen-ellahi,Dr Sheikh Mateen Ellahi,Dr Sheikh Mateen,Ellahi,NHS England,other,NHS England,nhs-england,,https://linkedin.com/in/sheikh-mateen-ellahi,,,United Kingdom,,"[No shortlisted company found in experience] Primary employer: NHS England. GP Partner at UK’s Top-Rated Surgery | Venture Partner, GrowQ360 | Keynote Speaker & Healthcare Consultant | Transforming Primary Care",,
ibrahim-rajput-md-frcs-568142250,Ibrahim  Rajput MD FRCS,Ibrahim ,Rajput MD FRCS,Consultant Emergency and General Surgeon,other,Spire Healthcare,spire-healthcare,,https://linkedin.com/in/ibrahim-rajput-md-frcs-568142250,,,United Kingdom,,[Target-company role: Consultant General Surgeon at Spire Healthcare Group plc] Primary employer: Leeds Teaching Hospitals NHS Trust. Consultant Emergency and General Surgeon with a Specialist Interest in Benign HPB Surgery  ,,
julie-condon-5b583524b,Julie Condon,Julie,Condon,Interim Head of Department Pre-Assessment,director/head,Spire Healthcare,spire-healthcare,https://www.linkedin.com/company/spire-healthcare,https://linkedin.com/in/julie-condon-5b583524b,,,United Kingdom,,Primary employer: Spire Healthcare Group plc. Deputy Director of Clinical Services Spire Healthcare ,,
shriya-shah-77376a250,Shriya Shah,Shriya,Shah,Procurement Business Partner ,other,The London Clinic,london-clinic,https://www.linkedin.com/company/the-london-clinic,https://linkedin.com/in/shriya-shah-77376a250,,,United Kingdom,,Primary employer: The London Clinic. Procurement Business Partner at The London Clinic,,
tanya-buxton-8508581b0,Tanya Buxton,Tanya,Buxton,Medical Tattooist,other,The London Clinic,london-clinic,https://www.linkedin.com/company/the-london-clinic,https://linkedin.com/in/tanya-buxton-8508581b0,,,United Kingdom,,Primary employer: The London Clinic. Medical Tattoo specialist and educator. First tattoo artist to work at the NHS and private hospitals providing medical tattoo services for patients.,,
ounali-jaffer-7752061b3,Ounali Jaffer,Ounali,Jaffer,Interventional Radiology Research and Innovation Lead,manager,The London Clinic,london-clinic,,https://linkedin.com/in/ounali-jaffer-7752061b3,,,United Kingdom,,"[Target-company role: Consultant Interventional and Diagnostic Radiologist at The London Clinic] Primary employer: Barts Health NHS Trust. Consultant Interventional Radiologist and Interventional Radiology Research and Innovation Lead at Barts Health.  Deputy Director Research, Group Clinical Services.",,
jeff-garner-b7a692229,Jeff Garner,Jeff,Garner,Consultant Surgeon,other,The Rotherham NHS Foundation Trust,rotherham-nhs-foundation-trust,,https://linkedin.com/in/jeff-garner-b7a692229,,,United Kingdom,,[No shortlisted company found in experience] Primary employer: The Rotherham NHS Foundation Trust. Consultant Surgeon at The Rotherham NHS Foundation Trust,,
emmajstapleton,Emma Stapleton,Emma,Stapleton,Elected Council Member,other,Spire Healthcare,spire-healthcare,,https://linkedin.com/in/emmajstapleton,,,United Kingdom,,[Target-company role: Consultant ENT Surgeon at Spire Healthcare Group plc] Primary employer: The Royal College of Surgeons of Edinburgh. Consultant Otolaryngologist and Auditory Implant Surgeon | Editor | Trustee | RCSEd Council,,
mathew-wilson-8a1bb5234,Mathew Wilson,Mathew,Wilson,"Chief Operating Officer - Cancer Services (LOC, HCA at UCH, SCRI and Radiotherapy Services)",c-level,HCA Healthcare UK,hca-healthcare-uk,https://www.linkedin.com/company/the-harley-street-clinic,https://linkedin.com/in/mathew-wilson-8a1bb5234,,,United Kingdom,,"Primary employer: The Harley Street Clinic. Chief Operating Officer - Cancer Services (LOC, HCA at UCH, SCRI and Radiotherapy Services) and Head of Sport and Exercise Medicine (ISEH)",,
kaz-rahman-212697207,Kaz Rahman,Kaz,Rahman,Consultant Plastic Surgeon,other,Circle Health Group,circle-health,,https://linkedin.com/in/kaz-rahman-212697207,,,United Kingdom,,[Target-company role: Consultant Plastic Surgeon at Circle Health Group] Primary employer: NHS Grampian. Consultant Plastic Surgeon at NHS Grampian,,
maria-moldovan-605a8220a,Maria Moldovan,Maria,Moldovan,Forever Bussines Owner,other,Circle Health Group,circle-health,,https://linkedin.com/in/maria-moldovan-605a8220a,,,United Kingdom,,[Target-company role: Senior Theatre Practitioner/SFA at Circle Health Group] Primary employer: Forever Living Products (UK) Ltd. Manager @ Forever Living Products (UK) Ltd | Registered Nurse / Senior theatre practitioner/ Surgical First Assistant ,,
azar-karkhaneh-167553210,azar karkhaneh,azar,karkhaneh,Ward sister,other,HCA Healthcare UK,hca-healthcare-uk,https://www.linkedin.com/company/hca-international-ltd,https://linkedin.com/in/azar-karkhaneh-167553210,,,United Kingdom,,Primary employer: HCA Healthcare UK. --,,
sonpreetrai,Sonpreet Rai,Sonpreet,Rai,Urologist,other,HCA Healthcare UK,hca-healthcare-uk,,https://linkedin.com/in/sonpreetrai,,,United Kingdom,,"[Target-company role: Urologist at The Princess Grace Hospital] Primary employer: OneWelbeck. Consultant Urologist & Robotic Surgeon | Clinical Director, Men’s Health at Syrona Health | Director at SR Urology",,
heather-carr-bb9ba9245,Heather Carr,Heather,Carr,Theater Manager,manager,Nuffield Health,nuffield-health,https://www.linkedin.com/company/nuffield-health-leeds-hospital,https://linkedin.com/in/heather-carr-bb9ba9245,,,United Kingdom,,Primary employer: Nuffield Health Leeds Hospital. Theatre Manager,,
parmjeet-chattha-646495309,Parmjeet Chattha,Parmjeet,Chattha,Founder,founder/ceo,Spire Healthcare,spire-healthcare,,https://linkedin.com/in/parmjeet-chattha-646495309,,,United Kingdom,,[Target-company role: Physiotherapist at Spire Healthcare Group plc] Primary employer: Orthophysio. Founder at Orthophysio | FY2 Doctor | Physiotherapist,,
dr-alaa-abdelnasir-02403830a,Dr Alaa Abdelnasir,Dr Alaa,Abdelnasir,Robotic surgery implementation lead,manager,Spire Healthcare,spire-healthcare,,https://linkedin.com/in/dr-alaa-abdelnasir-02403830a,,,United Kingdom,,"[Target-company role: Consultant Aneasthetist at Spire Healthcare Group plc] Primary employer: The Royal Oldham Hospital. Founding clinical director of Perioperative medicine @ Onset Health | Transforming surgical pathways through leadership, education & digital health",,
sarah-dickinson1,Sarah Dickinson,Sarah,Dickinson,Hospital Director,director/head,Spire Healthcare,spire-healthcare,https://www.linkedin.com/company/spire-healthcare,https://linkedin.com/in/sarah-dickinson1,,,United Kingdom,,"Primary employer: Spire Healthcare Group plc. Hospital Director at Spire Hull Hospital | Proven Leader in NHS & Private Healthcare | Expert in Strategic Planning, Patient Care Excellence, and Team Development",,
christine-morley-904156264,Christine Morley,Christine,Morley,Director,director/head,National Obesity Surgery Centre,national-obesity-surgery-centre,,https://linkedin.com/in/christine-morley-904156264,,,United Kingdom,,Primary employer: National Obesity Surgery Centre NOSC. Director at National Obesity Surgery Centre,,
richard-dickson-lowe-9a7a67294,Richard Dickson-Lowe,Richard,Dickson-Lowe,Surgeon,other,Practice Plus Group,practice-plus,,https://linkedin.com/in/richard-dickson-lowe-9a7a67294,,,United Kingdom,,[Target-company role: Medical Director at Practice Plus Group] Primary employer: KIMS Hospital. Hugo RAS Colorectal Surgeon,,
dr-ali-mahmood-041691299,Dr Ali Mahmood,Dr Ali,Mahmood,Private GP,other,HCA Healthcare UK,hca-healthcare-uk,https://www.linkedin.com/company/hca-international-ltd,https://linkedin.com/in/dr-ali-mahmood-041691299,,,United Kingdom,,Primary employer: HCA Healthcare UK. CEO Private GP Surgery,,
tamara-gall,Tamara Gall,Tamara,Gall,Clinical Director of General Surgery,director/head,Practice Plus Group,practice-plus,https://www.linkedin.com/company/practiceplusgroup,https://linkedin.com/in/tamara-gall,,,United Kingdom,,Primary employer: Practice Plus Group. Consultant Surgeon/ Robotics/ Digital technology/ Innovation/ Imperial College Research,,
rebecca-lane-b30044355,Rebecca Lane,Rebecca,Lane,Theatre Lead & Surgical First Assistant ,manager,Practice Plus Group,practice-plus,https://www.linkedin.com/company/practiceplusgroup,https://linkedin.com/in/rebecca-lane-b30044355,,,United Kingdom,,Primary employer: Practice Plus Group. Theatre Lead & Surgical First Assistant at Practice Plus Group,,
tjc28,Tom Challinor,Tom,Challinor,Magistrate,other,Practice Plus Group,practice-plus,,https://linkedin.com/in/tjc28,,,United Kingdom,,[Target-company role: Clinical Services & Governance at Practice Plus Group] Primary employer: HM Courts & Tribunals Service (HMCTS). Magistrate at HM Courts & Tribunals Service (HMCTS),,
prudencia-jennings-759214330,Prudencia Jennings,Prudencia,Jennings,Ward Manager,manager,The London Clinic,london-clinic,https://www.linkedin.com/company/the-london-clinic,https://linkedin.com/in/prudencia-jennings-759214330,,,United Kingdom,,Primary employer: The London Clinic. Ward Manager Plastics and Reconstructive Surgery at The London Clinic ,,
ahmed-alazabi-133879338,Ahmed Alazabi,Ahmed,Alazabi,President of Middle Eastern and North African society,other,Practice Plus Group,practice-plus,,https://linkedin.com/in/ahmed-alazabi-133879338,,,United Kingdom,,[Target-company role: Health Advisor at Practice Plus Group] Primary employer: University of Exeter. 4th year medical student,,
edward-lunken-4bab671,Edward Lunken,Edward,Lunken,Partner,other,Streamline Surgical,streamline-surgical,,https://linkedin.com/in/edward-lunken-4bab671,,,United Kingdom,,[Target-company role: Investor and Advisor at Streamline Surgical] Primary employer: Perwyn. Partner at Perwyn,,
streamline-trade-marketing-2382a636,Streamline Trade & Marketing,Streamline,Trade & Marketing,Owner,other,Streamline Surgical,streamline-surgical,,https://linkedin.com/in/streamline-trade-marketing-2382a636,,,Egypt,,"Primary employer: Streamline. Owner, Streamline",,
dr-melanie-rendall-24bb3938,Dr Melanie Rendall,Dr Melanie,Rendall,Consultant Clinical Psychologist,other,Streamline Surgical,streamline-surgical,,https://linkedin.com/in/dr-melanie-rendall-24bb3938,,,United Kingdom,,[Target-company role: Clinical Director of Psychological Services at Streamline Clinics Ltd] Primary employer: What Our Minds Do. Clinical Health Psychologist,,
tom-profumo-2b187412,Tom Profumo,Tom,Profumo,Partner,other,Streamline Surgical,streamline-surgical,,https://linkedin.com/in/tom-profumo-2b187412,,,United Kingdom,,[Target-company role: Angel Investor at Streamline Surgical] Primary employer: Active Partners. Partner ,,
gavin-quinton-524a1242,Gavin Quinton,Gavin,Quinton,Managing Director,director/head,Streamline Surgical,streamline-surgical,,https://linkedin.com/in/gavin-quinton-524a1242,,,United Kingdom,,[Target-company role: Managing Director at Streamline] Primary employer: Biocura Healthcare. Private healthcare specialist,,
nicole-alabaster-8a3b6047,Nicole Alabaster,Nicole,Alabaster,Bariatric specialist dietitian,other,Streamline Surgical,streamline-surgical,,https://linkedin.com/in/nicole-alabaster-8a3b6047,,,United Kingdom,,"[Target-company role: Lead Specialist Bariatric Dietitian Streamline Surgical  at Streamline Surgical] Primary employer: NHS. Lead Bariatric Dietitian Streamline Surgical,  Obesity specialist dietitian, UK TV media nutrition expert, university guest lecturer, public speaker, science researcher, nutrition consultant, clinician",,
heidi-te-braake-27a90820,Heidi te Braake,Heidi,te Braake,Bariatric Dietitian,other,Streamline Surgical,streamline-surgical,https://www.linkedin.com/company/streamline-clinics,https://linkedin.com/in/heidi-te-braake-27a90820,,,United Kingdom,,Primary employer: Streamline Surgical. Bariatric Dietitian at Streamline Surgical,,
bilal-abbas-21199022,Bilal Abbas,Bilal,Abbas,Logistics Coordinator,other,Streamline Surgical,streamline-surgical,,https://linkedin.com/in/bilal-abbas-21199022,,,Saudi Arabia,,[Target-company role: Consultant at STREAMLINE] Primary employer: ISSAM K. KABBANI GROUP. ISSAM K. KABBANI GROUP,,
anne-marie-parsons-12b72a57,anne-marie parsons,anne-marie,parsons,senior nurse,other,Streamline Surgical,streamline-surgical,,https://linkedin.com/in/anne-marie-parsons-12b72a57,,,United Kingdom,,[Target-company role: Bariatric Nurse Specialist at Streamline-Surgical] Primary employer: PR Pharmaceuticals. Nurse specialist at Streamline-Surgical,,
leigh-joseph-32380786,Leigh Joseph,Leigh,Joseph,Finance Manager,manager,Streamline Surgical,streamline-surgical,,https://linkedin.com/in/leigh-joseph-32380786,,,United Kingdom,,Primary employer: Streamline Surgical LLP. Finance Manager at Streamline Clinics Limited,,
игорь-кобан-190b03101,Игорь Кобан,Игорь,Кобан,Креативный директор,other,Streamline Surgical,streamline-surgical,,https://linkedin.com/in/игорь-кобан-190b03101,,,Moldova,,Primary employer: Streamline. Креативный директор – Streamline,,
joseph-forsyth-2a2b9095,Joseph Forsyth,Joseph,Forsyth,Marketing & Communications Director,director/head,Streamline Surgical,streamline-surgical,https://www.linkedin.com/company/streamline-clinics,https://linkedin.com/in/joseph-forsyth-2a2b9095,,,United Kingdom,,"Primary employer: Streamline Surgical. Marketing Director @ Biocura Healthcare | Pharmaceutical, Healthcare & Wellness Marketing | Founder, The Sunday Samba Club | Bullpadel Ambassador",,
jack-connelly-moss-16629614b,Jack Connelly-Moss,Jack,Connelly-Moss,Exercise Physiologist,other,Streamline Surgical,streamline-surgical,,https://linkedin.com/in/jack-connelly-moss-16629614b,,,United Kingdom,,[Target-company role: Exercise Physiologist at Streamline Surgical] Primary employer: EGA Clinic. Rehab/Exercise Physiologist,,
shaw-somers-27a26b1a9,Shaw Somers,Shaw,Somers,"Surgeon, Director",director/head,Streamline Surgical,streamline-surgical,https://www.linkedin.com/company/streamline-clinics,https://linkedin.com/in/shaw-somers-27a26b1a9,,,United Kingdom,,Primary employer: Streamline Surgical. Medico-Legal Expert Opinion at SSS Surgical Ltd,,
ange-symons-0232131b0,Ange Symons,Ange,Symons,Practice Secretary ,other,Streamline Surgical,streamline-surgical,https://www.linkedin.com/company/streamline-clinics,https://linkedin.com/in/ange-symons-0232131b0,,,United Kingdom,,Primary employer: Streamline Surgical. Practice Secretary  at Streamline Surgical,,
rogério-vaduca-8a701a1b5,Rogério  Vaduca,Rogério ,Vaduca ,Comprador sênior,other,Streamline Surgical,streamline-surgical,,https://linkedin.com/in/rogério-vaduca-8a701a1b5,,,Angola,,Primary employer: STREAMLINE. Comprador Sênior,,
ayaan-n-83b339244,Ayaan N.,Ayaan,N.,Specialist Bariatric Surgery Dietitian,other,Streamline Surgical,streamline-surgical,https://www.linkedin.com/company/streamline-clinics,https://linkedin.com/in/ayaan-n-83b339244,,,United Kingdom,,Primary employer: Streamline. Specialist Bariatric Surgery Dietitian and NIHR Studentship - MSc ,,
emma-thomas-b67744a7,Emma Thomas,Emma,Thomas,Non-Clinical Director,director/head,Phoenix Health,phoenix-health,https://www.linkedin.com/company/phoenixhealth-uk,https://linkedin.com/in/emma-thomas-b67744a7,,,United Kingdom,,"[Phoenix Health: company removed from shortlist 2026-09-27 (NHS contractor), people returned by Vadim 2026-09-28] Non Clinical Director Phoenix Private Health",,
danny-brown-253163107,Danny Brown,Danny,Brown,Chief Executive Officer,founder/ceo,Phoenix Health,phoenix-health,https://www.linkedin.com/company/phoenixhealth-uk,https://linkedin.com/in/danny-brown-253163107,,,United Kingdom,,"[Phoenix Health: company removed from shortlist 2026-09-27 (NHS contractor), people returned by Vadim 2026-09-28] CEO at Phoenix Health (Bariatric Surgical Services)",,
victoria-jones-8829702ba,Victoria Jones,Victoria,Jones,Director of Finance,director/head,Phoenix Health,phoenix-health,https://www.linkedin.com/company/phoenixhealth-uk,https://linkedin.com/in/victoria-jones-8829702ba,,,United Kingdom,,"[Phoenix Health: company removed from shortlist 2026-09-27 (NHS contractor), people returned by Vadim 2026-09-28] Director of Finance at Phoenix Health",,
