person_id,full_name,first_name,last_name,title,seniority,company_name,company_slug,company_linkedin_url,person_linkedin_url,email_guess,location_country,location_city,years_in_role,profile_summary
eliothowes,Eliot Howes,Eliot,Howes,Senior Software Engineer,other,Medicspot,medicspot-medicspot,https://www.linkedin.com/company/medicspot,https://linkedin.com/in/eliothowes,,United Kingdom,United Kingdom,,Senior Software Engineer
john-moore-a3b92262,John Moore,John,Moore,Lighterlife Counsellor,other,LighterLife Hinckley,lighterlife-lighterlife-lighterlife-lighterlife-lighterlife-uk-lighterlife-dundee-lighterlife-edinburgh-lighterlife-hinckley-lighterlife-blackpool-preston-mind-body-centre-lighterlife-cornwall-lighterlife-counsellor-lighterlife-counsellor-lighterlife-maida-vale-lighterlife-hampstead-lighterlife-beverley-east-yorkshire-c-graves-weight-management-consultancy-lighterlife-wycombe-lighterlife-solihull-lighterlife-mexborough-lighterlife-taunton-lighterlife-chesterfield-lighterlife-billericay-lighterlife-hereford-lighterlife-telford-lighterlife-brentwood-ongar-lighterlife-mansfield-lighterlife-aberdeen-shire-with-sandra,,https://linkedin.com/in/john-moore-a3b92262,,,United Kingdom,,Weight loss and management specialist at LighterLife working in the Hinckley area
siri-steinmo-27485a64,Siri Steinmo,Siri,Steinmo,Behaviour Change Specialist,other,Reset Health,reset-health,https://www.linkedin.com/company/reset-health-clinic,https://linkedin.com/in/siri-steinmo-27485a64,,United Kingdom,United Kingdom,,Health Behaviour Change | Quality Improvement | Implementation Science | User Research | Weight Management | Healthy Habits | Personal Trainer
margaret-campbell-27094866,Margaret Campbell,Margaret,Campbell,Counsellor,other,LighterLife - Blackpool&Preston,lighterlife-lighterlife-lighterlife-lighterlife-lighterlife-uk-lighterlife-dundee-lighterlife-edinburgh-lighterlife-hinckley-lighterlife-blackpool-preston-mind-body-centre-lighterlife-cornwall-lighterlife-counsellor-lighterlife-counsellor-lighterlife-maida-vale-lighterlife-hampstead-lighterlife-beverley-east-yorkshire-c-graves-weight-management-consultancy-lighterlife-wycombe-lighterlife-solihull-lighterlife-mexborough-lighterlife-taunton-lighterlife-chesterfield-lighterlife-billericay-lighterlife-hereford-lighterlife-telford-lighterlife-brentwood-ongar-lighterlife-mansfield-lighterlife-aberdeen-shire-with-sandra,,https://linkedin.com/in/margaret-campbell-27094866,,,United Kingdom,,Counsellor
velawson,Dr Vicky Lawson,Dr Vicky,Lawson,Consultant Health Psychologist,other,Reset Health,reset-health,https://www.linkedin.com/company/reset-health-clinic,https://linkedin.com/in/velawson,,United Kingdom,United Kingdom,,Chartered Health Psychologist
anne-matterface-17477430,Anne Matterface,Anne,Matterface,Owner,other,LighterLife,lighterlife-lighterlife-lighterlife-lighterlife-lighterlife-uk-lighterlife-dundee-lighterlife-edinburgh-lighterlife-hinckley-lighterlife-blackpool-preston-mind-body-centre-lighterlife-cornwall-lighterlife-counsellor-lighterlife-counsellor-lighterlife-maida-vale-lighterlife-hampstead-lighterlife-beverley-east-yorkshire-c-graves-weight-management-consultancy-lighterlife-wycombe-lighterlife-solihull-lighterlife-mexborough-lighterlife-taunton-lighterlife-chesterfield-lighterlife-billericay-lighterlife-hereford-lighterlife-telford-lighterlife-brentwood-ongar-lighterlife-mansfield-lighterlife-aberdeen-shire-with-sandra,,https://linkedin.com/in/anne-matterface-17477430,,,United Kingdom,,Director LighterLife Mid Sussex
justin-slabbert,Justin Slabbert,Justin,Slabbert,Executive Chairman at COUNTERWEIGHT,other,Counterweight,counterweight,https://www.linkedin.com/company/counterweight,https://linkedin.com/in/justin-slabbert,,United Kingdom,United Kingdom,,Scaling businesses with positive impact
davidplans,David Plans,David,Plans,Chief Scientific Officer,c-level,Reset Health,reset-health,https://www.linkedin.com/company/reset-health-clinic,https://linkedin.com/in/davidplans,,United Kingdom,United Kingdom,,"Exited HealthTech Founder. CSO at Reset Health. Founder of BioBeats, acquired by Huma. Ex- CPO + CSO at Healios."
dave-cumming-b704ab,Dave Cumming,Dave,Cumming,Director,director/head,Counterweight,counterweight,,https://linkedin.com/in/dave-cumming-b704ab,,,United Kingdom,,Director at Counterweight and Staffing and Recruiting Consultant
alexnancekievill,Alex Nancekievill,Alex,Nancekievill,Group Chief Technology Officer,c-level,Reset Health,reset-health,https://www.linkedin.com/company/reset-health-clinic,https://linkedin.com/in/alexnancekievill,,United Kingdom,United Kingdom,,Chief Technology Officer in digital healthcare
andrew-liles,Andrew Liles,Andrew,Liles,Chief Technology Officer,c-level,Reset Health,reset-health,https://www.linkedin.com/company/reset-health-clinic,https://linkedin.com/in/andrew-liles,,United Kingdom,United Kingdom,,Chief Technology Officer at Reset Health
luca-visini-5697841,Luca Visini,Luca,Visini,Head of European Commercial Strategy and Development,director/head,Reset Health,reset-health,https://www.linkedin.com/company/reset-health-clinic,https://linkedin.com/in/luca-visini-5697841,,United Kingdom,Italy,,"Curious, resolute and focused on excellent performance through the human capital."
kate-sykes-6ba33532,Kate Sykes,Kate,Sykes,Clinic Owner,other,The Body Clinic,body-clinic-stourbridge-body-clinic,https://www.linkedin.com/company/the-body-clinic,https://linkedin.com/in/kate-sykes-6ba33532,,United Kingdom,United Kingdom,,Director at The Body Clinic -  Expert in helping people look and feel amazing!
oliverbrooks,Oliver Brooks,Oliver,Brooks,CTO & Co-founder,founder/ceo,MedicSpot,medicspot-medicspot,https://www.linkedin.com/company/medicspot,https://linkedin.com/in/oliverbrooks,,United Kingdom,United Kingdom,,CTO at Medicspot
jeff-hadaway,Jeff Hadaway,Jeff,Hadaway,Head of Operations,director/head,Medicspot,medicspot-medicspot,https://www.linkedin.com/company/medicspot,https://linkedin.com/in/jeff-hadaway,,United Kingdom,United Kingdom,,"Head of Operations | Operating model, service delivery, and cost control"
jan-badger-b6304535,Jan Badger,Jan,Badger,Director & Counselling Psychologist,director/head,Mind & Body Centre Ltd & LighterLife - Cornwall,lighterlife-lighterlife-lighterlife-lighterlife-lighterlife-uk-lighterlife-dundee-lighterlife-edinburgh-lighterlife-hinckley-lighterlife-blackpool-preston-mind-body-centre-lighterlife-cornwall-lighterlife-counsellor-lighterlife-counsellor-lighterlife-maida-vale-lighterlife-hampstead-lighterlife-beverley-east-yorkshire-c-graves-weight-management-consultancy-lighterlife-wycombe-lighterlife-solihull-lighterlife-mexborough-lighterlife-taunton-lighterlife-chesterfield-lighterlife-billericay-lighterlife-hereford-lighterlife-telford-lighterlife-brentwood-ongar-lighterlife-mansfield-lighterlife-aberdeen-shire-with-sandra,,https://linkedin.com/in/jan-badger-b6304535,,,United Kingdom,,Director & Counselling Psychologist at Mind & Body Centre Ltd & LighterLife - Cornwall
joanna-bhart-44122a5,Joanna Bhart,Joanna,Bhart,Owner,other,Lighterlife,lighterlife-lighterlife-lighterlife-lighterlife-lighterlife-uk-lighterlife-dundee-lighterlife-edinburgh-lighterlife-hinckley-lighterlife-blackpool-preston-mind-body-centre-lighterlife-cornwall-lighterlife-counsellor-lighterlife-counsellor-lighterlife-maida-vale-lighterlife-hampstead-lighterlife-beverley-east-yorkshire-c-graves-weight-management-consultancy-lighterlife-wycombe-lighterlife-solihull-lighterlife-mexborough-lighterlife-taunton-lighterlife-chesterfield-lighterlife-billericay-lighterlife-hereford-lighterlife-telford-lighterlife-brentwood-ongar-lighterlife-mansfield-lighterlife-aberdeen-shire-with-sandra,https://www.linkedin.com/company/lighterlife,https://linkedin.com/in/joanna-bhart-44122a5,,United Kingdom,United Kingdom,,"Owner, Lighterlife"
marie-caley-54a9394,Marie Caley,Marie,Caley,counsellor/consultant,other,LighterLife,lighterlife-lighterlife-lighterlife-lighterlife-lighterlife-uk-lighterlife-dundee-lighterlife-edinburgh-lighterlife-hinckley-lighterlife-blackpool-preston-mind-body-centre-lighterlife-cornwall-lighterlife-counsellor-lighterlife-counsellor-lighterlife-maida-vale-lighterlife-hampstead-lighterlife-beverley-east-yorkshire-c-graves-weight-management-consultancy-lighterlife-wycombe-lighterlife-solihull-lighterlife-mexborough-lighterlife-taunton-lighterlife-chesterfield-lighterlife-billericay-lighterlife-hereford-lighterlife-telford-lighterlife-brentwood-ongar-lighterlife-mansfield-lighterlife-aberdeen-shire-with-sandra,https://www.linkedin.com/company/lighterlife,https://linkedin.com/in/marie-caley-54a9394,,United Kingdom,United Kingdom,,LighterLife weight loss and weight management consultant
julie-johnson-01347137,Julie Johnson,Julie,Johnson,Owner,other,LighterLife,lighterlife-lighterlife-lighterlife-lighterlife-lighterlife-uk-lighterlife-dundee-lighterlife-edinburgh-lighterlife-hinckley-lighterlife-blackpool-preston-mind-body-centre-lighterlife-cornwall-lighterlife-counsellor-lighterlife-counsellor-lighterlife-maida-vale-lighterlife-hampstead-lighterlife-beverley-east-yorkshire-c-graves-weight-management-consultancy-lighterlife-wycombe-lighterlife-solihull-lighterlife-mexborough-lighterlife-taunton-lighterlife-chesterfield-lighterlife-billericay-lighterlife-hereford-lighterlife-telford-lighterlife-brentwood-ongar-lighterlife-mansfield-lighterlife-aberdeen-shire-with-sandra,,https://linkedin.com/in/julie-johnson-01347137,,,United Kingdom,,"Owner, LighterLife"
naomi-banham-157b525,Naomi Banham,Naomi,Banham,Owner,other,Lighterlife Counsellor,lighterlife-lighterlife-lighterlife-lighterlife-lighterlife-uk-lighterlife-dundee-lighterlife-edinburgh-lighterlife-hinckley-lighterlife-blackpool-preston-mind-body-centre-lighterlife-cornwall-lighterlife-counsellor-lighterlife-counsellor-lighterlife-maida-vale-lighterlife-hampstead-lighterlife-beverley-east-yorkshire-c-graves-weight-management-consultancy-lighterlife-wycombe-lighterlife-solihull-lighterlife-mexborough-lighterlife-taunton-lighterlife-chesterfield-lighterlife-billericay-lighterlife-hereford-lighterlife-telford-lighterlife-brentwood-ongar-lighterlife-mansfield-lighterlife-aberdeen-shire-with-sandra,,https://linkedin.com/in/naomi-banham-157b525,,,United Kingdom,,"Owner, Lighterlife Counsellor"
sarah-kelly-52173636,Sarah Kelly,Sarah,Kelly,Business Development Director,director/head,LighterLife,lighterlife-lighterlife-lighterlife-lighterlife-lighterlife-uk-lighterlife-dundee-lighterlife-edinburgh-lighterlife-hinckley-lighterlife-blackpool-preston-mind-body-centre-lighterlife-cornwall-lighterlife-counsellor-lighterlife-counsellor-lighterlife-maida-vale-lighterlife-hampstead-lighterlife-beverley-east-yorkshire-c-graves-weight-management-consultancy-lighterlife-wycombe-lighterlife-solihull-lighterlife-mexborough-lighterlife-taunton-lighterlife-chesterfield-lighterlife-billericay-lighterlife-hereford-lighterlife-telford-lighterlife-brentwood-ongar-lighterlife-mansfield-lighterlife-aberdeen-shire-with-sandra,https://www.linkedin.com/company/lighterlife,https://linkedin.com/in/sarah-kelly-52173636,,United Kingdom,United Kingdom,,Business Development Director at LighterLife
karen-burr-3482a18,Karen Burr,Karen,Burr,Owner,other,LighterLife,lighterlife-lighterlife-lighterlife-lighterlife-lighterlife-uk-lighterlife-dundee-lighterlife-edinburgh-lighterlife-hinckley-lighterlife-blackpool-preston-mind-body-centre-lighterlife-cornwall-lighterlife-counsellor-lighterlife-counsellor-lighterlife-maida-vale-lighterlife-hampstead-lighterlife-beverley-east-yorkshire-c-graves-weight-management-consultancy-lighterlife-wycombe-lighterlife-solihull-lighterlife-mexborough-lighterlife-taunton-lighterlife-chesterfield-lighterlife-billericay-lighterlife-hereford-lighterlife-telford-lighterlife-brentwood-ongar-lighterlife-mansfield-lighterlife-aberdeen-shire-with-sandra,,https://linkedin.com/in/karen-burr-3482a18,,,United Kingdom,,"Owner, LighterLife"
bev-robinson-27825838,Bev Robinson,Bev,Robinson,Owner,other,LighterLife-Maida Vale,lighterlife-lighterlife-lighterlife-lighterlife-lighterlife-uk-lighterlife-dundee-lighterlife-edinburgh-lighterlife-hinckley-lighterlife-blackpool-preston-mind-body-centre-lighterlife-cornwall-lighterlife-counsellor-lighterlife-counsellor-lighterlife-maida-vale-lighterlife-hampstead-lighterlife-beverley-east-yorkshire-c-graves-weight-management-consultancy-lighterlife-wycombe-lighterlife-solihull-lighterlife-mexborough-lighterlife-taunton-lighterlife-chesterfield-lighterlife-billericay-lighterlife-hereford-lighterlife-telford-lighterlife-brentwood-ongar-lighterlife-mansfield-lighterlife-aberdeen-shire-with-sandra,,https://linkedin.com/in/bev-robinson-27825838,,,United Kingdom,,"Owner, LighterLife-Maida Vale"
davidemorelli,Davide Morelli,Davide,Morelli,Fractional Head of Artificial Intelligence,director/head,Reset Health,reset-health,https://www.linkedin.com/company/reset-health-clinic,https://linkedin.com/in/davidemorelli,,United Kingdom,Italy,,"CTO, AI researcher, Biomedical Engineer"
garethbartley,Gareth Bartley,Gareth,Bartley,Backend Technical Lead,manager,Reset Health,reset-health,https://www.linkedin.com/company/reset-health-clinic,https://linkedin.com/in/garethbartley,,United Kingdom,United Kingdom,,Backend Technical Lead at Reset Health
tracey-fisken-12a5a29,Tracey Fisken,Tracey,Fisken,Owner,other,LighterLife Edinburgh,lighterlife-lighterlife-lighterlife-lighterlife-lighterlife-uk-lighterlife-dundee-lighterlife-edinburgh-lighterlife-hinckley-lighterlife-blackpool-preston-mind-body-centre-lighterlife-cornwall-lighterlife-counsellor-lighterlife-counsellor-lighterlife-maida-vale-lighterlife-hampstead-lighterlife-beverley-east-yorkshire-c-graves-weight-management-consultancy-lighterlife-wycombe-lighterlife-solihull-lighterlife-mexborough-lighterlife-taunton-lighterlife-chesterfield-lighterlife-billericay-lighterlife-hereford-lighterlife-telford-lighterlife-brentwood-ongar-lighterlife-mansfield-lighterlife-aberdeen-shire-with-sandra,https://www.linkedin.com/company/lighterlife,https://linkedin.com/in/tracey-fisken-12a5a29,,United Kingdom,United Kingdom,,"Owner, LighterLife Edinburgh"
annabellhiggs,Anna Bell Higgs,Anna,Bell Higgs,Partnerships Manager,manager,Counterweight,counterweight,https://www.linkedin.com/company/counterweight,https://linkedin.com/in/annabellhiggs,,United Kingdom,United Kingdom,,Partnerships Manager
ann-mcclean-9894653a,ann mcclean,ann,mcclean,Owner,other,lighterlife,lighterlife-lighterlife-lighterlife-lighterlife-lighterlife-uk-lighterlife-dundee-lighterlife-edinburgh-lighterlife-hinckley-lighterlife-blackpool-preston-mind-body-centre-lighterlife-cornwall-lighterlife-counsellor-lighterlife-counsellor-lighterlife-maida-vale-lighterlife-hampstead-lighterlife-beverley-east-yorkshire-c-graves-weight-management-consultancy-lighterlife-wycombe-lighterlife-solihull-lighterlife-mexborough-lighterlife-taunton-lighterlife-chesterfield-lighterlife-billericay-lighterlife-hereford-lighterlife-telford-lighterlife-brentwood-ongar-lighterlife-mansfield-lighterlife-aberdeen-shire-with-sandra,,https://linkedin.com/in/ann-mcclean-9894653a,,,United Kingdom,,"Owner, lighterlife"
grant-westermann-016529b,Grant Westermann,Grant,Westermann,Digital Projects & Systems Manager,manager,MoreLife (UK) Ltd,morelife-morelife-uk,https://www.linkedin.com/company/morelife-uk,https://linkedin.com/in/grant-westermann-016529b,,United Kingdom,United Kingdom,,Product Development & IT Systems Management
yousaf-ahmad-00100240,Yousaf Ahmad,Yousaf,Ahmad,Head of Technical Delivery,director/head,Reset Health,reset-health,https://www.linkedin.com/company/reset-health-clinic,https://linkedin.com/in/yousaf-ahmad-00100240,,United Kingdom,United Kingdom,,Head of Technical Delivery at Reset Health
kelly-saunders-96b1a010,Kelly Saunders,Kelly,Saunders,Owner,other,LIGHTERLIFE,lighterlife-lighterlife-lighterlife-lighterlife-lighterlife-uk-lighterlife-dundee-lighterlife-edinburgh-lighterlife-hinckley-lighterlife-blackpool-preston-mind-body-centre-lighterlife-cornwall-lighterlife-counsellor-lighterlife-counsellor-lighterlife-maida-vale-lighterlife-hampstead-lighterlife-beverley-east-yorkshire-c-graves-weight-management-consultancy-lighterlife-wycombe-lighterlife-solihull-lighterlife-mexborough-lighterlife-taunton-lighterlife-chesterfield-lighterlife-billericay-lighterlife-hereford-lighterlife-telford-lighterlife-brentwood-ongar-lighterlife-mansfield-lighterlife-aberdeen-shire-with-sandra,https://www.linkedin.com/company/lighterlife,https://linkedin.com/in/kelly-saunders-96b1a010,,United Kingdom,United Kingdom,,"Owner, LIGHTERLIFE"
rochellecmorris,Rochelle Morris,Rochelle,Morris,Chief Product Officer,c-level,Reset Health,reset-health,https://www.linkedin.com/company/reset-health-clinic,https://linkedin.com/in/rochellecmorris,,United Kingdom,United Kingdom,,Chief Product Officer at Reset Health
donna-earle-swaby-5a532212,Donna Earle-Swaby,Donna,Earle-Swaby,Owner,other,LighterLife Hampstead,lighterlife-lighterlife-lighterlife-lighterlife-lighterlife-uk-lighterlife-dundee-lighterlife-edinburgh-lighterlife-hinckley-lighterlife-blackpool-preston-mind-body-centre-lighterlife-cornwall-lighterlife-counsellor-lighterlife-counsellor-lighterlife-maida-vale-lighterlife-hampstead-lighterlife-beverley-east-yorkshire-c-graves-weight-management-consultancy-lighterlife-wycombe-lighterlife-solihull-lighterlife-mexborough-lighterlife-taunton-lighterlife-chesterfield-lighterlife-billericay-lighterlife-hereford-lighterlife-telford-lighterlife-brentwood-ongar-lighterlife-mansfield-lighterlife-aberdeen-shire-with-sandra,,https://linkedin.com/in/donna-earle-swaby-5a532212,,,United Kingdom,,"Owner, LighterLife Hampstead"
joanna-bruce-mbe-4796a412,Joanna Bruce MBE,Joanna,Bruce MBE,Clinical Director,director/head,"The Body Clinic, Leominster",body-clinic-leominster-body-clinic-leominster,,https://linkedin.com/in/joanna-bruce-mbe-4796a412,,,United Kingdom,,Clinical Director at Bruce Howes Limited
richard-tansley-75472414,Richard Tansley,Richard,Tansley,"Director - Letting Go Ltd. Weight Management Counsellor, LighterLife Mullingar , Longford & Navan",director/head,LighterLife,lighterlife-lighterlife-lighterlife-lighterlife-lighterlife-uk-lighterlife-dundee-lighterlife-edinburgh-lighterlife-hinckley-lighterlife-blackpool-preston-mind-body-centre-lighterlife-cornwall-lighterlife-counsellor-lighterlife-counsellor-lighterlife-maida-vale-lighterlife-hampstead-lighterlife-beverley-east-yorkshire-c-graves-weight-management-consultancy-lighterlife-wycombe-lighterlife-solihull-lighterlife-mexborough-lighterlife-taunton-lighterlife-chesterfield-lighterlife-billericay-lighterlife-hereford-lighterlife-telford-lighterlife-brentwood-ongar-lighterlife-mansfield-lighterlife-aberdeen-shire-with-sandra,https://www.linkedin.com/company/lighterlife,https://linkedin.com/in/richard-tansley-75472414,,United Kingdom,Ireland,,"Director, Letting Go Ltd - LighterLife Master Franchise Republic of Ireland."
rebecca-ryan-1a42b444,Rebecca Ryan,Rebecca,Ryan,Head of Product,director/head,Reset Health,reset-health,https://www.linkedin.com/company/reset-health-clinic,https://linkedin.com/in/rebecca-ryan-1a42b444,,United Kingdom,United Kingdom,,Product & Strategy Manager
debi-johnson-0a893113,debi johnson,debi,johnson,Owner,other,lighterlife,lighterlife-lighterlife-lighterlife-lighterlife-lighterlife-uk-lighterlife-dundee-lighterlife-edinburgh-lighterlife-hinckley-lighterlife-blackpool-preston-mind-body-centre-lighterlife-cornwall-lighterlife-counsellor-lighterlife-counsellor-lighterlife-maida-vale-lighterlife-hampstead-lighterlife-beverley-east-yorkshire-c-graves-weight-management-consultancy-lighterlife-wycombe-lighterlife-solihull-lighterlife-mexborough-lighterlife-taunton-lighterlife-chesterfield-lighterlife-billericay-lighterlife-hereford-lighterlife-telford-lighterlife-brentwood-ongar-lighterlife-mansfield-lighterlife-aberdeen-shire-with-sandra,https://www.linkedin.com/company/lighterlife,https://linkedin.com/in/debi-johnson-0a893113,,United Kingdom,United Kingdom,,"Owner, lighterlife"
maxine-phillips-smith-86859844,Maxine Phillips-Smith,Maxine,Phillips-Smith,Owner,other,"Lighterlife, Beverley, East Yorkshire",lighterlife-lighterlife-lighterlife-lighterlife-lighterlife-uk-lighterlife-dundee-lighterlife-edinburgh-lighterlife-hinckley-lighterlife-blackpool-preston-mind-body-centre-lighterlife-cornwall-lighterlife-counsellor-lighterlife-counsellor-lighterlife-maida-vale-lighterlife-hampstead-lighterlife-beverley-east-yorkshire-c-graves-weight-management-consultancy-lighterlife-wycombe-lighterlife-solihull-lighterlife-mexborough-lighterlife-taunton-lighterlife-chesterfield-lighterlife-billericay-lighterlife-hereford-lighterlife-telford-lighterlife-brentwood-ongar-lighterlife-mansfield-lighterlife-aberdeen-shire-with-sandra,,https://linkedin.com/in/maxine-phillips-smith-86859844,,,United Kingdom,,"Owner, Lighterlife, Beverley, East Yorkshire"
carol-graves-a0bbab14,Carol Graves,Carol,Graves,Director,director/head,C Graves Weight Management Consultancy Ltd,lighterlife-lighterlife-lighterlife-lighterlife-lighterlife-uk-lighterlife-dundee-lighterlife-edinburgh-lighterlife-hinckley-lighterlife-blackpool-preston-mind-body-centre-lighterlife-cornwall-lighterlife-counsellor-lighterlife-counsellor-lighterlife-maida-vale-lighterlife-hampstead-lighterlife-beverley-east-yorkshire-c-graves-weight-management-consultancy-lighterlife-wycombe-lighterlife-solihull-lighterlife-mexborough-lighterlife-taunton-lighterlife-chesterfield-lighterlife-billericay-lighterlife-hereford-lighterlife-telford-lighterlife-brentwood-ongar-lighterlife-mansfield-lighterlife-aberdeen-shire-with-sandra,,https://linkedin.com/in/carol-graves-a0bbab14,,,United Kingdom,,Director at LighterLife
joana-rosado-7a4a4315,Joana Rosado,Joana,Rosado,Sales Representative & Nutrition Consultant,other,Pronokal,pronokal-uk-pronokal,https://www.linkedin.com/company/pronokal,https://linkedin.com/in/joana-rosado-7a4a4315,,Spain,Portugal,,Sales Representative & Nutrition Consultant at Pronokal
daniela-alves-aba63749,Daniela Alves,Daniela,Alves,Principal Clinical Psychologist - Specialist Weight Management & Bariatric Surgery,manager,Homerton Healthcare NHS Foundation Trust,homerton-healthcare-nhs-foundation-trust,https://www.linkedin.com/company/homerton-healthcare-nhs-foundation-trust,https://linkedin.com/in/daniela-alves-aba63749,,United Kingdom,United Kingdom,,Consultant Clinical Psychologist in Complex Obesity and Bariatric Surgery - East Suffolk and North Essex NHS Foundation Trust | Principal Clinical Psychologist - Homerton Healthcare NHS Foundation Trust
lorraine-addyman-274bab17,Lorraine Addyman,Lorraine,Addyman,Owner,other,LighterLife Dundee,lighterlife-lighterlife-lighterlife-lighterlife-lighterlife-uk-lighterlife-dundee-lighterlife-edinburgh-lighterlife-hinckley-lighterlife-blackpool-preston-mind-body-centre-lighterlife-cornwall-lighterlife-counsellor-lighterlife-counsellor-lighterlife-maida-vale-lighterlife-hampstead-lighterlife-beverley-east-yorkshire-c-graves-weight-management-consultancy-lighterlife-wycombe-lighterlife-solihull-lighterlife-mexborough-lighterlife-taunton-lighterlife-chesterfield-lighterlife-billericay-lighterlife-hereford-lighterlife-telford-lighterlife-brentwood-ongar-lighterlife-mansfield-lighterlife-aberdeen-shire-with-sandra,https://www.linkedin.com/company/lighterlife,https://linkedin.com/in/lorraine-addyman-274bab17,,United Kingdom,United Kingdom,,"Owner, LighterLife Dundee"
angel-collins-91477518,Angel Collins,Angel,Collins,Director,director/head,Lighterlife Wycombe,lighterlife-lighterlife-lighterlife-lighterlife-lighterlife-uk-lighterlife-dundee-lighterlife-edinburgh-lighterlife-hinckley-lighterlife-blackpool-preston-mind-body-centre-lighterlife-cornwall-lighterlife-counsellor-lighterlife-counsellor-lighterlife-maida-vale-lighterlife-hampstead-lighterlife-beverley-east-yorkshire-c-graves-weight-management-consultancy-lighterlife-wycombe-lighterlife-solihull-lighterlife-mexborough-lighterlife-taunton-lighterlife-chesterfield-lighterlife-billericay-lighterlife-hereford-lighterlife-telford-lighterlife-brentwood-ongar-lighterlife-mansfield-lighterlife-aberdeen-shire-with-sandra,,https://linkedin.com/in/angel-collins-91477518,,,United Kingdom,,Director Lighterlife Wycombe
paul-anthony-brown-04882948,Paul Anthony Brown,Paul Anthony,Brown,Weight Loss Consultant,other,LighterLife,lighterlife-lighterlife-lighterlife-lighterlife-lighterlife-uk-lighterlife-dundee-lighterlife-edinburgh-lighterlife-hinckley-lighterlife-blackpool-preston-mind-body-centre-lighterlife-cornwall-lighterlife-counsellor-lighterlife-counsellor-lighterlife-maida-vale-lighterlife-hampstead-lighterlife-beverley-east-yorkshire-c-graves-weight-management-consultancy-lighterlife-wycombe-lighterlife-solihull-lighterlife-mexborough-lighterlife-taunton-lighterlife-chesterfield-lighterlife-billericay-lighterlife-hereford-lighterlife-telford-lighterlife-brentwood-ongar-lighterlife-mansfield-lighterlife-aberdeen-shire-with-sandra,https://www.linkedin.com/company/lighterlife,https://linkedin.com/in/paul-anthony-brown-04882948,,United Kingdom,United Kingdom,,Weight loss mentor
anthony-hardley-3609244a,Anthony Hardley,Anthony,Hardley,Health Specialist,other,MoreLife (UK) Ltd,morelife-morelife-uk,https://www.linkedin.com/company/morelife-uk,https://linkedin.com/in/anthony-hardley-3609244a,,United Kingdom,United Kingdom,,Health and Well-being Adviser at ReedMomenta
paul-paine-75243b1a,Paul Paine,Paul,Paine,Owner,other,Lighterlife,lighterlife-lighterlife-lighterlife-lighterlife-lighterlife-uk-lighterlife-dundee-lighterlife-edinburgh-lighterlife-hinckley-lighterlife-blackpool-preston-mind-body-centre-lighterlife-cornwall-lighterlife-counsellor-lighterlife-counsellor-lighterlife-maida-vale-lighterlife-hampstead-lighterlife-beverley-east-yorkshire-c-graves-weight-management-consultancy-lighterlife-wycombe-lighterlife-solihull-lighterlife-mexborough-lighterlife-taunton-lighterlife-chesterfield-lighterlife-billericay-lighterlife-hereford-lighterlife-telford-lighterlife-brentwood-ongar-lighterlife-mansfield-lighterlife-aberdeen-shire-with-sandra,,https://linkedin.com/in/paul-paine-75243b1a,,,United Kingdom,,"Owner, Lighterlife"
maxine-phillips-smith-b172a019,Maxine Phillips-Smith,Maxine,Phillips-Smith,Owner,other,LighterLife Counsellor,lighterlife-lighterlife-lighterlife-lighterlife-lighterlife-uk-lighterlife-dundee-lighterlife-edinburgh-lighterlife-hinckley-lighterlife-blackpool-preston-mind-body-centre-lighterlife-cornwall-lighterlife-counsellor-lighterlife-counsellor-lighterlife-maida-vale-lighterlife-hampstead-lighterlife-beverley-east-yorkshire-c-graves-weight-management-consultancy-lighterlife-wycombe-lighterlife-solihull-lighterlife-mexborough-lighterlife-taunton-lighterlife-chesterfield-lighterlife-billericay-lighterlife-hereford-lighterlife-telford-lighterlife-brentwood-ongar-lighterlife-mansfield-lighterlife-aberdeen-shire-with-sandra,,https://linkedin.com/in/maxine-phillips-smith-b172a019,,,United Kingdom,,Owner at LighterLife Counsellor
laura-milani-8102a519,Laura Milani,Laura,Milani,Country Manager Italia,manager,PronoKal Group,pronokal-uk-pronokal,https://www.linkedin.com/company/pronokal,https://linkedin.com/in/laura-milani-8102a519,,Spain,Italy,,Country Manager Italy - PronoKal Group
helen-litherland-6ab7b34a,Helen Litherland,Helen,Litherland,Director,director/head,Lighterlife solihull,lighterlife-lighterlife-lighterlife-lighterlife-lighterlife-uk-lighterlife-dundee-lighterlife-edinburgh-lighterlife-hinckley-lighterlife-blackpool-preston-mind-body-centre-lighterlife-cornwall-lighterlife-counsellor-lighterlife-counsellor-lighterlife-maida-vale-lighterlife-hampstead-lighterlife-beverley-east-yorkshire-c-graves-weight-management-consultancy-lighterlife-wycombe-lighterlife-solihull-lighterlife-mexborough-lighterlife-taunton-lighterlife-chesterfield-lighterlife-billericay-lighterlife-hereford-lighterlife-telford-lighterlife-brentwood-ongar-lighterlife-mansfield-lighterlife-aberdeen-shire-with-sandra,,https://linkedin.com/in/helen-litherland-6ab7b34a,,,United Kingdom,,Director at Lighterlife solihull
mikepallett,Mike Pallett,Mike,Pallett,Chief Operating Officer,c-level,Archvale,archvale,https://www.linkedin.com/company/archvale,https://linkedin.com/in/mikepallett,,United Kingdom,United Kingdom,,"Founder’s Right Hand | Bringing structure, clarity and leadership to founder-led businesses"
oliver-mcguinness-6001894a,Oliver McGuinness,Oliver,McGuinness,Chief Executive Officer,founder/ceo,Reset Health,reset-health,https://www.linkedin.com/company/reset-health-clinic,https://linkedin.com/in/oliver-mcguinness-6001894a,,United Kingdom,United Kingdom,,Chief Executive Officer at Reset Health
naomibrosnahan,Naomi Brosnahan,Naomi,Brosnahan,Chief Executive Officer,founder/ceo,Counterweight,counterweight,https://www.linkedin.com/company/counterweight,https://linkedin.com/in/naomibrosnahan,,United Kingdom,United Kingdom,,"CEO @ Counterweight | Registered Dietitian, PhD"
karen-turmer-4412341b,Karen Turmer,Karen,Turmer,Owner,other,LighterLife,lighterlife-lighterlife-lighterlife-lighterlife-lighterlife-uk-lighterlife-dundee-lighterlife-edinburgh-lighterlife-hinckley-lighterlife-blackpool-preston-mind-body-centre-lighterlife-cornwall-lighterlife-counsellor-lighterlife-counsellor-lighterlife-maida-vale-lighterlife-hampstead-lighterlife-beverley-east-yorkshire-c-graves-weight-management-consultancy-lighterlife-wycombe-lighterlife-solihull-lighterlife-mexborough-lighterlife-taunton-lighterlife-chesterfield-lighterlife-billericay-lighterlife-hereford-lighterlife-telford-lighterlife-brentwood-ongar-lighterlife-mansfield-lighterlife-aberdeen-shire-with-sandra,,https://linkedin.com/in/karen-turmer-4412341b,,,United Kingdom,,"Owner, LighterLife"
patricia-lyon-1189291a,Patricia Lyon,Patricia,Lyon,Owner,other,Lighterlife,lighterlife-lighterlife-lighterlife-lighterlife-lighterlife-uk-lighterlife-dundee-lighterlife-edinburgh-lighterlife-hinckley-lighterlife-blackpool-preston-mind-body-centre-lighterlife-cornwall-lighterlife-counsellor-lighterlife-counsellor-lighterlife-maida-vale-lighterlife-hampstead-lighterlife-beverley-east-yorkshire-c-graves-weight-management-consultancy-lighterlife-wycombe-lighterlife-solihull-lighterlife-mexborough-lighterlife-taunton-lighterlife-chesterfield-lighterlife-billericay-lighterlife-hereford-lighterlife-telford-lighterlife-brentwood-ongar-lighterlife-mansfield-lighterlife-aberdeen-shire-with-sandra,,https://linkedin.com/in/patricia-lyon-1189291a,,,United Kingdom,,"Owner, Lighterlife"
laura-newson-a0146a20,Laura Newson,Laura,Newson,Director of Partnerships and Propositions,director/head,Reset Health,reset-health,https://www.linkedin.com/company/reset-health-clinic,https://linkedin.com/in/laura-newson-a0146a20,,United Kingdom,United Kingdom,,Director of Partnerships @ Reset Health
dr-sahira-dar-59801453,Dr Sahira Dar,Dr Sahira,Dar,Locum GP,other,Lanarkshire Medical Group,lanarkshire-medical,https://www.linkedin.com/company/lanarkshire-medical-group,https://linkedin.com/in/dr-sahira-dar-59801453,,United Kingdom,United Kingdom,,GP I President of the British Islamic Medical Association (BIMA) I Lifestyle Coach I Digital Doc I Chair of Vibrant Scottish Mosques I Honorary Senior Clinical Lecturer Glasgow University I Charity trustee
drzubairahmed,Dr Zubair A.,Dr Zubair,A.,Founder & CEO,founder/ceo,Medicspot,medicspot-medicspot,https://www.linkedin.com/company/medicspot,https://linkedin.com/in/drzubairahmed,,United Kingdom,United Kingdom,,"CEO/Founder Medicspot Group, General Practitioner, London Business School MBA"
dawn-sheppard-371b0822,Dawn Sheppard,Dawn,Sheppard,Owner,other,LighterLife Mexborough,lighterlife-lighterlife-lighterlife-lighterlife-lighterlife-uk-lighterlife-dundee-lighterlife-edinburgh-lighterlife-hinckley-lighterlife-blackpool-preston-mind-body-centre-lighterlife-cornwall-lighterlife-counsellor-lighterlife-counsellor-lighterlife-maida-vale-lighterlife-hampstead-lighterlife-beverley-east-yorkshire-c-graves-weight-management-consultancy-lighterlife-wycombe-lighterlife-solihull-lighterlife-mexborough-lighterlife-taunton-lighterlife-chesterfield-lighterlife-billericay-lighterlife-hereford-lighterlife-telford-lighterlife-brentwood-ongar-lighterlife-mansfield-lighterlife-aberdeen-shire-with-sandra,,https://linkedin.com/in/dawn-sheppard-371b0822,,,United Kingdom,,"Owner, LighterLife Mexborough"
pat-ashmore-668ab524,Pat Ashmore,Pat,Ashmore,Owner,other,LighterLife,lighterlife-lighterlife-lighterlife-lighterlife-lighterlife-uk-lighterlife-dundee-lighterlife-edinburgh-lighterlife-hinckley-lighterlife-blackpool-preston-mind-body-centre-lighterlife-cornwall-lighterlife-counsellor-lighterlife-counsellor-lighterlife-maida-vale-lighterlife-hampstead-lighterlife-beverley-east-yorkshire-c-graves-weight-management-consultancy-lighterlife-wycombe-lighterlife-solihull-lighterlife-mexborough-lighterlife-taunton-lighterlife-chesterfield-lighterlife-billericay-lighterlife-hereford-lighterlife-telford-lighterlife-brentwood-ongar-lighterlife-mansfield-lighterlife-aberdeen-shire-with-sandra,https://www.linkedin.com/company/lighterlife,https://linkedin.com/in/pat-ashmore-668ab524,,United Kingdom,United Kingdom,,Weight Management Consultant at LighterLife DERBY
susan-brennan-09a48826,Susan Brennan,Susan,Brennan,GP in Weight Management,other,MoreLife (UK) Ltd,morelife-morelife-uk,https://www.linkedin.com/company/morelife-uk,https://linkedin.com/in/susan-brennan-09a48826,,United Kingdom,United Kingdom,,Medical Adviser  at The Thalidomide Trust
chiaulingchow,Ling Chow,Ling,Chow,Operations Director,director/head,Reset Health,reset-health,https://www.linkedin.com/company/reset-health-clinic,https://linkedin.com/in/chiaulingchow,,United Kingdom,United Kingdom,,Operations Director at Reset Health
tabithaprince,Tabitha Prince,Tabitha,Prince,Owner,other,LighterLife,lighterlife-lighterlife-lighterlife-lighterlife-lighterlife-uk-lighterlife-dundee-lighterlife-edinburgh-lighterlife-hinckley-lighterlife-blackpool-preston-mind-body-centre-lighterlife-cornwall-lighterlife-counsellor-lighterlife-counsellor-lighterlife-maida-vale-lighterlife-hampstead-lighterlife-beverley-east-yorkshire-c-graves-weight-management-consultancy-lighterlife-wycombe-lighterlife-solihull-lighterlife-mexborough-lighterlife-taunton-lighterlife-chesterfield-lighterlife-billericay-lighterlife-hereford-lighterlife-telford-lighterlife-brentwood-ongar-lighterlife-mansfield-lighterlife-aberdeen-shire-with-sandra,https://www.linkedin.com/company/lighterlife,https://linkedin.com/in/tabithaprince,,United Kingdom,United Kingdom,,Giving you the tools and confidence to loss weight and keep it off for Life
sarah-le-brocq-85b07a26,Sarah Le Brocq,Sarah,Le Brocq,Obesity Consultant,other,Perspectum Ltd,perspectum-perspectum,https://www.linkedin.com/company/perspectum-ltd,https://linkedin.com/in/sarah-le-brocq-85b07a26,,United Kingdom,United Kingdom,,"Policy & Science Leader Driving Change in Obesity Care | Obesity Advocate with Lived Experience | Founder, All About Obesity CIC | Entrepreneur"
ali-robbins-b4230728,Ali Robbins,Ali,Robbins,Owner,other,lighterlife taunton,lighterlife-lighterlife-lighterlife-lighterlife-lighterlife-uk-lighterlife-dundee-lighterlife-edinburgh-lighterlife-hinckley-lighterlife-blackpool-preston-mind-body-centre-lighterlife-cornwall-lighterlife-counsellor-lighterlife-counsellor-lighterlife-maida-vale-lighterlife-hampstead-lighterlife-beverley-east-yorkshire-c-graves-weight-management-consultancy-lighterlife-wycombe-lighterlife-solihull-lighterlife-mexborough-lighterlife-taunton-lighterlife-chesterfield-lighterlife-billericay-lighterlife-hereford-lighterlife-telford-lighterlife-brentwood-ongar-lighterlife-mansfield-lighterlife-aberdeen-shire-with-sandra,,https://linkedin.com/in/ali-robbins-b4230728,,,United Kingdom,,"Owner, lighterlife taunton"
dr-adam-barker-aca-5a256a57,Dr. Adam Barker ACA,Dr. Adam,Barker ACA,Chief Financial Officer,c-level,Reset Health,reset-health,https://www.linkedin.com/company/reset-health-clinic,https://linkedin.com/in/dr-adam-barker-aca-5a256a57,,United Kingdom,United Kingdom,,Chief Financial Officer at Reset Health
sharon-henshaw-6b6b5127,Sharon Henshaw,Sharon,Henshaw,Owner,other,Lighterlife - Chesterfield,lighterlife-lighterlife-lighterlife-lighterlife-lighterlife-uk-lighterlife-dundee-lighterlife-edinburgh-lighterlife-hinckley-lighterlife-blackpool-preston-mind-body-centre-lighterlife-cornwall-lighterlife-counsellor-lighterlife-counsellor-lighterlife-maida-vale-lighterlife-hampstead-lighterlife-beverley-east-yorkshire-c-graves-weight-management-consultancy-lighterlife-wycombe-lighterlife-solihull-lighterlife-mexborough-lighterlife-taunton-lighterlife-chesterfield-lighterlife-billericay-lighterlife-hereford-lighterlife-telford-lighterlife-brentwood-ongar-lighterlife-mansfield-lighterlife-aberdeen-shire-with-sandra,,https://linkedin.com/in/sharon-henshaw-6b6b5127,,,United Kingdom,,"Owner, Lighterlife - Chesterfield. Insightful weight management programme for a healthy body and happy mind"
georgia-apsitis-9730045a,Georgia Apsitis,Georgia,Apsitis,Morelife Programme Co- ordinator - Wandsworth,c-level,MoreLife (UK) Ltd,morelife-morelife-uk,https://www.linkedin.com/company/morelife-uk,https://linkedin.com/in/georgia-apsitis-9730045a,,United Kingdom,United Kingdom,,Programme Co- ordinator (Wandsworth) at MoreLife (UK) Ltd
natalie-bellis-3279a928,natalie bellis,natalie,bellis,Owner,other,LighterLife Billericay,lighterlife-lighterlife-lighterlife-lighterlife-lighterlife-uk-lighterlife-dundee-lighterlife-edinburgh-lighterlife-hinckley-lighterlife-blackpool-preston-mind-body-centre-lighterlife-cornwall-lighterlife-counsellor-lighterlife-counsellor-lighterlife-maida-vale-lighterlife-hampstead-lighterlife-beverley-east-yorkshire-c-graves-weight-management-consultancy-lighterlife-wycombe-lighterlife-solihull-lighterlife-mexborough-lighterlife-taunton-lighterlife-chesterfield-lighterlife-billericay-lighterlife-hereford-lighterlife-telford-lighterlife-brentwood-ongar-lighterlife-mansfield-lighterlife-aberdeen-shire-with-sandra,,https://linkedin.com/in/natalie-bellis-3279a928,,,United Kingdom,,"Owner, LighterLife Billericay"
veronica-barry-0851012b,Veronica Barry,Veronica,Barry,Counsellor,other,LighterLife - Hereford,lighterlife-lighterlife-lighterlife-lighterlife-lighterlife-uk-lighterlife-dundee-lighterlife-edinburgh-lighterlife-hinckley-lighterlife-blackpool-preston-mind-body-centre-lighterlife-cornwall-lighterlife-counsellor-lighterlife-counsellor-lighterlife-maida-vale-lighterlife-hampstead-lighterlife-beverley-east-yorkshire-c-graves-weight-management-consultancy-lighterlife-wycombe-lighterlife-solihull-lighterlife-mexborough-lighterlife-taunton-lighterlife-chesterfield-lighterlife-billericay-lighterlife-hereford-lighterlife-telford-lighterlife-brentwood-ongar-lighterlife-mansfield-lighterlife-aberdeen-shire-with-sandra,,https://linkedin.com/in/veronica-barry-0851012b,,,United Kingdom,,Counsellor at LighterLife - Hereford
bridget-egglesfield-0aa93329,Bridget Egglesfield,Bridget,Egglesfield,Owner,other,LighterLife Counsellor,lighterlife-lighterlife-lighterlife-lighterlife-lighterlife-uk-lighterlife-dundee-lighterlife-edinburgh-lighterlife-hinckley-lighterlife-blackpool-preston-mind-body-centre-lighterlife-cornwall-lighterlife-counsellor-lighterlife-counsellor-lighterlife-maida-vale-lighterlife-hampstead-lighterlife-beverley-east-yorkshire-c-graves-weight-management-consultancy-lighterlife-wycombe-lighterlife-solihull-lighterlife-mexborough-lighterlife-taunton-lighterlife-chesterfield-lighterlife-billericay-lighterlife-hereford-lighterlife-telford-lighterlife-brentwood-ongar-lighterlife-mansfield-lighterlife-aberdeen-shire-with-sandra,,https://linkedin.com/in/bridget-egglesfield-0aa93329,,,United Kingdom,,"Owner, LighterLife Counsellor"
christine-render-5584522b,Christine Render,Christine,Render,Programme Co-ordinator,c-level,MoreLife (UK) Ltd,morelife-morelife-uk,https://www.linkedin.com/company/morelife-uk,https://linkedin.com/in/christine-render-5584522b,,United Kingdom,United Kingdom,,Programme Co-ordinator at MoreLife (UK) Ltd
lighterlife-admin-77b01a60,LighterLife Admin,LighterLife,Admin,Weight loss and management,other,LighterLife,lighterlife-lighterlife-lighterlife-lighterlife-lighterlife-uk-lighterlife-dundee-lighterlife-edinburgh-lighterlife-hinckley-lighterlife-blackpool-preston-mind-body-centre-lighterlife-cornwall-lighterlife-counsellor-lighterlife-counsellor-lighterlife-maida-vale-lighterlife-hampstead-lighterlife-beverley-east-yorkshire-c-graves-weight-management-consultancy-lighterlife-wycombe-lighterlife-solihull-lighterlife-mexborough-lighterlife-taunton-lighterlife-chesterfield-lighterlife-billericay-lighterlife-hereford-lighterlife-telford-lighterlife-brentwood-ongar-lighterlife-mansfield-lighterlife-aberdeen-shire-with-sandra,https://www.linkedin.com/company/lighterlife,https://linkedin.com/in/lighterlife-admin-77b01a60,,United Kingdom,United Kingdom,,LighterLife
juli-mey,Juli Mey,Juli,Mey,"Tier 3 Practitioner Lead Sussex, GM, Essex",manager,MoreLife (UK) Ltd,morelife-morelife-uk,https://www.linkedin.com/company/morelife-uk,https://linkedin.com/in/juli-mey,,United Kingdom,United Kingdom,,"Tier 3 Practitioner Lead @ MoreLife (UK) Ltd. | Leadership, Program Development"
nadine-heywood-5a1a8712a,Nadine Heywood,Nadine,Heywood,Lead Therapist,manager,MoreLife (UK) Ltd,morelife-morelife-uk,https://www.linkedin.com/company/morelife-uk,https://linkedin.com/in/nadine-heywood-5a1a8712a,,United Kingdom,United Kingdom,,Qualified therapist with a passion for health and well being.
natalie-cowie-b15182121,Natalie Cowie,Natalie,Cowie,Head of Finance,director/head,LighterLife,lighterlife-lighterlife-lighterlife-lighterlife-lighterlife-uk-lighterlife-dundee-lighterlife-edinburgh-lighterlife-hinckley-lighterlife-blackpool-preston-mind-body-centre-lighterlife-cornwall-lighterlife-counsellor-lighterlife-counsellor-lighterlife-maida-vale-lighterlife-hampstead-lighterlife-beverley-east-yorkshire-c-graves-weight-management-consultancy-lighterlife-wycombe-lighterlife-solihull-lighterlife-mexborough-lighterlife-taunton-lighterlife-chesterfield-lighterlife-billericay-lighterlife-hereford-lighterlife-telford-lighterlife-brentwood-ongar-lighterlife-mansfield-lighterlife-aberdeen-shire-with-sandra,https://www.linkedin.com/company/lighterlife,https://linkedin.com/in/natalie-cowie-b15182121,,United Kingdom,United Kingdom,,--
idalia-stach-anutr-4b7b04122,Idalia Stach (ANutr),Idalia,Stach (ANutr),Nutritionist,other,Counterweight,counterweight,https://www.linkedin.com/company/counterweight,https://linkedin.com/in/idalia-stach-anutr-4b7b04122,,United Kingdom,United Kingdom,,"Teacher, Nutritionist, Beautician and Hairdresser"
georgina-walsh-33b4b5127,Georgina Walsh,Georgina,Walsh,Therapist,other,LighterLife,lighterlife-lighterlife-lighterlife-lighterlife-lighterlife-uk-lighterlife-dundee-lighterlife-edinburgh-lighterlife-hinckley-lighterlife-blackpool-preston-mind-body-centre-lighterlife-cornwall-lighterlife-counsellor-lighterlife-counsellor-lighterlife-maida-vale-lighterlife-hampstead-lighterlife-beverley-east-yorkshire-c-graves-weight-management-consultancy-lighterlife-wycombe-lighterlife-solihull-lighterlife-mexborough-lighterlife-taunton-lighterlife-chesterfield-lighterlife-billericay-lighterlife-hereford-lighterlife-telford-lighterlife-brentwood-ongar-lighterlife-mansfield-lighterlife-aberdeen-shire-with-sandra,https://www.linkedin.com/company/lighterlife,https://linkedin.com/in/georgina-walsh-33b4b5127,,United Kingdom,United Kingdom,,MBACP Accredited Therapist LighterLife | Supporting Emotional Well-being
thomas-godec-38239476,Thomas Godec,Thomas,Godec,Director of Data Science & Clinical Intelligence,director/head,Reset Health,reset-health,https://www.linkedin.com/company/reset-health-clinic,https://linkedin.com/in/thomas-godec-38239476,,United Kingdom,United Kingdom,,Director of Data Science & Clinical Intelligence
charlotte-van-vracem-8b6277aa,charlotte van vracem,charlotte,van vracem,Sales Manager Protein Benelux- jurist,manager,Pronokal,pronokal-uk-pronokal,https://www.linkedin.com/company/pronokal,https://linkedin.com/in/charlotte-van-vracem-8b6277aa,,Spain,Belgium,,Sales Manager- jurist at Pronokal
philip-bazire-883a44ab,Philip Bazire,Philip,Bazire,Medical Director at PronoKal UK,director/head,PronoKal Group,pronokal-uk-pronokal,https://www.linkedin.com/company/pronokal,https://linkedin.com/in/philip-bazire-883a44ab,,Spain,United Kingdom,,"Medical Director, PronoKal UK"
benedekszulyovszky,Benedek Szulyovszky,Benedek,Szulyovszky,AI Consultant,other,Reset Health,reset-health,https://www.linkedin.com/company/reset-health-clinic,https://linkedin.com/in/benedekszulyovszky,,United Kingdom,Hungary,,AI Research & Development
angelina-spathopoulou-301435b0,Angelina Spathopoulou,Angelina,Spathopoulou,Adult Weight Management Nutritionist,other,MoreLife (UK) Ltd,morelife-morelife-uk,https://www.linkedin.com/company/morelife-uk,https://linkedin.com/in/angelina-spathopoulou-301435b0,,United Kingdom,United Kingdom,,Nutritionist ANutr | UKSCA Strength & Conditioning Trainer | Health & Fitness Professional | Consumer Insight
sally-harris-139a7981,Sally Harris,Sally,Harris,Weight Management Counsellor,other,LighterLife - Telford,lighterlife-lighterlife-lighterlife-lighterlife-lighterlife-uk-lighterlife-dundee-lighterlife-edinburgh-lighterlife-hinckley-lighterlife-blackpool-preston-mind-body-centre-lighterlife-cornwall-lighterlife-counsellor-lighterlife-counsellor-lighterlife-maida-vale-lighterlife-hampstead-lighterlife-beverley-east-yorkshire-c-graves-weight-management-consultancy-lighterlife-wycombe-lighterlife-solihull-lighterlife-mexborough-lighterlife-taunton-lighterlife-chesterfield-lighterlife-billericay-lighterlife-hereford-lighterlife-telford-lighterlife-brentwood-ongar-lighterlife-mansfield-lighterlife-aberdeen-shire-with-sandra,,https://linkedin.com/in/sally-harris-139a7981,,,United Kingdom,,Weight Management Counsellor at LighterLife - Telford
laurensien,Lauren Sien,Lauren,Sien,Governance Lead,manager,Reset Health,reset-health,https://www.linkedin.com/company/reset-health-clinic,https://linkedin.com/in/laurensien,,United Kingdom,United Kingdom,,Governance Lead
lorraine-kessock-philip-87435083,Lorraine Kessock-Philip,Lorraine,Kessock-Philip,LighterLife Counsellor,other,LighterLife - Brentwood & Ongar,lighterlife-lighterlife-lighterlife-lighterlife-lighterlife-uk-lighterlife-dundee-lighterlife-edinburgh-lighterlife-hinckley-lighterlife-blackpool-preston-mind-body-centre-lighterlife-cornwall-lighterlife-counsellor-lighterlife-counsellor-lighterlife-maida-vale-lighterlife-hampstead-lighterlife-beverley-east-yorkshire-c-graves-weight-management-consultancy-lighterlife-wycombe-lighterlife-solihull-lighterlife-mexborough-lighterlife-taunton-lighterlife-chesterfield-lighterlife-billericay-lighterlife-hereford-lighterlife-telford-lighterlife-brentwood-ongar-lighterlife-mansfield-lighterlife-aberdeen-shire-with-sandra,,https://linkedin.com/in/lorraine-kessock-philip-87435083,,,United Kingdom,,LighterLife Counsellor
laurenrockliffe,"Dr Lauren Rockliffe (PhD, CPsychol)",Dr Lauren,"Rockliffe (PhD, CPsychol)",Company Director,director/head,Exchange Health,exchange-health,https://www.linkedin.com/company/exchangehealth,https://linkedin.com/in/laurenrockliffe,,United Kingdom,United Kingdom,,Chartered Health Psychologist
racheldreycroft,Rachel Dreycroft,Rachel,Dreycroft,Product Manager,manager,Reset Health,reset-health,https://www.linkedin.com/company/reset-health-clinic,https://linkedin.com/in/racheldreycroft,,United Kingdom,United Kingdom,,Product Manager PhD MEng | Product Manager | Helping businesses scale through user-centred product strategy & AI
alasdair-yorke-b19ab390,Alasdair Yorke,Alasdair,Yorke,Lead Front End Developer,manager,Reset Health,reset-health,https://www.linkedin.com/company/reset-health-clinic,https://linkedin.com/in/alasdair-yorke-b19ab390,,United Kingdom,United Kingdom,,Lead Front End Developer
ciara-cook,Ciara Cook,Ciara,Cook,Head of Programmes and Clinical Operations,director/head,Reset Health,reset-health,https://www.linkedin.com/company/reset-health-clinic,https://linkedin.com/in/ciara-cook,,United Kingdom,United Kingdom,,Head of Ops | Healthtech | AI and digital health
emily-costelloe-07019697,Emily Costelloe,Emily,Costelloe,Practitioner Manager,manager,MoreLife (UK) Ltd,morelife-morelife-uk,https://www.linkedin.com/company/morelife-uk,https://linkedin.com/in/emily-costelloe-07019697,,United Kingdom,United Kingdom,,Practitioner Manager at MoreLife (UK) Ltd.
jessicaravenscroft,Jessie Ravenscroft,Jessie,Ravenscroft,Director of Strategic Delivery,director/head,Reset Health,reset-health,https://www.linkedin.com/company/reset-health-clinic,https://linkedin.com/in/jessicaravenscroft,,United Kingdom,United Kingdom,,Programme Leadership & Strategic Operations | Digital Health & Med Tech
lyn-obeney-24524799,Lyn Obeney,Lyn,Obeney,Accounts Assitant,other,LighterLife UK Limited,lighterlife-lighterlife-lighterlife-lighterlife-lighterlife-uk-lighterlife-dundee-lighterlife-edinburgh-lighterlife-hinckley-lighterlife-blackpool-preston-mind-body-centre-lighterlife-cornwall-lighterlife-counsellor-lighterlife-counsellor-lighterlife-maida-vale-lighterlife-hampstead-lighterlife-beverley-east-yorkshire-c-graves-weight-management-consultancy-lighterlife-wycombe-lighterlife-solihull-lighterlife-mexborough-lighterlife-taunton-lighterlife-chesterfield-lighterlife-billericay-lighterlife-hereford-lighterlife-telford-lighterlife-brentwood-ongar-lighterlife-mansfield-lighterlife-aberdeen-shire-with-sandra,,https://linkedin.com/in/lyn-obeney-24524799,,,United Kingdom,,Accounts Assitant at LighterLife UK Limited
nazila-bahrami-3aa048110,Nazila Bahrami,Nazila,Bahrami,Nutritionist,other,Counterweight,counterweight,https://www.linkedin.com/company/counterweight,https://linkedin.com/in/nazila-bahrami-3aa048110,,United Kingdom,United Kingdom,,"BANT registered nutritionist, BA(Hons), DipCNM, MBANT, CNHC"
nikki-cook-938694a1,nikki cook,nikki,cook,weight management counsellor,other,LighterLife,lighterlife-lighterlife-lighterlife-lighterlife-lighterlife-uk-lighterlife-dundee-lighterlife-edinburgh-lighterlife-hinckley-lighterlife-blackpool-preston-mind-body-centre-lighterlife-cornwall-lighterlife-counsellor-lighterlife-counsellor-lighterlife-maida-vale-lighterlife-hampstead-lighterlife-beverley-east-yorkshire-c-graves-weight-management-consultancy-lighterlife-wycombe-lighterlife-solihull-lighterlife-mexborough-lighterlife-taunton-lighterlife-chesterfield-lighterlife-billericay-lighterlife-hereford-lighterlife-telford-lighterlife-brentwood-ongar-lighterlife-mansfield-lighterlife-aberdeen-shire-with-sandra,https://www.linkedin.com/company/lighterlife,https://linkedin.com/in/nikki-cook-938694a1,,United Kingdom,United Kingdom,,weight management counsellor at LighterLife
debbie-kennedy-6546a2111,Debbie Kennedy,Debbie,Kennedy,Weight Management Counsellor,other,LighterLife Mansfield,lighterlife-lighterlife-lighterlife-lighterlife-lighterlife-uk-lighterlife-dundee-lighterlife-edinburgh-lighterlife-hinckley-lighterlife-blackpool-preston-mind-body-centre-lighterlife-cornwall-lighterlife-counsellor-lighterlife-counsellor-lighterlife-maida-vale-lighterlife-hampstead-lighterlife-beverley-east-yorkshire-c-graves-weight-management-consultancy-lighterlife-wycombe-lighterlife-solihull-lighterlife-mexborough-lighterlife-taunton-lighterlife-chesterfield-lighterlife-billericay-lighterlife-hereford-lighterlife-telford-lighterlife-brentwood-ongar-lighterlife-mansfield-lighterlife-aberdeen-shire-with-sandra,,https://linkedin.com/in/debbie-kennedy-6546a2111,,,United Kingdom,,--
pipyoung,Pip Young,Pip,Young,Head Of Engineering,director/head,Habitual,habitual,https://www.linkedin.com/company/tryhabitual,https://linkedin.com/in/pipyoung,,United Kingdom,United Kingdom,,Head of Engineering at Habitual
oliver-lyons-5351311a5,Oliver Lyons,Oliver,Lyons,Adult Weight Management Practitioner,other,MoreLife (UK) Ltd,morelife-morelife-uk,https://www.linkedin.com/company/morelife-uk,https://linkedin.com/in/oliver-lyons-5351311a5,,United Kingdom,United Kingdom,,"Adult Weight Management Practitioner | Qualified PE Teacher (PGCE, BSc) | Level 3 Personal Trainer and Level 2 Fitness Coach"
georgia-miller-849a291a4,Georgia Miller,Georgia,Miller,Service Manager,manager,MoreLife (UK) Ltd,morelife-morelife-uk,https://www.linkedin.com/company/morelife-uk,https://linkedin.com/in/georgia-miller-849a291a4,,United Kingdom,United Kingdom,,Service Manager at Healthy You
cordell-jopson-724b301a2,Cordell Jopson,Cordell,Jopson,Head of Engineering,director/head,Medicspot,medicspot-medicspot,https://www.linkedin.com/company/medicspot,https://linkedin.com/in/cordell-jopson-724b301a2,,United Kingdom,United Kingdom,,Head of Engineering at Medicspot
phebe-oyinkansola-alabi-5683481a3,Phebe Oyinkansola Alabi,Phebe Oyinkansola,Alabi,Health and Wellbeing Practitioner (Adult Weight Management ),other,MoreLife (UK) Ltd,morelife-morelife-uk,https://www.linkedin.com/company/morelife-uk,https://linkedin.com/in/phebe-oyinkansola-alabi-5683481a3,,United Kingdom,United Kingdom,,ANutr || Health and Wellbeing Coach || Nutrition || Public Health || Fitness || Food
tina-horsnell-625341193,Tina Horsnell,Tina,Horsnell,Director of Business Development,director/head,LighterLife,lighterlife-lighterlife-lighterlife-lighterlife-lighterlife-uk-lighterlife-dundee-lighterlife-edinburgh-lighterlife-hinckley-lighterlife-blackpool-preston-mind-body-centre-lighterlife-cornwall-lighterlife-counsellor-lighterlife-counsellor-lighterlife-maida-vale-lighterlife-hampstead-lighterlife-beverley-east-yorkshire-c-graves-weight-management-consultancy-lighterlife-wycombe-lighterlife-solihull-lighterlife-mexborough-lighterlife-taunton-lighterlife-chesterfield-lighterlife-billericay-lighterlife-hereford-lighterlife-telford-lighterlife-brentwood-ongar-lighterlife-mansfield-lighterlife-aberdeen-shire-with-sandra,https://www.linkedin.com/company/lighterlife,https://linkedin.com/in/tina-horsnell-625341193,,United Kingdom,United Kingdom,,Director of Business Development
dr-george-sanders-0a4429193,Dr George Sanders,Dr George,Sanders,"Head of Systems Implementation, Evaluation & Innovation",director/head,MoreLife (UK) Ltd,morelife-morelife-uk,https://www.linkedin.com/company/morelife-uk,https://linkedin.com/in/dr-george-sanders-0a4429193,,United Kingdom,United Kingdom,,"Head of Systems Implementation, Evaluation & Innovation, Morelife
Senior Research Fellow in Public Health and Obesity, Leeds Beckett University"
deborah-evans-27a2bb1a1,Deborah Evans,Deborah,Evans,Metabolic Health Lead,manager,Reset Health,reset-health,https://www.linkedin.com/company/reset-health-clinic,https://linkedin.com/in/deborah-evans-27a2bb1a1,,United Kingdom,United Kingdom,,Charity and Non-Profit Sector Manager
suki-sabine-693109162,Suki Sabine,Suki,Sabine,Adult Weight Management Practitioner,other,MoreLife (UK) Ltd,morelife-morelife-uk,https://www.linkedin.com/company/morelife-uk,https://linkedin.com/in/suki-sabine-693109162,,United Kingdom,United Kingdom,,Registered Nutritionist / Helping Clients & Organizations Optimize Health & Wellbeing Through Evidence-Based Nutrition
annaalla,Anna Alla,Anna,Alla,Adult Weight Management Practitioner,other,MoreLife (UK) Ltd,morelife-morelife-uk,https://www.linkedin.com/company/morelife-uk,https://linkedin.com/in/annaalla,,United Kingdom,United Kingdom,,AfN Registered Associate Nutritionist (ANutr) | Behaviour Change Specialist | Public Mental Health Researcher | Specialising in Neurodivergency & Emotional Eating
elien-laseure-a56419165,Elien Laseure,Elien,Laseure,Sales Area Manager,manager,PronoKal Group,pronokal-uk-pronokal,https://www.linkedin.com/company/pronokal,https://linkedin.com/in/elien-laseure-a56419165,,Spain,Netherlands,,--
keisha-c-84b940168,Keisha C.,Keisha,C.,Specialist Weight Management Dietitian,other,MoreLife (UK) Ltd,morelife-morelife-uk,https://www.linkedin.com/company/morelife-uk,https://linkedin.com/in/keisha-c-84b940168,,United Kingdom,United Kingdom,,Specialist Dietitian
dr-laura-falvey-134306176,Dr Laura Falvey,Dr Laura,Falvey,Executive Clinical Director,director/head,Reset Health,reset-health,https://www.linkedin.com/company/reset-health-clinic,https://linkedin.com/in/dr-laura-falvey-134306176,,United Kingdom,United Kingdom,,Reimagining Obesity Care | Clinical Leader & Speaker | Driving Innovation in Integrated NHS Digital Health
grace-bajo-anutr-5bb864178,Grace Bajo ANutr,Grace,Bajo ANutr,Adult Weight Management Practitioner,other,MoreLife (UK) Ltd,morelife-morelife-uk,https://www.linkedin.com/company/morelife-uk,https://linkedin.com/in/grace-bajo-anutr-5bb864178,,United Kingdom,United Kingdom,,"ANutr, MSc, Weight Management"
elliottsilver,Elliott Silver,Elliott,Silver,Head of Strategy and Operations,director/head,Habitual,habitual,https://www.linkedin.com/company/tryhabitual,https://linkedin.com/in/elliottsilver,,United Kingdom,United Kingdom,,Head of Strategy & Operations @ Habitual | Ex-Monitor Deloitte
chad-haefele-727044151,Chad Haefele,Chad,Haefele,Child Healthy Lifesyle Practioner,other,MoreLife (UK) Ltd,morelife-morelife-uk,https://www.linkedin.com/company/morelife-uk,https://linkedin.com/in/chad-haefele-727044151,,United Kingdom,United Kingdom,,Working Hard
evan-robertson-anutr-2b2a1714b,Evan Robertson ANutr,Evan,Robertson ANutr,Children's Healthy Lifestyle Practitioner,other,MoreLife (UK) Ltd,morelife-morelife-uk,https://www.linkedin.com/company/morelife-uk,https://linkedin.com/in/evan-robertson-anutr-2b2a1714b,,United Kingdom,United Kingdom,,Children’s Healthy Lifestyle Practitioner
sophie-edwards-b59225187,Sophie Edwards,Sophie,Edwards,Chief Operating Officer,c-level,MoreLife (UK) Ltd,morelife-morelife-uk,https://www.linkedin.com/company/morelife-uk,https://linkedin.com/in/sophie-edwards-b59225187,,United Kingdom,United Kingdom,,COO at MoreLife (UK) Ltd.
roselle-herring-800182156,Roselle Herring,Roselle,Herring,Consultant Diabetes and Endocrinologist,other,Essex Endocrine Clinic,essex-endocrine-clinic,,https://linkedin.com/in/roselle-herring-800182156,,,United Kingdom,,Consultant Endocrinologist
anjal-panamparambil-saji-141708155,ANJAL PANAMPARAMBIL SAJI,ANJAL,PANAMPARAMBIL SAJI,Behavior Change Specialist,other,MoreLife (UK) Ltd,morelife-morelife-uk,https://www.linkedin.com/company/morelife-uk,https://linkedin.com/in/anjal-panamparambil-saji-141708155,,United Kingdom,United Kingdom,,Behavior Change Specialist | Smoking Cessation (NCSCT Certified) | MoreLife
ben-truett-36a339157,Ben Truett,Ben,Truett,Partnership and Engagement officer,other,MoreLife (UK) Ltd,morelife-morelife-uk,https://www.linkedin.com/company/morelife-uk,https://linkedin.com/in/ben-truett-36a339157,,United Kingdom,United Kingdom,,Partnership and Engagement Officer
emily-saunders-sport,Emily Ryan (previously Saunders),Emily,Ryan (previously Saunders),Adult Weight Management Practitioner,other,MoreLife (UK) Ltd,morelife-morelife-uk,https://www.linkedin.com/company/morelife-uk,https://linkedin.com/in/emily-saunders-sport,,United Kingdom,United Kingdom,,Associate Nutritionist (ANutr) currently working as a Tier 3 Weight Management Practitioner at MoreLife (UK) Ltd.
sean-patrick-mcgowan-a3b114248,Sean-Patrick McGowan,Sean-Patrick,McGowan,Graduate Commercial Associate,other,Reset Health,reset-health,https://www.linkedin.com/company/reset-health-clinic,https://linkedin.com/in/sean-patrick-mcgowan-a3b114248,,United Kingdom,United Kingdom,,Graduate Commercial Associate @ Reset Health
dr-sarah-oldfield-5a8505253,Dr Sarah Oldfield,Dr Sarah,Oldfield,Metabolic health doctor,other,Reset Health,reset-health,https://www.linkedin.com/company/reset-health-clinic,https://linkedin.com/in/dr-sarah-oldfield-5a8505253,,United Kingdom,United Kingdom,,Metabolic health doctor
saira-mashru-31a2b11b0,Saira Mashru,Saira,Mashru,Nutritionist,other,Saira Nutrition,saira-nutrition,https://www.linkedin.com/company/saira-nutrition,https://linkedin.com/in/saira-mashru-31a2b11b0,,,United Kingdom,,Award-Winning Registered Nutritionist (Public Health) & Lifestyle Coach | 12 Week Weight Loss Programme | Corporate Talks & Media
alex-salvaggio-msc-senr-525a91222,"Alex Salvaggio MSc, SENr",Alex,"Salvaggio MSc, SENr",Tier 3 Nutritionist,other,MoreLife (UK) Ltd,morelife-morelife-uk,https://www.linkedin.com/company/morelife-uk,https://linkedin.com/in/alex-salvaggio-msc-senr-525a91222,,United Kingdom,United Kingdom,,Nutritionist at MoreLife
bhavini-shah-8255bb1b2,Bhavini Shah,Bhavini,Shah,General Practitioner,other,LloydsPharmacy,lloydspharmacy-lloydspharmacy-online-doctor,https://www.linkedin.com/company/lloydspharmacy,https://linkedin.com/in/bhavini-shah-8255bb1b2,,United Kingdom,United Kingdom,,GP | Women’s Health | Preventative & Cardiometabolic Health | Menopause Care | Sexual & Reproductive Health | MRCGP DFSRH DRCOG
matthew-buckley-a895631b4,Matthew Buckley,Matthew,Buckley,Service Lead,manager,MoreLife (UK) Ltd,morelife-morelife-uk,https://www.linkedin.com/company/morelife-uk,https://linkedin.com/in/matthew-buckley-a895631b4,,United Kingdom,United Kingdom,,Trainee Health Psychologist & Adult Weight Management Service Lead
phoebeorango,Phoebe Orango MSc ANutr,Phoebe,Orango MSc ANutr,Tier 3 Adult Weight Management Practitioner - Sussex,other,MoreLife (UK) Ltd,morelife-morelife-uk,https://www.linkedin.com/company/morelife-uk,https://linkedin.com/in/phoebeorango,,United Kingdom,United Kingdom,,AfN Registered Associate Nutritionist (ANutr) | Public Health | Tier 3 Adult Weight Management Practitioner .
alaa-adwan-b4588b229,Alaa Adwan,Alaa,Adwan,Service Lead and Practitioner,manager,MoreLife (UK) Ltd,morelife-morelife-uk,https://www.linkedin.com/company/morelife-uk,https://linkedin.com/in/alaa-adwan-b4588b229,,United Kingdom,United Kingdom,,Registered Associate Nutritionist (ANutr)
julie-hearn,Julie H.,Julie,H.,Smoking Cessation Practitioner,other,MoreLife (UK) Ltd,morelife-morelife-uk,https://www.linkedin.com/company/morelife-uk,https://linkedin.com/in/julie-hearn,,United Kingdom,United Kingdom,,Smoking Cessation Practitioner. Helping people improve their Health and Wellbeing by stopping smoking.
olivia-potter-62999b232,Olivia Potter,Olivia,Potter,Dietetic associate practitioner,other,MoreLife (UK) Ltd,morelife-morelife-uk,https://www.linkedin.com/company/morelife-uk,https://linkedin.com/in/olivia-potter-62999b232,,United Kingdom,United Kingdom,,BSc (hons) Sports Exercise and Nutrition graduate
areesha-r-b4809b204,Areesha R.,Areesha,R.,Adults Weight Management Practitioner,other,MoreLife (UK) Ltd,morelife-morelife-uk,https://www.linkedin.com/company/morelife-uk,https://linkedin.com/in/areesha-r-b4809b204,,United Kingdom,United Kingdom,,"Results-driven Weight Management Practitioner known for implementing evidence-based approaches to address obesity and related health issues, resulting in improved client outcomes and long-term success."
luana-howes-660ba5204,Luana Howes,Luana,Howes,Managing Director,director/head,The Body Clinic Leominster,body-clinic-leominster-body-clinic-leominster,,https://linkedin.com/in/luana-howes-660ba5204,,,United Kingdom,,Managing Director  at The Body Clinic Leominster
eltrent-summers-192a6a236,Eltrent Summers,Eltrent,Summers,Client Services,other,MoreLife (UK) Ltd,morelife-morelife-uk,https://www.linkedin.com/company/morelife-uk,https://linkedin.com/in/eltrent-summers-192a6a236,,United Kingdom,United Kingdom,,Sport and Exercise Nutrition Grad looking for my next step
dr-claudia-ashton-332922237,Dr Claudia Ashton,Dr Claudia,Ashton,Head of Clinical Services,director/head,Reset Health,reset-health,https://www.linkedin.com/company/reset-health-clinic,https://linkedin.com/in/dr-claudia-ashton-332922237,,United Kingdom,United Kingdom,,Head of Clinical Services | Senior Clinical Leader in High-Growth Digital Health | GP | CMgr | EMBA Candidate at UCL GBSH
cherie-trutwein-anutr-696106262,Cherie Trutwein (ANutr),Cherie,Trutwein (ANutr),Health Advisor,other,MoreLife (UK) Ltd,morelife-morelife-uk,https://www.linkedin.com/company/morelife-uk,https://linkedin.com/in/cherie-trutwein-anutr-696106262,,United Kingdom,United Kingdom,,Registered Associate Nutritionist
sandra-undefined-970625293,Sandra undefined,Sandra,undefined,Weight Management Consultant,other,LighterLife Aberdeen & Shire with Sandra,lighterlife-lighterlife-lighterlife-lighterlife-lighterlife-uk-lighterlife-dundee-lighterlife-edinburgh-lighterlife-hinckley-lighterlife-blackpool-preston-mind-body-centre-lighterlife-cornwall-lighterlife-counsellor-lighterlife-counsellor-lighterlife-maida-vale-lighterlife-hampstead-lighterlife-beverley-east-yorkshire-c-graves-weight-management-consultancy-lighterlife-wycombe-lighterlife-solihull-lighterlife-mexborough-lighterlife-taunton-lighterlife-chesterfield-lighterlife-billericay-lighterlife-hereford-lighterlife-telford-lighterlife-brentwood-ongar-lighterlife-mansfield-lighterlife-aberdeen-shire-with-sandra,,https://linkedin.com/in/sandra-undefined-970625293,,,United Kingdom,,Weight Loss Consultant at LighterLife Aberdeen and Shire with Sandra
thomas-curtis-844271263,Thomas Curtis,Thomas,Curtis,Head of Clinical Development,director/head,Reset Health,reset-health,https://www.linkedin.com/company/reset-health-clinic,https://linkedin.com/in/thomas-curtis-844271263,,United Kingdom,United Kingdom,,"Head of Clinical Development @ Reset Health |

GP | Bariatric Physician | Digital Medicine"
david-wong-a24658297,David Wong,David,Wong,Executive Chairman,other,Reset Health,reset-health,https://www.linkedin.com/company/reset-health-clinic,https://linkedin.com/in/david-wong-a24658297,,United Kingdom,United Kingdom,,--
rebecca-tessier-60b13b272,Rebecca Tessier,Rebecca,Tessier,Patient Operations Lead,manager,Habitual,habitual,https://www.linkedin.com/company/tryhabitual,https://linkedin.com/in/rebecca-tessier-60b13b272,,United Kingdom,United Kingdom,,Customer Operations Associate at Habitual
abimbola-loye-091614281,Abimbola Loye,Abimbola,Loye,Professional midwifery Advocate,other,North West Anglia NHS Foundation Trust,north-west-anglia-nhs-foundation-trust,https://www.linkedin.com/company/nwangliaft,https://linkedin.com/in/abimbola-loye-091614281,,United Kingdom,United Kingdom,,Snr Triage Midwife | EDI Rep | Public Health Midwife | Behavioral specialist/ NSCST
evie-comber-0a7a14282,Evie Comber,Evie,Comber,Weight Management Practitioner,other,MoreLife (UK) Ltd,morelife-morelife-uk,https://www.linkedin.com/company/morelife-uk,https://linkedin.com/in/evie-comber-0a7a14282,,United Kingdom,United Kingdom,,Adult Weight Management Practitioner | Health & Wellbeing Advocate | Naturopathic Nutritional Therapy Student
richard-ruff-21953a28a,Richard Ruff,Richard,Ruff,Behavioural change specialist,other,MoreLife (UK) Ltd,morelife-morelife-uk,https://www.linkedin.com/company/morelife-uk,https://linkedin.com/in/richard-ruff-21953a28a,,United Kingdom,United Kingdom,,Health Coach at Healthy You
amy-broadhurst-1a2611375,Amy Broadhurst,Amy,Broadhurst,Client Services Lead - Sussex & Hounslow (Healthy Hounslow),manager,MoreLife (UK) Ltd,morelife-morelife-uk,https://www.linkedin.com/company/morelife-uk,https://linkedin.com/in/amy-broadhurst-1a2611375,,United Kingdom,United Kingdom,,Client Services Lead | Morelife x Voy | People Manager
meena-yates-8774923b2,Meena Yates,Meena,Yates,Client Services Advisor,other,MoreLife (UK) Ltd,morelife-morelife-uk,https://www.linkedin.com/company/morelife-uk,https://linkedin.com/in/meena-yates-8774923b2,,United Kingdom,United Kingdom,,Remote Administrator | Customer Support | Records & CRM Administration
nikola-smith-rd-anutr-0bbba892,Nikola Anutr,Nikola,Anutr,Dietitian,other,MoreLife,morelife-morelife-uk,http://www.linkedin.com/company/morelife-uk,https://linkedin.com/in/nikola-smith-rd-anutr-0bbba892,,United Kingdom,"Manchester, England, United Kingdom",,Dietitian at MoreLife (UK) Ltd.
grace-shiplee-1151a5185,Grace Shiplee,Grace,Shiplee,Senior Contract Manager,manager,MoreLife,morelife-morelife-uk,http://www.linkedin.com/company/morelife-uk,https://linkedin.com/in/grace-shiplee-1151a5185,,United Kingdom,"London, England, United Kingdom",,Health provider senior manager and PhD researcher
m-ghezal,Manel Ghezal,Manel,Ghezal,Adult Weight Management Practitioner,other,MoreLife,morelife-morelife-uk,http://www.linkedin.com/company/morelife-uk,https://linkedin.com/in/m-ghezal,,United Kingdom,"England, United Kingdom",,Adult Weight Management Practitioner @ MoreLife (UK) Ltd. | Registered Associate Nutritionist
hamish-burdge-anutr-b423a8188,Hamish Burdge,Hamish,Burdge,Adult Weight Management Practitioner,other,MoreLife,morelife-morelife-uk,http://www.linkedin.com/company/morelife-uk,https://linkedin.com/in/hamish-burdge-anutr-b423a8188,,United Kingdom,"Erith, England, United Kingdom",,Adult Weight Management Practitioner at More Life
victoria-simpson-a1ab1696,Victoria Simpson,Victoria,Simpson,NHSE Digital Contract Manager & Reporting Strategy Coordinator,manager,MoreLife,morelife-morelife-uk,http://www.linkedin.com/company/morelife-uk,https://linkedin.com/in/victoria-simpson-a1ab1696,,United Kingdom,"Manchester, England, United Kingdom",,NHSE Digital Contract Manager and Reporting Strategy Coordinator
daniella-hall-bsc-876ab7235,Daniella Hall,Daniella,Hall,Children’s Healthy Lifestyle Practitioner,other,MoreLife,morelife-morelife-uk,http://www.linkedin.com/company/morelife-uk,https://linkedin.com/in/daniella-hall-bsc-876ab7235,,United Kingdom,"Stockport, England, United Kingdom",,--
beverley-ambler-0599411a3,Beverley Ambler,Beverley,Ambler,NHS Health Check Behaviour Specialist,other,MoreLife,morelife-morelife-uk,http://www.linkedin.com/company/morelife-uk,https://linkedin.com/in/beverley-ambler-0599411a3,,United Kingdom,"Peterborough, England, United Kingdom",,NHS Health Check Trainer
georgia-froude-57b656199,Georgia Froude,Georgia,Froude,Adult Weight Management and Behaviour Change Specialist,other,MoreLife,morelife-morelife-uk,http://www.linkedin.com/company/morelife-uk,https://linkedin.com/in/georgia-froude-57b656199,,United Kingdom,"Burton Latimer, England, United Kingdom",,Registered Nutritionist (ANutr)
traceyhorowitz,Tracey Horowitz,Tracey,Horowitz,Head of Marketing Department,director/head,MoreLife,morelife-morelife-uk,http://www.linkedin.com/company/morelife-uk,https://linkedin.com/in/traceyhorowitz,,United Kingdom,"Leeds, England, United Kingdom",,"Head of Marketing | Driving Growth Across Healthcare, DTC & Scale-Ups | CAC • LTV • Revenue"
nicola-lyons-797a62a6,Nicola Lyons,Nicola,Lyons,Partnership and Engagement Officer,other,MoreLife,morelife-morelife-uk,http://www.linkedin.com/company/morelife-uk,https://linkedin.com/in/nicola-lyons-797a62a6,,United Kingdom,"Bearpark, England, United Kingdom",,Partnership and Engagement Officer at MoreLife (UK) Ltd.
stephen-young-58089a234,Stephen Young,Stephen,Young,Weight Loss Consultant,other,MoreLife,morelife-morelife-uk,http://www.linkedin.com/company/morelife-uk,https://linkedin.com/in/stephen-young-58089a234,,United Kingdom,"Ely, England, United Kingdom",,Registered Dietitian at NHS
prestonsarah,Sarah Preston,Sarah,Preston,Digital Weight Management Dietitian,other,MoreLife,morelife-morelife-uk,http://www.linkedin.com/company/morelife-uk,https://linkedin.com/in/prestonsarah,,United Kingdom,"Leeds, England, United Kingdom",,Senior Specialist Dietitian | Freelance Dietitian
sophie-dalpra-sophies-coaching,Sophie Dalpra,Sophie,Dalpra,Partnerships and Engagement Officer,other,MoreLife,morelife-morelife-uk,http://www.linkedin.com/company/morelife-uk,https://linkedin.com/in/sophie-dalpra-sophies-coaching,,United Kingdom,"Ely, England, United Kingdom",,"Life and Clarity Coach (certified) | passionate about helping people to gain clarity, recognise inner strengths, believe in themselves and feel empowered to make positive change."
jaishri-patel-542077159,Jaishri Patel,Jaishri,Patel,Client Service Coordinator,other,MoreLife,morelife-morelife-uk,http://www.linkedin.com/company/morelife-uk,https://linkedin.com/in/jaishri-patel-542077159,,United Kingdom,"Salford, England, United Kingdom",,Client service coordinator at MoreLife (UK) Ltd.
phillippa-sellstrom-45209b93,Phillippa Sellstrom,Phillippa,Sellstrom,Programme Coordinator,other,MoreLife,morelife-morelife-uk,http://www.linkedin.com/company/morelife-uk,https://linkedin.com/in/phillippa-sellstrom-45209b93,,United Kingdom,United Kingdom,,Programme Coordinator at MoreLife (UK) Ltd.
emily-macleod-2380b3255,Emily Macleod,Emily,Macleod,Children's Healthy Lifestyle Practitioner,other,MoreLife,morelife-morelife-uk,http://www.linkedin.com/company/morelife-uk,https://linkedin.com/in/emily-macleod-2380b3255,,United Kingdom,"Salford, England, United Kingdom",,Moving to the Netherlands
dr-faye-bentley-9a14b063,Faye Bentley,Faye,Bentley,Strategic Children's Service Manager,manager,MoreLife,morelife-morelife-uk,http://www.linkedin.com/company/morelife-uk,https://linkedin.com/in/dr-faye-bentley-9a14b063,,United Kingdom,"Cambridge, England, United Kingdom",,Strategic Children's Service Manager
maxwell-leary-385a61263,Maxwell Leary,Maxwell,Leary,Active Lifestyle Practitioner for Long Term Conditions,other,MoreLife,morelife-morelife-uk,http://www.linkedin.com/company/morelife-uk,https://linkedin.com/in/maxwell-leary-385a61263,,United Kingdom,"Stowmarket, England, United Kingdom",,Active Lifestyle Practitioner for Long Term Conditions at MoreLife (UK) Ltd.
amalia-kyriacou-79b372a6,Amalia Kyriacou,Amalia,Kyriacou,Co-ordinator,c-level,MoreLife,morelife-morelife-uk,http://www.linkedin.com/company/morelife-uk,https://linkedin.com/in/amalia-kyriacou-79b372a6,,United Kingdom,"London, England, United Kingdom",,Co-ordinator at MoreLife (UK) Ltd.
saira-nutrition-99ab46322,Saira Nutrition,Saira,Nutrition,Nutritionist,other,MoreLife,morelife-morelife-uk,http://www.linkedin.com/company/morelife-uk,https://linkedin.com/in/saira-nutrition-99ab46322,,United Kingdom,"Northwood, England, United Kingdom",,Nutritionist at MoreLife (UK) Ltd.
louise-thackeray-5b218161,Louise Thackeray,Louise,Thackeray,Lifestyle Leader,other,MoreLife,morelife-morelife-uk,http://www.linkedin.com/company/morelife-uk,https://linkedin.com/in/louise-thackeray-5b218161,,United Kingdom,"Sheffield, England, United Kingdom",,Lifestyle Leader at MoreLife (UK) Ltd.
helen-campbell-white-b40168212,Helen Campbell-White,Helen,Campbell-White,Stop Smoking Practitioner,other,MoreLife,morelife-morelife-uk,http://www.linkedin.com/company/morelife-uk,https://linkedin.com/in/helen-campbell-white-b40168212,,United Kingdom,"Ipswich, England, United Kingdom",,Stop Smoking Practitioner at MoreLife (UK) Ltd.
sohnia-akram-43b7b9bb,Sohnia Akram,Sohnia,Akram,Life Style Leader,other,MoreLife,morelife-morelife-uk,http://www.linkedin.com/company/morelife-uk,https://linkedin.com/in/sohnia-akram-43b7b9bb,,United Kingdom,"England, United Kingdom",,Attended TEESSIDE UNIVERSITY
natalie-shields-5a0a22224,Natalie Shields,Natalie,Shields,Dietitian,other,MoreLife,morelife-morelife-uk,http://www.linkedin.com/company/morelife-uk,https://linkedin.com/in/natalie-shields-5a0a22224,,United Kingdom,"Redcar, England, United Kingdom",,Dietitian at MoreLife (UK) Ltd.
peteryeekk,Peter Yee,Peter,Yee,"Product Manager, Malaysia",manager,Reset Health,reset-health,http://www.linkedin.com/company/reset-health-clinic,https://linkedin.com/in/peteryeekk,,United Kingdom,Malaysia,,"Guided wellness, enduring impact. Product @ Reset Health"
tristandummer,Tristan Dummer,Tristan,Dummer,Marketing Manager,manager,Reset Health,reset-health,http://www.linkedin.com/company/reset-health-clinic,https://linkedin.com/in/tristandummer,,United Kingdom,"London, England, United Kingdom",,Creative Lead
amanmohammad,Aman Mohammad,Aman,Mohammad,Senior Product Designer,other,Reset Health,reset-health,http://www.linkedin.com/company/reset-health-clinic,https://linkedin.com/in/amanmohammad,,United Kingdom,"London, England, United Kingdom",,Senior Product Designer @ Reset Health
kelly-m-236a2693,Kelly Morrall,Kelly,Morrall,"Country Manager, Malaysia",manager,Reset Health,reset-health,http://www.linkedin.com/company/reset-health-clinic,https://linkedin.com/in/kelly-m-236a2693,,United Kingdom,United Kingdom,,"Financial Controller & Country Manager | ACMA, CGMA"
tiago-grohmann-md-704ba963,Tiago Grohmann,Tiago,Grohmann,Line Manager,manager,Reset Health,reset-health,http://www.linkedin.com/company/reset-health-clinic,https://linkedin.com/in/tiago-grohmann-md-704ba963,,United Kingdom,United Kingdom,,Forever Learning
catherine-webb-b0470b74,Catherine Webb,Catherine,Webb,Operations,other,Reset Health,reset-health,http://www.linkedin.com/company/reset-health-clinic,https://linkedin.com/in/catherine-webb-b0470b74,,United Kingdom,"London, England, United Kingdom",,Operations | Getting stuff done | Scientist
dr-nik-adzrul-ariff,Nik Ariff,Nik,Ariff,Head of Clinical Services,director/head,Reset Health,reset-health,http://www.linkedin.com/company/reset-health-clinic,https://linkedin.com/in/dr-nik-adzrul-ariff,,United Kingdom,"Kuala Lumpur, Federal Territory of Kuala Lumpur, Malaysia",,"Corporate Health Doctor - Preventive, Cardiovascular, Obesity | HRDC Accredited Trainer | Author"
alexandra-gyurk%c3%b3-99309236,Alexandra Gyurko,Alexandra,Gyurko,Quality Assurance Analyst,other,Reset Health,reset-health,http://www.linkedin.com/company/reset-health-clinic,https://linkedin.com/in/alexandra-gyurk%c3%b3-99309236,,United Kingdom,"Potters Bar, England, United Kingdom",,Web Functional Tester
barbara-mcgowan-a36891192,Barbara McGowan,Barbara,McGowan,Chief Medical Officer,c-level,Reset Health,reset-health,http://www.linkedin.com/company/reset-health-clinic,https://linkedin.com/in/barbara-mcgowan-a36891192,,United Kingdom,"London, England, United Kingdom",,"Professor of Endocrinology and Diabetes, CMO @ Reset Health, Obesity Specialist, and Key Opinion Leader"
alice-fletcher-18596295,Alice Fletcher,Alice,Fletcher,Dietitian,other,Reset Health,reset-health,http://www.linkedin.com/company/reset-health-clinic,https://linkedin.com/in/alice-fletcher-18596295,,United Kingdom,"England, United Kingdom",,Dietitian
shweta-sidana-42a4b9183,Shweta Sidana,Shweta,Sidana,Metabolic Health Mentor,other,Reset Health,reset-health,http://www.linkedin.com/company/reset-health-clinic,https://linkedin.com/in/shweta-sidana-42a4b9183,,United Kingdom,"Manchester, England, United Kingdom",,Metabolic Health Mentor at Roczen
jasoncya,Jason Aun,Jason,Aun,Head of Commercial and Corporate Affairs,director/head,Reset Health,reset-health,http://www.linkedin.com/company/reset-health-clinic,https://linkedin.com/in/jasoncya,,United Kingdom,"Kuala Lumpur, Federal Territory of Kuala Lumpur, Malaysia",,"Head of Commercial and Corporate Affairs @ Reset Health Malaysia, Public Health Doctor"
imogen-bole-6273a9b2,Imogen Bole,Imogen,Bole,Senior Copywriter,other,Reset Health,reset-health,http://www.linkedin.com/company/reset-health-clinic,https://linkedin.com/in/imogen-bole-6273a9b2,,United Kingdom,"London, England, United Kingdom",,Senior Copywriter
louisa-flannery,Louisa Flannery,Louisa,Flannery,Health Coach,other,Reset Health,reset-health,http://www.linkedin.com/company/reset-health-clinic,https://linkedin.com/in/louisa-flannery,,United Kingdom,United Kingdom,,"Nutritionist and qualified Food Technology Teacher based in Leeds, Yorkshire."
emelia-judge-a205b3160,Emelia Judge,Emelia,Judge,Health Coach,other,Reset Health,reset-health,http://www.linkedin.com/company/reset-health-clinic,https://linkedin.com/in/emelia-judge-a205b3160,,United Kingdom,"London, England, United Kingdom",,AfN Associate Nutritionist | Health Coach
raquelsanchezwindt,Raquel Windt,Raquel,Windt,Metabolic Health Doctor,other,Reset Health,reset-health,http://www.linkedin.com/company/reset-health-clinic,https://linkedin.com/in/raquelsanchezwindt,,United Kingdom,"Isleworth, England, United Kingdom",,Endocrinology and Diabetes Specialist
charlotte-williams-49224473,Charlotte Williams,Charlotte,Williams,Metabolic Dietitian,other,Reset Health,reset-health,http://www.linkedin.com/company/reset-health-clinic,https://linkedin.com/in/charlotte-williams-49224473,,United Kingdom,"England, United Kingdom",,Metabolic Dietitian at Roczen
george-hamlyn-williams-a605221b4,George Williams,George,Williams,Dietitian,other,Reset Health,reset-health,http://www.linkedin.com/company/reset-health-clinic,https://linkedin.com/in/george-hamlyn-williams-a605221b4,,United Kingdom,"Penmaenmawr, Wales, United Kingdom",,Dietitian at Reset Health Limited
eloisa-rocha-liedl,Eloisa Liedl,Eloisa,Liedl,Data Analyst,other,Reset Health,reset-health,http://www.linkedin.com/company/reset-health-clinic,https://linkedin.com/in/eloisa-rocha-liedl,,United Kingdom,"London, England, United Kingdom",,Data Analyst
davinaa-chandran-rajeswary-60040a179,Davinaa Rajeswary,Davinaa,Rajeswary,Pharmacist,other,Reset Health,reset-health,http://www.linkedin.com/company/reset-health-clinic,https://linkedin.com/in/davinaa-chandran-rajeswary-60040a179,,United Kingdom,"Kuala Lumpur, Federal Territory of Kuala Lumpur, Malaysia",,"Strategic Pharmacist | Telehealth & Pharmacy Operations | Supply Chain, Regulatory Compliance & Healthcare Innovation"
mylee-terry,Mylee Terry,Mylee,Terry,Medical Laboratory Technician,other,Reset Health,reset-health,http://www.linkedin.com/company/reset-health-clinic,https://linkedin.com/in/mylee-terry,,United Kingdom,"Orem, Utah, United States",,Emerging Digital Marketing Specialist
sharon-priya-ramachandran-mba-b2156052,Sharon Ramachandran,Sharon,Ramachandran,Senior Operations Executive,other,Reset Health,reset-health,http://www.linkedin.com/company/reset-health-clinic,https://linkedin.com/in/sharon-priya-ramachandran-mba-b2156052,,United Kingdom,"Selangor, Malaysia",,Senior Operations Executive | Project Manager | MBA | Business Operations
benjamin-sabri-6a538b171,Benjamin Sabri,Benjamin,Sabri,Metabolic Health Doctor,other,Reset Health,reset-health,http://www.linkedin.com/company/reset-health-clinic,https://linkedin.com/in/benjamin-sabri-6a538b171,,United Kingdom,"Kuala Lumpur, Federal Territory of Kuala Lumpur, Malaysia",,Medical Officer
dr-ban-truong-221452112,Ban Truong,Ban,Truong,Chief Medical Officer,c-level,Reset Health,reset-health,http://www.linkedin.com/company/reset-health-clinic,https://linkedin.com/in/dr-ban-truong-221452112,,United Kingdom,"Folsom, California, United States",,Chief Medical Officer at Reset Health
maldwyn-bacon-9311a8213,Maldwyn Bacon,Maldwyn,Bacon,Support Engineer,other,Reset Health,reset-health,http://www.linkedin.com/company/reset-health-clinic,https://linkedin.com/in/maldwyn-bacon-9311a8213,,United Kingdom,"London, England, United Kingdom",,Apprentice Digital Support Technician | Dedicated to Enhancing User Experiences through Technical Expertise
debbie-shearing-27a2bb1a1,Debbie Shearing,Debbie,Shearing,Metabolic Health Coach,other,Reset Health,reset-health,http://www.linkedin.com/company/reset-health-clinic,https://linkedin.com/in/debbie-shearing-27a2bb1a1,,United Kingdom,"London, United Kingdom",,Charity and Health Sector Specialist
lauren-dolphin-b325132ab,Lauren Dolphin,Lauren,Dolphin,Marketing,other,Reset Health,reset-health,http://www.linkedin.com/company/reset-health-clinic,https://linkedin.com/in/lauren-dolphin-b325132ab,,United Kingdom,"London, England, United Kingdom",,Marketing at Reset Health
judyhoskins,Judy Hoskins,Judy,Hoskins,LighterLife Mentor,other,LighterLife,lighterlife-lighterlife-lighterlife-lighterlife-lighterlife-uk-lighterlife-dundee-lighterlife-edinburgh-lighterlife-hinckley-lighterlife-blackpool-preston-mind-body-centre-lighterlife-cornwall-lighterlife-counsellor-lighterlife-counsellor-lighterlife-maida-vale-lighterlife-hampstead-lighterlife-beverley-east-yorkshire-c-graves-weight-management-consultancy-lighterlife-wycombe-lighterlife-solihull-lighterlife-mexborough-lighterlife-taunton-lighterlife-chesterfield-lighterlife-billericay-lighterlife-hereford-lighterlife-telford-lighterlife-brentwood-ongar-lighterlife-mansfield-lighterlife-aberdeen-shire-with-sandra,http://www.linkedin.com/company/lighterlife,https://linkedin.com/in/judyhoskins,,United Kingdom,"Rayleigh, England, United Kingdom",,Taking women over 65 from confusion to clarity through Mind Shift Coaching. Now I can also help people - especially later in life to create a new sense of purpose. | Free 20 minute call
susan-murray-a5899023,Susan Murray,Susan,Murray,Counsellor,other,LighterLife,lighterlife-lighterlife-lighterlife-lighterlife-lighterlife-uk-lighterlife-dundee-lighterlife-edinburgh-lighterlife-hinckley-lighterlife-blackpool-preston-mind-body-centre-lighterlife-cornwall-lighterlife-counsellor-lighterlife-counsellor-lighterlife-maida-vale-lighterlife-hampstead-lighterlife-beverley-east-yorkshire-c-graves-weight-management-consultancy-lighterlife-wycombe-lighterlife-solihull-lighterlife-mexborough-lighterlife-taunton-lighterlife-chesterfield-lighterlife-billericay-lighterlife-hereford-lighterlife-telford-lighterlife-brentwood-ongar-lighterlife-mansfield-lighterlife-aberdeen-shire-with-sandra,http://www.linkedin.com/company/lighterlife,https://linkedin.com/in/susan-murray-a5899023,,United Kingdom,"Aberdeen, Scotland, United Kingdom",,"Obesity Management Counsellor, LighterLife"
kim-stares-5a637233,Kim Stares,Kim,Stares,Quality Assurance Team Leader,other,LighterLife,lighterlife-lighterlife-lighterlife-lighterlife-lighterlife-uk-lighterlife-dundee-lighterlife-edinburgh-lighterlife-hinckley-lighterlife-blackpool-preston-mind-body-centre-lighterlife-cornwall-lighterlife-counsellor-lighterlife-counsellor-lighterlife-maida-vale-lighterlife-hampstead-lighterlife-beverley-east-yorkshire-c-graves-weight-management-consultancy-lighterlife-wycombe-lighterlife-solihull-lighterlife-mexborough-lighterlife-taunton-lighterlife-chesterfield-lighterlife-billericay-lighterlife-hereford-lighterlife-telford-lighterlife-brentwood-ongar-lighterlife-mansfield-lighterlife-aberdeen-shire-with-sandra,http://www.linkedin.com/company/lighterlife,https://linkedin.com/in/kim-stares-5a637233,,United Kingdom,"Chelmsford, England, United Kingdom",,Quality Assurance Team Leader at LighterLife
jackie-cook-83091874,Jackie Cook,Jackie,Cook,Centre Manager,manager,LighterLife,lighterlife-lighterlife-lighterlife-lighterlife-lighterlife-uk-lighterlife-dundee-lighterlife-edinburgh-lighterlife-hinckley-lighterlife-blackpool-preston-mind-body-centre-lighterlife-cornwall-lighterlife-counsellor-lighterlife-counsellor-lighterlife-maida-vale-lighterlife-hampstead-lighterlife-beverley-east-yorkshire-c-graves-weight-management-consultancy-lighterlife-wycombe-lighterlife-solihull-lighterlife-mexborough-lighterlife-taunton-lighterlife-chesterfield-lighterlife-billericay-lighterlife-hereford-lighterlife-telford-lighterlife-brentwood-ongar-lighterlife-mansfield-lighterlife-aberdeen-shire-with-sandra,http://www.linkedin.com/company/lighterlife,https://linkedin.com/in/jackie-cook-83091874,,United Kingdom,"Bristol, England, United Kingdom",,Centre Manager at LighterLife
janette-humphrey-40848827,Janette Humphrey,Janette,Humphrey,Owner,other,LighterLife,lighterlife-lighterlife-lighterlife-lighterlife-lighterlife-uk-lighterlife-dundee-lighterlife-edinburgh-lighterlife-hinckley-lighterlife-blackpool-preston-mind-body-centre-lighterlife-cornwall-lighterlife-counsellor-lighterlife-counsellor-lighterlife-maida-vale-lighterlife-hampstead-lighterlife-beverley-east-yorkshire-c-graves-weight-management-consultancy-lighterlife-wycombe-lighterlife-solihull-lighterlife-mexborough-lighterlife-taunton-lighterlife-chesterfield-lighterlife-billericay-lighterlife-hereford-lighterlife-telford-lighterlife-brentwood-ongar-lighterlife-mansfield-lighterlife-aberdeen-shire-with-sandra,http://www.linkedin.com/company/lighterlife,https://linkedin.com/in/janette-humphrey-40848827,,United Kingdom,United Kingdom,,RelaxReleaseRestore
liz-hayward-4a810b19,Liz Hayward,Liz,Hayward,Senior Customer Service Advisor,other,LighterLife,lighterlife-lighterlife-lighterlife-lighterlife-lighterlife-uk-lighterlife-dundee-lighterlife-edinburgh-lighterlife-hinckley-lighterlife-blackpool-preston-mind-body-centre-lighterlife-cornwall-lighterlife-counsellor-lighterlife-counsellor-lighterlife-maida-vale-lighterlife-hampstead-lighterlife-beverley-east-yorkshire-c-graves-weight-management-consultancy-lighterlife-wycombe-lighterlife-solihull-lighterlife-mexborough-lighterlife-taunton-lighterlife-chesterfield-lighterlife-billericay-lighterlife-hereford-lighterlife-telford-lighterlife-brentwood-ongar-lighterlife-mansfield-lighterlife-aberdeen-shire-with-sandra,http://www.linkedin.com/company/lighterlife,https://linkedin.com/in/liz-hayward-4a810b19,,United Kingdom,United Kingdom,,--
anne-marie-tinto-824040202,Anne-Marie Tinto,Anne-Marie,Tinto,Lighterlife Mentor,other,LighterLife,lighterlife-lighterlife-lighterlife-lighterlife-lighterlife-uk-lighterlife-dundee-lighterlife-edinburgh-lighterlife-hinckley-lighterlife-blackpool-preston-mind-body-centre-lighterlife-cornwall-lighterlife-counsellor-lighterlife-counsellor-lighterlife-maida-vale-lighterlife-hampstead-lighterlife-beverley-east-yorkshire-c-graves-weight-management-consultancy-lighterlife-wycombe-lighterlife-solihull-lighterlife-mexborough-lighterlife-taunton-lighterlife-chesterfield-lighterlife-billericay-lighterlife-hereford-lighterlife-telford-lighterlife-brentwood-ongar-lighterlife-mansfield-lighterlife-aberdeen-shire-with-sandra,http://www.linkedin.com/company/lighterlife,https://linkedin.com/in/anne-marie-tinto-824040202,,United Kingdom,"Scarborough, England, United Kingdom",,Lighterlife Mentor
lorraine-varndell-854911b9,Lorraine Varndell,Lorraine,Varndell,Life Coach,other,LighterLife,lighterlife-lighterlife-lighterlife-lighterlife-lighterlife-uk-lighterlife-dundee-lighterlife-edinburgh-lighterlife-hinckley-lighterlife-blackpool-preston-mind-body-centre-lighterlife-cornwall-lighterlife-counsellor-lighterlife-counsellor-lighterlife-maida-vale-lighterlife-hampstead-lighterlife-beverley-east-yorkshire-c-graves-weight-management-consultancy-lighterlife-wycombe-lighterlife-solihull-lighterlife-mexborough-lighterlife-taunton-lighterlife-chesterfield-lighterlife-billericay-lighterlife-hereford-lighterlife-telford-lighterlife-brentwood-ongar-lighterlife-mansfield-lighterlife-aberdeen-shire-with-sandra,http://www.linkedin.com/company/lighterlife,https://linkedin.com/in/lorraine-varndell-854911b9,,United Kingdom,"Milnathort, Scotland, United Kingdom",,Life Coach at Practically Slim Scotland
siobhan-barron-2a229321,Siobhan Barron,Siobhan,Barron,Weight Management Counsellor,other,LighterLife,lighterlife-lighterlife-lighterlife-lighterlife-lighterlife-uk-lighterlife-dundee-lighterlife-edinburgh-lighterlife-hinckley-lighterlife-blackpool-preston-mind-body-centre-lighterlife-cornwall-lighterlife-counsellor-lighterlife-counsellor-lighterlife-maida-vale-lighterlife-hampstead-lighterlife-beverley-east-yorkshire-c-graves-weight-management-consultancy-lighterlife-wycombe-lighterlife-solihull-lighterlife-mexborough-lighterlife-taunton-lighterlife-chesterfield-lighterlife-billericay-lighterlife-hereford-lighterlife-telford-lighterlife-brentwood-ongar-lighterlife-mansfield-lighterlife-aberdeen-shire-with-sandra,http://www.linkedin.com/company/lighterlife,https://linkedin.com/in/siobhan-barron-2a229321,,United Kingdom,"Halifax, England, United Kingdom",,Weight Management Counsellor at LighterLife
amanda-walton-4b578a178,Amanda Walton,Amanda,Walton,Weight Loss and Dieting Mentor,other,LighterLife,lighterlife-lighterlife-lighterlife-lighterlife-lighterlife-uk-lighterlife-dundee-lighterlife-edinburgh-lighterlife-hinckley-lighterlife-blackpool-preston-mind-body-centre-lighterlife-cornwall-lighterlife-counsellor-lighterlife-counsellor-lighterlife-maida-vale-lighterlife-hampstead-lighterlife-beverley-east-yorkshire-c-graves-weight-management-consultancy-lighterlife-wycombe-lighterlife-solihull-lighterlife-mexborough-lighterlife-taunton-lighterlife-chesterfield-lighterlife-billericay-lighterlife-hereford-lighterlife-telford-lighterlife-brentwood-ongar-lighterlife-mansfield-lighterlife-aberdeen-shire-with-sandra,http://www.linkedin.com/company/lighterlife,https://linkedin.com/in/amanda-walton-4b578a178,,United Kingdom,"Norwich, England, United Kingdom",,Weight loss and dieting mentor at LighterLife
judy-monk-217b4a2a,Judy Monk,Judy,Monk,Counsellor,other,LighterLife,lighterlife-lighterlife-lighterlife-lighterlife-lighterlife-uk-lighterlife-dundee-lighterlife-edinburgh-lighterlife-hinckley-lighterlife-blackpool-preston-mind-body-centre-lighterlife-cornwall-lighterlife-counsellor-lighterlife-counsellor-lighterlife-maida-vale-lighterlife-hampstead-lighterlife-beverley-east-yorkshire-c-graves-weight-management-consultancy-lighterlife-wycombe-lighterlife-solihull-lighterlife-mexborough-lighterlife-taunton-lighterlife-chesterfield-lighterlife-billericay-lighterlife-hereford-lighterlife-telford-lighterlife-brentwood-ongar-lighterlife-mansfield-lighterlife-aberdeen-shire-with-sandra,http://www.linkedin.com/company/lighterlife,https://linkedin.com/in/judy-monk-217b4a2a,,United Kingdom,"Gloucester, England, United Kingdom",,therapist at Self - Employed
louise-platt-77448224,Louise Platt,Louise,Platt,Weight Loss Counsellor,other,LighterLife,lighterlife-lighterlife-lighterlife-lighterlife-lighterlife-uk-lighterlife-dundee-lighterlife-edinburgh-lighterlife-hinckley-lighterlife-blackpool-preston-mind-body-centre-lighterlife-cornwall-lighterlife-counsellor-lighterlife-counsellor-lighterlife-maida-vale-lighterlife-hampstead-lighterlife-beverley-east-yorkshire-c-graves-weight-management-consultancy-lighterlife-wycombe-lighterlife-solihull-lighterlife-mexborough-lighterlife-taunton-lighterlife-chesterfield-lighterlife-billericay-lighterlife-hereford-lighterlife-telford-lighterlife-brentwood-ongar-lighterlife-mansfield-lighterlife-aberdeen-shire-with-sandra,http://www.linkedin.com/company/lighterlife,https://linkedin.com/in/louise-platt-77448224,,United Kingdom,"Stockport, England, United Kingdom",,weight loss counsellor at LighterLife
christine-smith-b061491a,Christine Smith,Christine,Smith,Weight Management Consultant,other,LighterLife,lighterlife-lighterlife-lighterlife-lighterlife-lighterlife-uk-lighterlife-dundee-lighterlife-edinburgh-lighterlife-hinckley-lighterlife-blackpool-preston-mind-body-centre-lighterlife-cornwall-lighterlife-counsellor-lighterlife-counsellor-lighterlife-maida-vale-lighterlife-hampstead-lighterlife-beverley-east-yorkshire-c-graves-weight-management-consultancy-lighterlife-wycombe-lighterlife-solihull-lighterlife-mexborough-lighterlife-taunton-lighterlife-chesterfield-lighterlife-billericay-lighterlife-hereford-lighterlife-telford-lighterlife-brentwood-ongar-lighterlife-mansfield-lighterlife-aberdeen-shire-with-sandra,http://www.linkedin.com/company/lighterlife,https://linkedin.com/in/christine-smith-b061491a,,United Kingdom,"Baildon, England, United Kingdom",,Weight Management Consultant at LighterLife
nicola-gornall-79112617,Nicola Gornall,Nicola,Gornall,Owner,other,LighterLife,lighterlife-lighterlife-lighterlife-lighterlife-lighterlife-uk-lighterlife-dundee-lighterlife-edinburgh-lighterlife-hinckley-lighterlife-blackpool-preston-mind-body-centre-lighterlife-cornwall-lighterlife-counsellor-lighterlife-counsellor-lighterlife-maida-vale-lighterlife-hampstead-lighterlife-beverley-east-yorkshire-c-graves-weight-management-consultancy-lighterlife-wycombe-lighterlife-solihull-lighterlife-mexborough-lighterlife-taunton-lighterlife-chesterfield-lighterlife-billericay-lighterlife-hereford-lighterlife-telford-lighterlife-brentwood-ongar-lighterlife-mansfield-lighterlife-aberdeen-shire-with-sandra,http://www.linkedin.com/company/lighterlife,https://linkedin.com/in/nicola-gornall-79112617,,United Kingdom,"Preston, England, United Kingdom",,Counsellor at Lighter Life Preston North
carole-brand-74114b20,Carole Brand,Carole,Brand,Weight Management Counsellor,other,LighterLife,lighterlife-lighterlife-lighterlife-lighterlife-lighterlife-uk-lighterlife-dundee-lighterlife-edinburgh-lighterlife-hinckley-lighterlife-blackpool-preston-mind-body-centre-lighterlife-cornwall-lighterlife-counsellor-lighterlife-counsellor-lighterlife-maida-vale-lighterlife-hampstead-lighterlife-beverley-east-yorkshire-c-graves-weight-management-consultancy-lighterlife-wycombe-lighterlife-solihull-lighterlife-mexborough-lighterlife-taunton-lighterlife-chesterfield-lighterlife-billericay-lighterlife-hereford-lighterlife-telford-lighterlife-brentwood-ongar-lighterlife-mansfield-lighterlife-aberdeen-shire-with-sandra,http://www.linkedin.com/company/lighterlife,https://linkedin.com/in/carole-brand-74114b20,,United Kingdom,"Llandudno, Wales, United Kingdom",,weight management counsellor at LighterLife
samantha-ireland-2a8abb122,Samantha Ireland,Samantha,Ireland,Business and Marketing Strategy Manager & Sales Executive,manager,LighterLife,lighterlife-lighterlife-lighterlife-lighterlife-lighterlife-uk-lighterlife-dundee-lighterlife-edinburgh-lighterlife-hinckley-lighterlife-blackpool-preston-mind-body-centre-lighterlife-cornwall-lighterlife-counsellor-lighterlife-counsellor-lighterlife-maida-vale-lighterlife-hampstead-lighterlife-beverley-east-yorkshire-c-graves-weight-management-consultancy-lighterlife-wycombe-lighterlife-solihull-lighterlife-mexborough-lighterlife-taunton-lighterlife-chesterfield-lighterlife-billericay-lighterlife-hereford-lighterlife-telford-lighterlife-brentwood-ongar-lighterlife-mansfield-lighterlife-aberdeen-shire-with-sandra,http://www.linkedin.com/company/lighterlife,https://linkedin.com/in/samantha-ireland-2a8abb122,,United Kingdom,"Llangamarch, Wales, United Kingdom",,Business and Marketing Strategy Manager
marion-holder-40594844,Marion Holder,Marion,Holder,Lighterlife Consultant,other,LighterLife,lighterlife-lighterlife-lighterlife-lighterlife-lighterlife-uk-lighterlife-dundee-lighterlife-edinburgh-lighterlife-hinckley-lighterlife-blackpool-preston-mind-body-centre-lighterlife-cornwall-lighterlife-counsellor-lighterlife-counsellor-lighterlife-maida-vale-lighterlife-hampstead-lighterlife-beverley-east-yorkshire-c-graves-weight-management-consultancy-lighterlife-wycombe-lighterlife-solihull-lighterlife-mexborough-lighterlife-taunton-lighterlife-chesterfield-lighterlife-billericay-lighterlife-hereford-lighterlife-telford-lighterlife-brentwood-ongar-lighterlife-mansfield-lighterlife-aberdeen-shire-with-sandra,http://www.linkedin.com/company/lighterlife,https://linkedin.com/in/marion-holder-40594844,,United Kingdom,"London, United Kingdom",,Lighterlife Consultant at Lighterlife
dianne-bishop-ba855434,Dianne Bishop,Dianne,Bishop,Weight Loss Counsellor,other,LighterLife,lighterlife-lighterlife-lighterlife-lighterlife-lighterlife-uk-lighterlife-dundee-lighterlife-edinburgh-lighterlife-hinckley-lighterlife-blackpool-preston-mind-body-centre-lighterlife-cornwall-lighterlife-counsellor-lighterlife-counsellor-lighterlife-maida-vale-lighterlife-hampstead-lighterlife-beverley-east-yorkshire-c-graves-weight-management-consultancy-lighterlife-wycombe-lighterlife-solihull-lighterlife-mexborough-lighterlife-taunton-lighterlife-chesterfield-lighterlife-billericay-lighterlife-hereford-lighterlife-telford-lighterlife-brentwood-ongar-lighterlife-mansfield-lighterlife-aberdeen-shire-with-sandra,http://www.linkedin.com/company/lighterlife,https://linkedin.com/in/dianne-bishop-ba855434,,United Kingdom,"Salisbury, England, United Kingdom",,Weight loss counsellor at LighterLife
lee-godwin-585baa49,Lee Godwin,Lee,Godwin,Customer Service Advisor,other,LighterLife,lighterlife-lighterlife-lighterlife-lighterlife-lighterlife-uk-lighterlife-dundee-lighterlife-edinburgh-lighterlife-hinckley-lighterlife-blackpool-preston-mind-body-centre-lighterlife-cornwall-lighterlife-counsellor-lighterlife-counsellor-lighterlife-maida-vale-lighterlife-hampstead-lighterlife-beverley-east-yorkshire-c-graves-weight-management-consultancy-lighterlife-wycombe-lighterlife-solihull-lighterlife-mexborough-lighterlife-taunton-lighterlife-chesterfield-lighterlife-billericay-lighterlife-hereford-lighterlife-telford-lighterlife-brentwood-ongar-lighterlife-mansfield-lighterlife-aberdeen-shire-with-sandra,http://www.linkedin.com/company/lighterlife,https://linkedin.com/in/lee-godwin-585baa49,,United Kingdom,"England, United Kingdom",,Customer Servise Advisor at LighterLife
emma-walker-9a362612,Emma Walker,Emma,Walker,LighterLife Counsellor,other,LighterLife,lighterlife-lighterlife-lighterlife-lighterlife-lighterlife-uk-lighterlife-dundee-lighterlife-edinburgh-lighterlife-hinckley-lighterlife-blackpool-preston-mind-body-centre-lighterlife-cornwall-lighterlife-counsellor-lighterlife-counsellor-lighterlife-maida-vale-lighterlife-hampstead-lighterlife-beverley-east-yorkshire-c-graves-weight-management-consultancy-lighterlife-wycombe-lighterlife-solihull-lighterlife-mexborough-lighterlife-taunton-lighterlife-chesterfield-lighterlife-billericay-lighterlife-hereford-lighterlife-telford-lighterlife-brentwood-ongar-lighterlife-mansfield-lighterlife-aberdeen-shire-with-sandra,http://www.linkedin.com/company/lighterlife,https://linkedin.com/in/emma-walker-9a362612,,United Kingdom,"Stoke-on-Trent, England, United Kingdom",,Independent Cambridge Weight Plan Consultant at Self-Employed
heather-pearle-van-pelz-724b8821,Heather Pearle-Van-Pelz,Heather,Pearle-Van-Pelz,Owner,other,LighterLife,lighterlife-lighterlife-lighterlife-lighterlife-lighterlife-uk-lighterlife-dundee-lighterlife-edinburgh-lighterlife-hinckley-lighterlife-blackpool-preston-mind-body-centre-lighterlife-cornwall-lighterlife-counsellor-lighterlife-counsellor-lighterlife-maida-vale-lighterlife-hampstead-lighterlife-beverley-east-yorkshire-c-graves-weight-management-consultancy-lighterlife-wycombe-lighterlife-solihull-lighterlife-mexborough-lighterlife-taunton-lighterlife-chesterfield-lighterlife-billericay-lighterlife-hereford-lighterlife-telford-lighterlife-brentwood-ongar-lighterlife-mansfield-lighterlife-aberdeen-shire-with-sandra,http://www.linkedin.com/company/lighterlife,https://linkedin.com/in/heather-pearle-van-pelz-724b8821,,United Kingdom,"London, England, United Kingdom",,"Owner, LighterLife"
jennifer-bell-71035537,Jennifer Bell,Jennifer,Bell,LighterLife Counsellor,other,LighterLife,lighterlife-lighterlife-lighterlife-lighterlife-lighterlife-uk-lighterlife-dundee-lighterlife-edinburgh-lighterlife-hinckley-lighterlife-blackpool-preston-mind-body-centre-lighterlife-cornwall-lighterlife-counsellor-lighterlife-counsellor-lighterlife-maida-vale-lighterlife-hampstead-lighterlife-beverley-east-yorkshire-c-graves-weight-management-consultancy-lighterlife-wycombe-lighterlife-solihull-lighterlife-mexborough-lighterlife-taunton-lighterlife-chesterfield-lighterlife-billericay-lighterlife-hereford-lighterlife-telford-lighterlife-brentwood-ongar-lighterlife-mansfield-lighterlife-aberdeen-shire-with-sandra,http://www.linkedin.com/company/lighterlife,https://linkedin.com/in/jennifer-bell-71035537,,United Kingdom,"Kirkcaldy, Scotland, United Kingdom",,LighterLife Counsellor at LighterLife
jacquie-hanson-maynooth-5197a333,Jacquie Maynooth,Jacquie,Maynooth,Counsellor,other,LighterLife,lighterlife-lighterlife-lighterlife-lighterlife-lighterlife-uk-lighterlife-dundee-lighterlife-edinburgh-lighterlife-hinckley-lighterlife-blackpool-preston-mind-body-centre-lighterlife-cornwall-lighterlife-counsellor-lighterlife-counsellor-lighterlife-maida-vale-lighterlife-hampstead-lighterlife-beverley-east-yorkshire-c-graves-weight-management-consultancy-lighterlife-wycombe-lighterlife-solihull-lighterlife-mexborough-lighterlife-taunton-lighterlife-chesterfield-lighterlife-billericay-lighterlife-hereford-lighterlife-telford-lighterlife-brentwood-ongar-lighterlife-mansfield-lighterlife-aberdeen-shire-with-sandra,http://www.linkedin.com/company/lighterlife,https://linkedin.com/in/jacquie-hanson-maynooth-5197a333,,United Kingdom,Ireland,,Counsellor at LighterLife
sonel-patel-4439a94b,Sonel Patel,Sonel,Patel,Head of Programme Online,director/head,LighterLife,lighterlife-lighterlife-lighterlife-lighterlife-lighterlife-uk-lighterlife-dundee-lighterlife-edinburgh-lighterlife-hinckley-lighterlife-blackpool-preston-mind-body-centre-lighterlife-cornwall-lighterlife-counsellor-lighterlife-counsellor-lighterlife-maida-vale-lighterlife-hampstead-lighterlife-beverley-east-yorkshire-c-graves-weight-management-consultancy-lighterlife-wycombe-lighterlife-solihull-lighterlife-mexborough-lighterlife-taunton-lighterlife-chesterfield-lighterlife-billericay-lighterlife-hereford-lighterlife-telford-lighterlife-brentwood-ongar-lighterlife-mansfield-lighterlife-aberdeen-shire-with-sandra,http://www.linkedin.com/company/lighterlife,https://linkedin.com/in/sonel-patel-4439a94b,,United Kingdom,"London, England, United Kingdom",,Head of Programme Online at LighterLife
elaine-wright-58b9a323,Elaine Wright,Elaine,Wright,Office Manager,manager,LighterLife,lighterlife-lighterlife-lighterlife-lighterlife-lighterlife-uk-lighterlife-dundee-lighterlife-edinburgh-lighterlife-hinckley-lighterlife-blackpool-preston-mind-body-centre-lighterlife-cornwall-lighterlife-counsellor-lighterlife-counsellor-lighterlife-maida-vale-lighterlife-hampstead-lighterlife-beverley-east-yorkshire-c-graves-weight-management-consultancy-lighterlife-wycombe-lighterlife-solihull-lighterlife-mexborough-lighterlife-taunton-lighterlife-chesterfield-lighterlife-billericay-lighterlife-hereford-lighterlife-telford-lighterlife-brentwood-ongar-lighterlife-mansfield-lighterlife-aberdeen-shire-with-sandra,http://www.linkedin.com/company/lighterlife,https://linkedin.com/in/elaine-wright-58b9a323,,United Kingdom,"Ipswich, England, United Kingdom",,Office Manager at LighterLife
paulinehills,Pauline Hills,Pauline,Hills,Mentor,other,LighterLife,lighterlife-lighterlife-lighterlife-lighterlife-lighterlife-uk-lighterlife-dundee-lighterlife-edinburgh-lighterlife-hinckley-lighterlife-blackpool-preston-mind-body-centre-lighterlife-cornwall-lighterlife-counsellor-lighterlife-counsellor-lighterlife-maida-vale-lighterlife-hampstead-lighterlife-beverley-east-yorkshire-c-graves-weight-management-consultancy-lighterlife-wycombe-lighterlife-solihull-lighterlife-mexborough-lighterlife-taunton-lighterlife-chesterfield-lighterlife-billericay-lighterlife-hereford-lighterlife-telford-lighterlife-brentwood-ongar-lighterlife-mansfield-lighterlife-aberdeen-shire-with-sandra,http://www.linkedin.com/company/lighterlife,https://linkedin.com/in/paulinehills,,United Kingdom,"Ashford, England, United Kingdom",,Mentor at LighterLife
edna-moneypenny-00bab516,Edna Moneypenny,Edna,Moneypenny,Associate Counsellor/Office Manager,manager,LighterLife,lighterlife-lighterlife-lighterlife-lighterlife-lighterlife-uk-lighterlife-dundee-lighterlife-edinburgh-lighterlife-hinckley-lighterlife-blackpool-preston-mind-body-centre-lighterlife-cornwall-lighterlife-counsellor-lighterlife-counsellor-lighterlife-maida-vale-lighterlife-hampstead-lighterlife-beverley-east-yorkshire-c-graves-weight-management-consultancy-lighterlife-wycombe-lighterlife-solihull-lighterlife-mexborough-lighterlife-taunton-lighterlife-chesterfield-lighterlife-billericay-lighterlife-hereford-lighterlife-telford-lighterlife-brentwood-ongar-lighterlife-mansfield-lighterlife-aberdeen-shire-with-sandra,http://www.linkedin.com/company/lighterlife,https://linkedin.com/in/edna-moneypenny-00bab516,,United Kingdom,"Belfast, Northern Ireland, United Kingdom",,counsellor at l/ll
steve-smith-11021225,Steve Smith,Steve,Smith,Development Project Manager,manager,LighterLife,lighterlife-lighterlife-lighterlife-lighterlife-lighterlife-uk-lighterlife-dundee-lighterlife-edinburgh-lighterlife-hinckley-lighterlife-blackpool-preston-mind-body-centre-lighterlife-cornwall-lighterlife-counsellor-lighterlife-counsellor-lighterlife-maida-vale-lighterlife-hampstead-lighterlife-beverley-east-yorkshire-c-graves-weight-management-consultancy-lighterlife-wycombe-lighterlife-solihull-lighterlife-mexborough-lighterlife-taunton-lighterlife-chesterfield-lighterlife-billericay-lighterlife-hereford-lighterlife-telford-lighterlife-brentwood-ongar-lighterlife-mansfield-lighterlife-aberdeen-shire-with-sandra,http://www.linkedin.com/company/lighterlife,https://linkedin.com/in/steve-smith-11021225,,United Kingdom,"Chelmsford, England, United Kingdom",,Development Project Manager at LighterLife
deborah-rice-19815b80,Deborah Rice,Deborah,Rice,Centre Manager,manager,LighterLife,lighterlife-lighterlife-lighterlife-lighterlife-lighterlife-uk-lighterlife-dundee-lighterlife-edinburgh-lighterlife-hinckley-lighterlife-blackpool-preston-mind-body-centre-lighterlife-cornwall-lighterlife-counsellor-lighterlife-counsellor-lighterlife-maida-vale-lighterlife-hampstead-lighterlife-beverley-east-yorkshire-c-graves-weight-management-consultancy-lighterlife-wycombe-lighterlife-solihull-lighterlife-mexborough-lighterlife-taunton-lighterlife-chesterfield-lighterlife-billericay-lighterlife-hereford-lighterlife-telford-lighterlife-brentwood-ongar-lighterlife-mansfield-lighterlife-aberdeen-shire-with-sandra,http://www.linkedin.com/company/lighterlife,https://linkedin.com/in/deborah-rice-19815b80,,United Kingdom,"England, United Kingdom",,Centre Manager at LighterLife
anne-marie-tinto-36482a395,Anne Tinto,Anne,Tinto,Mentor,other,LighterLife,lighterlife-lighterlife-lighterlife-lighterlife-lighterlife-uk-lighterlife-dundee-lighterlife-edinburgh-lighterlife-hinckley-lighterlife-blackpool-preston-mind-body-centre-lighterlife-cornwall-lighterlife-counsellor-lighterlife-counsellor-lighterlife-maida-vale-lighterlife-hampstead-lighterlife-beverley-east-yorkshire-c-graves-weight-management-consultancy-lighterlife-wycombe-lighterlife-solihull-lighterlife-mexborough-lighterlife-taunton-lighterlife-chesterfield-lighterlife-billericay-lighterlife-hereford-lighterlife-telford-lighterlife-brentwood-ongar-lighterlife-mansfield-lighterlife-aberdeen-shire-with-sandra,http://www.linkedin.com/company/lighterlife,https://linkedin.com/in/anne-marie-tinto-36482a395,,United Kingdom,"Scarborough, England, United Kingdom",,Mentor at LighterLife
rob-farrow-2503674,Rob Farrow,Rob,Farrow,Head of Performance Marketing,director/head,Medicspot,medicspot-medicspot,http://www.linkedin.com/company/medicspot,https://linkedin.com/in/rob-farrow-2503674,,United Kingdom,"Saint Albans, England, United Kingdom",,SEO & Performance Marketing at Medicspot
david-keen-a4aaa794,David Keen,David,Keen,Non Executive Director,director/head,Medicspot,medicspot-medicspot,http://www.linkedin.com/company/medicspot,https://linkedin.com/in/david-keen-a4aaa794,,United Kingdom,United Kingdom,,Non-Exec Director. Advisor. Trustee. Board Member. Chartered Accountant.
rajan-mistry-b0a4396b,Rajan Mistry,Rajan,Mistry,Pharmacy Executive,other,Medicspot,medicspot-medicspot,http://www.linkedin.com/company/medicspot,https://linkedin.com/in/rajan-mistry-b0a4396b,,United Kingdom,"London, England, United Kingdom",,Pharmacist looking for opportunities in Industry
catherine-grindrod-dean-169690314,Catherine Grindrod-Dean,Catherine,Grindrod-Dean,Customer Success Specialist I Health Coach,other,Medicspot,medicspot-medicspot,http://www.linkedin.com/company/medicspot,https://linkedin.com/in/catherine-grindrod-dean-169690314,,United Kingdom,"Newby Bridge, England, United Kingdom",,Health Coach I Journaling Teacher I Network Host Coming soon: Write Your Way To Wellness
laura-r-a9b501159,Laura R,Laura,R,Health Coach / Customer Success,other,Medicspot,medicspot-medicspot,http://www.linkedin.com/company/medicspot,https://linkedin.com/in/laura-r-a9b501159,,United Kingdom,"Warwick, England, United Kingdom",,Customer Success | Customer Support | Health & Wellbeing Coach | AI Content Trainer | Weight Loss & Well-Being Specialist | Behaviour Change & Nutritional Guidance for Sustainable Results
taylor-staines-22aa1a15a,Taylor Staines,Taylor,Staines,Customer Success Specialist,other,Medicspot,medicspot-medicspot,http://www.linkedin.com/company/medicspot,https://linkedin.com/in/taylor-staines-22aa1a15a,,United Kingdom,"Higham Ferrers, England, United Kingdom",,Senior Health and Wellbeing coach
samantha-de-kock-25173a191,Samantha Kock,Samantha,Kock,Registered Dietitian,other,Counterweight,counterweight,http://www.linkedin.com/company/counterweight,https://linkedin.com/in/samantha-de-kock-25173a191,,United Kingdom,Netherlands,,"Registered Dietitian | Training & Education | Digital Health | Customer Support | Special interest in Womens Health, Gut Health, Diabetes & GLP-1s"
bjorn-ronaasen,Bjorn Ronaasen,Bjorn,Ronaasen,Coaching Lead - Medical Management and Clinical Oversight,manager,Counterweight,counterweight,http://www.linkedin.com/company/counterweight,https://linkedin.com/in/bjorn-ronaasen,,United Kingdom,"Port Elizabeth, Eastern Cape, South Africa",,"Coaching Lead - Medical Management and Clinical Oversight, RD at Counterweight"
veronica-wessels-154034192,Veronica Wessels,Veronica,Wessels,Dietitian,other,Counterweight,counterweight,http://www.linkedin.com/company/counterweight,https://linkedin.com/in/veronica-wessels-154034192,,United Kingdom,"Johannesburg, Gauteng, South Africa",,Dietitian at Counterweight Co-founder of Health Aspired Registered Dietitians Previous Contributor at HealthLeap
carlotta-schwertel-2b829115a,Carlotta Schwertel,Carlotta,Schwertel,Trainee Health Psychologist,other,Counterweight,counterweight,http://www.linkedin.com/company/counterweight,https://linkedin.com/in/carlotta-schwertel-2b829115a,,United Kingdom,"Aberdeen, Scotland, United Kingdom",,Trainee Health Psychologist
olga-wojadzis-80240ba5,Olga Wojadzis,Olga,Wojadzis,Dietitian,other,Counterweight,counterweight,http://www.linkedin.com/company/counterweight,https://linkedin.com/in/olga-wojadzis-80240ba5,,United Kingdom,United Kingdom,,Dietitian at Oxford University Hospitals • MSc Dietetics King’s College London
ashleigh-venter-04986124a,Ashleigh Venter,Ashleigh,Venter,Operations Coordinator & Health Coach,other,Counterweight,counterweight,http://www.linkedin.com/company/counterweight,https://linkedin.com/in/ashleigh-venter-04986124a,,United Kingdom,"Cape Town, Western Cape, South Africa",,Adaptable Professional | E-Commerce Management | Project Coordination | Dietetics & Nutrition | Remote Work Experience | Bilingual
elliot-mcewan-1b969219b,Elliot McEwan,Elliot,McEwan,Dietitian,other,Counterweight,counterweight,http://www.linkedin.com/company/counterweight,https://linkedin.com/in/elliot-mcewan-1b969219b,,United Kingdom,"Glasgow, Scotland, United Kingdom",,Dietitian & Partnership Representative at Counterweight
tommie-wt-breedt-96283b181,Tommie Breedt,Tommie,Breedt,Delivery Lead,manager,Counterweight,counterweight,http://www.linkedin.com/company/counterweight,https://linkedin.com/in/tommie-wt-breedt-96283b181,,United Kingdom,"Cape Town, Western Cape, South Africa",,Dietitian at Counterweight
bhavyanshi-chaudhary-64b1341b1,Bhavyanshi Chaudhary,Bhavyanshi,Chaudhary,Diabetes Health Coach,other,Counterweight,counterweight,http://www.linkedin.com/company/counterweight,https://linkedin.com/in/bhavyanshi-chaudhary-64b1341b1,,United Kingdom,United Kingdom,,MS Human Nutrition | BSc Nutrition and Dietetics | Clinical Nutrition | Patient Care and Counselling | Health and Wellness
mayuri-bhagat-anutr-77560a1a1,Mayuri Anutr,Mayuri,Anutr,Partnerships Representative,other,Counterweight,counterweight,http://www.linkedin.com/company/counterweight,https://linkedin.com/in/mayuri-bhagat-anutr-77560a1a1,,United Kingdom,"Manchester, England, United Kingdom",,"Registered Associate Nutritionist (ANutr), MSc Human Nutrition and BSc (Hons) Human Nutrition"
kelsey-kolbee-rd-sa-89a451244,Kelsey Rd,Kelsey,Rd,Registered Dietitian,other,Counterweight,counterweight,http://www.linkedin.com/company/counterweight,https://linkedin.com/in/kelsey-kolbee-rd-sa-89a451244,,United Kingdom,"Cape Town, Western Cape, South Africa",,Registered Dietitian
hannahpaigeguthrie,Hannah Guthrie,Hannah,Guthrie,Dietitian,other,Counterweight,counterweight,http://www.linkedin.com/company/counterweight,https://linkedin.com/in/hannahpaigeguthrie,,United Kingdom,"Cape Town, Western Cape, South Africa",,"Registered Dietitian | With a Special Interest in Maternal, Child & Infant Nutrition | Founder @ Compleat Health"
katrina-campbell-wareham-anutr-7a1548268,Katrina Campbell-Wareham,Katrina,Campbell-Wareham,Counterweight Diabetes Coach,other,Counterweight,counterweight,http://www.linkedin.com/company/counterweight,https://linkedin.com/in/katrina-campbell-wareham-anutr-7a1548268,,United Kingdom,"Shrewsbury, England, United Kingdom",,
zuheirah-toffar-0aba37140,Zuheirah Toffar,Zuheirah,Toffar,Programme Support Supervisor,other,Counterweight,counterweight,http://www.linkedin.com/company/counterweight,https://linkedin.com/in/zuheirah-toffar-0aba37140,,United Kingdom,"Cape Town, Western Cape, South Africa",,Efficiency Expert | Optimizing Office Operations for Success
mzwandile-mahlangu-36ba93122,Mzwandile Mahlangu,Mzwandile,Mahlangu,Reporting Co-ordinator/PST,c-level,Counterweight,counterweight,http://www.linkedin.com/company/counterweight,https://linkedin.com/in/mzwandile-mahlangu-36ba93122,,United Kingdom,"Cape Town, Western Cape, South Africa",,Operations & Supply Chain Specialist
nuhaa-van-der-ross-1b1233198,Nuhaa Van Der Ross,Nuhaa,Van Der Ross,Programme Support Resprestitive,other,Counterweight,counterweight,http://www.linkedin.com/company/counterweight,https://linkedin.com/in/nuhaa-van-der-ross-1b1233198,,United Kingdom,"Cape Town, Western Cape, South Africa",,Entrepreneur
taryn-goulding-9198a8252,Taryn Goulding,Taryn,Goulding,Dietitian and Health Coach,other,Counterweight,counterweight,http://www.linkedin.com/company/counterweight,https://linkedin.com/in/taryn-goulding-9198a8252,,United Kingdom,"Cape Town, Western Cape, South Africa",,Dietitian & Health Coach
warren-ras-2385b6303,Warren Ras,Warren,Ras,Reporting Co-ordinator and Health Coach,c-level,Counterweight,counterweight,http://www.linkedin.com/company/counterweight,https://linkedin.com/in/warren-ras-2385b6303,,United Kingdom,"Cape Town, Western Cape, South Africa",,Reporting Coordinator and Health Coach
napala,Napala Pratini,Napala,Pratini,Co-Founder & CEO,founder/ceo,Habitual,habitual,http://www.linkedin.com/company/tryhabitual,https://linkedin.com/in/napala,,United Kingdom,"London, England, United Kingdom",,Founder & CEO at Habitual
samantha-oon-930aab173,Samantha Oon,Samantha,Oon,Product Manager,manager,Habitual,habitual,http://www.linkedin.com/company/tryhabitual,https://linkedin.com/in/samantha-oon-930aab173,,United Kingdom,"Milton Keynes, England, United Kingdom",,"Product Manager, MedExpress App at HeliosX Group"
erin-connors,Erin Connors,Erin,Connors,Head of Customer Operations,director/head,Habitual,habitual,http://www.linkedin.com/company/tryhabitual,https://linkedin.com/in/erin-connors,,United Kingdom,"London, England, United Kingdom",,Head of Customer Operations at Habitual
monika-bonislawska-74152a98,Monika Bonislawska,Monika,Bonislawska,Life Coach,other,Habitual,habitual,http://www.linkedin.com/company/tryhabitual,https://linkedin.com/in/monika-bonislawska-74152a98,,United Kingdom,"Hong Kong, Hong Kong",,CEO F4L- holistic coaching.
michaela-gleed-24b56116b,Michaela Gleed,Michaela,Gleed,Founder and Lead Instructor of Habitual,founder/ceo,Habitual,habitual,http://www.linkedin.com/company/tryhabitual,https://linkedin.com/in/michaela-gleed-24b56116b,,United Kingdom,"South Carolina, United States",,Founder and Lead Instructor of Habitual a concierge wellness instruction company. Instructor | Digital Creator | Athletic Model
katherine-fairbanks-abbott-aa297113,Katherine Abbott,Katherine,Abbott,International Sales,other,Habitual,habitual,http://www.linkedin.com/company/tryhabitual,https://linkedin.com/in/katherine-fairbanks-abbott-aa297113,,United Kingdom,"Chicago, Illinois, United States",,International Sales
kelsey-krahn,Kelsey Krahn,Kelsey,Krahn,Operations and eCommerce Lead,manager,Habitual,habitual,http://www.linkedin.com/company/tryhabitual,https://linkedin.com/in/kelsey-krahn,,United Kingdom,"Vancouver, British Columbia, Canada",,"Structured Creative Operator | eCommerce, Merchandising and Product Strategy | Shopify and Growth"
ceres-health-7a017b302,Ceres Health,Ceres,Health,Medical Doctor,other,Habitual,habitual,http://www.linkedin.com/company/tryhabitual,https://linkedin.com/in/ceres-health-7a017b302,,United Kingdom,"Mumbai, Maharashtra, India",,Ceres Health is a smart easily accessible platform that provides tailored medical solutions to your employee’s health.
georgia-butters-430b131a0,Georgia Butters,Georgia,Butters,Health Coach,other,Habitual,habitual,http://www.linkedin.com/company/tryhabitual,https://linkedin.com/in/georgia-butters-430b131a0,,United Kingdom,"Peterborough, England, United Kingdom",,Health Coach at Habitual Health Coaching
nick-veigh-915837395,Nick Veigh,Nick,Veigh,Operations Manager,manager,Habitual,habitual,http://www.linkedin.com/company/tryhabitual,https://linkedin.com/in/nick-veigh-915837395,,United Kingdom,"Dallas, Texas, United States",,
