first_name,last_name,company,title,linkedin_url,location,message_step1,message_step2,message_step3,message_step4
,,Medibank,Head of Integrated Healthcare Experience,,,"Dani, Medibank preventive health — Australia's health insurers are competing on wellness program engagement. The differentiator: showing members real, visible progress they can track.","Thanks for accepting. I'm from 3DLOOK — FitXpress captures clinical-grade body measurements (80+ metrics + body composition) from two smartphone photos in 45 seconds.
Here's the preventive health insight: members who see their progress stay enrolled. Members who only see a number on a scale drop out. FitXpress delivers that visual progress layer — two photos every 30 days, a 3D model that shows body composition changes that a scale can't capture (fat loss, muscle gain, measurement changes across 80+ data points). For Medibank's wellness programs, this means higher completion rates, better health outcomes, and members who attribute their progress directly to their insurer — strengthening retention and NPS.
HIPAA-compliant, GDPR-aligned, TLS encryption, SSE-S3 at rest. Photos deleted post-processing. Zero personal identifiers — body data only.","Dani — quick thought on preventive health engagement. FitXpress transforms body measurement from a clinical task into a member experience: 3D model, side-by-side progress comparison, full body composition. Yazen saw retention skyrocket when they added this. For Medibank: measurable engagement lift for wellness programs. Worth 15 minutes?","Dani — won't keep going. If member engagement through body progress tracking comes up at Medibank, happy to show the member experience."
,,Bupa Australia,Program Director,,,"David, Bupa Australia digital ecosystem — member health tracking is the engagement layer insurers are competing on. Remote body measurement with visual progress gives members a reason to stay engaged.","Appreciate the connection. I'm from 3DLOOK — we built FitXpress to turn two smartphone photos into verified body measurements and composition data in under a minute.
For Bupa Australia's digital health stack, the opportunity is closing the loop between virtual care delivery and physical measurement data. Most insurers have invested in telehealth platforms, member apps, and digital claims — but when a member needs body measurement for a health program, the process still involves a clinic visit or a self-reported scale weight. FitXpress changes that: two photos from the member's phone, 45 seconds, verified measurements with 96-97% accuracy vs manual measurements. The API integrates directly into existing member apps and clinical workflows.
HIPAA-compliant, GDPR-aligned, TLS encryption, SSE-S3 at rest. Photos deleted post-processing. Zero personal identifiers — body data only.","David — specifically on the measurement gap. Bupa Australia has the digital infrastructure. What's missing is remote body measurement that's accurate enough for clinical use and simple enough for member adoption. FitXpress delivers both: 96-97% accuracy vs manual measurements, 45 seconds. 15-minute demo?","David — last note from me. If adding remote body measurement to Bupa Australia's digital health stack ever becomes a priority, I'm available."
,,Mosh,Chief Product Officer,,,"James, Mosh digital health roadmap — the shift to virtual care is real. But body measurement data is still manual. A 45-second remote scan fills that gap.","Good to connect. Quick context: I'm from 3DLOOK — FitXpress generates 80+ verified body measurements and composition data from two photos, delivered via API.
Here's why this matters for Mosh's digital transformation: verified body data is the clinical anchor that makes virtual health programs defensible. Without it, you're relying on member self-report — which introduces error and undermines program ROI measurement. FitXpress provides audit-ready body measurement data captured remotely. For a digital health company, that means you can prove that your digital wellness programs actually produce measurable physical outcomes — not just engagement metrics.
HIPAA-compliant, GDPR-aligned, TLS encryption, SSE-S3 at rest. Photos deleted post-processing. Zero personal identifiers — body data only.","James — specifically on the measurement gap. Mosh has the digital infrastructure. What's missing is remote body measurement that's accurate enough for clinical use and simple enough for member adoption. FitXpress delivers both: 96-97% accuracy vs manual measurements, 45 seconds. 15-minute demo?","James — final one. If the body measurement gap in Mosh's digital health experience becomes a priority, reach out anytime."
,,Bupa Australia,"Director Operations and Enablement, Health Insurance",,,"JoAnne, Bupa Australia digital ecosystem — member health tracking is the engagement layer insurers are competing on. Remote body measurement with visual progress gives members a reason to stay engaged.","Appreciate the connection. I'm from 3DLOOK — we built FitXpress to turn two smartphone photos into verified body measurements and composition data in under a minute.
Here's why this matters for Bupa Australia's digital transformation: verified body data is the clinical anchor that makes virtual health programs defensible. Without it, you're relying on member self-report — which introduces error and undermines program ROI measurement. FitXpress provides audit-ready body measurement data captured remotely. For a health insurer, that means you can prove that your digital wellness programs actually produce measurable physical outcomes — not just engagement metrics.
HIPAA-compliant, GDPR-aligned, TLS encryption, SSE-S3 at rest. Photos deleted post-processing. Zero personal identifiers — body data only.","JoAnne — a digital health stack thought. Most insurers have digitized claims, telehealth, and member portals. Body measurement is the piece that's still analog. FitXpress fills that gap: 96-97% accuracy vs manual measurements, 45 seconds, API integration. For Bupa Australia: a digital measurement layer that completes the virtual care experience. 15 minutes to walk through the integration?","JoAnne — last note from me. If adding remote body measurement to Bupa Australia's digital health stack ever becomes a priority, I'm available."
,,Bupa Australia,Director - Mental Health (Mindplace),,,"Andrea, you lead digital product at Bupa Australia. The disconnect between digital health tools and physical measurement data is a weak point in most insurer stacks. We solve exactly that.","Appreciate the connection. I'm from 3DLOOK — we built FitXpress to turn two smartphone photos into verified body measurements and composition data in under a minute.
For Bupa Australia's product roadmap, remote body measurement fills a specific gap in the digital health experience. Members enrolled in wellness programs, weight management, or post-surgical recovery need regular body measurement data — but current options are either clinic visits (low compliance) or self-report (low accuracy). FitXpress delivers 96-97% accuracy vs manual measurements from two photos, with full body composition including body fat percentage and lean mass. The data flows via API into whatever system Bupa Australia uses to track member health outcomes.
HIPAA-compliant, GDPR-aligned, TLS encryption, SSE-S3 at rest. Photos deleted post-processing. Zero personal identifiers — body data only.","Andrea — a digital health stack thought. Most insurers have digitized claims, telehealth, and member portals. Body measurement is the piece that's still analog. FitXpress fills that gap: 96-97% accuracy vs manual measurements, 45 seconds, API integration. For Bupa Australia: a digital measurement layer that completes the virtual care experience. 15 minutes to walk through the integration?","Andrea — leaving this here. If remote body measurement API integration ever becomes relevant for Bupa Australia's product roadmap, I'm available."
,,Bupa Australia,Head of Design Digital Transformation,,,"Kernow, Bupa Australia digital ecosystem — member health tracking is the engagement layer insurers are competing on. Remote body measurement with visual progress gives members a reason to stay engaged.","Thanks for accepting. I'm from 3DLOOK — FitXpress captures clinical-grade body measurements (80+ metrics + body composition) from two smartphone photos in 45 seconds.
For Bupa Australia's digital health stack, the opportunity is closing the loop between virtual care delivery and physical measurement data. Most insurers have invested in telehealth platforms, member apps, and digital claims — but when a member needs body measurement for a health program, the process still involves a clinic visit or a self-reported scale weight. FitXpress changes that: two photos from the member's phone, 45 seconds, verified measurements with 96-97% accuracy vs manual measurements. The API integrates directly into existing member apps and clinical workflows.
HIPAA-compliant, GDPR-aligned, TLS encryption, SSE-S3 at rest. Photos deleted post-processing. Zero personal identifiers — body data only.","Kernow — a digital health stack thought. Most insurers have digitized claims, telehealth, and member portals. Body measurement is the piece that's still analog. FitXpress fills that gap: 96-97% accuracy vs manual measurements, 45 seconds, API integration. For Bupa Australia: a digital measurement layer that completes the virtual care experience. 15 minutes to walk through the integration?","Kernow — leaving this here. If remote body measurement API integration ever becomes relevant for Bupa Australia's product roadmap, I'm available."
,,Medibank,Group Medical Director,,,"Shona, Medibank digital strategy — telehealth and virtual care are growing fast in Australia. But body measurement still defaults to in-person. Remote capture changes the equation.","Thanks for accepting. I'm from 3DLOOK — FitXpress captures clinical-grade body measurements (80+ metrics + body composition) from two smartphone photos in 45 seconds.
For Medibank's digital health stack, the opportunity is closing the loop between virtual care delivery and physical measurement data. Most insurers have invested in telehealth platforms, member apps, and digital claims — but when a member needs body measurement for a health program, the process still involves a clinic visit or a self-reported scale weight. FitXpress changes that: two photos from the member's phone, 45 seconds, verified measurements with 96-97% accuracy vs manual measurements. The API integrates directly into existing member apps and clinical workflows.
HIPAA-compliant, GDPR-aligned, TLS encryption, SSE-S3 at rest. Photos deleted post-processing. Zero personal identifiers — body data only.","Shona — quick thought. FitXpress turns body measurement into an API call: two photos in, 80+ measurements + body composition out. 96-97% accuracy vs manual measurements, HIPAA-compliant, integrates into any digital health stack. For Medibank: verified body data as a product feature. 15 minutes?","Shona — won't keep going. If verified body measurement as a digital health capability comes up at Medibank, happy to show how it works."
,,HCF Australia,Head of Assurance and Regulatory Programs,,,"Karen, at HCF Australia you're focused on IT risk and governance. Body measurement data captured via member smartphones — the compliance framework around that data matters. We built ours for regulated health environments.","Thanks for accepting. I'm from 3DLOOK — we built FitXpress to produce verified body measurements that meet the governance standards health insurers and regulators require.
For HCF Australia's compliance framework, remote body measurement introduces specific governance requirements: data provenance (where did the measurement come from?), data integrity (was it altered?), and data privacy (what identifiable information is captured?). FitXpress addresses all three. Provenance: every scan is tied to a specific capture event with timestamp and image hash. Integrity: measurements are generated by a statistical model — they can't be manually edited, only re-scanned. Privacy: the platform processes body data exclusively; no names, emails, or member IDs touch the measurement pipeline. Photos are ephemeral — deleted post-processing. For an insurer at HCF Australia's scale, this means body measurement data that's defensible under regulatory scrutiny.","Karen — a compliance perspective. As HCF Australia adds digital health tools, the measurement data feeding those tools needs to be defensible. FitXpress provides audit-ready body measurement: timestamped records, immutable data, zero PII, encryption always on. UK Meds uses it for regulated pharmacy dispensing. For HCF Australia: body measurement data you can stand behind. 10 minutes to review the compliance architecture?","Karen — leaving this here. If verified, audit-ready body measurement with a defensible compliance framework ever becomes relevant at HCF Australia, I'm available."
,,Bupa Australia,Transformation Director Health Insurance,,,"Liam, Bupa Australia digital health roadmap — the shift to virtual care is real. But body measurement data is still manual. A 45-second remote scan fills that gap.","Good to connect. Quick context: I'm from 3DLOOK — FitXpress generates 80+ verified body measurements and composition data from two photos, delivered via API.
Here's why this matters for Bupa Australia's digital transformation: verified body data is the clinical anchor that makes virtual health programs defensible. Without it, you're relying on member self-report — which introduces error and undermines program ROI measurement. FitXpress provides audit-ready body measurement data captured remotely. For a health insurer, that means you can prove that your digital wellness programs actually produce measurable physical outcomes — not just engagement metrics.
HIPAA-compliant, GDPR-aligned, TLS encryption, SSE-S3 at rest. Photos deleted post-processing. Zero personal identifiers — body data only.","Liam — specifically on the measurement gap. Bupa Australia has the digital infrastructure. What's missing is remote body measurement that's accurate enough for clinical use and simple enough for member adoption. FitXpress delivers both: 96-97% accuracy vs manual measurements, 45 seconds. 15-minute demo?","Liam — won't keep going. If verified body measurement as a digital health capability comes up at Bupa Australia, happy to show how it works."
,,HCF Australia,Chief of - Member Experience,,,"Emma, HCF Australia growth strategy — the most undervalued retention tool in health insurance: giving members visible proof that their health is improving. FitXpress delivers that proof.","Thanks for connecting. I'm from 3DLOOK — FitXpress captures 80+ body measurements, body composition, and a 3D body model from two smartphone photos in 45 seconds.
For HCF Australia's member engagement strategy, the retention math is simple: members who actively use their insurer's health tools are significantly less likely to switch. The challenge is giving them tools they'll actually use — not another generic wellness app. FitXpress fills that gap with something genuinely compelling: a 3D body scan from two photos that shows members exactly how their body is changing over time. Body fat percentage going down, lean mass going up, measurements shifting across 80+ data points — all visualized side by side with their previous scan. Yazen, a European weight loss platform, ran 34,000 scans in 2025. Their patients scan every 30 days, and the side-by-side 3D visualization is their #1 retention feature. For a health insurer, that's the engagement metric that directly impacts lifetime value.","Emma — one more on member engagement. FitXpress turns body measurement into a monthly member ritual: two photos, 3D progress model, body composition breakdown. 96-97% accuracy vs manual measurements, 45 seconds. For HCF Australia: NPS and retention through visible health progress. 15-minute walkthrough?","Emma — final one. If retention through member health tools becomes relevant for HCF Australia's strategy, reach out anytime."
,,Medibank,Chief Strategy Officer,,,"Yash, member growth at Medibank — health insurers compete on retention, and retention hinges on members feeling their insurer actively invests in their health. A visual body tracking tool delivers that.","Thanks for accepting. I'm from 3DLOOK — FitXpress captures clinical-grade body measurements (80+ metrics + body composition) from two smartphone photos in 45 seconds.
For Medibank, the member engagement opportunity with remote body measurement is twofold. First, it's a differentiation play — most Australian health insurers don't offer members a clinical-grade body scanning tool. Second, it's a retention play — members who track their health progress through Medibank build a switching cost that a competitor can't easily replicate. FitXpress delivers the experience: two photos from the member's phone, 45 seconds, a detailed 3D model with body composition data and side-by-side progress comparison. 96-97% accuracy vs manual measurements means the data is trustworthy. The 3D visualization means members actually use it. For Medibank: higher NPS, lower churn, and members who attribute their health journey to their insurer.
HIPAA-compliant, GDPR-aligned, TLS encryption, SSE-S3 at rest.","Yash — one more on member engagement. FitXpress turns body measurement into a monthly member ritual: two photos, 3D progress model, body composition breakdown. 96-97% accuracy vs manual measurements, 45 seconds. For Medibank: NPS and retention through visible health progress. 15-minute walkthrough?","Yash — final one. If retention through member health tools becomes relevant for Medibank's strategy, reach out anytime."
,,HCF Australia,"General Manager, Digital and Data",,,"Janelle, you're driving digital transformation at HCF Australia. One thing most digital health stacks miss: verified body measurement without a clinic visit. That gap is fixable.","Appreciate the connection. I'm from 3DLOOK — we built FitXpress to turn two smartphone photos into verified body measurements and composition data in under a minute.
Here's why this matters for HCF Australia's digital transformation: verified body data is the clinical anchor that makes virtual health programs defensible. Without it, you're relying on member self-report — which introduces error and undermines program ROI measurement. FitXpress provides audit-ready body measurement data captured remotely. For a health insurer, that means you can prove that your digital wellness programs actually produce measurable physical outcomes — not just engagement metrics.
HIPAA-compliant, GDPR-aligned, TLS encryption, SSE-S3 at rest. Photos deleted post-processing. Zero personal identifiers — body data only.","Janelle — quick thought. FitXpress turns body measurement into an API call: two photos in, 80+ measurements + body composition out. 96-97% accuracy vs manual measurements, HIPAA-compliant, integrates into any digital health stack. For HCF Australia: verified body data as a product feature. 15 minutes?","Janelle — leaving this here. If remote body measurement API integration ever becomes relevant for HCF Australia's product roadmap, I'm available."
,,Medibank,Head of Customer Insights and Experience Design,,,"Merryn, Medibank — member engagement isn't about more emails or app notifications. It's about giving members something they want to use. A 3D body scan that tracks their progress is exactly that.","Thanks for connecting. I'm from 3DLOOK — FitXpress captures 80+ body measurements, body composition, and a 3D body model from two smartphone photos in 45 seconds.
Here's the member engagement insight for Medibank: health insurance is a low-touch product. Most members interact with their insurer only when they're sick or when a bill arrives. FitXpress creates a positive, monthly touchpoint — a 45-second scan that shows members their health progress. The 3D model and body composition breakdown give members something they actually want to see. The progress timeline builds a health story that members associate with Medibank. This isn't gamification — it's clinical-grade body measurement that members use because the output is genuinely interesting and useful. For retention: members who scan monthly are members who renew.
HIPAA-compliant, GDPR-aligned, TLS encryption, SSE-S3 at rest. Photos deleted post-processing. Zero personal identifiers — body data only.","Merryn — specifically on retention. Most insurers invest in acquisition, not in giving members a reason to stay. FitXpress is that reason: visual body progress tracking that members attribute to Medibank. 96-97% accuracy vs manual measurements, 45 seconds. 15 minutes?","Merryn — leaving this here. If remote body measurement as a member retention tool ever becomes relevant at Medibank, I'm available."
,,Bupa Australia,Head of Health Insights,,,"Jean, Bupa Australia — members join health programs with good intentions, then drop off. Remote body scanning with visual progress changes that dynamic.","Thanks for accepting. I'm from 3DLOOK — FitXpress captures clinical-grade body measurements (80+ metrics + body composition) from two smartphone photos in 45 seconds.
Here's the preventive health insight: members who see their progress stay enrolled. Members who only see a number on a scale drop out. FitXpress delivers that visual progress layer — two photos every 30 days, a 3D model that shows body composition changes that a scale can't capture (fat loss, muscle gain, measurement changes across 80+ data points). For Bupa Australia's wellness programs, this means higher completion rates, better health outcomes, and members who attribute their progress directly to their insurer — strengthening retention and NPS.
HIPAA-compliant, GDPR-aligned, TLS encryption, SSE-S3 at rest. Photos deleted post-processing. Zero personal identifiers — body data only.","Jean — one more. Members who see their body changing are members who stay. FitXpress gives Bupa Australia members a visual health tracking tool they'll use monthly. 96-97% accuracy vs manual measurements, 45 seconds. For preventive health programs: retention through visible results. 15-minute walkthrough?","Jean — leaving this here. If verified body progress tracking for Bupa Australia members ever becomes relevant, I'm available."
,,HCF Australia,"Chief Officer, Member Growth",,,"David, HCF Australia growth strategy — the most undervalued retention tool in health insurance: giving members visible proof that their health is improving. FitXpress delivers that proof.","Thanks for accepting. I'm from 3DLOOK — FitXpress captures clinical-grade body measurements (80+ metrics + body composition) from two smartphone photos in 45 seconds.
For HCF Australia's member engagement strategy, the retention math is simple: members who actively use their insurer's health tools are significantly less likely to switch. The challenge is giving them tools they'll actually use — not another generic wellness app. FitXpress fills that gap with something genuinely compelling: a 3D body scan from two photos that shows members exactly how their body is changing over time. Body fat percentage going down, lean mass going up, measurements shifting across 80+ data points — all visualized side by side with their previous scan. Yazen, a European weight loss platform, ran 34,000 scans in 2025. Their patients scan every 30 days, and the side-by-side 3D visualization is their #1 retention feature.","David — specifically on retention. Most insurers invest in acquisition, not in giving members a reason to stay. FitXpress is that reason: visual body progress tracking that members attribute to HCF Australia. 96-97% accuracy vs manual measurements, 45 seconds. 15 minutes?","David — won't keep going. If member engagement through verified body progress tracking comes up at HCF Australia, happy to show how it works."
,,Medibank,Group Lead - Chief Customer Officer,,,"Milosh, member growth at Medibank — health insurers compete on retention, and retention hinges on members feeling their insurer actively invests in their health. A visual body tracking tool delivers that.","Thanks for connecting. I'm from 3DLOOK — FitXpress captures 80+ body measurements, body composition, and a 3D body model from two smartphone photos in 45 seconds.
Here's what matters for Medibank's member experience: health insurers spend millions on acquisition but comparatively little on giving members a reason to stay. FitXpress changes that equation. It gives members a monthly health ritual — a 45-second body scan that shows real, measurable progress. The 3D model lets members see changes that a scale can't capture: body recomposition, measurement reductions, posture improvements. The body composition data gives them clinical-grade metrics they'd normally only get from a DEXA scan or professional assessment. For Medibank members: a health tracking experience that feels premium, personal, and worth staying for. 96-97% accuracy vs manual measurements, 95%+ repeatability across scans.
HIPAA-compliant, GDPR-aligned, TLS encryption, SSE-S3 at rest. Photos deleted post-processing.","Milosh — a retention perspective. The members who stay are the ones who feel their insurer invested in their health. FitXpress gives Medibank members a body scanning tool they'll use monthly: 3D model, progress visualization, body composition. Yazen's #1 retention feature. For Medibank: measurable retention lift. 15 minutes to see the member experience?","Milosh — leaving this here. If remote body measurement as a member retention tool ever becomes relevant at Medibank, I'm available."
,,Medibank,Head of Health Advisory,,,"Aarti, Medibank wellness strategy — member engagement is the metric that matters. Remote body measurement with progress visualization turns a clinical task into a member experience.","Thanks for accepting. I'm from 3DLOOK — FitXpress captures clinical-grade body measurements (80+ metrics + body composition) from two smartphone photos in 45 seconds.
For Medibank, the preventive health opportunity is turning wellness programs from a cost center into a retention engine. Members who actively track their health progress are less likely to switch insurers. The challenge is giving them tracking tools they'll actually use. FitXpress delivers that: two photos, 45 seconds, a detailed 3D model with body composition breakdown. 96-97% accuracy vs manual measurements means the data is trustworthy. The visual progress comparison means members stay engaged month after month. For a health insurer, that's measurable ROI: higher program completion rates, lower churn among wellness participants, and stronger NPS from members who feel their insurer invested in their health.
HIPAA-compliant, GDPR-aligned, TLS encryption, SSE-S3 at rest. Photos deleted post-processing.","Aarti — specifically on member retention. FitXpress turns body measurement into an engagement feature: 3D progress visualization that members actually look forward to. 96-97% accuracy vs manual measurements, 45 seconds from their phone. For Medibank health programs: a retention tool disguised as a member benefit. 15 minutes?","Aarti — leaving this here. If verified body progress tracking for Medibank members ever becomes relevant, I'm available."
,,Bupa Australia,Head of Healthcare Programs,,,"Lucy, at Bupa Australia you're shaping how members engage with their health. The missing tool: remote body measurement that shows real, measurable progress — not just steps and calories.","Good to connect. Quick context: I'm from 3DLOOK — FitXpress generates 80+ verified body measurements and composition data from two photos, delivered via API.
Here's the preventive health insight: members who see their progress stay enrolled. Members who only see a number on a scale drop out. FitXpress delivers that visual progress layer — two photos every 30 days, a 3D model that shows body composition changes that a scale can't capture (fat loss, muscle gain, measurement changes across 80+ data points). For Bupa Australia's wellness programs, this means higher completion rates, better health outcomes, and members who attribute their progress directly to their insurer — strengthening retention and NPS.
HIPAA-compliant, GDPR-aligned, TLS encryption, SSE-S3 at rest. Photos deleted post-processing. Zero personal identifiers — body data only.","Lucy — specifically on member retention. FitXpress turns body measurement into an engagement feature: 3D progress visualization that members actually look forward to. 96-97% accuracy vs manual measurements, 45 seconds from their phone. For Bupa Australia health programs: a retention tool disguised as a member benefit. 15 minutes?","Lucy — won't keep going. If member engagement through body progress tracking comes up at Bupa Australia, happy to show the member experience."
,,Medibank,Head of Competitive and Market Insights,,,"Peter, health programs at Medibank — preventive care lives or dies on member engagement. Verified body progress tracking gives members a reason to stay in the program.","Thanks for connecting. I'm from 3DLOOK — FitXpress captures 80+ body measurements, body composition, and a 3D body model from two smartphone photos in 45 seconds.
For Medibank, the preventive health opportunity is turning wellness programs from a cost center into a retention engine. Members who actively track their health progress are less likely to switch insurers. The challenge is giving them tracking tools they'll actually use. FitXpress delivers that: two photos, 45 seconds, a detailed 3D model with body composition breakdown. 96-97% accuracy vs manual measurements means the data is trustworthy. The visual progress comparison means members stay engaged month after month. For a health insurer, that's measurable ROI: higher program completion rates, lower churn among wellness participants, and stronger NPS from members who feel their insurer invested in their health.
HIPAA-compliant, GDPR-aligned, TLS encryption, SSE-S3 at rest. Photos deleted post-processing.","Peter — specifically on member retention. FitXpress turns body measurement into an engagement feature: 3D progress visualization that members actually look forward to. 96-97% accuracy vs manual measurements, 45 seconds from their phone. For Medibank health programs: a retention tool disguised as a member benefit. 10 minutes?","Peter — leaving this here. If verified body progress tracking for Medibank members ever becomes relevant, I'm available."
,,HCF Australia,Acting GM RT Health (Division of HCF),,,"Erin, HCF Australia wellness strategy — member engagement is the metric that matters. Remote body measurement with progress visualization turns a clinical task into a member experience.","Thanks for connecting. I'm from 3DLOOK — FitXpress captures 80+ body measurements, body composition, and a 3D body model from two smartphone photos in 45 seconds.
For HCF Australia's member health programs, the missing piece is objective progress data that members can see and trust. Self-reported weight is unreliable. Gym check-ins track attendance, not outcomes. FitXpress provides verified body measurement that captures actual physical change: body fat percentage trends, lean mass changes, measurement reductions across 80+ data points. The 3D model with side-by-side comparison gives members an undeniable view of their progress. This isn't gamification — it's clinical-grade measurement presented in a way that drives sustained engagement. 96-97% accuracy vs manual measurements, 95%+ repeatability across scans.
HIPAA-compliant, GDPR-aligned, TLS encryption, SSE-S3 at rest. Photos deleted post-processing. Zero personal identifiers — body data only.","Erin — one more. Members who see their body changing are members who stay. FitXpress gives HCF Australia members a visual health tracking tool they'll use monthly. 96-97% accuracy vs manual measurements, 45 seconds. For preventive health programs: retention through visible results. 15-minute walkthrough?","Erin — last note. If adding visual progress tracking to HCF Australia's member health programs ever becomes a priority, I'm available."
,,Bupa Australia,Medical Director - BUPA Medical,,,"Dr, Bupa Australia digital health roadmap — the shift to virtual care is real. But body measurement data is still manual. A 45-second remote scan fills that gap.","Thanks for accepting. I'm from 3DLOOK — FitXpress captures clinical-grade body measurements (80+ metrics + body composition) from two smartphone photos in 45 seconds.
For Bupa Australia's product roadmap, remote body measurement fills a specific gap in the digital health experience. Members enrolled in wellness programs, weight management, or post-surgical recovery need regular body measurement data — but current options are either clinic visits (low compliance) or self-report (low accuracy). FitXpress delivers 96-97% accuracy vs manual measurements from two photos, with full body composition including body fat percentage and lean mass. The data flows via API into whatever system Bupa Australia uses to track member health outcomes.
HIPAA-compliant, GDPR-aligned, TLS encryption, SSE-S3 at rest. Photos deleted post-processing. Zero personal identifiers — body data only.","Dr — specifically on the measurement gap. Bupa Australia has the digital infrastructure. What's missing is remote body measurement that's accurate enough for clinical use and simple enough for member adoption. FitXpress delivers both: 96-97% accuracy vs manual measurements, 45 seconds. 15-minute demo?","Dr — final one. If the body measurement gap in Bupa Australia's digital health experience becomes a priority, reach out anytime."
,,Mosh,Chief Marketing Officer,,,"Nicholas, at Mosh you know retention is the growth lever in health insurance. The members who stay are the ones who feel their health improved because of their platform. Remote body scanning makes that connection tangible.","Thanks for connecting. I'm from 3DLOOK — FitXpress captures 80+ body measurements, body composition, and a 3D body model from two smartphone photos in 45 seconds.
For Mosh, the member engagement opportunity with remote body measurement is twofold. First, it's a differentiation play — most Australian digital health companies don't offer members a clinical-grade body scanning tool. Second, it's a retention play — members who track their health progress through Mosh build a switching cost that a competitor can't easily replicate. FitXpress delivers the experience: two photos from the member's phone, 45 seconds, a detailed 3D model with body composition data and side-by-side progress comparison. 96-97% accuracy vs manual measurements means the data is trustworthy. The 3D visualization means members actually use it. For Mosh: higher NPS, lower churn, and members who attribute their health journey to their platform.
HIPAA-compliant, GDPR-aligned, TLS encryption, SSE-S3 at rest.","Nicholas — one more on member engagement. FitXpress turns body measurement into a monthly member ritual: two photos, 3D progress model, body composition breakdown. 96-97% accuracy vs manual measurements, 45 seconds. For Mosh: NPS and retention through visible health progress. 15-minute walkthrough?","Nicholas — last note. If giving Mosh members a body scanning tool that drives retention ever becomes a priority, I'm available."
,,Bupa Australia,Head of Strategy and Delivery ANZ,,,"Mads, Bupa Australia member experience — members who actively track their health through their insurer stay longer and cost less. A remote body scan that shows progress visually is the engagement tool most insurers don't have yet.","Good to connect. Quick context: I'm from 3DLOOK — FitXpress generates 80+ verified body measurements and composition data from two photos, delivered via API.
For Bupa Australia, the member engagement opportunity with remote body measurement is twofold. First, it's a differentiation play — most Australian health insurers don't offer members a clinical-grade body scanning tool. Second, it's a retention play — members who track their health progress through Bupa Australia build a switching cost that a competitor can't easily replicate. FitXpress delivers the experience: two photos from the member's phone, 45 seconds, a detailed 3D model with body composition data and side-by-side progress comparison. 96-97% accuracy vs manual measurements means the data is trustworthy. The 3D visualization means members actually use it. For Bupa Australia: higher NPS, lower churn, and members who attribute their health journey to their insurer.","Mads — specifically on retention. Most insurers invest in acquisition, not in giving members a reason to stay. FitXpress is that reason: visual body progress tracking that members attribute to Bupa Australia. 96-97% accuracy vs manual measurements, 45 seconds. 10 minutes?","Mads — final one. If retention through member health tools becomes relevant for Bupa Australia's strategy, reach out anytime."
,,Mosh,Creative Director,,,"Jonno, at Mosh you know retention is the growth lever in health insurance. The members who stay are the ones who feel their health improved because of their platform. Remote body scanning makes that connection tangible.","Thanks for accepting. I'm from 3DLOOK — FitXpress captures clinical-grade body measurements (80+ metrics + body composition) from two smartphone photos in 45 seconds.
Here's the member engagement insight for Mosh: health insurance is a low-touch product. Most members interact with their platform only when they're sick or when a bill arrives. FitXpress creates a positive, monthly touchpoint — a 45-second scan that shows members their health progress. The 3D model and body composition breakdown give members something they actually want to see. The progress timeline builds a health story that members associate with Mosh. This isn't gamification — it's clinical-grade body measurement that members use because the output is genuinely interesting and useful. For retention: members who scan monthly are members who renew.
HIPAA-compliant, GDPR-aligned, TLS encryption, SSE-S3 at rest. Photos deleted post-processing. Zero personal identifiers — body data only.","Jonno — specifically on retention. Most platforms invest in acquisition, not in giving members a reason to stay. FitXpress is that reason: visual body progress tracking that members attribute to Mosh. 96-97% accuracy vs manual measurements, 45 seconds. 10 minutes?","Jonno — last note. If giving Mosh members a body scanning tool that drives retention ever becomes a priority, I'm available."
,,HCF Australia,"Director, HCF Life",,,"Tim, product strategy at HCF Australia — members expect digital-first everything. Body measurement is the clinical data point that's still analog. Remote capture solves that.","Good to connect. Quick context: I'm from 3DLOOK — FitXpress generates 80+ verified body measurements and composition data from two photos, delivered via API.
For a health insurer at HCF Australia's scale, the digital health stack needs three things: member-facing tools that drive engagement, clinical data that's regulator-ready, and integration that doesn't add operational overhead. FitXpress checks all three. Members scan in 45 seconds from their phone and get a 3D model with side-by-side progress visualization — that's the engagement layer. The backend delivers verified measurements with 96-97% accuracy vs manual measurements and an audit trail — that's the compliance layer. The whole thing integrates via API — that's the operational layer.
HIPAA-compliant, GDPR-aligned, TLS encryption, SSE-S3 at rest. Photos deleted post-processing. Zero personal identifiers — body data only.","Tim — specifically on the measurement gap. HCF Australia has the digital infrastructure. What's missing is remote body measurement that's accurate enough for clinical use and simple enough for member adoption. FitXpress delivers both: 96-97% accuracy vs manual measurements, 45 seconds. 15-minute demo?","Tim — final one. If the body measurement gap in HCF Australia's digital health experience becomes a priority, reach out anytime."
,,HCF Australia,"General Manager, Hospital & Medical",,,"Ian, HCF Australia preventive health — Australia's health insurers are competing on wellness program engagement. The differentiator: showing members real, visible progress they can track.","Appreciate the connection. I'm from 3DLOOK — we built FitXpress to turn two smartphone photos into verified body measurements and composition data in under a minute.
For HCF Australia's member health programs, the missing piece is objective progress data that members can see and trust. Self-reported weight is unreliable. Gym check-ins track attendance, not outcomes. FitXpress provides verified body measurement that captures actual physical change: body fat percentage trends, lean mass changes, measurement reductions across 80+ data points. The 3D model with side-by-side comparison gives members an undeniable view of their progress. This isn't gamification — it's clinical-grade measurement presented in a way that drives sustained engagement. 96-97% accuracy vs manual measurements, 95%+ repeatability across scans.
HIPAA-compliant, GDPR-aligned, TLS encryption, SSE-S3 at rest. Photos deleted post-processing. Zero personal identifiers — body data only.","Ian — quick thought on preventive health engagement. FitXpress transforms body measurement from a clinical task into a member experience: 3D model, side-by-side progress comparison, full body composition. Yazen saw retention skyrocket when they added this. For HCF Australia: measurable engagement lift for wellness programs. Worth 15 minutes?","Ian — last note. If adding visual progress tracking to HCF Australia's member health programs ever becomes a priority, I'm available."
,,Medibank,Non Executive Director,,,"Gerard, Medibank digital health roadmap — the shift to virtual care is real. But body measurement data is still manual. A 45-second remote scan fills that gap.","Thanks for accepting. I'm from 3DLOOK — FitXpress captures clinical-grade body measurements (80+ metrics + body composition) from two smartphone photos in 45 seconds.
For Medibank's product roadmap, remote body measurement fills a specific gap in the digital health experience. Members enrolled in wellness programs, weight management, or post-surgical recovery need regular body measurement data — but current options are either clinic visits (low compliance) or self-report (low accuracy). FitXpress delivers 96-97% accuracy vs manual measurements from two photos, with full body composition including body fat percentage and lean mass. The data flows via API into whatever system Medibank uses to track member health outcomes.
HIPAA-compliant, GDPR-aligned, TLS encryption, SSE-S3 at rest. Photos deleted post-processing. Zero personal identifiers — body data only.","Gerard — specifically on the measurement gap. Medibank has the digital infrastructure. What's missing is remote body measurement that's accurate enough for clinical use and simple enough for member adoption. FitXpress delivers both: 96-97% accuracy vs manual measurements, 45 seconds. 15-minute demo?","Gerard — last note from me. If adding remote body measurement to Medibank's digital health stack ever becomes a priority, I'm available."
,,Bupa Australia,"Managing Director, Government Services",,,"Glenn, you're focused on health outcomes at Bupa Australia. The retention problem in wellness programs: members don't see results fast enough. A 3D body scan that shows progress visually solves that.","Thanks for connecting. I'm from 3DLOOK — FitXpress captures 80+ body measurements, body composition, and a 3D body model from two smartphone photos in 45 seconds.
For Bupa Australia's preventive health programs, the member engagement challenge is real: people sign up, do a few check-ins, then disappear. The problem isn't motivation — it's that progress feels invisible. A scale number changes slowly. A waist measurement tape is awkward. FitXpress changes the feedback loop: members take two photos on their phone every 30 days, and get a 3D body model showing exactly where their body changed — side by side with their previous scan. 96-97% accuracy vs manual measurements, full body composition data. The Yazen case study proves the retention impact: 34,000 scans in 2025, and the side-by-side 3D visualization is their #1 retention feature.
HIPAA-compliant, GDPR-aligned, TLS encryption, SSE-S3 at rest. Photos deleted post-processing. Zero personal identifiers — body data only.","Glenn — one more. Members who see their body changing are members who stay. FitXpress gives Bupa Australia members a visual health tracking tool they'll use monthly. 96-97% accuracy vs manual measurements, 45 seconds. For preventive health programs: retention through visible results. 15-minute walkthrough?","Glenn — final one. If visual body progress as a member retention tool becomes relevant for Bupa Australia's health programs, reach out."
,,HCF Australia,Head of IT Risk and Governance,,,"Lesley, at HCF Australia you oversee regulatory programs. Remote body measurement data for health programs needs the same governance rigour as any clinical data — audit trail, encryption, zero PII. Our platform was built for that.","Good to connect. I'm from 3DLOOK — FitXpress delivers audit-ready body measurement data via API, with HIPAA and GDPR-aligned compliance baked into the platform architecture.
For HCF Australia's compliance framework, remote body measurement introduces specific governance requirements: data provenance (where did the measurement come from?), data integrity (was it altered?), and data privacy (what identifiable information is captured?). FitXpress addresses all three. Provenance: every scan is tied to a specific capture event with timestamp and image hash. Integrity: measurements are generated by a statistical model — they can't be manually edited, only re-scanned. Privacy: the platform processes body data exclusively; no names, emails, or member IDs touch the measurement pipeline. Photos are ephemeral — deleted post-processing. For an insurer at HCF Australia's scale, this means body measurement data that's defensible under regulatory scrutiny.","Lesley — specifically on regulatory readiness. FitXpress delivers body measurement data that meets the governance standards health insurers need: HIPAA-compliant, GDPR-aligned, audit-ready records, photos deleted post-processing. For HCF Australia regulatory programs: verified measurement data that holds up under scrutiny. 10 minutes?","Lesley — final one. If regulatory-grade body measurement data becomes relevant for HCF Australia's health programs, reach out anytime."
,,Bupa Australia,Digital Director - Transformation,,,"David, you're driving digital transformation at Bupa Australia. One thing most digital health stacks miss: verified body measurement without a clinic visit. That gap is fixable.","Appreciate the connection. I'm from 3DLOOK — we built FitXpress to turn two smartphone photos into verified body measurements and composition data in under a minute.
For Bupa Australia's product roadmap, remote body measurement fills a specific gap in the digital health experience. Members enrolled in wellness programs, weight management, or post-surgical recovery need regular body measurement data — but current options are either clinic visits (low compliance) or self-report (low accuracy). FitXpress delivers 96-97% accuracy vs manual measurements from two photos, with full body composition including body fat percentage and lean mass. The data flows via API into whatever system Bupa Australia uses to track member health outcomes.
HIPAA-compliant, GDPR-aligned, TLS encryption, SSE-S3 at rest. Photos deleted post-processing. Zero personal identifiers — body data only.","David — specifically on the measurement gap. Bupa Australia has the digital infrastructure. What's missing is remote body measurement that's accurate enough for clinical use and simple enough for member adoption. FitXpress delivers both: 96-97% accuracy vs manual measurements, 45 seconds. 15-minute demo?","David — leaving this here. If remote body measurement API integration ever becomes relevant for Bupa Australia's product roadmap, I'm available."
,,Mosh,Chief Operating Officer,,,"Glenn, at Mosh you're building the digital health future. The body measurement piece of that stack — still a gap. Remote scanning from a phone closes it.","Good to connect. Quick context: I'm from 3DLOOK — FitXpress generates 80+ verified body measurements and composition data from two photos, delivered via API.
For Mosh's product roadmap, remote body measurement fills a specific gap in the digital health experience. Members enrolled in wellness programs, weight management, or post-surgical recovery need regular body measurement data — but current options are either clinic visits (low compliance) or self-report (low accuracy). FitXpress delivers 96-97% accuracy vs manual measurements from two photos, with full body composition including body fat percentage and lean mass. The data flows via API into whatever system Mosh uses to track member health outcomes.
HIPAA-compliant, GDPR-aligned, TLS encryption, SSE-S3 at rest. Photos deleted post-processing. Zero personal identifiers — body data only.","Glenn — a digital health stack thought. Most platforms have digitized claims, telehealth, and member portals. Body measurement is the piece that's still analog. FitXpress fills that gap: 96-97% accuracy vs manual measurements, 45 seconds, API integration. For Mosh: a digital measurement layer that completes the virtual care experience. 15 minutes to walk through the integration?","Glenn — last note from me. If adding remote body measurement to Mosh's digital health stack ever becomes a priority, I'm available."
,,Medibank,"Head of Mental Health, Health Ventures",,,"Stephanie, Medibank preventive health — Australia's health insurers are competing on wellness program engagement. The differentiator: showing members real, visible progress they can track.","Thanks for connecting. I'm from 3DLOOK — FitXpress captures 80+ body measurements, body composition, and a 3D body model from two smartphone photos in 45 seconds.
Here's the preventive health insight: members who see their progress stay enrolled. Members who only see a number on a scale drop out. FitXpress delivers that visual progress layer — two photos every 30 days, a 3D model that shows body composition changes that a scale can't capture (fat loss, muscle gain, measurement changes across 80+ data points). For Medibank's wellness programs, this means higher completion rates, better health outcomes, and members who attribute their progress directly to their insurer — strengthening retention and NPS.
HIPAA-compliant, GDPR-aligned, TLS encryption, SSE-S3 at rest. Photos deleted post-processing. Zero personal identifiers — body data only.","Stephanie — a member engagement thought. The insurers winning on retention are the ones giving members visible proof of their health progress. FitXpress delivers that: two photos, 45 seconds, 3D progress visualization. For Medibank wellness programs: higher completion rates, stronger member loyalty. 15 minutes to see the member experience?","Stephanie — final one. If visual body progress as a member retention tool becomes relevant for Medibank's health programs, reach out."
,,Bupa Australia,Head of Growth,,,"Christian, Bupa Australia — member engagement isn't about more emails or app notifications. It's about giving members something they want to use. A 3D body scan that tracks their progress is exactly that.","Appreciate the connection. I'm from 3DLOOK — we built FitXpress to turn two smartphone photos into verified body measurements and composition data in under a minute.
Here's what matters for Bupa Australia's member experience: health insurers spend millions on acquisition but comparatively little on giving members a reason to stay. FitXpress changes that equation. It gives members a monthly health ritual — a 45-second body scan that shows real, measurable progress. The 3D model lets members see changes that a scale can't capture: body recomposition, measurement reductions, posture improvements. The body composition data gives them clinical-grade metrics they'd normally only get from a DEXA scan or professional assessment. For Bupa Australia members: a health tracking experience that feels premium, personal, and worth staying for. 96-97% accuracy vs manual measurements, 95%+ repeatability across scans.
HIPAA-compliant, GDPR-aligned, TLS encryption, SSE-S3 at rest.","Christian — one more on member engagement. FitXpress turns body measurement into a monthly member ritual: two photos, 3D progress model, body composition breakdown. 96-97% accuracy vs manual measurements, 45 seconds. For Bupa Australia: NPS and retention through visible health progress. 15-minute walkthrough?","Christian — won't keep going. If member engagement through verified body progress tracking comes up at Bupa Australia, happy to show how it works."
,,Medibank,Head of Marketing Technology and Orchestration,,,"Jonathan, Medibank digital health roadmap — the shift to virtual care is real. But body measurement data is still manual. A 45-second remote scan fills that gap.","Thanks for accepting. I'm from 3DLOOK — FitXpress captures clinical-grade body measurements (80+ metrics + body composition) from two smartphone photos in 45 seconds.
Here's why this matters for Medibank's digital transformation: verified body data is the clinical anchor that makes virtual health programs defensible. Without it, you're relying on member self-report — which introduces error and undermines program ROI measurement. FitXpress provides audit-ready body measurement data captured remotely. For a health insurer, that means you can prove that your digital wellness programs actually produce measurable physical outcomes — not just engagement metrics.
HIPAA-compliant, GDPR-aligned, TLS encryption, SSE-S3 at rest. Photos deleted post-processing. Zero personal identifiers — body data only.","Jonathan — specifically on the measurement gap. Medibank has the digital infrastructure. What's missing is remote body measurement that's accurate enough for clinical use and simple enough for member adoption. FitXpress delivers both: 96-97% accuracy vs manual measurements, 45 seconds. 15-minute demo?","Jonathan — last note from me. If adding remote body measurement to Medibank's digital health stack ever becomes a priority, I'm available."
,,Bupa Australia,Head of Customer Engagement,,,"Michelle, you're focused on member engagement at Bupa Australia. The metric that matters: do members attribute health progress to their insurer? Visual body tracking makes that attribution real.","Thanks for connecting. I'm from 3DLOOK — FitXpress captures 80+ body measurements, body composition, and a 3D body model from two smartphone photos in 45 seconds.
Here's the member engagement insight for Bupa Australia: health insurance is a low-touch product. Most members interact with their insurer only when they're sick or when a bill arrives. FitXpress creates a positive, monthly touchpoint — a 45-second scan that shows members their health progress. The 3D model and body composition breakdown give members something they actually want to see. The progress timeline builds a health story that members associate with Bupa Australia. This isn't gamification — it's clinical-grade body measurement that members use because the output is genuinely interesting and useful. For retention: members who scan monthly are members who renew.
HIPAA-compliant, GDPR-aligned, TLS encryption, SSE-S3 at rest. Photos deleted post-processing. Zero personal identifiers — body data only.","Michelle — one more on member engagement. FitXpress turns body measurement into a monthly member ritual: two photos, 3D progress model, body composition breakdown. 96-97% accuracy vs manual measurements, 45 seconds. For Bupa Australia: NPS and retention through visible health progress. 15-minute walkthrough?","Michelle — last note. If giving Bupa Australia members a body scanning tool that drives retention ever becomes a priority, I'm available."
,,Bupa Australia,Head of Corporate Partnerships,,,"Joanne, Bupa Australia — members join health programs with good intentions, then drop off. Remote body scanning with visual progress changes that dynamic.","Appreciate the connection. I'm from 3DLOOK — we built FitXpress to turn two smartphone photos into verified body measurements and composition data in under a minute.
For Bupa Australia, the preventive health opportunity is turning wellness programs from a cost center into a retention engine. Members who actively track their health progress are less likely to switch insurers. The challenge is giving them tracking tools they'll actually use. FitXpress delivers that: two photos, 45 seconds, a detailed 3D model with body composition breakdown. 96-97% accuracy vs manual measurements means the data is trustworthy. The visual progress comparison means members stay engaged month after month. For a health insurer, that's measurable ROI: higher program completion rates, lower churn among wellness participants, and stronger NPS from members who feel their insurer invested in their health.
HIPAA-compliant, GDPR-aligned, TLS encryption, SSE-S3 at rest. Photos deleted post-processing.","Joanne — specifically on member retention. FitXpress turns body measurement into an engagement feature: 3D progress visualization that members actually look forward to. 96-97% accuracy vs manual measurements, 45 seconds from their phone. For Bupa Australia health programs: a retention tool disguised as a member benefit. 10 minutes?","Joanne — final one. If visual body progress as a member retention tool becomes relevant for Bupa Australia's health programs, reach out."
,,HCF Australia,Head of Business Insights,,,"Robert, at HCF Australia you're shaping how members engage with their health. The missing tool: remote body measurement that shows real, measurable progress — not just steps and calories.","Thanks for accepting. I'm from 3DLOOK — FitXpress captures clinical-grade body measurements (80+ metrics + body composition) from two smartphone photos in 45 seconds.
For HCF Australia's member health programs, the missing piece is objective progress data that members can see and trust. Self-reported weight is unreliable. Gym check-ins track attendance, not outcomes. FitXpress provides verified body measurement that captures actual physical change: body fat percentage trends, lean mass changes, measurement reductions across 80+ data points. The 3D model with side-by-side comparison gives members an undeniable view of their progress. This isn't gamification — it's clinical-grade measurement presented in a way that drives sustained engagement. 96-97% accuracy vs manual measurements, 95%+ repeatability across scans.
HIPAA-compliant, GDPR-aligned, TLS encryption, SSE-S3 at rest. Photos deleted post-processing. Zero personal identifiers — body data only.","Robert — specifically on member retention. FitXpress turns body measurement into an engagement feature: 3D progress visualization that members actually look forward to. 96-97% accuracy vs manual measurements, 45 seconds from their phone. For HCF Australia health programs: a retention tool disguised as a member benefit. 10 minutes?","Robert — last note. If adding visual progress tracking to HCF Australia's member health programs ever becomes a priority, I'm available."
,,Medibank,Head of Data Governance,,,"Chris, compliance and governance at Medibank — as health insurers add digital health tools, the regulatory exposure grows. Verified body data with an audit trail protects both members and the organization.","Appreciate the connection. I'm from 3DLOOK — FitXpress generates verified body measurements from two photos, built from the ground up for regulated health environments.
For Medibank, the governance case for verified body measurement is straightforward: if your health programs are making decisions based on member body data — eligibility for a program, progress through a pathway, clinical intervention triggers — that data needs to be auditable. Self-reported weight and manual tape measurements don't meet that standard. FitXpress provides 96-97% accuracy vs manual measurements with 95%+ repeatability across scans, plus a complete audit trail. Every measurement is traceable to a specific scan event. The data is immutable once generated. For compliance teams, that's the difference between body data you can stand behind and data you hope is accurate.
HIPAA-compliant, GDPR-aligned, TLS encryption, SSE-S3 at rest. Photos deleted post-processing. Zero personal identifiers — body data only.","Chris — one more. FitXpress was built for regulated health environments: 96-97% accuracy vs manual measurements, full audit trail, zero personal identifiers, encryption at every stage. UK Meds integrated it for BMI verification in pharmacy dispensing — their compliance team signed off because the audit trail is regulator-ready. For Medibank: the same governance standard. Worth 10 minutes?","Chris — leaving this here. If verified, audit-ready body measurement with a defensible compliance framework ever becomes relevant at Medibank, I'm available."
,,Bupa Australia,"Director, Domestic Portfolio APAC (aka Chief Customer Officer)",,,"Andrew, Bupa Australia — member engagement isn't about more emails or app notifications. It's about giving members something they want to use. A 3D body scan that tracks their progress is exactly that.","Good to connect. Quick context: I'm from 3DLOOK — FitXpress generates 80+ verified body measurements and composition data from two photos, delivered via API.
Here's the member engagement insight for Bupa Australia: health insurance is a low-touch product. Most members interact with their insurer only when they're sick or when a bill arrives. FitXpress creates a positive, monthly touchpoint — a 45-second scan that shows members their health progress. The 3D model and body composition breakdown give members something they actually want to see. The progress timeline builds a health story that members associate with Bupa Australia. This isn't gamification — it's clinical-grade body measurement that members use because the output is genuinely interesting and useful. For retention: members who scan monthly are members who renew.
HIPAA-compliant, GDPR-aligned, TLS encryption, SSE-S3 at rest. Photos deleted post-processing. Zero personal identifiers — body data only.","Andrew — a retention perspective. The members who stay are the ones who feel their insurer invested in their health. FitXpress gives Bupa Australia members a body scanning tool they'll use monthly: 3D model, progress visualization, body composition. Yazen's #1 retention feature. For Bupa Australia: measurable retention lift. 15 minutes to see the member experience?","Andrew — leaving this here. If remote body measurement as a member retention tool ever becomes relevant at Bupa Australia, I'm available."
,,Bupa Australia,"General Manager - Growth, Government Services",,,"René, Bupa Australia growth strategy — the most undervalued retention tool in health insurance: giving members visible proof that their health is improving. FitXpress delivers that proof.","Thanks for accepting. I'm from 3DLOOK — FitXpress captures clinical-grade body measurements (80+ metrics + body composition) from two smartphone photos in 45 seconds.
Here's the member engagement insight for Bupa Australia: health insurance is a low-touch product. Most members interact with their insurer only when they're sick or when a bill arrives. FitXpress creates a positive, monthly touchpoint — a 45-second scan that shows members their health progress. The 3D model and body composition breakdown give members something they actually want to see. The progress timeline builds a health story that members associate with Bupa Australia. This isn't gamification — it's clinical-grade body measurement that members use because the output is genuinely interesting and useful. For retention: members who scan monthly are members who renew.
HIPAA-compliant, GDPR-aligned, TLS encryption, SSE-S3 at rest. Photos deleted post-processing. Zero personal identifiers — body data only.","René — one more on member engagement. FitXpress turns body measurement into a monthly member ritual: two photos, 3D progress model, body composition breakdown. 96-97% accuracy vs manual measurements, 45 seconds. For Bupa Australia: NPS and retention through visible health progress. 15-minute walkthrough?","René — won't keep going. If member engagement through verified body progress tracking comes up at Bupa Australia, happy to show how it works."
,,Bupa Australia,Chair,,,"Tony, you're driving digital transformation at Bupa Australia. One thing most digital health stacks miss: verified body measurement without a clinic visit. That gap is fixable.","Good to connect. Quick context: I'm from 3DLOOK — FitXpress generates 80+ verified body measurements and composition data from two photos, delivered via API.
Here's why this matters for Bupa Australia's digital transformation: verified body data is the clinical anchor that makes virtual health programs defensible. Without it, you're relying on member self-report — which introduces error and undermines program ROI measurement. FitXpress provides audit-ready body measurement data captured remotely. For a health insurer, that means you can prove that your digital wellness programs actually produce measurable physical outcomes — not just engagement metrics.
HIPAA-compliant, GDPR-aligned, TLS encryption, SSE-S3 at rest. Photos deleted post-processing. Zero personal identifiers — body data only.","Tony — a digital health stack thought. Most insurers have digitized claims, telehealth, and member portals. Body measurement is the piece that's still analog. FitXpress fills that gap: 96-97% accuracy vs manual measurements, 45 seconds, API integration. For Bupa Australia: a digital measurement layer that completes the virtual care experience. 10 minutes to walk through the integration?","Tony — won't keep going. If verified body measurement as a digital health capability comes up at Bupa Australia, happy to show how it works."
,,HCF Australia,Head of Health and Wellbeing,,,"Linda, HCF Australia wellness strategy — member engagement is the metric that matters. Remote body measurement with progress visualization turns a clinical task into a member experience.","Thanks for accepting. I'm from 3DLOOK — FitXpress captures clinical-grade body measurements (80+ metrics + body composition) from two smartphone photos in 45 seconds.
Here's the preventive health insight: members who see their progress stay enrolled. Members who only see a number on a scale drop out. FitXpress delivers that visual progress layer — two photos every 30 days, a 3D model that shows body composition changes that a scale can't capture (fat loss, muscle gain, measurement changes across 80+ data points). For HCF Australia's wellness programs, this means higher completion rates, better health outcomes, and members who attribute their progress directly to their insurer — strengthening retention and NPS.
HIPAA-compliant, GDPR-aligned, TLS encryption, SSE-S3 at rest. Photos deleted post-processing. Zero personal identifiers — body data only.","Linda — one more. Members who see their body changing are members who stay. FitXpress gives HCF Australia members a visual health tracking tool they'll use monthly. 96-97% accuracy vs manual measurements, 45 seconds. For preventive health programs: retention through visible results. 15-minute walkthrough?","Linda — final one. If visual body progress as a member retention tool becomes relevant for HCF Australia's health programs, reach out."
,,Medibank,Head of Operations | Workplace Health & Wellbeing. Ventures,,,"Tom, Medibank member health — the best preventive program is one members stick with. Side-by-side 3D body progress gives them the visual feedback that keeps them engaged.","Thanks for connecting. I'm from 3DLOOK — FitXpress captures 80+ body measurements, body composition, and a 3D body model from two smartphone photos in 45 seconds.
For Medibank's preventive health programs, the member engagement challenge is real: people sign up, do a few check-ins, then disappear. The problem isn't motivation — it's that progress feels invisible. A scale number changes slowly. A waist measurement tape is awkward. FitXpress changes the feedback loop: members take two photos on their phone every 30 days, and get a 3D body model showing exactly where their body changed — side by side with their previous scan. 96-97% accuracy vs manual measurements, full body composition data. The Yazen case study proves the retention impact: 34,000 scans in 2025, and the side-by-side 3D visualization is their #1 retention feature.
HIPAA-compliant, GDPR-aligned, TLS encryption, SSE-S3 at rest. Photos deleted post-processing. Zero personal identifiers — body data only.","Tom — specifically on member retention. FitXpress turns body measurement into an engagement feature: 3D progress visualization that members actually look forward to. 96-97% accuracy vs manual measurements, 45 seconds from their phone. For Medibank health programs: a retention tool disguised as a member benefit. 15 minutes?","Tom — last note. If adding visual progress tracking to Medibank's member health programs ever becomes a priority, I'm available."
,,Medibank,Squad Lead / Head of Technology - Architecture,,,"Cameron, you're driving digital transformation at Medibank. One thing most digital health stacks miss: verified body measurement without a clinic visit. That gap is fixable.","Appreciate the connection. I'm from 3DLOOK — we built FitXpress to turn two smartphone photos into verified body measurements and composition data in under a minute.
For Medibank's product roadmap, remote body measurement fills a specific gap in the digital health experience. Members enrolled in wellness programs, weight management, or post-surgical recovery need regular body measurement data — but current options are either clinic visits (low compliance) or self-report (low accuracy). FitXpress delivers 96-97% accuracy vs manual measurements from two photos, with full body composition including body fat percentage and lean mass. The data flows via API into whatever system Medibank uses to track member health outcomes.
HIPAA-compliant, GDPR-aligned, TLS encryption, SSE-S3 at rest. Photos deleted post-processing. Zero personal identifiers — body data only.","Cameron — quick thought. FitXpress turns body measurement into an API call: two photos in, 80+ measurements + body composition out. 96-97% accuracy vs manual measurements, HIPAA-compliant, integrates into any digital health stack. For Medibank: verified body data as a product feature. 10 minutes?","Cameron — won't keep going. If verified body measurement as a digital health capability comes up at Medibank, happy to show how it works."
,,Medibank,"Head of Virtual Health, Amplar Health",,,"Pauline, digital product at Medibank — most health insurers are layering digital services on top of analog measurement. Body data captured remotely closes that last gap.","Thanks for connecting. I'm from 3DLOOK — FitXpress captures 80+ body measurements, body composition, and a 3D body model from two smartphone photos in 45 seconds.
For Medibank's product roadmap, remote body measurement fills a specific gap in the digital health experience. Members enrolled in wellness programs, weight management, or post-surgical recovery need regular body measurement data — but current options are either clinic visits (low compliance) or self-report (low accuracy). FitXpress delivers 96-97% accuracy vs manual measurements from two photos, with full body composition including body fat percentage and lean mass. The data flows via API into whatever system Medibank uses to track member health outcomes.
HIPAA-compliant, GDPR-aligned, TLS encryption, SSE-S3 at rest. Photos deleted post-processing. Zero personal identifiers — body data only.","Pauline — quick thought. FitXpress turns body measurement into an API call: two photos in, 80+ measurements + body composition out. 96-97% accuracy vs manual measurements, HIPAA-compliant, integrates into any digital health stack. For Medibank: verified body data as a product feature. 15 minutes?","Pauline — last note from me. If adding remote body measurement to Medibank's digital health stack ever becomes a priority, I'm available."
,,Bupa Australia,"Chief Operating Officer Dental, Optical & Hearing",,,"Carl, you run Dental, Optical & Hearing operations at Bupa Australia. Across these clinical service lines, body measurement data tracks patient outcomes. Remote capture makes that data consistent and auditable.","Thanks for connecting. I'm from 3DLOOK — FitXpress captures 80+ body measurements and body composition from two smartphone photos in 45 seconds.
For clinical service operations at Bupa Australia's scale — Dental, Optical, Hearing — the measurement challenge might not seem obvious at first. But body composition and measurement data are increasingly relevant for patient outcome tracking, particularly for treatment pathways where weight changes, fluid retention, or body composition shifts are clinical indicators.
FitXpress provides a standardized measurement protocol that any clinician can use in 45 seconds — two photos from a phone or tablet, verified measurements with 96-97% accuracy vs manual measurements. The data is timestamped, auditable, and integrates into existing clinical systems via API.","Carl — quick thought. Across Bupa's clinical service lines, standardized body measurement for patient outcome tracking could strengthen clinical governance and operational consistency. FitXpress delivers that: 96-97% accuracy vs manual measurements, 45 seconds, full audit trail. Worth 10 minutes if it's on your radar?","Carl — last note. If standardized body measurement for Bupa's clinical operations ever becomes relevant across your service lines, I'm available."
,,Medibank,Head of Health Policy,,,"Jennifer, at Medibank you know member health outcomes drive retention. The gap: members need to see their progress to stay motivated. Remote body scanning with visual comparison delivers that.","Thanks for accepting. I'm from 3DLOOK — FitXpress captures clinical-grade body measurements (80+ metrics + body composition) from two smartphone photos in 45 seconds.
For Medibank's member health programs, the missing piece is objective progress data that members can see and trust. Self-reported weight is unreliable. Gym check-ins track attendance, not outcomes. FitXpress provides verified body measurement that captures actual physical change: body fat percentage trends, lean mass changes, measurement reductions across 80+ data points. The 3D model with side-by-side comparison gives members an undeniable view of their progress. This isn't gamification — it's clinical-grade measurement presented in a way that drives sustained engagement. 96-97% accuracy vs manual measurements, 95%+ repeatability across scans.
HIPAA-compliant, GDPR-aligned, TLS encryption, SSE-S3 at rest. Photos deleted post-processing. Zero personal identifiers — body data only.","Jennifer — one more. Members who see their body changing are members who stay. FitXpress gives Medibank members a visual health tracking tool they'll use monthly. 96-97% accuracy vs manual measurements, 45 seconds. For preventive health programs: retention through visible results. 15-minute walkthrough?","Jennifer — last note. If adding visual progress tracking to Medibank's member health programs ever becomes a priority, I'm available."
,,Medibank,"Manager, Health Policy",,,"Annie, you're focused on health outcomes at Medibank. The retention problem in wellness programs: members don't see results fast enough. A 3D body scan that shows progress visually solves that.","Thanks for connecting. I'm from 3DLOOK — FitXpress captures 80+ body measurements, body composition, and a 3D body model from two smartphone photos in 45 seconds.
For Medibank's member health programs, the missing piece is objective progress data that members can see and trust. Self-reported weight is unreliable. Gym check-ins track attendance, not outcomes. FitXpress provides verified body measurement that captures actual physical change: body fat percentage trends, lean mass changes, measurement reductions across 80+ data points. The 3D model with side-by-side comparison gives members an undeniable view of their progress. This isn't gamification — it's clinical-grade measurement presented in a way that drives sustained engagement. 96-97% accuracy vs manual measurements, 95%+ repeatability across scans.
HIPAA-compliant, GDPR-aligned, TLS encryption, SSE-S3 at rest. Photos deleted post-processing. Zero personal identifiers — body data only.","Annie — one more. Members who see their body changing are members who stay. FitXpress gives Medibank members a visual health tracking tool they'll use monthly. 96-97% accuracy vs manual measurements, 45 seconds. For preventive health programs: retention through visible results. 15-minute walkthrough?","Annie — won't keep going. If member engagement through body progress tracking comes up at Medibank, happy to show the member experience."
,,Medibank,Chief Executive Officer,,,"David, Medibank member health — the best preventive program is one members stick with. Side-by-side 3D body progress gives them the visual feedback that keeps them engaged.","Good to connect. Quick context: I'm from 3DLOOK — FitXpress generates 80+ verified body measurements and composition data from two photos, delivered via API.
For Medibank's preventive health programs, the member engagement challenge is real: people sign up, do a few check-ins, then disappear. The problem isn't motivation — it's that progress feels invisible. A scale number changes slowly. A waist measurement tape is awkward. FitXpress changes the feedback loop: members take two photos on their phone every 30 days, and get a 3D body model showing exactly where their body changed — side by side with their previous scan. 96-97% accuracy vs manual measurements, full body composition data. The Yazen case study proves the retention impact: 34,000 scans in 2025, and the side-by-side 3D visualization is their #1 retention feature.
HIPAA-compliant, GDPR-aligned, TLS encryption, SSE-S3 at rest. Photos deleted post-processing. Zero personal identifiers — body data only.","David — a member engagement thought. The insurers winning on retention are the ones giving members visible proof of their health progress. FitXpress delivers that: two photos, 45 seconds, 3D progress visualization. For Medibank wellness programs: higher completion rates, stronger member loyalty. 15 minutes to see the member experience?","David — last note. If adding visual progress tracking to Medibank's member health programs ever becomes a priority, I'm available."
,,Medibank,Head of Content & Campaigns,,,"Liz, product strategy at Medibank — members expect digital-first everything. Body measurement is the clinical data point that's still analog. Remote capture solves that.","Appreciate the connection. I'm from 3DLOOK — we built FitXpress to turn two smartphone photos into verified body measurements and composition data in under a minute.
For Medibank's product roadmap, remote body measurement fills a specific gap in the digital health experience. Members enrolled in wellness programs, weight management, or post-surgical recovery need regular body measurement data — but current options are either clinic visits (low compliance) or self-report (low accuracy). FitXpress delivers 96-97% accuracy vs manual measurements from two photos, with full body composition including body fat percentage and lean mass. The data flows via API into whatever system Medibank uses to track member health outcomes.
HIPAA-compliant, GDPR-aligned, TLS encryption, SSE-S3 at rest. Photos deleted post-processing. Zero personal identifiers — body data only.","Liz — a digital health stack thought. Most insurers have digitized claims, telehealth, and member portals. Body measurement is the piece that's still analog. FitXpress fills that gap: 96-97% accuracy vs manual measurements, 45 seconds, API integration. For Medibank: a digital measurement layer that completes the virtual care experience. 10 minutes to walk through the integration?","Liz — last note from me. If adding remote body measurement to Medibank's digital health stack ever becomes a priority, I'm available."
,,Medibank,Head of Overseas Partnerships and Sales,,,"Sarah, Medibank preventive health — Australia's health insurers are competing on wellness program engagement. The differentiator: showing members real, visible progress they can track.","Good to connect. Quick context: I'm from 3DLOOK — FitXpress generates 80+ verified body measurements and composition data from two photos, delivered via API.
For Medibank's member health programs, the missing piece is objective progress data that members can see and trust. Self-reported weight is unreliable. Gym check-ins track attendance, not outcomes. FitXpress provides verified body measurement that captures actual physical change: body fat percentage trends, lean mass changes, measurement reductions across 80+ data points. The 3D model with side-by-side comparison gives members an undeniable view of their progress. This isn't gamification — it's clinical-grade measurement presented in a way that drives sustained engagement. 96-97% accuracy vs manual measurements, 95%+ repeatability across scans.
HIPAA-compliant, GDPR-aligned, TLS encryption, SSE-S3 at rest. Photos deleted post-processing. Zero personal identifiers — body data only.","Sarah — quick thought on preventive health engagement. FitXpress transforms body measurement from a clinical task into a member experience: 3D model, side-by-side progress comparison, full body composition. Yazen saw retention skyrocket when they added this. For Medibank: measurable engagement lift for wellness programs. Worth 10 minutes?","Sarah — leaving this here. If verified body progress tracking for Medibank members ever becomes relevant, I'm available."
,,Bupa Australia,Engagement and Support Coordinator,,,"Pamela, Bupa Australia digital strategy — telehealth and virtual care are growing fast in Australia. But body measurement still defaults to in-person. Remote capture changes the equation.","Thanks for accepting. I'm from 3DLOOK — FitXpress captures clinical-grade body measurements (80+ metrics + body composition) from two smartphone photos in 45 seconds.
For Bupa Australia's product roadmap, remote body measurement fills a specific gap in the digital health experience. Members enrolled in wellness programs, weight management, or post-surgical recovery need regular body measurement data — but current options are either clinic visits (low compliance) or self-report (low accuracy). FitXpress delivers 96-97% accuracy vs manual measurements from two photos, with full body composition including body fat percentage and lean mass. The data flows via API into whatever system Bupa Australia uses to track member health outcomes.
HIPAA-compliant, GDPR-aligned, TLS encryption, SSE-S3 at rest. Photos deleted post-processing. Zero personal identifiers — body data only.","Pamela — specifically on the measurement gap. Bupa Australia has the digital infrastructure. What's missing is remote body measurement that's accurate enough for clinical use and simple enough for member adoption. FitXpress delivers both: 96-97% accuracy vs manual measurements, 45 seconds. 15-minute demo?","Pamela — won't keep going. If verified body measurement as a digital health capability comes up at Bupa Australia, happy to show how it works."
,,Bupa Australia,"Partner - Digital, Data, & AI Risk | Technology APAC",,,"Alexander, you're driving digital transformation at Bupa Australia. One thing most digital health stacks miss: verified body measurement without a clinic visit. That gap is fixable.","Good to connect. Quick context: I'm from 3DLOOK — FitXpress generates 80+ verified body measurements and composition data from two photos, delivered via API.
For Bupa Australia's digital health stack, the opportunity is closing the loop between virtual care delivery and physical measurement data. Most insurers have invested in telehealth platforms, member apps, and digital claims — but when a member needs body measurement for a health program, the process still involves a clinic visit or a self-reported scale weight. FitXpress changes that: two photos from the member's phone, 45 seconds, verified measurements with 96-97% accuracy vs manual measurements. The API integrates directly into existing member apps and clinical workflows.
HIPAA-compliant, GDPR-aligned, TLS encryption, SSE-S3 at rest. Photos deleted post-processing. Zero personal identifiers — body data only.","Alexander — a digital health stack thought. Most insurers have digitized claims, telehealth, and member portals. Body measurement is the piece that's still analog. FitXpress fills that gap: 96-97% accuracy vs manual measurements, 45 seconds, API integration. For Bupa Australia: a digital measurement layer that completes the virtual care experience. 10 minutes to walk through the integration?","Alexander — leaving this here. If remote body measurement API integration ever becomes relevant for Bupa Australia's product roadmap, I'm available."
,,Bupa Australia,Head of Data and AI Governance,,,"Cameron, digital product at Bupa Australia — most health insurers are layering digital services on top of analog measurement. Body data captured remotely closes that last gap.","Good to connect. Quick context: I'm from 3DLOOK — FitXpress generates 80+ verified body measurements and composition data from two photos, delivered via API.
Here's why this matters for Bupa Australia's digital transformation: verified body data is the clinical anchor that makes virtual health programs defensible. Without it, you're relying on member self-report — which introduces error and undermines program ROI measurement. FitXpress provides audit-ready body measurement data captured remotely. For a health insurer, that means you can prove that your digital wellness programs actually produce measurable physical outcomes — not just engagement metrics.
HIPAA-compliant, GDPR-aligned, TLS encryption, SSE-S3 at rest. Photos deleted post-processing. Zero personal identifiers — body data only.","Cameron — specifically on the measurement gap. Bupa Australia has the digital infrastructure. What's missing is remote body measurement that's accurate enough for clinical use and simple enough for member adoption. FitXpress delivers both: 96-97% accuracy vs manual measurements, 45 seconds. 15-minute demo?","Cameron — won't keep going. If verified body measurement as a digital health capability comes up at Bupa Australia, happy to show how it works."
,,Medibank,"Group Executive, Chief Financial Officer & Group Strategy",,,"Mark, Medibank preventive health — Australia's health insurers are competing on wellness program engagement. The differentiator: showing members real, visible progress they can track.","Thanks for connecting. I'm from 3DLOOK — FitXpress captures 80+ body measurements, body composition, and a 3D body model from two smartphone photos in 45 seconds.
For Medibank's preventive health programs, the member engagement challenge is real: people sign up, do a few check-ins, then disappear. The problem isn't motivation — it's that progress feels invisible. A scale number changes slowly. A waist measurement tape is awkward. FitXpress changes the feedback loop: members take two photos on their phone every 30 days, and get a 3D body model showing exactly where their body changed — side by side with their previous scan. 96-97% accuracy vs manual measurements, full body composition data. The Yazen case study proves the retention impact: 34,000 scans in 2025, and the side-by-side 3D visualization is their #1 retention feature.
HIPAA-compliant, GDPR-aligned, TLS encryption, SSE-S3 at rest. Photos deleted post-processing. Zero personal identifiers — body data only.","Mark — a member engagement thought. The insurers winning on retention are the ones giving members visible proof of their health progress. FitXpress delivers that: two photos, 45 seconds, 3D progress visualization. For Medibank wellness programs: higher completion rates, stronger member loyalty. 15 minutes to see the member experience?","Mark — last note. If adding visual progress tracking to Medibank's member health programs ever becomes a priority, I'm available."
,,Medibank,Group Chief Medical Officer,,,"Andrew, digital product at Medibank — most health insurers are layering digital services on top of analog measurement. Body data captured remotely closes that last gap.","Appreciate the connection. I'm from 3DLOOK — we built FitXpress to turn two smartphone photos into verified body measurements and composition data in under a minute.
For Medibank's digital health stack, the opportunity is closing the loop between virtual care delivery and physical measurement data. Most insurers have invested in telehealth platforms, member apps, and digital claims — but when a member needs body measurement for a health program, the process still involves a clinic visit or a self-reported scale weight. FitXpress changes that: two photos from the member's phone, 45 seconds, verified measurements with 96-97% accuracy vs manual measurements. The API integrates directly into existing member apps and clinical workflows.
HIPAA-compliant, GDPR-aligned, TLS encryption, SSE-S3 at rest. Photos deleted post-processing. Zero personal identifiers — body data only.","Andrew — specifically on the measurement gap. Medibank has the digital infrastructure. What's missing is remote body measurement that's accurate enough for clinical use and simple enough for member adoption. FitXpress delivers both: 96-97% accuracy vs manual measurements, 45 seconds. 15-minute demo?","Andrew — last note from me. If adding remote body measurement to Medibank's digital health stack ever becomes a priority, I'm available."
,,Medibank,Head of Hospital Commercial Partnerships,,,"Paul, Medibank member health — the best preventive program is one members stick with. Side-by-side 3D body progress gives them the visual feedback that keeps them engaged.","Thanks for accepting. I'm from 3DLOOK — FitXpress captures clinical-grade body measurements (80+ metrics + body composition) from two smartphone photos in 45 seconds.
For Medibank's member health programs, the missing piece is objective progress data that members can see and trust. Self-reported weight is unreliable. Gym check-ins track attendance, not outcomes. FitXpress provides verified body measurement that captures actual physical change: body fat percentage trends, lean mass changes, measurement reductions across 80+ data points. The 3D model with side-by-side comparison gives members an undeniable view of their progress. This isn't gamification — it's clinical-grade measurement presented in a way that drives sustained engagement. 96-97% accuracy vs manual measurements, 95%+ repeatability across scans.
HIPAA-compliant, GDPR-aligned, TLS encryption, SSE-S3 at rest. Photos deleted post-processing. Zero personal identifiers — body data only.","Paul — one more. Members who see their body changing are members who stay. FitXpress gives Medibank members a visual health tracking tool they'll use monthly. 96-97% accuracy vs manual measurements, 45 seconds. For preventive health programs: retention through visible results. 15-minute walkthrough?","Paul — final one. If visual body progress as a member retention tool becomes relevant for Medibank's health programs, reach out."
,,HCF Australia,Head of Networks and Reliability Engineering,,,"Anton, HCF Australia member health — the best preventive program is one members stick with. Side-by-side 3D body progress gives them the visual feedback that keeps them engaged.","Good to connect. Quick context: I'm from 3DLOOK — FitXpress generates 80+ verified body measurements and composition data from two photos, delivered via API.
For HCF Australia's preventive health programs, the member engagement challenge is real: people sign up, do a few check-ins, then disappear. The problem isn't motivation — it's that progress feels invisible. A scale number changes slowly. A waist measurement tape is awkward. FitXpress changes the feedback loop: members take two photos on their phone every 30 days, and get a 3D body model showing exactly where their body changed — side by side with their previous scan. 96-97% accuracy vs manual measurements, full body composition data. The Yazen case study proves the retention impact: 34,000 scans in 2025, and the side-by-side 3D visualization is their #1 retention feature.
HIPAA-compliant, GDPR-aligned, TLS encryption, SSE-S3 at rest. Photos deleted post-processing. Zero personal identifiers — body data only.","Anton — a member engagement thought. The insurers winning on retention are the ones giving members visible proof of their health progress. FitXpress delivers that: two photos, 45 seconds, 3D progress visualization. For HCF Australia wellness programs: higher completion rates, stronger member loyalty. 10 minutes to see the member experience?","Anton — last note. If adding visual progress tracking to HCF Australia's member health programs ever becomes a priority, I'm available."
,,HCF Australia,Victorian Branch Manager,,,"Rima, you lead digital product at HCF Australia. The disconnect between digital health tools and physical measurement data is a weak point in most insurer stacks. We solve exactly that.","Thanks for connecting. I'm from 3DLOOK — FitXpress captures 80+ body measurements, body composition, and a 3D body model from two smartphone photos in 45 seconds.
Here's why this matters for HCF Australia's digital transformation: verified body data is the clinical anchor that makes virtual health programs defensible. Without it, you're relying on member self-report — which introduces error and undermines program ROI measurement. FitXpress provides audit-ready body measurement data captured remotely. For a health insurer, that means you can prove that your digital wellness programs actually produce measurable physical outcomes — not just engagement metrics.
HIPAA-compliant, GDPR-aligned, TLS encryption, SSE-S3 at rest. Photos deleted post-processing. Zero personal identifiers — body data only.","Rima — a digital health stack thought. Most insurers have digitized claims, telehealth, and member portals. Body measurement is the piece that's still analog. FitXpress fills that gap: 96-97% accuracy vs manual measurements, 45 seconds, API integration. For HCF Australia: a digital measurement layer that completes the virtual care experience. 15 minutes to walk through the integration?","Rima — last note from me. If adding remote body measurement to HCF Australia's digital health stack ever becomes a priority, I'm available."
,,HCF Australia,Chief Data Scientist,,,"Antony, digital product at HCF Australia — most health insurers are layering digital services on top of analog measurement. Body data captured remotely closes that last gap.","Good to connect. Quick context: I'm from 3DLOOK — FitXpress generates 80+ verified body measurements and composition data from two photos, delivered via API.
For a health insurer at HCF Australia's scale, the digital health stack needs three things: member-facing tools that drive engagement, clinical data that's regulator-ready, and integration that doesn't add operational overhead. FitXpress checks all three. Members scan in 45 seconds from their phone and get a 3D model with side-by-side progress visualization — that's the engagement layer. The backend delivers verified measurements with 96-97% accuracy vs manual measurements and an audit trail — that's the compliance layer. The whole thing integrates via API — that's the operational layer.
HIPAA-compliant, GDPR-aligned, TLS encryption, SSE-S3 at rest. Photos deleted post-processing. Zero personal identifiers — body data only.","Antony — specifically on the measurement gap. HCF Australia has the digital infrastructure. What's missing is remote body measurement that's accurate enough for clinical use and simple enough for member adoption. FitXpress delivers both: 96-97% accuracy vs manual measurements, 45 seconds. 15-minute demo?","Antony — final one. If the body measurement gap in HCF Australia's digital health experience becomes a priority, reach out anytime."
,,HCF Australia,Non Executive Director,,,"Mark, HCF Australia digital strategy — telehealth and virtual care are growing fast in Australia. But body measurement still defaults to in-person. Remote capture changes the equation.","Appreciate the connection. I'm from 3DLOOK — we built FitXpress to turn two smartphone photos into verified body measurements and composition data in under a minute.
For HCF Australia's digital health stack, the opportunity is closing the loop between virtual care delivery and physical measurement data. Most insurers have invested in telehealth platforms, member apps, and digital claims — but when a member needs body measurement for a health program, the process still involves a clinic visit or a self-reported scale weight. FitXpress changes that: two photos from the member's phone, 45 seconds, verified measurements with 96-97% accuracy vs manual measurements. The API integrates directly into existing member apps and clinical workflows.
HIPAA-compliant, GDPR-aligned, TLS encryption, SSE-S3 at rest. Photos deleted post-processing. Zero personal identifiers — body data only.","Mark — one more. The insurers winning on digital engagement are the ones closing the gap between virtual tools and physical health data. FitXpress provides verified body measurement via API — 80+ metrics, body composition, 96-97% accuracy vs manual measurements. For HCF Australia's digital health strategy: remote measurement that members actually use and clinical teams trust. Worth 10 minutes?","Mark — won't keep going. If verified body measurement as a digital health capability comes up at HCF Australia, happy to show how it works."
,,Medibank,Group Lead - Data & Technology | CIO,,,"Felicia, at Medibank you're building the digital health future. The body measurement piece of that stack — still a gap. Remote scanning from a phone closes it.","Good to connect. Quick context: I'm from 3DLOOK — FitXpress generates 80+ verified body measurements and composition data from two photos, delivered via API.
For Medibank's product roadmap, remote body measurement fills a specific gap in the digital health experience. Members enrolled in wellness programs, weight management, or post-surgical recovery need regular body measurement data — but current options are either clinic visits (low compliance) or self-report (low accuracy). FitXpress delivers 96-97% accuracy vs manual measurements from two photos, with full body composition including body fat percentage and lean mass. The data flows via API into whatever system Medibank uses to track member health outcomes.
HIPAA-compliant, GDPR-aligned, TLS encryption, SSE-S3 at rest. Photos deleted post-processing. Zero personal identifiers — body data only.","Felicia — quick thought. FitXpress turns body measurement into an API call: two photos in, 80+ measurements + body composition out. 96-97% accuracy vs manual measurements, HIPAA-compliant, integrates into any digital health stack. For Medibank: verified body data as a product feature. 15 minutes?","Felicia — won't keep going. If verified body measurement as a digital health capability comes up at Medibank, happy to show how it works."
,,Mosh,Chief Financial Officer,,,"David, you manage regulatory uplift at Mosh. Digital body measurement introduces new compliance considerations. Getting the data layer right from the start avoids downstream risk.","Appreciate the connection. I'm from 3DLOOK — FitXpress generates verified body measurements from two photos, built from the ground up for regulated health environments.
For Mosh's compliance framework, remote body measurement introduces specific governance requirements: data provenance (where did the measurement come from?), data integrity (was it altered?), and data privacy (what identifiable information is captured?). FitXpress addresses all three. Provenance: every scan is tied to a specific capture event with timestamp and image hash. Integrity: measurements are generated by a statistical model — they can't be manually edited, only re-scanned. Privacy: the platform processes body data exclusively; no names, emails, or member IDs touch the measurement pipeline. Photos are ephemeral — deleted post-processing. For an platform at Mosh's scale, this means body measurement data that's defensible under regulatory scrutiny.
HIPAA-compliant, GDPR-aligned, TLS encryption, SSE-S3 at rest.","David — a compliance perspective. As Mosh adds digital health tools, the measurement data feeding those tools needs to be defensible. FitXpress provides audit-ready body measurement: timestamped records, immutable data, zero PII, encryption always on. UK Meds uses it for regulated pharmacy dispensing. For Mosh: body measurement data you can stand behind. 15 minutes to review the compliance architecture?","David — leaving this here. If verified, audit-ready body measurement with a defensible compliance framework ever becomes relevant at Mosh, I'm available."
,,Medmate,Co-Founder,,,"Wael, product strategy at Medmate — members expect digital-first everything. Body measurement is the clinical data point that's still analog. Remote capture solves that.","Appreciate the connection. I'm from 3DLOOK — we built FitXpress to turn two smartphone photos into verified body measurements and composition data in under a minute.
For Medmate's digital health stack, the opportunity is closing the loop between virtual care delivery and physical measurement data. Most platforms have invested in telehealth platforms, member apps, and digital claims — but when a member needs body measurement for a health program, the process still involves a clinic visit or a self-reported scale weight. FitXpress changes that: two photos from the member's phone, 45 seconds, verified measurements with 96-97% accuracy vs manual measurements. The API integrates directly into existing member apps and clinical workflows.
HIPAA-compliant, GDPR-aligned, TLS encryption, SSE-S3 at rest. Photos deleted post-processing. Zero personal identifiers — body data only.","Wael — specifically on the measurement gap. Medmate has the digital infrastructure. What's missing is remote body measurement that's accurate enough for clinical use and simple enough for member adoption. FitXpress delivers both: 96-97% accuracy vs manual measurements, 45 seconds. 15-minute demo?","Wael — leaving this here. If remote body measurement API integration ever becomes relevant for Medmate's product roadmap, I'm available."
,,Bupa Australia,Head of Telehealth Operations,,,"James, digital product at Bupa Australia — most health insurers are layering digital services on top of analog measurement. Body data captured remotely closes that last gap.","Thanks for accepting. I'm from 3DLOOK — FitXpress captures clinical-grade body measurements (80+ metrics + body composition) from two smartphone photos in 45 seconds.
For Bupa Australia's digital health stack, the opportunity is closing the loop between virtual care delivery and physical measurement data. Most insurers have invested in telehealth platforms, member apps, and digital claims — but when a member needs body measurement for a health program, the process still involves a clinic visit or a self-reported scale weight. FitXpress changes that: two photos from the member's phone, 45 seconds, verified measurements with 96-97% accuracy vs manual measurements. The API integrates directly into existing member apps and clinical workflows.
HIPAA-compliant, GDPR-aligned, TLS encryption, SSE-S3 at rest. Photos deleted post-processing. Zero personal identifiers — body data only.","James — quick thought. FitXpress turns body measurement into an API call: two photos in, 80+ measurements + body composition out. 96-97% accuracy vs manual measurements, HIPAA-compliant, integrates into any digital health stack. For Bupa Australia: verified body data as a product feature. 15 minutes?","James — won't keep going. If verified body measurement as a digital health capability comes up at Bupa Australia, happy to show how it works."
,,Bupa Australia,Head of International Direct,,,"Deleine, Bupa Australia member health — the best preventive program is one members stick with. Side-by-side 3D body progress gives them the visual feedback that keeps them engaged.","Good to connect. Quick context: I'm from 3DLOOK — FitXpress generates 80+ verified body measurements and composition data from two photos, delivered via API.
Here's the preventive health insight: members who see their progress stay enrolled. Members who only see a number on a scale drop out. FitXpress delivers that visual progress layer — two photos every 30 days, a 3D model that shows body composition changes that a scale can't capture (fat loss, muscle gain, measurement changes across 80+ data points). For Bupa Australia's wellness programs, this means higher completion rates, better health outcomes, and members who attribute their progress directly to their insurer — strengthening retention and NPS.
HIPAA-compliant, GDPR-aligned, TLS encryption, SSE-S3 at rest. Photos deleted post-processing. Zero personal identifiers — body data only.","Deleine — quick thought on preventive health engagement. FitXpress transforms body measurement from a clinical task into a member experience: 3D model, side-by-side progress comparison, full body composition. Yazen saw retention skyrocket when they added this. For Bupa Australia: measurable engagement lift for wellness programs. Worth 10 minutes?","Deleine — won't keep going. If member engagement through body progress tracking comes up at Bupa Australia, happy to show the member experience."
,,Medibank,Head of Health Technology Platforms and Services (Amplar Health),,,"Santhana, you lead digital product at Medibank. The disconnect between digital health tools and physical measurement data is a weak point in most insurer stacks. We solve exactly that.","Thanks for accepting. I'm from 3DLOOK — FitXpress captures clinical-grade body measurements (80+ metrics + body composition) from two smartphone photos in 45 seconds.
For a health insurer at Medibank's scale, the digital health stack needs three things: member-facing tools that drive engagement, clinical data that's regulator-ready, and integration that doesn't add operational overhead. FitXpress checks all three. Members scan in 45 seconds from their phone and get a 3D model with side-by-side progress visualization — that's the engagement layer. The backend delivers verified measurements with 96-97% accuracy vs manual measurements and an audit trail — that's the compliance layer. The whole thing integrates via API — that's the operational layer.
HIPAA-compliant, GDPR-aligned, TLS encryption, SSE-S3 at rest. Photos deleted post-processing. Zero personal identifiers — body data only.","Santhana — quick thought. FitXpress turns body measurement into an API call: two photos in, 80+ measurements + body composition out. 96-97% accuracy vs manual measurements, HIPAA-compliant, integrates into any digital health stack. For Medibank: verified body data as a product feature. 15 minutes?","Santhana — won't keep going. If verified body measurement as a digital health capability comes up at Medibank, happy to show how it works."
,,Bupa Australia,Head of Investments APAC,,,"Dean, at Bupa Australia you know member health outcomes drive retention. The gap: members need to see their progress to stay motivated. Remote body scanning with visual comparison delivers that.","Appreciate the connection. I'm from 3DLOOK — we built FitXpress to turn two smartphone photos into verified body measurements and composition data in under a minute.
For Bupa Australia, the preventive health opportunity is turning wellness programs from a cost center into a retention engine. Members who actively track their health progress are less likely to switch insurers. The challenge is giving them tracking tools they'll actually use. FitXpress delivers that: two photos, 45 seconds, a detailed 3D model with body composition breakdown. 96-97% accuracy vs manual measurements means the data is trustworthy. The visual progress comparison means members stay engaged month after month. For a health insurer, that's measurable ROI: higher program completion rates, lower churn among wellness participants, and stronger NPS from members who feel their insurer invested in their health.
HIPAA-compliant, GDPR-aligned, TLS encryption, SSE-S3 at rest. Photos deleted post-processing.","Dean — a member engagement thought. The insurers winning on retention are the ones giving members visible proof of their health progress. FitXpress delivers that: two photos, 45 seconds, 3D progress visualization. For Bupa Australia wellness programs: higher completion rates, stronger member loyalty. 10 minutes to see the member experience?","Dean — leaving this here. If verified body progress tracking for Bupa Australia members ever becomes relevant, I'm available."
,,HCF Australia,Head of Business Analysis and Quality Engineering,,,"Saurabh, HCF Australia preventive health — Australia's health insurers are competing on wellness program engagement. The differentiator: showing members real, visible progress they can track.","Appreciate the connection. I'm from 3DLOOK — we built FitXpress to turn two smartphone photos into verified body measurements and composition data in under a minute.
For HCF Australia's member health programs, the missing piece is objective progress data that members can see and trust. Self-reported weight is unreliable. Gym check-ins track attendance, not outcomes. FitXpress provides verified body measurement that captures actual physical change: body fat percentage trends, lean mass changes, measurement reductions across 80+ data points. The 3D model with side-by-side comparison gives members an undeniable view of their progress. This isn't gamification — it's clinical-grade measurement presented in a way that drives sustained engagement. 96-97% accuracy vs manual measurements, 95%+ repeatability across scans.
HIPAA-compliant, GDPR-aligned, TLS encryption, SSE-S3 at rest. Photos deleted post-processing. Zero personal identifiers — body data only.","Saurabh — one more. Members who see their body changing are members who stay. FitXpress gives HCF Australia members a visual health tracking tool they'll use monthly. 96-97% accuracy vs manual measurements, 45 seconds. For preventive health programs: retention through visible results. 15-minute walkthrough?","Saurabh — leaving this here. If verified body progress tracking for HCF Australia members ever becomes relevant, I'm available."
,,Mosh,Chief Technology Officer,,,"Suren, you lead digital product at Mosh. The disconnect between digital health tools and physical measurement data is a weak point in most platform stacks. We solve exactly that.","Thanks for accepting. I'm from 3DLOOK — FitXpress captures clinical-grade body measurements (80+ metrics + body composition) from two smartphone photos in 45 seconds.
Here's why this matters for Mosh's digital transformation: verified body data is the clinical anchor that makes virtual health programs defensible. Without it, you're relying on member self-report — which introduces error and undermines program ROI measurement. FitXpress provides audit-ready body measurement data captured remotely. For a digital health company, that means you can prove that your digital wellness programs actually produce measurable physical outcomes — not just engagement metrics.
HIPAA-compliant, GDPR-aligned, TLS encryption, SSE-S3 at rest. Photos deleted post-processing. Zero personal identifiers — body data only.","Suren — one more. The platforms winning on digital engagement are the ones closing the gap between virtual tools and physical health data. FitXpress provides verified body measurement via API — 80+ metrics, body composition, 96-97% accuracy vs manual measurements. For Mosh's digital health strategy: remote measurement that members actually use and clinical teams trust. Worth 15 minutes?","Suren — won't keep going. If verified body measurement as a digital health capability comes up at Mosh, happy to show how it works."
,,Medibank,Head of Business Development - Digital Health & Ventures,,,"Josh, product strategy at Medibank — members expect digital-first everything. Body measurement is the clinical data point that's still analog. Remote capture solves that.","Thanks for accepting. I'm from 3DLOOK — FitXpress captures clinical-grade body measurements (80+ metrics + body composition) from two smartphone photos in 45 seconds.
For a health insurer at Medibank's scale, the digital health stack needs three things: member-facing tools that drive engagement, clinical data that's regulator-ready, and integration that doesn't add operational overhead. FitXpress checks all three. Members scan in 45 seconds from their phone and get a 3D model with side-by-side progress visualization — that's the engagement layer. The backend delivers verified measurements with 96-97% accuracy vs manual measurements and an audit trail — that's the compliance layer. The whole thing integrates via API — that's the operational layer.
HIPAA-compliant, GDPR-aligned, TLS encryption, SSE-S3 at rest. Photos deleted post-processing. Zero personal identifiers — body data only.","Josh — one more. The insurers winning on digital engagement are the ones closing the gap between virtual tools and physical health data. FitXpress provides verified body measurement via API — 80+ metrics, body composition, 96-97% accuracy vs manual measurements. For Medibank's digital health strategy: remote measurement that members actually use and clinical teams trust. Worth 15 minutes?","Josh — leaving this here. If remote body measurement API integration ever becomes relevant for Medibank's product roadmap, I'm available."
,,Medibank,"Head of Digital, Financial Products",,,"Nishan, you're driving digital transformation at Medibank. One thing most digital health stacks miss: verified body measurement without a clinic visit. That gap is fixable.","Appreciate the connection. I'm from 3DLOOK — we built FitXpress to turn two smartphone photos into verified body measurements and composition data in under a minute.
Here's why this matters for Medibank's digital transformation: verified body data is the clinical anchor that makes virtual health programs defensible. Without it, you're relying on member self-report — which introduces error and undermines program ROI measurement. FitXpress provides audit-ready body measurement data captured remotely. For a health insurer, that means you can prove that your digital wellness programs actually produce measurable physical outcomes — not just engagement metrics.
HIPAA-compliant, GDPR-aligned, TLS encryption, SSE-S3 at rest. Photos deleted post-processing. Zero personal identifiers — body data only.","Nishan — quick thought. FitXpress turns body measurement into an API call: two photos in, 80+ measurements + body composition out. 96-97% accuracy vs manual measurements, HIPAA-compliant, integrates into any digital health stack. For Medibank: verified body data as a product feature. 15 minutes?","Nishan — last note from me. If adding remote body measurement to Medibank's digital health stack ever becomes a priority, I'm available."
,,HCF Australia,Head of Technology Strategy Development,,,"AJIT, at HCF Australia you're building the digital health future. The body measurement piece of that stack — still a gap. Remote scanning from a phone closes it.","Good to connect. Quick context: I'm from 3DLOOK — FitXpress generates 80+ verified body measurements and composition data from two photos, delivered via API.
For HCF Australia's digital health stack, the opportunity is closing the loop between virtual care delivery and physical measurement data. Most insurers have invested in telehealth platforms, member apps, and digital claims — but when a member needs body measurement for a health program, the process still involves a clinic visit or a self-reported scale weight. FitXpress changes that: two photos from the member's phone, 45 seconds, verified measurements with 96-97% accuracy vs manual measurements. The API integrates directly into existing member apps and clinical workflows.
HIPAA-compliant, GDPR-aligned, TLS encryption, SSE-S3 at rest. Photos deleted post-processing. Zero personal identifiers — body data only.","AJIT — one more. The insurers winning on digital engagement are the ones closing the gap between virtual tools and physical health data. FitXpress provides verified body measurement via API — 80+ metrics, body composition, 96-97% accuracy vs manual measurements. For HCF Australia's digital health strategy: remote measurement that members actually use and clinical teams trust. Worth 10 minutes?","AJIT — leaving this here. If remote body measurement API integration ever becomes relevant for HCF Australia's product roadmap, I'm available."
,,Medibank,Head of Data & Technology Governance Performance Transformation,,,"Olivia, Medibank digital strategy — telehealth and virtual care are growing fast in Australia. But body measurement still defaults to in-person. Remote capture changes the equation.","Good to connect. Quick context: I'm from 3DLOOK — FitXpress generates 80+ verified body measurements and composition data from two photos, delivered via API.
For Medibank's product roadmap, remote body measurement fills a specific gap in the digital health experience. Members enrolled in wellness programs, weight management, or post-surgical recovery need regular body measurement data — but current options are either clinic visits (low compliance) or self-report (low accuracy). FitXpress delivers 96-97% accuracy vs manual measurements from two photos, with full body composition including body fat percentage and lean mass. The data flows via API into whatever system Medibank uses to track member health outcomes.
HIPAA-compliant, GDPR-aligned, TLS encryption, SSE-S3 at rest. Photos deleted post-processing. Zero personal identifiers — body data only.","Olivia — quick thought. FitXpress turns body measurement into an API call: two photos in, 80+ measurements + body composition out. 96-97% accuracy vs manual measurements, HIPAA-compliant, integrates into any digital health stack. For Medibank: verified body data as a product feature. 10 minutes?","Olivia — leaving this here. If remote body measurement API integration ever becomes relevant for Medibank's product roadmap, I'm available."
,,HCF Australia,Chief Information Officer,,,"Greg, you lead digital product at HCF Australia. The disconnect between digital health tools and physical measurement data is a weak point in most insurer stacks. We solve exactly that.","Thanks for accepting. I'm from 3DLOOK — FitXpress captures clinical-grade body measurements (80+ metrics + body composition) from two smartphone photos in 45 seconds.
For HCF Australia's digital health stack, the opportunity is closing the loop between virtual care delivery and physical measurement data. Most insurers have invested in telehealth platforms, member apps, and digital claims — but when a member needs body measurement for a health program, the process still involves a clinic visit or a self-reported scale weight. FitXpress changes that: two photos from the member's phone, 45 seconds, verified measurements with 96-97% accuracy vs manual measurements. The API integrates directly into existing member apps and clinical workflows.
HIPAA-compliant, GDPR-aligned, TLS encryption, SSE-S3 at rest. Photos deleted post-processing. Zero personal identifiers — body data only.","Greg — specifically on the measurement gap. HCF Australia has the digital infrastructure. What's missing is remote body measurement that's accurate enough for clinical use and simple enough for member adoption. FitXpress delivers both: 96-97% accuracy vs manual measurements, 45 seconds. 15-minute demo?","Greg — leaving this here. If remote body measurement API integration ever becomes relevant for HCF Australia's product roadmap, I'm available."
,,InstantScripts,Managing Director and Founder,,,"asher, you lead digital product at InstantScripts. The disconnect between digital health tools and physical measurement data is a weak point in most platform stacks. We solve exactly that.","Thanks for connecting. I'm from 3DLOOK — FitXpress captures 80+ body measurements, body composition, and a 3D body model from two smartphone photos in 45 seconds.
For InstantScripts's digital health stack, the opportunity is closing the loop between virtual care delivery and physical measurement data. Most platforms have invested in telehealth platforms, member apps, and digital claims — but when a member needs body measurement for a health program, the process still involves a clinic visit or a self-reported scale weight. FitXpress changes that: two photos from the member's phone, 45 seconds, verified measurements with 96-97% accuracy vs manual measurements. The API integrates directly into existing member apps and clinical workflows.
HIPAA-compliant, GDPR-aligned, TLS encryption, SSE-S3 at rest. Photos deleted post-processing. Zero personal identifiers — body data only.","asher — one more. The platforms winning on digital engagement are the ones closing the gap between virtual tools and physical health data. FitXpress provides verified body measurement via API — 80+ metrics, body composition, 96-97% accuracy vs manual measurements. For InstantScripts's digital health strategy: remote measurement that members actually use and clinical teams trust. Worth 15 minutes?","asher — final one. If the body measurement gap in InstantScripts's digital health experience becomes a priority, reach out anytime."
,,Bupa Australia,"Head of Performance, Insight & Reporting",,,"Amy, at Bupa Australia you know member health outcomes drive retention. The gap: members need to see their progress to stay motivated. Remote body scanning with visual comparison delivers that.","Good to connect. Quick context: I'm from 3DLOOK — FitXpress generates 80+ verified body measurements and composition data from two photos, delivered via API.
Here's the preventive health insight: members who see their progress stay enrolled. Members who only see a number on a scale drop out. FitXpress delivers that visual progress layer — two photos every 30 days, a 3D model that shows body composition changes that a scale can't capture (fat loss, muscle gain, measurement changes across 80+ data points). For Bupa Australia's wellness programs, this means higher completion rates, better health outcomes, and members who attribute their progress directly to their insurer — strengthening retention and NPS.
HIPAA-compliant, GDPR-aligned, TLS encryption, SSE-S3 at rest. Photos deleted post-processing. Zero personal identifiers — body data only.","Amy — one more. Members who see their body changing are members who stay. FitXpress gives Bupa Australia members a visual health tracking tool they'll use monthly. 96-97% accuracy vs manual measurements, 45 seconds. For preventive health programs: retention through visible results. 15-minute walkthrough?","Amy — won't keep going. If member engagement through body progress tracking comes up at Bupa Australia, happy to show the member experience."
,,Bupa Australia,Head of Technology-Healthcare( Bupa Villages & Aged Care),,,"Soumya, product strategy at Bupa Australia — members expect digital-first everything. Body measurement is the clinical data point that's still analog. Remote capture solves that.","Thanks for accepting. I'm from 3DLOOK — FitXpress captures clinical-grade body measurements (80+ metrics + body composition) from two smartphone photos in 45 seconds.
For Bupa Australia's digital health stack, the opportunity is closing the loop between virtual care delivery and physical measurement data. Most insurers have invested in telehealth platforms, member apps, and digital claims — but when a member needs body measurement for a health program, the process still involves a clinic visit or a self-reported scale weight. FitXpress changes that: two photos from the member's phone, 45 seconds, verified measurements with 96-97% accuracy vs manual measurements. The API integrates directly into existing member apps and clinical workflows.
HIPAA-compliant, GDPR-aligned, TLS encryption, SSE-S3 at rest. Photos deleted post-processing. Zero personal identifiers — body data only.","Soumya — one more. The insurers winning on digital engagement are the ones closing the gap between virtual tools and physical health data. FitXpress provides verified body measurement via API — 80+ metrics, body composition, 96-97% accuracy vs manual measurements. For Bupa Australia's digital health strategy: remote measurement that members actually use and clinical teams trust. Worth 15 minutes?","Soumya — won't keep going. If verified body measurement as a digital health capability comes up at Bupa Australia, happy to show how it works."
,,Bupa Australia,"Strategic People Partner, Health Insurance",,,"Anna, Bupa Australia member health — the best preventive program is one members stick with. Side-by-side 3D body progress gives them the visual feedback that keeps them engaged.","Good to connect. Quick context: I'm from 3DLOOK — FitXpress generates 80+ verified body measurements and composition data from two photos, delivered via API.
For Bupa Australia, the preventive health opportunity is turning wellness programs from a cost center into a retention engine. Members who actively track their health progress are less likely to switch insurers. The challenge is giving them tracking tools they'll actually use. FitXpress delivers that: two photos, 45 seconds, a detailed 3D model with body composition breakdown. 96-97% accuracy vs manual measurements means the data is trustworthy. The visual progress comparison means members stay engaged month after month. For a health insurer, that's measurable ROI: higher program completion rates, lower churn among wellness participants, and stronger NPS from members who feel their insurer invested in their health.
HIPAA-compliant, GDPR-aligned, TLS encryption, SSE-S3 at rest. Photos deleted post-processing.","Anna — one more. Members who see their body changing are members who stay. FitXpress gives Bupa Australia members a visual health tracking tool they'll use monthly. 96-97% accuracy vs manual measurements, 45 seconds. For preventive health programs: retention through visible results. 15-minute walkthrough?","Anna — leaving this here. If verified body progress tracking for Bupa Australia members ever becomes relevant, I'm available."
,,Medibank,"Head of Homecare, Health Prevention and Specialist Partnerships",,,"Lintyn, Medibank — members join health programs with good intentions, then drop off. Remote body scanning with visual progress changes that dynamic.","Thanks for accepting. I'm from 3DLOOK — FitXpress captures clinical-grade body measurements (80+ metrics + body composition) from two smartphone photos in 45 seconds.
For Medibank, the preventive health opportunity is turning wellness programs from a cost center into a retention engine. Members who actively track their health progress are less likely to switch insurers. The challenge is giving them tracking tools they'll actually use. FitXpress delivers that: two photos, 45 seconds, a detailed 3D model with body composition breakdown. 96-97% accuracy vs manual measurements means the data is trustworthy. The visual progress comparison means members stay engaged month after month. For a health insurer, that's measurable ROI: higher program completion rates, lower churn among wellness participants, and stronger NPS from members who feel their insurer invested in their health.
HIPAA-compliant, GDPR-aligned, TLS encryption, SSE-S3 at rest. Photos deleted post-processing.","Lintyn — one more. Members who see their body changing are members who stay. FitXpress gives Medibank members a visual health tracking tool they'll use monthly. 96-97% accuracy vs manual measurements, 45 seconds. For preventive health programs: retention through visible results. 15-minute walkthrough?","Lintyn — leaving this here. If verified body progress tracking for Medibank members ever becomes relevant, I'm available."
,,Bupa Australia,Head of Strategic Workforce Programs,,,"Nicola, health programs at Bupa Australia — preventive care lives or dies on member engagement. Verified body progress tracking gives members a reason to stay in the program.","Thanks for accepting. I'm from 3DLOOK — FitXpress captures clinical-grade body measurements (80+ metrics + body composition) from two smartphone photos in 45 seconds.
For Bupa Australia's member health programs, the missing piece is objective progress data that members can see and trust. Self-reported weight is unreliable. Gym check-ins track attendance, not outcomes. FitXpress provides verified body measurement that captures actual physical change: body fat percentage trends, lean mass changes, measurement reductions across 80+ data points. The 3D model with side-by-side comparison gives members an undeniable view of their progress. This isn't gamification — it's clinical-grade measurement presented in a way that drives sustained engagement. 96-97% accuracy vs manual measurements, 95%+ repeatability across scans.
HIPAA-compliant, GDPR-aligned, TLS encryption, SSE-S3 at rest. Photos deleted post-processing. Zero personal identifiers — body data only.","Nicola — one more. Members who see their body changing are members who stay. FitXpress gives Bupa Australia members a visual health tracking tool they'll use monthly. 96-97% accuracy vs manual measurements, 45 seconds. For preventive health programs: retention through visible results. 15-minute walkthrough?","Nicola — final one. If visual body progress as a member retention tool becomes relevant for Bupa Australia's health programs, reach out."
,,Bupa Australia,General Manager,,,"Ezra, Bupa Australia wellness strategy — member engagement is the metric that matters. Remote body measurement with progress visualization turns a clinical task into a member experience.","Thanks for accepting. I'm from 3DLOOK — FitXpress captures clinical-grade body measurements (80+ metrics + body composition) from two smartphone photos in 45 seconds.
For Bupa Australia's preventive health programs, the member engagement challenge is real: people sign up, do a few check-ins, then disappear. The problem isn't motivation — it's that progress feels invisible. A scale number changes slowly. A waist measurement tape is awkward. FitXpress changes the feedback loop: members take two photos on their phone every 30 days, and get a 3D body model showing exactly where their body changed — side by side with their previous scan. 96-97% accuracy vs manual measurements, full body composition data. The Yazen case study proves the retention impact: 34,000 scans in 2025, and the side-by-side 3D visualization is their #1 retention feature.
HIPAA-compliant, GDPR-aligned, TLS encryption, SSE-S3 at rest. Photos deleted post-processing. Zero personal identifiers — body data only.","Ezra — specifically on member retention. FitXpress turns body measurement into an engagement feature: 3D progress visualization that members actually look forward to. 96-97% accuracy vs manual measurements, 45 seconds from their phone. For Bupa Australia health programs: a retention tool disguised as a member benefit. 15 minutes?","Ezra — leaving this here. If verified body progress tracking for Bupa Australia members ever becomes relevant, I'm available."
,,HCF Australia,Head of Innovation,,,"Tom, HCF Australia digital strategy — telehealth and virtual care are growing fast in Australia. But body measurement still defaults to in-person. Remote capture changes the equation.","Thanks for accepting. I'm from 3DLOOK — FitXpress captures clinical-grade body measurements (80+ metrics + body composition) from two smartphone photos in 45 seconds.
Here's why this matters for HCF Australia's digital transformation: verified body data is the clinical anchor that makes virtual health programs defensible. Without it, you're relying on member self-report — which introduces error and undermines program ROI measurement. FitXpress provides audit-ready body measurement data captured remotely. For a health insurer, that means you can prove that your digital wellness programs actually produce measurable physical outcomes — not just engagement metrics.
HIPAA-compliant, GDPR-aligned, TLS encryption, SSE-S3 at rest. Photos deleted post-processing. Zero personal identifiers — body data only.","Tom — specifically on the measurement gap. HCF Australia has the digital infrastructure. What's missing is remote body measurement that's accurate enough for clinical use and simple enough for member adoption. FitXpress delivers both: 96-97% accuracy vs manual measurements, 45 seconds. 15-minute demo?","Tom — leaving this here. If remote body measurement API integration ever becomes relevant for HCF Australia's product roadmap, I'm available."
,,Bupa Australia,Head of Marketing - Customer,,,"Briony, Bupa Australia member strategy — the insurers winning on retention are the ones giving members health tools they use monthly. Remote body scanning with visual progress is that kind of tool.","Good to connect. Quick context: I'm from 3DLOOK — FitXpress generates 80+ verified body measurements and composition data from two photos, delivered via API.
For Bupa Australia, the member engagement opportunity with remote body measurement is twofold. First, it's a differentiation play — most Australian health insurers don't offer members a clinical-grade body scanning tool. Second, it's a retention play — members who track their health progress through Bupa Australia build a switching cost that a competitor can't easily replicate. FitXpress delivers the experience: two photos from the member's phone, 45 seconds, a detailed 3D model with body composition data and side-by-side progress comparison. 96-97% accuracy vs manual measurements means the data is trustworthy. The 3D visualization means members actually use it. For Bupa Australia: higher NPS, lower churn, and members who attribute their health journey to their insurer.","Briony — a retention perspective. The members who stay are the ones who feel their insurer invested in their health. FitXpress gives Bupa Australia members a body scanning tool they'll use monthly: 3D model, progress visualization, body composition. Yazen's #1 retention feature. For Bupa Australia: measurable retention lift. 15 minutes to see the member experience?","Briony — final one. If retention through member health tools becomes relevant for Bupa Australia's strategy, reach out anytime."
,,Medibank,Head of Workforce Transformation,,,"Daniel, digital product at Medibank — most health insurers are layering digital services on top of analog measurement. Body data captured remotely closes that last gap.","Appreciate the connection. I'm from 3DLOOK — we built FitXpress to turn two smartphone photos into verified body measurements and composition data in under a minute.
For a health insurer at Medibank's scale, the digital health stack needs three things: member-facing tools that drive engagement, clinical data that's regulator-ready, and integration that doesn't add operational overhead. FitXpress checks all three. Members scan in 45 seconds from their phone and get a 3D model with side-by-side progress visualization — that's the engagement layer. The backend delivers verified measurements with 96-97% accuracy vs manual measurements and an audit trail — that's the compliance layer. The whole thing integrates via API — that's the operational layer.
HIPAA-compliant, GDPR-aligned, TLS encryption, SSE-S3 at rest. Photos deleted post-processing. Zero personal identifiers — body data only.","Daniel — quick thought. FitXpress turns body measurement into an API call: two photos in, 80+ measurements + body composition out. 96-97% accuracy vs manual measurements, HIPAA-compliant, integrates into any digital health stack. For Medibank: verified body data as a product feature. 10 minutes?","Daniel — leaving this here. If remote body measurement API integration ever becomes relevant for Medibank's product roadmap, I'm available."
,,Bupa Australia,General Manager / National Sapphire Services Manager,,,"Gustavo, at Bupa Australia you're shaping how members engage with their health. The missing tool: remote body measurement that shows real, measurable progress — not just steps and calories.","Thanks for connecting. I'm from 3DLOOK — FitXpress captures 80+ body measurements, body composition, and a 3D body model from two smartphone photos in 45 seconds.
For Bupa Australia's preventive health programs, the member engagement challenge is real: people sign up, do a few check-ins, then disappear. The problem isn't motivation — it's that progress feels invisible. A scale number changes slowly. A waist measurement tape is awkward. FitXpress changes the feedback loop: members take two photos on their phone every 30 days, and get a 3D body model showing exactly where their body changed — side by side with their previous scan. 96-97% accuracy vs manual measurements, full body composition data. The Yazen case study proves the retention impact: 34,000 scans in 2025, and the side-by-side 3D visualization is their #1 retention feature.
HIPAA-compliant, GDPR-aligned, TLS encryption, SSE-S3 at rest. Photos deleted post-processing. Zero personal identifiers — body data only.","Gustavo — one more. Members who see their body changing are members who stay. FitXpress gives Bupa Australia members a visual health tracking tool they'll use monthly. 96-97% accuracy vs manual measurements, 45 seconds. For preventive health programs: retention through visible results. 15-minute walkthrough?","Gustavo — last note. If adding visual progress tracking to Bupa Australia's member health programs ever becomes a priority, I'm available."
,,Bupa Australia,Head of Design Capabilities,,,"Benson, at Bupa Australia you know member health outcomes drive retention. The gap: members need to see their progress to stay motivated. Remote body scanning with visual comparison delivers that.","Appreciate the connection. I'm from 3DLOOK — we built FitXpress to turn two smartphone photos into verified body measurements and composition data in under a minute.
For Bupa Australia's member health programs, the missing piece is objective progress data that members can see and trust. Self-reported weight is unreliable. Gym check-ins track attendance, not outcomes. FitXpress provides verified body measurement that captures actual physical change: body fat percentage trends, lean mass changes, measurement reductions across 80+ data points. The 3D model with side-by-side comparison gives members an undeniable view of their progress. This isn't gamification — it's clinical-grade measurement presented in a way that drives sustained engagement. 96-97% accuracy vs manual measurements, 95%+ repeatability across scans.
HIPAA-compliant, GDPR-aligned, TLS encryption, SSE-S3 at rest. Photos deleted post-processing. Zero personal identifiers — body data only.","Benson — a member engagement thought. The insurers winning on retention are the ones giving members visible proof of their health progress. FitXpress delivers that: two photos, 45 seconds, 3D progress visualization. For Bupa Australia wellness programs: higher completion rates, stronger member loyalty. 10 minutes to see the member experience?","Benson — final one. If visual body progress as a member retention tool becomes relevant for Bupa Australia's health programs, reach out."
,,HCF Australia,CEO & MD,,,"Lorraine, HCF Australia member health — the best preventive program is one members stick with. Side-by-side 3D body progress gives them the visual feedback that keeps them engaged.","Appreciate the connection. I'm from 3DLOOK — we built FitXpress to turn two smartphone photos into verified body measurements and composition data in under a minute.
Here's the preventive health insight: members who see their progress stay enrolled. Members who only see a number on a scale drop out. FitXpress delivers that visual progress layer — two photos every 30 days, a 3D model that shows body composition changes that a scale can't capture (fat loss, muscle gain, measurement changes across 80+ data points). For HCF Australia's wellness programs, this means higher completion rates, better health outcomes, and members who attribute their progress directly to their insurer — strengthening retention and NPS.
HIPAA-compliant, GDPR-aligned, TLS encryption, SSE-S3 at rest. Photos deleted post-processing. Zero personal identifiers — body data only.","Lorraine — a member engagement thought. The insurers winning on retention are the ones giving members visible proof of their health progress. FitXpress delivers that: two photos, 45 seconds, 3D progress visualization. For HCF Australia wellness programs: higher completion rates, stronger member loyalty. 15 minutes to see the member experience?","Lorraine — won't keep going. If member engagement through body progress tracking comes up at HCF Australia, happy to show the member experience."
,,Medibank,"Head of Health, Safety and Wellbeing",,,"Erin, Medibank wellness strategy — member engagement is the metric that matters. Remote body measurement with progress visualization turns a clinical task into a member experience.","Thanks for accepting. I'm from 3DLOOK — FitXpress captures clinical-grade body measurements (80+ metrics + body composition) from two smartphone photos in 45 seconds.
For Medibank's member health programs, the missing piece is objective progress data that members can see and trust. Self-reported weight is unreliable. Gym check-ins track attendance, not outcomes. FitXpress provides verified body measurement that captures actual physical change: body fat percentage trends, lean mass changes, measurement reductions across 80+ data points. The 3D model with side-by-side comparison gives members an undeniable view of their progress. This isn't gamification — it's clinical-grade measurement presented in a way that drives sustained engagement. 96-97% accuracy vs manual measurements, 95%+ repeatability across scans.
HIPAA-compliant, GDPR-aligned, TLS encryption, SSE-S3 at rest. Photos deleted post-processing. Zero personal identifiers — body data only.","Erin — specifically on member retention. FitXpress turns body measurement into an engagement feature: 3D progress visualization that members actually look forward to. 96-97% accuracy vs manual measurements, 45 seconds from their phone. For Medibank health programs: a retention tool disguised as a member benefit. 15 minutes?","Erin — last note. If adding visual progress tracking to Medibank's member health programs ever becomes a priority, I'm available."
,,HCF Australia,Head of Digital Analytics,,,"Binnu, HCF Australia digital health roadmap — the shift to virtual care is real. But body measurement data is still manual. A 45-second remote scan fills that gap.","Appreciate the connection. I'm from 3DLOOK — we built FitXpress to turn two smartphone photos into verified body measurements and composition data in under a minute.
For a health insurer at HCF Australia's scale, the digital health stack needs three things: member-facing tools that drive engagement, clinical data that's regulator-ready, and integration that doesn't add operational overhead. FitXpress checks all three. Members scan in 45 seconds from their phone and get a 3D model with side-by-side progress visualization — that's the engagement layer. The backend delivers verified measurements with 96-97% accuracy vs manual measurements and an audit trail — that's the compliance layer. The whole thing integrates via API — that's the operational layer.
HIPAA-compliant, GDPR-aligned, TLS encryption, SSE-S3 at rest. Photos deleted post-processing. Zero personal identifiers — body data only.","Binnu — specifically on the measurement gap. HCF Australia has the digital infrastructure. What's missing is remote body measurement that's accurate enough for clinical use and simple enough for member adoption. FitXpress delivers both: 96-97% accuracy vs manual measurements, 45 seconds. 15-minute demo?","Binnu — won't keep going. If verified body measurement as a digital health capability comes up at HCF Australia, happy to show how it works."
,,Bupa Australia,General Manager,,,"Shaun, Bupa Australia wellness strategy — member engagement is the metric that matters. Remote body measurement with progress visualization turns a clinical task into a member experience.","Thanks for connecting. I'm from 3DLOOK — FitXpress captures 80+ body measurements, body composition, and a 3D body model from two smartphone photos in 45 seconds.
Here's the preventive health insight: members who see their progress stay enrolled. Members who only see a number on a scale drop out. FitXpress delivers that visual progress layer — two photos every 30 days, a 3D model that shows body composition changes that a scale can't capture (fat loss, muscle gain, measurement changes across 80+ data points). For Bupa Australia's wellness programs, this means higher completion rates, better health outcomes, and members who attribute their progress directly to their insurer — strengthening retention and NPS.
HIPAA-compliant, GDPR-aligned, TLS encryption, SSE-S3 at rest. Photos deleted post-processing. Zero personal identifiers — body data only.","Shaun — quick thought on preventive health engagement. FitXpress transforms body measurement from a clinical task into a member experience: 3D model, side-by-side progress comparison, full body composition. Yazen saw retention skyrocket when they added this. For Bupa Australia: measurable engagement lift for wellness programs. Worth 15 minutes?","Shaun — leaving this here. If verified body progress tracking for Bupa Australia members ever becomes relevant, I'm available."
,,Medibank,Global Group Executive Chairman,,,"Sean, Medibank digital health roadmap — the shift to virtual care is real. But body measurement data is still manual. A 45-second remote scan fills that gap.","Thanks for connecting. I'm from 3DLOOK — FitXpress captures 80+ body measurements, body composition, and a 3D body model from two smartphone photos in 45 seconds.
For Medibank's product roadmap, remote body measurement fills a specific gap in the digital health experience. Members enrolled in wellness programs, weight management, or post-surgical recovery need regular body measurement data — but current options are either clinic visits (low compliance) or self-report (low accuracy). FitXpress delivers 96-97% accuracy vs manual measurements from two photos, with full body composition including body fat percentage and lean mass. The data flows via API into whatever system Medibank uses to track member health outcomes.
HIPAA-compliant, GDPR-aligned, TLS encryption, SSE-S3 at rest. Photos deleted post-processing. Zero personal identifiers — body data only.","Sean — one more. The insurers winning on digital engagement are the ones closing the gap between virtual tools and physical health data. FitXpress provides verified body measurement via API — 80+ metrics, body composition, 96-97% accuracy vs manual measurements. For Medibank's digital health strategy: remote measurement that members actually use and clinical teams trust. Worth 15 minutes?","Sean — final one. If the body measurement gap in Medibank's digital health experience becomes a priority, reach out anytime."
,,Bupa Australia,Head of Wellbeing and Injury Management,,,"Nathan, at Bupa Australia you know member health outcomes drive retention. The gap: members need to see their progress to stay motivated. Remote body scanning with visual comparison delivers that.","Thanks for accepting. I'm from 3DLOOK — FitXpress captures clinical-grade body measurements (80+ metrics + body composition) from two smartphone photos in 45 seconds.
For Bupa Australia's member health programs, the missing piece is objective progress data that members can see and trust. Self-reported weight is unreliable. Gym check-ins track attendance, not outcomes. FitXpress provides verified body measurement that captures actual physical change: body fat percentage trends, lean mass changes, measurement reductions across 80+ data points. The 3D model with side-by-side comparison gives members an undeniable view of their progress. This isn't gamification — it's clinical-grade measurement presented in a way that drives sustained engagement. 96-97% accuracy vs manual measurements, 95%+ repeatability across scans.
HIPAA-compliant, GDPR-aligned, TLS encryption, SSE-S3 at rest. Photos deleted post-processing. Zero personal identifiers — body data only.","Nathan — quick thought on preventive health engagement. FitXpress transforms body measurement from a clinical task into a member experience: 3D model, side-by-side progress comparison, full body composition. Yazen saw retention skyrocket when they added this. For Bupa Australia: measurable engagement lift for wellness programs. Worth 15 minutes?","Nathan — last note. If adding visual progress tracking to Bupa Australia's member health programs ever becomes a priority, I'm available."
,,Bupa Australia,Director - Primary Care,,,"Scott, you lead digital product at Bupa Australia. The disconnect between digital health tools and physical measurement data is a weak point in most insurer stacks. We solve exactly that.","Thanks for connecting. I'm from 3DLOOK — FitXpress captures 80+ body measurements, body composition, and a 3D body model from two smartphone photos in 45 seconds.
For a health insurer at Bupa Australia's scale, the digital health stack needs three things: member-facing tools that drive engagement, clinical data that's regulator-ready, and integration that doesn't add operational overhead. FitXpress checks all three. Members scan in 45 seconds from their phone and get a 3D model with side-by-side progress visualization — that's the engagement layer. The backend delivers verified measurements with 96-97% accuracy vs manual measurements and an audit trail — that's the compliance layer. The whole thing integrates via API — that's the operational layer.
HIPAA-compliant, GDPR-aligned, TLS encryption, SSE-S3 at rest. Photos deleted post-processing. Zero personal identifiers — body data only.","Scott — specifically on the measurement gap. Bupa Australia has the digital infrastructure. What's missing is remote body measurement that's accurate enough for clinical use and simple enough for member adoption. FitXpress delivers both: 96-97% accuracy vs manual measurements, 45 seconds. 15-minute demo?","Scott — won't keep going. If verified body measurement as a digital health capability comes up at Bupa Australia, happy to show how it works."
,,Bupa Australia,Head of Workforce Optimisation - Bupa Villages and Aged Care Australia,,,"Sam, Bupa Australia wellness strategy — member engagement is the metric that matters. Remote body measurement with progress visualization turns a clinical task into a member experience.","Thanks for accepting. I'm from 3DLOOK — FitXpress captures clinical-grade body measurements (80+ metrics + body composition) from two smartphone photos in 45 seconds.
For Bupa Australia, the preventive health opportunity is turning wellness programs from a cost center into a retention engine. Members who actively track their health progress are less likely to switch insurers. The challenge is giving them tracking tools they'll actually use. FitXpress delivers that: two photos, 45 seconds, a detailed 3D model with body composition breakdown. 96-97% accuracy vs manual measurements means the data is trustworthy. The visual progress comparison means members stay engaged month after month. For a health insurer, that's measurable ROI: higher program completion rates, lower churn among wellness participants, and stronger NPS from members who feel their insurer invested in their health.
HIPAA-compliant, GDPR-aligned, TLS encryption, SSE-S3 at rest. Photos deleted post-processing.","Sam — a member engagement thought. The insurers winning on retention are the ones giving members visible proof of their health progress. FitXpress delivers that: two photos, 45 seconds, 3D progress visualization. For Bupa Australia wellness programs: higher completion rates, stronger member loyalty. 15 minutes to see the member experience?","Sam — leaving this here. If verified body progress tracking for Bupa Australia members ever becomes relevant, I'm available."
,,Medibank,"Senior Executive, Group Clinical Governance",,,"Liz, Medibank digital health roadmap — the shift to virtual care is real. But body measurement data is still manual. A 45-second remote scan fills that gap.","Good to connect. Quick context: I'm from 3DLOOK — FitXpress generates 80+ verified body measurements and composition data from two photos, delivered via API.
Here's why this matters for Medibank's digital transformation: verified body data is the clinical anchor that makes virtual health programs defensible. Without it, you're relying on member self-report — which introduces error and undermines program ROI measurement. FitXpress provides audit-ready body measurement data captured remotely. For a health insurer, that means you can prove that your digital wellness programs actually produce measurable physical outcomes — not just engagement metrics.
HIPAA-compliant, GDPR-aligned, TLS encryption, SSE-S3 at rest. Photos deleted post-processing. Zero personal identifiers — body data only.","Liz — a digital health stack thought. Most insurers have digitized claims, telehealth, and member portals. Body measurement is the piece that's still analog. FitXpress fills that gap: 96-97% accuracy vs manual measurements, 45 seconds, API integration. For Medibank: a digital measurement layer that completes the virtual care experience. 15 minutes to walk through the integration?","Liz — leaving this here. If remote body measurement API integration ever becomes relevant for Medibank's product roadmap, I'm available."
,,Mosh,Vice President Clinical Operations,,,"Joanna, Mosh digital health roadmap — the shift to virtual care is real. But body measurement data is still manual. A 45-second remote scan fills that gap.","Thanks for connecting. I'm from 3DLOOK — FitXpress captures 80+ body measurements, body composition, and a 3D body model from two smartphone photos in 45 seconds.
For Mosh's product roadmap, remote body measurement fills a specific gap in the digital health experience. Members enrolled in wellness programs, weight management, or post-surgical recovery need regular body measurement data — but current options are either clinic visits (low compliance) or self-report (low accuracy). FitXpress delivers 96-97% accuracy vs manual measurements from two photos, with full body composition including body fat percentage and lean mass. The data flows via API into whatever system Mosh uses to track member health outcomes.
HIPAA-compliant, GDPR-aligned, TLS encryption, SSE-S3 at rest. Photos deleted post-processing. Zero personal identifiers — body data only.","Joanna — a digital health stack thought. Most platforms have digitized claims, telehealth, and member portals. Body measurement is the piece that's still analog. FitXpress fills that gap: 96-97% accuracy vs manual measurements, 45 seconds, API integration. For Mosh: a digital measurement layer that completes the virtual care experience. 15 minutes to walk through the integration?","Joanna — leaving this here. If remote body measurement API integration ever becomes relevant for Mosh's product roadmap, I'm available."
,,Bupa Australia,Executive Assistant to Managing Director,,,"Rebecca, at Bupa Australia you're shaping how members engage with their health. The missing tool: remote body measurement that shows real, measurable progress — not just steps and calories.","Thanks for connecting. I'm from 3DLOOK — FitXpress captures 80+ body measurements, body composition, and a 3D body model from two smartphone photos in 45 seconds.
Here's the preventive health insight: members who see their progress stay enrolled. Members who only see a number on a scale drop out. FitXpress delivers that visual progress layer — two photos every 30 days, a 3D model that shows body composition changes that a scale can't capture (fat loss, muscle gain, measurement changes across 80+ data points). For Bupa Australia's wellness programs, this means higher completion rates, better health outcomes, and members who attribute their progress directly to their insurer — strengthening retention and NPS.
HIPAA-compliant, GDPR-aligned, TLS encryption, SSE-S3 at rest. Photos deleted post-processing. Zero personal identifiers — body data only.","Rebecca — one more. Members who see their body changing are members who stay. FitXpress gives Bupa Australia members a visual health tracking tool they'll use monthly. 96-97% accuracy vs manual measurements, 45 seconds. For preventive health programs: retention through visible results. 15-minute walkthrough?","Rebecca — won't keep going. If member engagement through body progress tracking comes up at Bupa Australia, happy to show the member experience."
,,Medibank,Member - Mental Health Reference Group,,,"Maria, at Medibank you know retention is the growth lever in health insurance. The members who stay are the ones who feel their health improved because of their insurer. Remote body scanning makes that connection tangible.","Good to connect. Quick context: I'm from 3DLOOK — FitXpress generates 80+ verified body measurements and composition data from two photos, delivered via API.
For Medibank, the member engagement opportunity with remote body measurement is twofold. First, it's a differentiation play — most Australian health insurers don't offer members a clinical-grade body scanning tool. Second, it's a retention play — members who track their health progress through Medibank build a switching cost that a competitor can't easily replicate. FitXpress delivers the experience: two photos from the member's phone, 45 seconds, a detailed 3D model with body composition data and side-by-side progress comparison. 96-97% accuracy vs manual measurements means the data is trustworthy. The 3D visualization means members actually use it. For Medibank: higher NPS, lower churn, and members who attribute their health journey to their insurer.
HIPAA-compliant, GDPR-aligned, TLS encryption, SSE-S3 at rest.","Maria — specifically on retention. Most insurers invest in acquisition, not in giving members a reason to stay. FitXpress is that reason: visual body progress tracking that members attribute to Medibank. 96-97% accuracy vs manual measurements, 45 seconds. 10 minutes?","Maria — leaving this here. If remote body measurement as a member retention tool ever becomes relevant at Medibank, I'm available."
,,Bupa Australia,General Manager Transformation,,,"Kylee, Bupa Australia digital ecosystem — member health tracking is the engagement layer insurers are competing on. Remote body measurement with visual progress gives members a reason to stay engaged.","Good to connect. Quick context: I'm from 3DLOOK — FitXpress generates 80+ verified body measurements and composition data from two photos, delivered via API.
For Bupa Australia's digital health stack, the opportunity is closing the loop between virtual care delivery and physical measurement data. Most insurers have invested in telehealth platforms, member apps, and digital claims — but when a member needs body measurement for a health program, the process still involves a clinic visit or a self-reported scale weight. FitXpress changes that: two photos from the member's phone, 45 seconds, verified measurements with 96-97% accuracy vs manual measurements. The API integrates directly into existing member apps and clinical workflows.
HIPAA-compliant, GDPR-aligned, TLS encryption, SSE-S3 at rest. Photos deleted post-processing. Zero personal identifiers — body data only.","Kylee — quick thought. FitXpress turns body measurement into an API call: two photos in, 80+ measurements + body composition out. 96-97% accuracy vs manual measurements, HIPAA-compliant, integrates into any digital health stack. For Bupa Australia: verified body data as a product feature. 15 minutes?","Kylee — last note from me. If adding remote body measurement to Bupa Australia's digital health stack ever becomes a priority, I'm available."
,,Medibank,New Ventures and AI Product Strategy,,,"Nick, Medibank digital ecosystem — member health tracking is the engagement layer insurers are competing on. Remote body measurement with visual progress gives members a reason to stay engaged.","Good to connect. Quick context: I'm from 3DLOOK — FitXpress generates 80+ verified body measurements and composition data from two photos, delivered via API.
For Medibank's digital health stack, the opportunity is closing the loop between virtual care delivery and physical measurement data. Most insurers have invested in telehealth platforms, member apps, and digital claims — but when a member needs body measurement for a health program, the process still involves a clinic visit or a self-reported scale weight. FitXpress changes that: two photos from the member's phone, 45 seconds, verified measurements with 96-97% accuracy vs manual measurements. The API integrates directly into existing member apps and clinical workflows.
HIPAA-compliant, GDPR-aligned, TLS encryption, SSE-S3 at rest. Photos deleted post-processing. Zero personal identifiers — body data only.","Nick — quick thought. FitXpress turns body measurement into an API call: two photos in, 80+ measurements + body composition out. 96-97% accuracy vs manual measurements, HIPAA-compliant, integrates into any digital health stack. For Medibank: verified body data as a product feature. 10 minutes?","Nick — final one. If the body measurement gap in Medibank's digital health experience becomes a priority, reach out anytime."
,,HCF Australia,Chair,,,"Annette, digital product at HCF Australia — most health insurers are layering digital services on top of analog measurement. Body data captured remotely closes that last gap.","Good to connect. Quick context: I'm from 3DLOOK — FitXpress generates 80+ verified body measurements and composition data from two photos, delivered via API.
Here's why this matters for HCF Australia's digital transformation: verified body data is the clinical anchor that makes virtual health programs defensible. Without it, you're relying on member self-report — which introduces error and undermines program ROI measurement. FitXpress provides audit-ready body measurement data captured remotely. For a health insurer, that means you can prove that your digital wellness programs actually produce measurable physical outcomes — not just engagement metrics.
HIPAA-compliant, GDPR-aligned, TLS encryption, SSE-S3 at rest. Photos deleted post-processing. Zero personal identifiers — body data only.","Annette — one more. The insurers winning on digital engagement are the ones closing the gap between virtual tools and physical health data. FitXpress provides verified body measurement via API — 80+ metrics, body composition, 96-97% accuracy vs manual measurements. For HCF Australia's digital health strategy: remote measurement that members actually use and clinical teams trust. Worth 10 minutes?","Annette — last note from me. If adding remote body measurement to HCF Australia's digital health stack ever becomes a priority, I'm available."
,,Mosh,Head of Performance,,,"Lee-Helena, product strategy at Mosh — members expect digital-first everything. Body measurement is the clinical data point that's still analog. Remote capture solves that.","Thanks for accepting. I'm from 3DLOOK — FitXpress captures clinical-grade body measurements (80+ metrics + body composition) from two smartphone photos in 45 seconds.
For Mosh's product roadmap, remote body measurement fills a specific gap in the digital health experience. Members enrolled in wellness programs, weight management, or post-surgical recovery need regular body measurement data — but current options are either clinic visits (low compliance) or self-report (low accuracy). FitXpress delivers 96-97% accuracy vs manual measurements from two photos, with full body composition including body fat percentage and lean mass. The data flows via API into whatever system Mosh uses to track member health outcomes.
HIPAA-compliant, GDPR-aligned, TLS encryption, SSE-S3 at rest. Photos deleted post-processing. Zero personal identifiers — body data only.","Lee-Helena — specifically on the measurement gap. Mosh has the digital infrastructure. What's missing is remote body measurement that's accurate enough for clinical use and simple enough for member adoption. FitXpress delivers both: 96-97% accuracy vs manual measurements, 45 seconds. 15-minute demo?","Lee-Helena — leaving this here. If remote body measurement API integration ever becomes relevant for Mosh's product roadmap, I'm available."
,,Bupa Australia,"General Manager, Ancillary Partnerships & Provider Operations",,,"Rob, at Bupa Australia you're building the digital health future. The body measurement piece of that stack — still a gap. Remote scanning from a phone closes it.","Thanks for accepting. I'm from 3DLOOK — FitXpress captures clinical-grade body measurements (80+ metrics + body composition) from two smartphone photos in 45 seconds.
For Bupa Australia's digital health stack, the opportunity is closing the loop between virtual care delivery and physical measurement data. Most insurers have invested in telehealth platforms, member apps, and digital claims — but when a member needs body measurement for a health program, the process still involves a clinic visit or a self-reported scale weight. FitXpress changes that: two photos from the member's phone, 45 seconds, verified measurements with 96-97% accuracy vs manual measurements. The API integrates directly into existing member apps and clinical workflows.
HIPAA-compliant, GDPR-aligned, TLS encryption, SSE-S3 at rest. Photos deleted post-processing. Zero personal identifiers — body data only.","Rob — quick thought. FitXpress turns body measurement into an API call: two photos in, 80+ measurements + body composition out. 96-97% accuracy vs manual measurements, HIPAA-compliant, integrates into any digital health stack. For Bupa Australia: verified body data as a product feature. 15 minutes?","Rob — final one. If the body measurement gap in Bupa Australia's digital health experience becomes a priority, reach out anytime."
,,Mosh,Data & Analytics Manager,,,"Rafael, product strategy at Mosh — members expect digital-first everything. Body measurement is the clinical data point that's still analog. Remote capture solves that.","Appreciate the connection. I'm from 3DLOOK — we built FitXpress to turn two smartphone photos into verified body measurements and composition data in under a minute.
For Mosh's product roadmap, remote body measurement fills a specific gap in the digital health experience. Members enrolled in wellness programs, weight management, or post-surgical recovery need regular body measurement data — but current options are either clinic visits (low compliance) or self-report (low accuracy). FitXpress delivers 96-97% accuracy vs manual measurements from two photos, with full body composition including body fat percentage and lean mass. The data flows via API into whatever system Mosh uses to track member health outcomes.
HIPAA-compliant, GDPR-aligned, TLS encryption, SSE-S3 at rest. Photos deleted post-processing. Zero personal identifiers — body data only.","Rafael — a digital health stack thought. Most platforms have digitized claims, telehealth, and member portals. Body measurement is the piece that's still analog. FitXpress fills that gap: 96-97% accuracy vs manual measurements, 45 seconds, API integration. For Mosh: a digital measurement layer that completes the virtual care experience. 10 minutes to walk through the integration?","Rafael — last note from me. If adding remote body measurement to Mosh's digital health stack ever becomes a priority, I'm available."
,,HCF Australia,Head of Delivery,,,"Samantha, HCF Australia preventive health — Australia's health insurers are competing on wellness program engagement. The differentiator: showing members real, visible progress they can track.","Thanks for accepting. I'm from 3DLOOK — FitXpress captures clinical-grade body measurements (80+ metrics + body composition) from two smartphone photos in 45 seconds.
For HCF Australia's member health programs, the missing piece is objective progress data that members can see and trust. Self-reported weight is unreliable. Gym check-ins track attendance, not outcomes. FitXpress provides verified body measurement that captures actual physical change: body fat percentage trends, lean mass changes, measurement reductions across 80+ data points. The 3D model with side-by-side comparison gives members an undeniable view of their progress. This isn't gamification — it's clinical-grade measurement presented in a way that drives sustained engagement. 96-97% accuracy vs manual measurements, 95%+ repeatability across scans.
HIPAA-compliant, GDPR-aligned, TLS encryption, SSE-S3 at rest. Photos deleted post-processing. Zero personal identifiers — body data only.","Samantha — specifically on member retention. FitXpress turns body measurement into an engagement feature: 3D progress visualization that members actually look forward to. 96-97% accuracy vs manual measurements, 45 seconds from their phone. For HCF Australia health programs: a retention tool disguised as a member benefit. 10 minutes?","Samantha — won't keep going. If member engagement through body progress tracking comes up at HCF Australia, happy to show the member experience."
,,Medibank,Head of Strategy and Development,,,"Rob, member growth at Medibank — health insurers compete on retention, and retention hinges on members feeling their insurer actively invests in their health. A visual body tracking tool delivers that.","Appreciate the connection. I'm from 3DLOOK — we built FitXpress to turn two smartphone photos into verified body measurements and composition data in under a minute.
For Medibank's member engagement strategy, the retention math is simple: members who actively use their insurer's health tools are significantly less likely to switch. The challenge is giving them tools they'll actually use — not another generic wellness app. FitXpress fills that gap with something genuinely compelling: a 3D body scan from two photos that shows members exactly how their body is changing over time. Body fat percentage going down, lean mass going up, measurements shifting across 80+ data points — all visualized side by side with their previous scan. Yazen, a European weight loss platform, ran 34,000 scans in 2025. Their patients scan every 30 days, and the side-by-side 3D visualization is their #1 retention feature. For a health insurer, that's the engagement metric that directly impacts lifetime value.",Rob — quick thought. Health insurer retention is hard because there's no positive monthly touchpoint. FitXpress creates one: a 45-second body scan showing members their progress visually. Members who scan monthly renew. For Medibank: a retention tool that members actually want to use. Worth 10 minutes?,"Rob — last note. If giving Medibank members a body scanning tool that drives retention ever becomes a priority, I'm available."
,,Medibank,"Head of Operations, Core Customer Systems",,,"Dean, digital product at Medibank — most health insurers are layering digital services on top of analog measurement. Body data captured remotely closes that last gap.","Good to connect. Quick context: I'm from 3DLOOK — FitXpress generates 80+ verified body measurements and composition data from two photos, delivered via API.
For Medibank's product roadmap, remote body measurement fills a specific gap in the digital health experience. Members enrolled in wellness programs, weight management, or post-surgical recovery need regular body measurement data — but current options are either clinic visits (low compliance) or self-report (low accuracy). FitXpress delivers 96-97% accuracy vs manual measurements from two photos, with full body composition including body fat percentage and lean mass. The data flows via API into whatever system Medibank uses to track member health outcomes.
HIPAA-compliant, GDPR-aligned, TLS encryption, SSE-S3 at rest. Photos deleted post-processing. Zero personal identifiers — body data only.","Dean — one more. The insurers winning on digital engagement are the ones closing the gap between virtual tools and physical health data. FitXpress provides verified body measurement via API — 80+ metrics, body composition, 96-97% accuracy vs manual measurements. For Medibank's digital health strategy: remote measurement that members actually use and clinical teams trust. Worth 15 minutes?","Dean — final one. If the body measurement gap in Medibank's digital health experience becomes a priority, reach out anytime."
,,Amplar Health,Chief Executive Amplar Health Home Hospital,,,"Sarah, you're driving digital transformation at Amplar Health. One thing most digital health stacks miss: verified body measurement without a clinic visit. That gap is fixable.","Thanks for accepting. I'm from 3DLOOK — FitXpress captures clinical-grade body measurements (80+ metrics + body composition) from two smartphone photos in 45 seconds.
Here's why this matters for Amplar Health's digital transformation: verified body data is the clinical anchor that makes virtual health programs defensible. Without it, you're relying on member self-report — which introduces error and undermines program ROI measurement. FitXpress provides audit-ready body measurement data captured remotely. For a digital health company, that means you can prove that your digital wellness programs actually produce measurable physical outcomes — not just engagement metrics.
HIPAA-compliant, GDPR-aligned, TLS encryption, SSE-S3 at rest. Photos deleted post-processing. Zero personal identifiers — body data only.","Sarah — specifically on the measurement gap. Amplar Health has the digital infrastructure. What's missing is remote body measurement that's accurate enough for clinical use and simple enough for member adoption. FitXpress delivers both: 96-97% accuracy vs manual measurements, 45 seconds. 15-minute demo?","Sarah — last note from me. If adding remote body measurement to Amplar Health's digital health stack ever becomes a priority, I'm available."
,,HCF Australia,Head of Product,,,"Crystal, at HCF Australia you're building the digital health future. The body measurement piece of that stack — still a gap. Remote scanning from a phone closes it.","Thanks for connecting. I'm from 3DLOOK — FitXpress captures 80+ body measurements, body composition, and a 3D body model from two smartphone photos in 45 seconds.
For HCF Australia's product roadmap, remote body measurement fills a specific gap in the digital health experience. Members enrolled in wellness programs, weight management, or post-surgical recovery need regular body measurement data — but current options are either clinic visits (low compliance) or self-report (low accuracy). FitXpress delivers 96-97% accuracy vs manual measurements from two photos, with full body composition including body fat percentage and lean mass. The data flows via API into whatever system HCF Australia uses to track member health outcomes.
HIPAA-compliant, GDPR-aligned, TLS encryption, SSE-S3 at rest. Photos deleted post-processing. Zero personal identifiers — body data only.","Crystal — specifically on the measurement gap. HCF Australia has the digital infrastructure. What's missing is remote body measurement that's accurate enough for clinical use and simple enough for member adoption. FitXpress delivers both: 96-97% accuracy vs manual measurements, 45 seconds. 15-minute demo?","Crystal — won't keep going. If verified body measurement as a digital health capability comes up at HCF Australia, happy to show how it works."
,,InstantScripts,Medical Director InstantCosmetics,,,"Built, product strategy at InstantScripts — members expect digital-first everything. Body measurement is the clinical data point that's still analog. Remote capture solves that.","Good to connect. Quick context: I'm from 3DLOOK — FitXpress generates 80+ verified body measurements and composition data from two photos, delivered via API.
For InstantScripts's digital health stack, the opportunity is closing the loop between virtual care delivery and physical measurement data. Most platforms have invested in telehealth platforms, member apps, and digital claims — but when a member needs body measurement for a health program, the process still involves a clinic visit or a self-reported scale weight. FitXpress changes that: two photos from the member's phone, 45 seconds, verified measurements with 96-97% accuracy vs manual measurements. The API integrates directly into existing member apps and clinical workflows.
HIPAA-compliant, GDPR-aligned, TLS encryption, SSE-S3 at rest. Photos deleted post-processing. Zero personal identifiers — body data only.","Built — specifically on the measurement gap. InstantScripts has the digital infrastructure. What's missing is remote body measurement that's accurate enough for clinical use and simple enough for member adoption. FitXpress delivers both: 96-97% accuracy vs manual measurements, 45 seconds. 15-minute demo?","Built — leaving this here. If remote body measurement API integration ever becomes relevant for InstantScripts's product roadmap, I'm available."
,,Medibank,Head of Digital Workplace Optimisation,,,"Dan, product strategy at Medibank — members expect digital-first everything. Body measurement is the clinical data point that's still analog. Remote capture solves that.","Good to connect. Quick context: I'm from 3DLOOK — FitXpress generates 80+ verified body measurements and composition data from two photos, delivered via API.
For Medibank's product roadmap, remote body measurement fills a specific gap in the digital health experience. Members enrolled in wellness programs, weight management, or post-surgical recovery need regular body measurement data — but current options are either clinic visits (low compliance) or self-report (low accuracy). FitXpress delivers 96-97% accuracy vs manual measurements from two photos, with full body composition including body fat percentage and lean mass. The data flows via API into whatever system Medibank uses to track member health outcomes.
HIPAA-compliant, GDPR-aligned, TLS encryption, SSE-S3 at rest. Photos deleted post-processing. Zero personal identifiers — body data only.","Dan — a digital health stack thought. Most insurers have digitized claims, telehealth, and member portals. Body measurement is the piece that's still analog. FitXpress fills that gap: 96-97% accuracy vs manual measurements, 45 seconds, API integration. For Medibank: a digital measurement layer that completes the virtual care experience. 15 minutes to walk through the integration?","Dan — leaving this here. If remote body measurement API integration ever becomes relevant for Medibank's product roadmap, I'm available."
,,Bupa Australia,Technology Domain Manager - MarTech,,,"Mark, Bupa Australia digital ecosystem — member health tracking is the engagement layer insurers are competing on. Remote body measurement with visual progress gives members a reason to stay engaged.","Thanks for accepting. I'm from 3DLOOK — FitXpress captures clinical-grade body measurements (80+ metrics + body composition) from two smartphone photos in 45 seconds.
Here's why this matters for Bupa Australia's digital transformation: verified body data is the clinical anchor that makes virtual health programs defensible. Without it, you're relying on member self-report — which introduces error and undermines program ROI measurement. FitXpress provides audit-ready body measurement data captured remotely. For a health insurer, that means you can prove that your digital wellness programs actually produce measurable physical outcomes — not just engagement metrics.
HIPAA-compliant, GDPR-aligned, TLS encryption, SSE-S3 at rest. Photos deleted post-processing. Zero personal identifiers — body data only.","Mark — quick thought. FitXpress turns body measurement into an API call: two photos in, 80+ measurements + body composition out. 96-97% accuracy vs manual measurements, HIPAA-compliant, integrates into any digital health stack. For Bupa Australia: verified body data as a product feature. 10 minutes?","Mark — last note from me. If adding remote body measurement to Bupa Australia's digital health stack ever becomes a priority, I'm available."
,,Mosh,Non Executive Director,,,"Don, Mosh digital strategy — telehealth and virtual care are growing fast in Australia. But body measurement still defaults to in-person. Remote capture changes the equation.","Appreciate the connection. I'm from 3DLOOK — we built FitXpress to turn two smartphone photos into verified body measurements and composition data in under a minute.
For Mosh's digital health stack, the opportunity is closing the loop between virtual care delivery and physical measurement data. Most platforms have invested in telehealth platforms, member apps, and digital claims — but when a member needs body measurement for a health program, the process still involves a clinic visit or a self-reported scale weight. FitXpress changes that: two photos from the member's phone, 45 seconds, verified measurements with 96-97% accuracy vs manual measurements. The API integrates directly into existing member apps and clinical workflows.
HIPAA-compliant, GDPR-aligned, TLS encryption, SSE-S3 at rest. Photos deleted post-processing. Zero personal identifiers — body data only.","Don — a digital health stack thought. Most platforms have digitized claims, telehealth, and member portals. Body measurement is the piece that's still analog. FitXpress fills that gap: 96-97% accuracy vs manual measurements, 45 seconds, API integration. For Mosh: a digital measurement layer that completes the virtual care experience. 10 minutes to walk through the integration?","Don — last note from me. If adding remote body measurement to Mosh's digital health stack ever becomes a priority, I'm available."
,,Medibank,"Head of Risk and Management Assurance, Healthcare & Strategy Division",,,"Marco, you lead assurance programs at Medibank. Digital body measurement introduces a data governance question: how do you verify the inputs feeding health program decisions? Audit-ready records answer that.","Appreciate the connection. I'm from 3DLOOK — FitXpress generates verified body measurements from two photos, built from the ground up for regulated health environments.
For Medibank's regulatory programs, the question when adding digital health tools is: can we defend the data? FitXpress was designed for exactly that standard. Every measurement is timestamped, every scan produces an audit-ready record. TLS encryption in transit, AWS SSE-S3 at rest — encryption is always on, not configurable. Photos are deleted immediately after processing or within 30 days per client policy. Zero personal identifiers are processed — only body data. The UK Meds case study demonstrates the real-world application: they integrated FitXpress into their pharmacy checkout flow for BMI verification before dispensing weight-loss medication. The Smart Scales feature automatically flags self-reported weight mismatches, cutting manual review time while keeping the audit trail regulator-ready.","Marco — a compliance perspective. As Medibank adds digital health tools, the measurement data feeding those tools needs to be defensible. FitXpress provides audit-ready body measurement: timestamped records, immutable data, zero PII, encryption always on. UK Meds uses it for regulated pharmacy dispensing. For Medibank: body measurement data you can stand behind. 15 minutes to review the compliance architecture?","Marco — final one. If regulatory-grade body measurement data becomes relevant for Medibank's health programs, reach out anytime."
,,Bupa Australia,"Director, External Communications at Bupa APAC",,,"Katherine, at Bupa Australia you're building the digital health future. The body measurement piece of that stack — still a gap. Remote scanning from a phone closes it.","Thanks for connecting. I'm from 3DLOOK — FitXpress captures 80+ body measurements, body composition, and a 3D body model from two smartphone photos in 45 seconds.
For Bupa Australia's product roadmap, remote body measurement fills a specific gap in the digital health experience. Members enrolled in wellness programs, weight management, or post-surgical recovery need regular body measurement data — but current options are either clinic visits (low compliance) or self-report (low accuracy). FitXpress delivers 96-97% accuracy vs manual measurements from two photos, with full body composition including body fat percentage and lean mass. The data flows via API into whatever system Bupa Australia uses to track member health outcomes.
HIPAA-compliant, GDPR-aligned, TLS encryption, SSE-S3 at rest. Photos deleted post-processing. Zero personal identifiers — body data only.","Katherine — one more. The insurers winning on digital engagement are the ones closing the gap between virtual tools and physical health data. FitXpress provides verified body measurement via API — 80+ metrics, body composition, 96-97% accuracy vs manual measurements. For Bupa Australia's digital health strategy: remote measurement that members actually use and clinical teams trust. Worth 15 minutes?","Katherine — won't keep going. If verified body measurement as a digital health capability comes up at Bupa Australia, happy to show how it works."
,,HCF Australia,Head of Enterprise Architecture,,,"David, you're focused on health outcomes at HCF Australia. The retention problem in wellness programs: members don't see results fast enough. A 3D body scan that shows progress visually solves that.","Good to connect. Quick context: I'm from 3DLOOK — FitXpress generates 80+ verified body measurements and composition data from two photos, delivered via API.
For HCF Australia's member health programs, the missing piece is objective progress data that members can see and trust. Self-reported weight is unreliable. Gym check-ins track attendance, not outcomes. FitXpress provides verified body measurement that captures actual physical change: body fat percentage trends, lean mass changes, measurement reductions across 80+ data points. The 3D model with side-by-side comparison gives members an undeniable view of their progress. This isn't gamification — it's clinical-grade measurement presented in a way that drives sustained engagement. 96-97% accuracy vs manual measurements, 95%+ repeatability across scans.
HIPAA-compliant, GDPR-aligned, TLS encryption, SSE-S3 at rest. Photos deleted post-processing. Zero personal identifiers — body data only.","David — a member engagement thought. The insurers winning on retention are the ones giving members visible proof of their health progress. FitXpress delivers that: two photos, 45 seconds, 3D progress visualization. For HCF Australia wellness programs: higher completion rates, stronger member loyalty. 10 minutes to see the member experience?","David — final one. If visual body progress as a member retention tool becomes relevant for HCF Australia's health programs, reach out."
,,Medibank,Head of Provider Strategy,,,"Andrea, at Medibank you drive growth through member experience. The insight: members who see their body changing because of their insurer's tools become your best retention stories.","Appreciate the connection. I'm from 3DLOOK — we built FitXpress to turn two smartphone photos into verified body measurements and composition data in under a minute.
For Medibank, the member engagement opportunity with remote body measurement is twofold. First, it's a differentiation play — most Australian health insurers don't offer members a clinical-grade body scanning tool. Second, it's a retention play — members who track their health progress through Medibank build a switching cost that a competitor can't easily replicate. FitXpress delivers the experience: two photos from the member's phone, 45 seconds, a detailed 3D model with body composition data and side-by-side progress comparison. 96-97% accuracy vs manual measurements means the data is trustworthy. The 3D visualization means members actually use it. For Medibank: higher NPS, lower churn, and members who attribute their health journey to their insurer.
HIPAA-compliant, GDPR-aligned, TLS encryption, SSE-S3 at rest.","Andrea — one more on member engagement. FitXpress turns body measurement into a monthly member ritual: two photos, 3D progress model, body composition breakdown. 96-97% accuracy vs manual measurements, 45 seconds. For Medibank: NPS and retention through visible health progress. 15-minute walkthrough?","Andrea — leaving this here. If remote body measurement as a member retention tool ever becomes relevant at Medibank, I'm available."
,,Mosh,Medical Director,,,"Tushar, product strategy at Mosh — members expect digital-first everything. Body measurement is the clinical data point that's still analog. Remote capture solves that.","Good to connect. Quick context: I'm from 3DLOOK — FitXpress generates 80+ verified body measurements and composition data from two photos, delivered via API.
For a digital health company at Mosh's scale, the digital health stack needs three things: member-facing tools that drive engagement, clinical data that's regulator-ready, and integration that doesn't add operational overhead. FitXpress checks all three. Members scan in 45 seconds from their phone and get a 3D model with side-by-side progress visualization — that's the engagement layer. The backend delivers verified measurements with 96-97% accuracy vs manual measurements and an audit trail — that's the compliance layer. The whole thing integrates via API — that's the operational layer.
HIPAA-compliant, GDPR-aligned, TLS encryption, SSE-S3 at rest. Photos deleted post-processing. Zero personal identifiers — body data only.","Tushar — one more. The platforms winning on digital engagement are the ones closing the gap between virtual tools and physical health data. FitXpress provides verified body measurement via API — 80+ metrics, body composition, 96-97% accuracy vs manual measurements. For Mosh's digital health strategy: remote measurement that members actually use and clinical teams trust. Worth 15 minutes?","Tushar — won't keep going. If verified body measurement as a digital health capability comes up at Mosh, happy to show how it works."
,,Medibank,Head of Employee Technology Operations,,,"Tim, Medibank digital strategy — telehealth and virtual care are growing fast in Australia. But body measurement still defaults to in-person. Remote capture changes the equation.","Thanks for accepting. I'm from 3DLOOK — FitXpress captures clinical-grade body measurements (80+ metrics + body composition) from two smartphone photos in 45 seconds.
Here's why this matters for Medibank's digital transformation: verified body data is the clinical anchor that makes virtual health programs defensible. Without it, you're relying on member self-report — which introduces error and undermines program ROI measurement. FitXpress provides audit-ready body measurement data captured remotely. For a health insurer, that means you can prove that your digital wellness programs actually produce measurable physical outcomes — not just engagement metrics.
HIPAA-compliant, GDPR-aligned, TLS encryption, SSE-S3 at rest. Photos deleted post-processing. Zero personal identifiers — body data only.","Tim — one more. The insurers winning on digital engagement are the ones closing the gap between virtual tools and physical health data. FitXpress provides verified body measurement via API — 80+ metrics, body composition, 96-97% accuracy vs manual measurements. For Medibank's digital health strategy: remote measurement that members actually use and clinical teams trust. Worth 10 minutes?","Tim — last note from me. If adding remote body measurement to Medibank's digital health stack ever becomes a priority, I'm available."
,,HCF Australia,Non Executive Director,,,"Terry, at HCF Australia you're building the digital health future. The body measurement piece of that stack — still a gap. Remote scanning from a phone closes it.","Thanks for connecting. I'm from 3DLOOK — FitXpress captures 80+ body measurements, body composition, and a 3D body model from two smartphone photos in 45 seconds.
For HCF Australia's product roadmap, remote body measurement fills a specific gap in the digital health experience. Members enrolled in wellness programs, weight management, or post-surgical recovery need regular body measurement data — but current options are either clinic visits (low compliance) or self-report (low accuracy). FitXpress delivers 96-97% accuracy vs manual measurements from two photos, with full body composition including body fat percentage and lean mass. The data flows via API into whatever system HCF Australia uses to track member health outcomes.
HIPAA-compliant, GDPR-aligned, TLS encryption, SSE-S3 at rest. Photos deleted post-processing. Zero personal identifiers — body data only.","Terry — one more. The insurers winning on digital engagement are the ones closing the gap between virtual tools and physical health data. FitXpress provides verified body measurement via API — 80+ metrics, body composition, 96-97% accuracy vs manual measurements. For HCF Australia's digital health strategy: remote measurement that members actually use and clinical teams trust. Worth 10 minutes?","Terry — final one. If the body measurement gap in HCF Australia's digital health experience becomes a priority, reach out anytime."
,,Medibank,Head of Leadership,,,"Claire, at Medibank you're shaping how members engage with their health. The missing tool: remote body measurement that shows real, measurable progress — not just steps and calories.","Thanks for accepting. I'm from 3DLOOK — FitXpress captures clinical-grade body measurements (80+ metrics + body composition) from two smartphone photos in 45 seconds.
For Medibank, the preventive health opportunity is turning wellness programs from a cost center into a retention engine. Members who actively track their health progress are less likely to switch insurers. The challenge is giving them tracking tools they'll actually use. FitXpress delivers that: two photos, 45 seconds, a detailed 3D model with body composition breakdown. 96-97% accuracy vs manual measurements means the data is trustworthy. The visual progress comparison means members stay engaged month after month. For a health insurer, that's measurable ROI: higher program completion rates, lower churn among wellness participants, and stronger NPS from members who feel their insurer invested in their health.
HIPAA-compliant, GDPR-aligned, TLS encryption, SSE-S3 at rest. Photos deleted post-processing.","Claire — one more. Members who see their body changing are members who stay. FitXpress gives Medibank members a visual health tracking tool they'll use monthly. 96-97% accuracy vs manual measurements, 45 seconds. For preventive health programs: retention through visible results. 15-minute walkthrough?","Claire — won't keep going. If member engagement through body progress tracking comes up at Medibank, happy to show the member experience."
,,HCF Australia,Chief Officer Member Health,,,"Julie, digital product at HCF Australia — most health insurers are layering digital services on top of analog measurement. Body data captured remotely closes that last gap.","Thanks for connecting. I'm from 3DLOOK — FitXpress captures 80+ body measurements, body composition, and a 3D body model from two smartphone photos in 45 seconds.
Here's why this matters for HCF Australia's digital transformation: verified body data is the clinical anchor that makes virtual health programs defensible. Without it, you're relying on member self-report — which introduces error and undermines program ROI measurement. FitXpress provides audit-ready body measurement data captured remotely. For a health insurer, that means you can prove that your digital wellness programs actually produce measurable physical outcomes — not just engagement metrics.
HIPAA-compliant, GDPR-aligned, TLS encryption, SSE-S3 at rest. Photos deleted post-processing. Zero personal identifiers — body data only.","Julie — quick thought. FitXpress turns body measurement into an API call: two photos in, 80+ measurements + body composition out. 96-97% accuracy vs manual measurements, HIPAA-compliant, integrates into any digital health stack. For HCF Australia: verified body data as a product feature. 15 minutes?","Julie — won't keep going. If verified body measurement as a digital health capability comes up at HCF Australia, happy to show how it works."
,,Bupa Australia,General Manager Health and Wellbeing,,,"Bridget, at Bupa Australia you're shaping how members engage with their health. The missing tool: remote body measurement that shows real, measurable progress — not just steps and calories.","Appreciate the connection. I'm from 3DLOOK — we built FitXpress to turn two smartphone photos into verified body measurements and composition data in under a minute.
Here's the preventive health insight: members who see their progress stay enrolled. Members who only see a number on a scale drop out. FitXpress delivers that visual progress layer — two photos every 30 days, a 3D model that shows body composition changes that a scale can't capture (fat loss, muscle gain, measurement changes across 80+ data points). For Bupa Australia's wellness programs, this means higher completion rates, better health outcomes, and members who attribute their progress directly to their insurer — strengthening retention and NPS.
HIPAA-compliant, GDPR-aligned, TLS encryption, SSE-S3 at rest. Photos deleted post-processing. Zero personal identifiers — body data only.","Bridget — specifically on member retention. FitXpress turns body measurement into an engagement feature: 3D progress visualization that members actually look forward to. 96-97% accuracy vs manual measurements, 45 seconds from their phone. For Bupa Australia health programs: a retention tool disguised as a member benefit. 15 minutes?","Bridget — final one. If visual body progress as a member retention tool becomes relevant for Bupa Australia's health programs, reach out."
,,Medibank,Head of AI Strategy & Capability,,,"Nicholas, product strategy at Medibank — members expect digital-first everything. Body measurement is the clinical data point that's still analog. Remote capture solves that.","Thanks for connecting. I'm from 3DLOOK — FitXpress captures 80+ body measurements, body composition, and a 3D body model from two smartphone photos in 45 seconds.
For Medibank's product roadmap, remote body measurement fills a specific gap in the digital health experience. Members enrolled in wellness programs, weight management, or post-surgical recovery need regular body measurement data — but current options are either clinic visits (low compliance) or self-report (low accuracy). FitXpress delivers 96-97% accuracy vs manual measurements from two photos, with full body composition including body fat percentage and lean mass. The data flows via API into whatever system Medibank uses to track member health outcomes.
HIPAA-compliant, GDPR-aligned, TLS encryption, SSE-S3 at rest. Photos deleted post-processing. Zero personal identifiers — body data only.","Nicholas — one more. The insurers winning on digital engagement are the ones closing the gap between virtual tools and physical health data. FitXpress provides verified body measurement via API — 80+ metrics, body composition, 96-97% accuracy vs manual measurements. For Medibank's digital health strategy: remote measurement that members actually use and clinical teams trust. Worth 10 minutes?","Nicholas — final one. If the body measurement gap in Medibank's digital health experience becomes a priority, reach out anytime."
,,Bupa Australia,Head of Operations,,,"Tianni, Bupa Australia digital strategy — telehealth and virtual care are growing fast in Australia. But body measurement still defaults to in-person. Remote capture changes the equation.","Appreciate the connection. I'm from 3DLOOK — we built FitXpress to turn two smartphone photos into verified body measurements and composition data in under a minute.
For Bupa Australia's product roadmap, remote body measurement fills a specific gap in the digital health experience. Members enrolled in wellness programs, weight management, or post-surgical recovery need regular body measurement data — but current options are either clinic visits (low compliance) or self-report (low accuracy). FitXpress delivers 96-97% accuracy vs manual measurements from two photos, with full body composition including body fat percentage and lean mass. The data flows via API into whatever system Bupa Australia uses to track member health outcomes.
HIPAA-compliant, GDPR-aligned, TLS encryption, SSE-S3 at rest. Photos deleted post-processing. Zero personal identifiers — body data only.","Tianni — one more. The insurers winning on digital engagement are the ones closing the gap between virtual tools and physical health data. FitXpress provides verified body measurement via API — 80+ metrics, body composition, 96-97% accuracy vs manual measurements. For Bupa Australia's digital health strategy: remote measurement that members actually use and clinical teams trust. Worth 10 minutes?","Tianni — won't keep going. If verified body measurement as a digital health capability comes up at Bupa Australia, happy to show how it works."
,,HCF Australia,Non Executive Director,,,"Amanda, HCF Australia digital strategy — telehealth and virtual care are growing fast in Australia. But body measurement still defaults to in-person. Remote capture changes the equation.","Thanks for connecting. I'm from 3DLOOK — FitXpress captures 80+ body measurements, body composition, and a 3D body model from two smartphone photos in 45 seconds.
For HCF Australia's product roadmap, remote body measurement fills a specific gap in the digital health experience. Members enrolled in wellness programs, weight management, or post-surgical recovery need regular body measurement data — but current options are either clinic visits (low compliance) or self-report (low accuracy). FitXpress delivers 96-97% accuracy vs manual measurements from two photos, with full body composition including body fat percentage and lean mass. The data flows via API into whatever system HCF Australia uses to track member health outcomes.
HIPAA-compliant, GDPR-aligned, TLS encryption, SSE-S3 at rest. Photos deleted post-processing. Zero personal identifiers — body data only.","Amanda — a digital health stack thought. Most insurers have digitized claims, telehealth, and member portals. Body measurement is the piece that's still analog. FitXpress fills that gap: 96-97% accuracy vs manual measurements, 45 seconds, API integration. For HCF Australia: a digital measurement layer that completes the virtual care experience. 10 minutes to walk through the integration?","Amanda — won't keep going. If verified body measurement as a digital health capability comes up at HCF Australia, happy to show how it works."
,,Bupa Australia,Chief Risk Officer,,,"Grant, Bupa Australia digital strategy — telehealth and virtual care are growing fast in Australia. But body measurement still defaults to in-person. Remote capture changes the equation.","Thanks for accepting. I'm from 3DLOOK — FitXpress captures clinical-grade body measurements (80+ metrics + body composition) from two smartphone photos in 45 seconds.
For a health insurer at Bupa Australia's scale, the digital health stack needs three things: member-facing tools that drive engagement, clinical data that's regulator-ready, and integration that doesn't add operational overhead. FitXpress checks all three. Members scan in 45 seconds from their phone and get a 3D model with side-by-side progress visualization — that's the engagement layer. The backend delivers verified measurements with 96-97% accuracy vs manual measurements and an audit trail — that's the compliance layer. The whole thing integrates via API — that's the operational layer.
HIPAA-compliant, GDPR-aligned, TLS encryption, SSE-S3 at rest. Photos deleted post-processing. Zero personal identifiers — body data only.","Grant — quick thought. FitXpress turns body measurement into an API call: two photos in, 80+ measurements + body composition out. 96-97% accuracy vs manual measurements, HIPAA-compliant, integrates into any digital health stack. For Bupa Australia: verified body data as a product feature. 15 minutes?","Grant — leaving this here. If remote body measurement API integration ever becomes relevant for Bupa Australia's product roadmap, I'm available."
,,Bupa Australia,General Manager,,,"Megan, you're focused on health outcomes at Bupa Australia. The retention problem in wellness programs: members don't see results fast enough. A 3D body scan that shows progress visually solves that.","Thanks for accepting. I'm from 3DLOOK — FitXpress captures clinical-grade body measurements (80+ metrics + body composition) from two smartphone photos in 45 seconds.
For Bupa Australia, the preventive health opportunity is turning wellness programs from a cost center into a retention engine. Members who actively track their health progress are less likely to switch insurers. The challenge is giving them tracking tools they'll actually use. FitXpress delivers that: two photos, 45 seconds, a detailed 3D model with body composition breakdown. 96-97% accuracy vs manual measurements means the data is trustworthy. The visual progress comparison means members stay engaged month after month. For a health insurer, that's measurable ROI: higher program completion rates, lower churn among wellness participants, and stronger NPS from members who feel their insurer invested in their health.
HIPAA-compliant, GDPR-aligned, TLS encryption, SSE-S3 at rest. Photos deleted post-processing.","Megan — one more. Members who see their body changing are members who stay. FitXpress gives Bupa Australia members a visual health tracking tool they'll use monthly. 96-97% accuracy vs manual measurements, 45 seconds. For preventive health programs: retention through visible results. 15-minute walkthrough?","Megan — final one. If visual body progress as a member retention tool becomes relevant for Bupa Australia's health programs, reach out."
,,Bupa Australia,General Manager Hospital and Medical Partnerships,,,"Lucy, Bupa Australia member health — the best preventive program is one members stick with. Side-by-side 3D body progress gives them the visual feedback that keeps them engaged.","Appreciate the connection. I'm from 3DLOOK — we built FitXpress to turn two smartphone photos into verified body measurements and composition data in under a minute.
For Bupa Australia's member health programs, the missing piece is objective progress data that members can see and trust. Self-reported weight is unreliable. Gym check-ins track attendance, not outcomes. FitXpress provides verified body measurement that captures actual physical change: body fat percentage trends, lean mass changes, measurement reductions across 80+ data points. The 3D model with side-by-side comparison gives members an undeniable view of their progress. This isn't gamification — it's clinical-grade measurement presented in a way that drives sustained engagement. 96-97% accuracy vs manual measurements, 95%+ repeatability across scans.
HIPAA-compliant, GDPR-aligned, TLS encryption, SSE-S3 at rest. Photos deleted post-processing. Zero personal identifiers — body data only.","Lucy — one more. Members who see their body changing are members who stay. FitXpress gives Bupa Australia members a visual health tracking tool they'll use monthly. 96-97% accuracy vs manual measurements, 45 seconds. For preventive health programs: retention through visible results. 15-minute walkthrough?","Lucy — leaving this here. If verified body progress tracking for Bupa Australia members ever becomes relevant, I'm available."
,,Medibank,Non Executive Director and Chair of the Investment & Capital Committee,,,"Peter, you're driving digital transformation at Medibank. One thing most digital health stacks miss: verified body measurement without a clinic visit. That gap is fixable.","Thanks for accepting. I'm from 3DLOOK — FitXpress captures clinical-grade body measurements (80+ metrics + body composition) from two smartphone photos in 45 seconds.
For Medibank's digital health stack, the opportunity is closing the loop between virtual care delivery and physical measurement data. Most insurers have invested in telehealth platforms, member apps, and digital claims — but when a member needs body measurement for a health program, the process still involves a clinic visit or a self-reported scale weight. FitXpress changes that: two photos from the member's phone, 45 seconds, verified measurements with 96-97% accuracy vs manual measurements. The API integrates directly into existing member apps and clinical workflows.
HIPAA-compliant, GDPR-aligned, TLS encryption, SSE-S3 at rest. Photos deleted post-processing. Zero personal identifiers — body data only.","Peter — one more. The insurers winning on digital engagement are the ones closing the gap between virtual tools and physical health data. FitXpress provides verified body measurement via API — 80+ metrics, body composition, 96-97% accuracy vs manual measurements. For Medibank's digital health strategy: remote measurement that members actually use and clinical teams trust. Worth 10 minutes?","Peter — last note from me. If adding remote body measurement to Medibank's digital health stack ever becomes a priority, I'm available."
,,HCF Australia,Head of Innovation,,,"Liam, HCF Australia digital ecosystem — member health tracking is the engagement layer insurers are competing on. Remote body measurement with visual progress gives members a reason to stay engaged.","Thanks for connecting. I'm from 3DLOOK — FitXpress captures 80+ body measurements, body composition, and a 3D body model from two smartphone photos in 45 seconds.
For HCF Australia's product roadmap, remote body measurement fills a specific gap in the digital health experience. Members enrolled in wellness programs, weight management, or post-surgical recovery need regular body measurement data — but current options are either clinic visits (low compliance) or self-report (low accuracy). FitXpress delivers 96-97% accuracy vs manual measurements from two photos, with full body composition including body fat percentage and lean mass. The data flows via API into whatever system HCF Australia uses to track member health outcomes.
HIPAA-compliant, GDPR-aligned, TLS encryption, SSE-S3 at rest. Photos deleted post-processing. Zero personal identifiers — body data only.","Liam — one more. The insurers winning on digital engagement are the ones closing the gap between virtual tools and physical health data. FitXpress provides verified body measurement via API — 80+ metrics, body composition, 96-97% accuracy vs manual measurements. For HCF Australia's digital health strategy: remote measurement that members actually use and clinical teams trust. Worth 10 minutes?","Liam — final one. If the body measurement gap in HCF Australia's digital health experience becomes a priority, reach out anytime."
,,Qoctor,Chief Executive Officer,,,"Aifric, at Qoctor you're building the digital health future. The body measurement piece of that stack — still a gap. Remote scanning from a phone closes it.","Thanks for connecting. I'm from 3DLOOK — FitXpress captures 80+ body measurements, body composition, and a 3D body model from two smartphone photos in 45 seconds.
For a digital health company at Qoctor's scale, the digital health stack needs three things: member-facing tools that drive engagement, clinical data that's regulator-ready, and integration that doesn't add operational overhead. FitXpress checks all three. Members scan in 45 seconds from their phone and get a 3D model with side-by-side progress visualization — that's the engagement layer. The backend delivers verified measurements with 96-97% accuracy vs manual measurements and an audit trail — that's the compliance layer. The whole thing integrates via API — that's the operational layer.
HIPAA-compliant, GDPR-aligned, TLS encryption, SSE-S3 at rest. Photos deleted post-processing. Zero personal identifiers — body data only.","Aifric — one more. The platforms winning on digital engagement are the ones closing the gap between virtual tools and physical health data. FitXpress provides verified body measurement via API — 80+ metrics, body composition, 96-97% accuracy vs manual measurements. For Qoctor's digital health strategy: remote measurement that members actually use and clinical teams trust. Worth 15 minutes?","Aifric — leaving this here. If remote body measurement API integration ever becomes relevant for Qoctor's product roadmap, I'm available."
,,HCF Australia,Head of HCF Research Foundation,,,"Christopher, HCF Australia — members join health programs with good intentions, then drop off. Remote body scanning with visual progress changes that dynamic.","Thanks for accepting. I'm from 3DLOOK — FitXpress captures clinical-grade body measurements (80+ metrics + body composition) from two smartphone photos in 45 seconds.
For HCF Australia, the preventive health opportunity is turning wellness programs from a cost center into a retention engine. Members who actively track their health progress are less likely to switch insurers. The challenge is giving them tracking tools they'll actually use. FitXpress delivers that: two photos, 45 seconds, a detailed 3D model with body composition breakdown. 96-97% accuracy vs manual measurements means the data is trustworthy. The visual progress comparison means members stay engaged month after month. For a health insurer, that's measurable ROI: higher program completion rates, lower churn among wellness participants, and stronger NPS from members who feel their insurer invested in their health.
HIPAA-compliant, GDPR-aligned, TLS encryption, SSE-S3 at rest. Photos deleted post-processing.","Christopher — specifically on member retention. FitXpress turns body measurement into an engagement feature: 3D progress visualization that members actually look forward to. 96-97% accuracy vs manual measurements, 45 seconds from their phone. For HCF Australia health programs: a retention tool disguised as a member benefit. 10 minutes?","Christopher — last note. If adding visual progress tracking to HCF Australia's member health programs ever becomes a priority, I'm available."
,,Bupa Australia,Roving Maintenance Supervisor,,,"Daniel, Bupa Australia digital health roadmap — the shift to virtual care is real. But body measurement data is still manual. A 45-second remote scan fills that gap.","Appreciate the connection. I'm from 3DLOOK — we built FitXpress to turn two smartphone photos into verified body measurements and composition data in under a minute.
Here's why this matters for Bupa Australia's digital transformation: verified body data is the clinical anchor that makes virtual health programs defensible. Without it, you're relying on member self-report — which introduces error and undermines program ROI measurement. FitXpress provides audit-ready body measurement data captured remotely. For a health insurer, that means you can prove that your digital wellness programs actually produce measurable physical outcomes — not just engagement metrics.
HIPAA-compliant, GDPR-aligned, TLS encryption, SSE-S3 at rest. Photos deleted post-processing. Zero personal identifiers — body data only.","Daniel — a digital health stack thought. Most insurers have digitized claims, telehealth, and member portals. Body measurement is the piece that's still analog. FitXpress fills that gap: 96-97% accuracy vs manual measurements, 45 seconds, API integration. For Bupa Australia: a digital measurement layer that completes the virtual care experience. 10 minutes to walk through the integration?","Daniel — last note from me. If adding remote body measurement to Bupa Australia's digital health stack ever becomes a priority, I'm available."
,,Medibank,Head Of Internal Audit,,,"Michael, at Medibank you know member health outcomes drive retention. The gap: members need to see their progress to stay motivated. Remote body scanning with visual comparison delivers that.","Appreciate the connection. I'm from 3DLOOK — we built FitXpress to turn two smartphone photos into verified body measurements and composition data in under a minute.
For Medibank's member health programs, the missing piece is objective progress data that members can see and trust. Self-reported weight is unreliable. Gym check-ins track attendance, not outcomes. FitXpress provides verified body measurement that captures actual physical change: body fat percentage trends, lean mass changes, measurement reductions across 80+ data points. The 3D model with side-by-side comparison gives members an undeniable view of their progress. This isn't gamification — it's clinical-grade measurement presented in a way that drives sustained engagement. 96-97% accuracy vs manual measurements, 95%+ repeatability across scans.
HIPAA-compliant, GDPR-aligned, TLS encryption, SSE-S3 at rest. Photos deleted post-processing. Zero personal identifiers — body data only.","Michael — a member engagement thought. The insurers winning on retention are the ones giving members visible proof of their health progress. FitXpress delivers that: two photos, 45 seconds, 3D progress visualization. For Medibank wellness programs: higher completion rates, stronger member loyalty. 10 minutes to see the member experience?","Michael — won't keep going. If member engagement through body progress tracking comes up at Medibank, happy to show the member experience."
,,HCF Australia,Head of Platform Services,,,"Craig, health programs at HCF Australia — preventive care lives or dies on member engagement. Verified body progress tracking gives members a reason to stay in the program.","Thanks for connecting. I'm from 3DLOOK — FitXpress captures 80+ body measurements, body composition, and a 3D body model from two smartphone photos in 45 seconds.
For HCF Australia, the preventive health opportunity is turning wellness programs from a cost center into a retention engine. Members who actively track their health progress are less likely to switch insurers. The challenge is giving them tracking tools they'll actually use. FitXpress delivers that: two photos, 45 seconds, a detailed 3D model with body composition breakdown. 96-97% accuracy vs manual measurements means the data is trustworthy. The visual progress comparison means members stay engaged month after month. For a health insurer, that's measurable ROI: higher program completion rates, lower churn among wellness participants, and stronger NPS from members who feel their insurer invested in their health.
HIPAA-compliant, GDPR-aligned, TLS encryption, SSE-S3 at rest. Photos deleted post-processing.","Craig — quick thought on preventive health engagement. FitXpress transforms body measurement from a clinical task into a member experience: 3D model, side-by-side progress comparison, full body composition. Yazen saw retention skyrocket when they added this. For HCF Australia: measurable engagement lift for wellness programs. Worth 10 minutes?","Craig — final one. If visual body progress as a member retention tool becomes relevant for HCF Australia's health programs, reach out."
,,Medibank,Head of Retention and Customer Value at Medibank,,,"Frank, you're focused on member engagement at Medibank. The metric that matters: do members attribute health progress to their insurer? Visual body tracking makes that attribution real.","Good to connect. Quick context: I'm from 3DLOOK — FitXpress generates 80+ verified body measurements and composition data from two photos, delivered via API.
For Medibank's member engagement strategy, the retention math is simple: members who actively use their insurer's health tools are significantly less likely to switch. The challenge is giving them tools they'll actually use — not another generic wellness app. FitXpress fills that gap with something genuinely compelling: a 3D body scan from two photos that shows members exactly how their body is changing over time. Body fat percentage going down, lean mass going up, measurements shifting across 80+ data points — all visualized side by side with their previous scan. Yazen, a European weight loss platform, ran 34,000 scans in 2025. Their patients scan every 30 days, and the side-by-side 3D visualization is their #1 retention feature. For a health insurer, that's the engagement metric that directly impacts lifetime value.",Frank — quick thought. Health insurer retention is hard because there's no positive monthly touchpoint. FitXpress creates one: a 45-second body scan showing members their progress visually. Members who scan monthly renew. For Medibank: a retention tool that members actually want to use. Worth 15 minutes?,"Frank — leaving this here. If remote body measurement as a member retention tool ever becomes relevant at Medibank, I'm available."
,,HCF Australia,Head of Actuarial - Health,,,"Herbert, HCF Australia wellness strategy — member engagement is the metric that matters. Remote body measurement with progress visualization turns a clinical task into a member experience.","Good to connect. Quick context: I'm from 3DLOOK — FitXpress generates 80+ verified body measurements and composition data from two photos, delivered via API.
For HCF Australia, the preventive health opportunity is turning wellness programs from a cost center into a retention engine. Members who actively track their health progress are less likely to switch insurers. The challenge is giving them tracking tools they'll actually use. FitXpress delivers that: two photos, 45 seconds, a detailed 3D model with body composition breakdown. 96-97% accuracy vs manual measurements means the data is trustworthy. The visual progress comparison means members stay engaged month after month. For a health insurer, that's measurable ROI: higher program completion rates, lower churn among wellness participants, and stronger NPS from members who feel their insurer invested in their health.
HIPAA-compliant, GDPR-aligned, TLS encryption, SSE-S3 at rest. Photos deleted post-processing.","Herbert — a member engagement thought. The insurers winning on retention are the ones giving members visible proof of their health progress. FitXpress delivers that: two photos, 45 seconds, 3D progress visualization. For HCF Australia wellness programs: higher completion rates, stronger member loyalty. 15 minutes to see the member experience?","Herbert — won't keep going. If member engagement through body progress tracking comes up at HCF Australia, happy to show the member experience."
,,HCF Australia,"Chief Officer, Product & Diversified Business",,,"Sebastian, digital product at HCF Australia — most health insurers are layering digital services on top of analog measurement. Body data captured remotely closes that last gap.","Thanks for accepting. I'm from 3DLOOK — FitXpress captures clinical-grade body measurements (80+ metrics + body composition) from two smartphone photos in 45 seconds.
For HCF Australia's digital health stack, the opportunity is closing the loop between virtual care delivery and physical measurement data. Most insurers have invested in telehealth platforms, member apps, and digital claims — but when a member needs body measurement for a health program, the process still involves a clinic visit or a self-reported scale weight. FitXpress changes that: two photos from the member's phone, 45 seconds, verified measurements with 96-97% accuracy vs manual measurements. The API integrates directly into existing member apps and clinical workflows.
HIPAA-compliant, GDPR-aligned, TLS encryption, SSE-S3 at rest. Photos deleted post-processing. Zero personal identifiers — body data only.","Sebastian — a digital health stack thought. Most insurers have digitized claims, telehealth, and member portals. Body measurement is the piece that's still analog. FitXpress fills that gap: 96-97% accuracy vs manual measurements, 45 seconds, API integration. For HCF Australia: a digital measurement layer that completes the virtual care experience. 15 minutes to walk through the integration?","Sebastian — leaving this here. If remote body measurement API integration ever becomes relevant for HCF Australia's product roadmap, I'm available."
,,Bupa Australia,"Senior Manager, Sustainability and Social Impact, Bupa",,,"Maya, Bupa Australia digital health roadmap — the shift to virtual care is real. But body measurement data is still manual. A 45-second remote scan fills that gap.","Appreciate the connection. I'm from 3DLOOK — we built FitXpress to turn two smartphone photos into verified body measurements and composition data in under a minute.
For a health insurer at Bupa Australia's scale, the digital health stack needs three things: member-facing tools that drive engagement, clinical data that's regulator-ready, and integration that doesn't add operational overhead. FitXpress checks all three. Members scan in 45 seconds from their phone and get a 3D model with side-by-side progress visualization — that's the engagement layer. The backend delivers verified measurements with 96-97% accuracy vs manual measurements and an audit trail — that's the compliance layer. The whole thing integrates via API — that's the operational layer.
HIPAA-compliant, GDPR-aligned, TLS encryption, SSE-S3 at rest. Photos deleted post-processing. Zero personal identifiers — body data only.","Maya — specifically on the measurement gap. Bupa Australia has the digital infrastructure. What's missing is remote body measurement that's accurate enough for clinical use and simple enough for member adoption. FitXpress delivers both: 96-97% accuracy vs manual measurements, 45 seconds. 15-minute demo?","Maya — last note from me. If adding remote body measurement to Bupa Australia's digital health stack ever becomes a priority, I'm available."
,,HCF Australia,Head of P&C Business Partnering,,,"Pearl, HCF Australia wellness strategy — member engagement is the metric that matters. Remote body measurement with progress visualization turns a clinical task into a member experience.","Thanks for accepting. I'm from 3DLOOK — FitXpress captures clinical-grade body measurements (80+ metrics + body composition) from two smartphone photos in 45 seconds.
For HCF Australia, the preventive health opportunity is turning wellness programs from a cost center into a retention engine. Members who actively track their health progress are less likely to switch insurers. The challenge is giving them tracking tools they'll actually use. FitXpress delivers that: two photos, 45 seconds, a detailed 3D model with body composition breakdown. 96-97% accuracy vs manual measurements means the data is trustworthy. The visual progress comparison means members stay engaged month after month. For a health insurer, that's measurable ROI: higher program completion rates, lower churn among wellness participants, and stronger NPS from members who feel their insurer invested in their health.
HIPAA-compliant, GDPR-aligned, TLS encryption, SSE-S3 at rest. Photos deleted post-processing.","Pearl — specifically on member retention. FitXpress turns body measurement into an engagement feature: 3D progress visualization that members actually look forward to. 96-97% accuracy vs manual measurements, 45 seconds from their phone. For HCF Australia health programs: a retention tool disguised as a member benefit. 10 minutes?","Pearl — won't keep going. If member engagement through body progress tracking comes up at HCF Australia, happy to show the member experience."
,,Medibank,Head of Identity and Access Management,,,"Harry, you're focused on health outcomes at Medibank. The retention problem in wellness programs: members don't see results fast enough. A 3D body scan that shows progress visually solves that.","Good to connect. Quick context: I'm from 3DLOOK — FitXpress generates 80+ verified body measurements and composition data from two photos, delivered via API.
For Medibank's preventive health programs, the member engagement challenge is real: people sign up, do a few check-ins, then disappear. The problem isn't motivation — it's that progress feels invisible. A scale number changes slowly. A waist measurement tape is awkward. FitXpress changes the feedback loop: members take two photos on their phone every 30 days, and get a 3D body model showing exactly where their body changed — side by side with their previous scan. 96-97% accuracy vs manual measurements, full body composition data. The Yazen case study proves the retention impact: 34,000 scans in 2025, and the side-by-side 3D visualization is their #1 retention feature.
HIPAA-compliant, GDPR-aligned, TLS encryption, SSE-S3 at rest. Photos deleted post-processing. Zero personal identifiers — body data only.","Harry — specifically on member retention. FitXpress turns body measurement into an engagement feature: 3D progress visualization that members actually look forward to. 96-97% accuracy vs manual measurements, 45 seconds from their phone. For Medibank health programs: a retention tool disguised as a member benefit. 10 minutes?","Harry — final one. If visual body progress as a member retention tool becomes relevant for Medibank's health programs, reach out."
,,Bupa Australia,Head of Voice of Customer,,,"Caitlin, at Bupa Australia you drive growth through member experience. The insight: members who see their body changing because of their insurer's tools become your best retention stories.","Thanks for accepting. I'm from 3DLOOK — FitXpress captures clinical-grade body measurements (80+ metrics + body composition) from two smartphone photos in 45 seconds.
Here's what matters for Bupa Australia's member experience: health insurers spend millions on acquisition but comparatively little on giving members a reason to stay. FitXpress changes that equation. It gives members a monthly health ritual — a 45-second body scan that shows real, measurable progress. The 3D model lets members see changes that a scale can't capture: body recomposition, measurement reductions, posture improvements. The body composition data gives them clinical-grade metrics they'd normally only get from a DEXA scan or professional assessment. For Bupa Australia members: a health tracking experience that feels premium, personal, and worth staying for. 96-97% accuracy vs manual measurements, 95%+ repeatability across scans.
HIPAA-compliant, GDPR-aligned, TLS encryption, SSE-S3 at rest.","Caitlin — one more on member engagement. FitXpress turns body measurement into a monthly member ritual: two photos, 3D progress model, body composition breakdown. 96-97% accuracy vs manual measurements, 45 seconds. For Bupa Australia: NPS and retention through visible health progress. 15-minute walkthrough?","Caitlin — leaving this here. If remote body measurement as a member retention tool ever becomes relevant at Bupa Australia, I'm available."
,,Bupa Australia,Chief Commercial Officer - Health,,,"Maxim, Bupa Australia digital strategy — telehealth and virtual care are growing fast in Australia. But body measurement still defaults to in-person. Remote capture changes the equation.","Appreciate the connection. I'm from 3DLOOK — we built FitXpress to turn two smartphone photos into verified body measurements and composition data in under a minute.
For Bupa Australia's product roadmap, remote body measurement fills a specific gap in the digital health experience. Members enrolled in wellness programs, weight management, or post-surgical recovery need regular body measurement data — but current options are either clinic visits (low compliance) or self-report (low accuracy). FitXpress delivers 96-97% accuracy vs manual measurements from two photos, with full body composition including body fat percentage and lean mass. The data flows via API into whatever system Bupa Australia uses to track member health outcomes.
HIPAA-compliant, GDPR-aligned, TLS encryption, SSE-S3 at rest. Photos deleted post-processing. Zero personal identifiers — body data only.","Maxim — a digital health stack thought. Most insurers have digitized claims, telehealth, and member portals. Body measurement is the piece that's still analog. FitXpress fills that gap: 96-97% accuracy vs manual measurements, 45 seconds, API integration. For Bupa Australia: a digital measurement layer that completes the virtual care experience. 15 minutes to walk through the integration?","Maxim — last note from me. If adding remote body measurement to Bupa Australia's digital health stack ever becomes a priority, I'm available."
,,Medibank,Non Executive Director,,,"Lisa, digital product at Medibank — most health insurers are layering digital services on top of analog measurement. Body data captured remotely closes that last gap.","Thanks for connecting. I'm from 3DLOOK — FitXpress captures 80+ body measurements, body composition, and a 3D body model from two smartphone photos in 45 seconds.
For a health insurer at Medibank's scale, the digital health stack needs three things: member-facing tools that drive engagement, clinical data that's regulator-ready, and integration that doesn't add operational overhead. FitXpress checks all three. Members scan in 45 seconds from their phone and get a 3D model with side-by-side progress visualization — that's the engagement layer. The backend delivers verified measurements with 96-97% accuracy vs manual measurements and an audit trail — that's the compliance layer. The whole thing integrates via API — that's the operational layer.
HIPAA-compliant, GDPR-aligned, TLS encryption, SSE-S3 at rest. Photos deleted post-processing. Zero personal identifiers — body data only.","Lisa — specifically on the measurement gap. Medibank has the digital infrastructure. What's missing is remote body measurement that's accurate enough for clinical use and simple enough for member adoption. FitXpress delivers both: 96-97% accuracy vs manual measurements, 45 seconds. 15-minute demo?","Lisa — last note from me. If adding remote body measurement to Medibank's digital health stack ever becomes a priority, I'm available."
,,InstantScripts,Customer Engagement Manager,,,"Elisha, member growth at InstantScripts — digital health companies compete on retention, and retention hinges on members feeling their platform actively invests in their health. A visual body tracking tool delivers that.","Appreciate the connection. I'm from 3DLOOK — we built FitXpress to turn two smartphone photos into verified body measurements and composition data in under a minute.
For InstantScripts's member engagement strategy, the retention math is simple: members who actively use their platform's health tools are significantly less likely to switch. The challenge is giving them tools they'll actually use — not another generic wellness app. FitXpress fills that gap with something genuinely compelling: a 3D body scan from two photos that shows members exactly how their body is changing over time. Body fat percentage going down, lean mass going up, measurements shifting across 80+ data points — all visualized side by side with their previous scan. Yazen, a European weight loss platform, ran 34,000 scans in 2025. Their patients scan every 30 days, and the side-by-side 3D visualization is their #1 retention feature.","Elisha — a retention perspective. The members who stay are the ones who feel their platform invested in their health. FitXpress gives InstantScripts members a body scanning tool they'll use monthly: 3D model, progress visualization, body composition. Yazen's #1 retention feature. For InstantScripts: measurable retention lift. 10 minutes to see the member experience?","Elisha — won't keep going. If member engagement through verified body progress tracking comes up at InstantScripts, happy to show how it works."
,,Bupa Australia,Chief of Staff,,,"Isabella, Bupa Australia digital ecosystem — member health tracking is the engagement layer insurers are competing on. Remote body measurement with visual progress gives members a reason to stay engaged.","Appreciate the connection. I'm from 3DLOOK — we built FitXpress to turn two smartphone photos into verified body measurements and composition data in under a minute.
For a health insurer at Bupa Australia's scale, the digital health stack needs three things: member-facing tools that drive engagement, clinical data that's regulator-ready, and integration that doesn't add operational overhead. FitXpress checks all three. Members scan in 45 seconds from their phone and get a 3D model with side-by-side progress visualization — that's the engagement layer. The backend delivers verified measurements with 96-97% accuracy vs manual measurements and an audit trail — that's the compliance layer. The whole thing integrates via API — that's the operational layer.
HIPAA-compliant, GDPR-aligned, TLS encryption, SSE-S3 at rest. Photos deleted post-processing. Zero personal identifiers — body data only.","Isabella — a digital health stack thought. Most insurers have digitized claims, telehealth, and member portals. Body measurement is the piece that's still analog. FitXpress fills that gap: 96-97% accuracy vs manual measurements, 45 seconds, API integration. For Bupa Australia: a digital measurement layer that completes the virtual care experience. 15 minutes to walk through the integration?","Isabella — final one. If the body measurement gap in Bupa Australia's digital health experience becomes a priority, reach out anytime."
,,Bupa Australia,Head of Transformation Delivery,,,"Amanda, Bupa Australia digital ecosystem — member health tracking is the engagement layer insurers are competing on. Remote body measurement with visual progress gives members a reason to stay engaged.","Appreciate the connection. I'm from 3DLOOK — we built FitXpress to turn two smartphone photos into verified body measurements and composition data in under a minute.
For a health insurer at Bupa Australia's scale, the digital health stack needs three things: member-facing tools that drive engagement, clinical data that's regulator-ready, and integration that doesn't add operational overhead. FitXpress checks all three. Members scan in 45 seconds from their phone and get a 3D model with side-by-side progress visualization — that's the engagement layer. The backend delivers verified measurements with 96-97% accuracy vs manual measurements and an audit trail — that's the compliance layer. The whole thing integrates via API — that's the operational layer.
HIPAA-compliant, GDPR-aligned, TLS encryption, SSE-S3 at rest. Photos deleted post-processing. Zero personal identifiers — body data only.","Amanda — one more. The insurers winning on digital engagement are the ones closing the gap between virtual tools and physical health data. FitXpress provides verified body measurement via API — 80+ metrics, body composition, 96-97% accuracy vs manual measurements. For Bupa Australia's digital health strategy: remote measurement that members actually use and clinical teams trust. Worth 10 minutes?","Amanda — leaving this here. If remote body measurement API integration ever becomes relevant for Bupa Australia's product roadmap, I'm available."
,,Medibank,"Head of Organic Strategy, Group Strategy",,,"Nick, Medibank growth strategy — the most undervalued retention tool in health insurance: giving members visible proof that their health is improving. FitXpress delivers that proof.","Thanks for accepting. I'm from 3DLOOK — FitXpress captures clinical-grade body measurements (80+ metrics + body composition) from two smartphone photos in 45 seconds.
Here's what matters for Medibank's member experience: health insurers spend millions on acquisition but comparatively little on giving members a reason to stay. FitXpress changes that equation. It gives members a monthly health ritual — a 45-second body scan that shows real, measurable progress. The 3D model lets members see changes that a scale can't capture: body recomposition, measurement reductions, posture improvements. The body composition data gives them clinical-grade metrics they'd normally only get from a DEXA scan or professional assessment. For Medibank members: a health tracking experience that feels premium, personal, and worth staying for. 96-97% accuracy vs manual measurements, 95%+ repeatability across scans.
HIPAA-compliant, GDPR-aligned, TLS encryption, SSE-S3 at rest. Photos deleted post-processing.",Nick — quick thought. Health insurer retention is hard because there's no positive monthly touchpoint. FitXpress creates one: a 45-second body scan showing members their progress visually. Members who scan monthly renew. For Medibank: a retention tool that members actually want to use. Worth 10 minutes?,"Nick — final one. If retention through member health tools becomes relevant for Medibank's strategy, reach out anytime."
,,InstantScripts,Head of Customer,,,"Melissa, InstantScripts member experience — members who actively track their health through their platform stay longer and cost less. A remote body scan that shows progress visually is the engagement tool most platforms don't have yet.","Thanks for connecting. I'm from 3DLOOK — FitXpress captures 80+ body measurements, body composition, and a 3D body model from two smartphone photos in 45 seconds.
Here's the member engagement insight for InstantScripts: health insurance is a low-touch product. Most members interact with their platform only when they're sick or when a bill arrives. FitXpress creates a positive, monthly touchpoint — a 45-second scan that shows members their health progress. The 3D model and body composition breakdown give members something they actually want to see. The progress timeline builds a health story that members associate with InstantScripts. This isn't gamification — it's clinical-grade body measurement that members use because the output is genuinely interesting and useful. For retention: members who scan monthly are members who renew.
HIPAA-compliant, GDPR-aligned, TLS encryption, SSE-S3 at rest. Photos deleted post-processing. Zero personal identifiers — body data only.","Melissa — a retention perspective. The members who stay are the ones who feel their platform invested in their health. FitXpress gives InstantScripts members a body scanning tool they'll use monthly: 3D model, progress visualization, body composition. Yazen's #1 retention feature. For InstantScripts: measurable retention lift. 15 minutes to see the member experience?","Melissa — leaving this here. If remote body measurement as a member retention tool ever becomes relevant at InstantScripts, I'm available."
,,Bupa Australia,Product Owner,,,"Sam, you lead digital product at Bupa Australia. The disconnect between digital health tools and physical measurement data is a weak point in most insurer stacks. We solve exactly that.","Thanks for connecting. I'm from 3DLOOK — FitXpress captures 80+ body measurements, body composition, and a 3D body model from two smartphone photos in 45 seconds.
For Bupa Australia's product roadmap, remote body measurement fills a specific gap in the digital health experience. Members enrolled in wellness programs, weight management, or post-surgical recovery need regular body measurement data — but current options are either clinic visits (low compliance) or self-report (low accuracy). FitXpress delivers 96-97% accuracy vs manual measurements from two photos, with full body composition including body fat percentage and lean mass. The data flows via API into whatever system Bupa Australia uses to track member health outcomes.
HIPAA-compliant, GDPR-aligned, TLS encryption, SSE-S3 at rest. Photos deleted post-processing. Zero personal identifiers — body data only.","Sam — a digital health stack thought. Most insurers have digitized claims, telehealth, and member portals. Body measurement is the piece that's still analog. FitXpress fills that gap: 96-97% accuracy vs manual measurements, 45 seconds, API integration. For Bupa Australia: a digital measurement layer that completes the virtual care experience. 10 minutes to walk through the integration?","Sam — leaving this here. If remote body measurement API integration ever becomes relevant for Bupa Australia's product roadmap, I'm available."
,,HCF Australia,"Head of Experience Design, Research and Loyalty",,,"Eric, HCF Australia member health — the best preventive program is one members stick with. Side-by-side 3D body progress gives them the visual feedback that keeps them engaged.","Thanks for accepting. I'm from 3DLOOK — FitXpress captures clinical-grade body measurements (80+ metrics + body composition) from two smartphone photos in 45 seconds.
For HCF Australia's preventive health programs, the member engagement challenge is real: people sign up, do a few check-ins, then disappear. The problem isn't motivation — it's that progress feels invisible. A scale number changes slowly. A waist measurement tape is awkward. FitXpress changes the feedback loop: members take two photos on their phone every 30 days, and get a 3D body model showing exactly where their body changed — side by side with their previous scan. 96-97% accuracy vs manual measurements, full body composition data. The Yazen case study proves the retention impact: 34,000 scans in 2025, and the side-by-side 3D visualization is their #1 retention feature.
HIPAA-compliant, GDPR-aligned, TLS encryption, SSE-S3 at rest. Photos deleted post-processing. Zero personal identifiers — body data only.","Eric — quick thought on preventive health engagement. FitXpress transforms body measurement from a clinical task into a member experience: 3D model, side-by-side progress comparison, full body composition. Yazen saw retention skyrocket when they added this. For HCF Australia: measurable engagement lift for wellness programs. Worth 10 minutes?","Eric — leaving this here. If verified body progress tracking for HCF Australia members ever becomes relevant, I'm available."
,,Medibank,Head of Internal Audit,,,"Joshua, Medibank preventive health — Australia's health insurers are competing on wellness program engagement. The differentiator: showing members real, visible progress they can track.","Appreciate the connection. I'm from 3DLOOK — we built FitXpress to turn two smartphone photos into verified body measurements and composition data in under a minute.
For Medibank's preventive health programs, the member engagement challenge is real: people sign up, do a few check-ins, then disappear. The problem isn't motivation — it's that progress feels invisible. A scale number changes slowly. A waist measurement tape is awkward. FitXpress changes the feedback loop: members take two photos on their phone every 30 days, and get a 3D body model showing exactly where their body changed — side by side with their previous scan. 96-97% accuracy vs manual measurements, full body composition data. The Yazen case study proves the retention impact: 34,000 scans in 2025, and the side-by-side 3D visualization is their #1 retention feature.
HIPAA-compliant, GDPR-aligned, TLS encryption, SSE-S3 at rest. Photos deleted post-processing. Zero personal identifiers — body data only.","Joshua — one more. Members who see their body changing are members who stay. FitXpress gives Medibank members a visual health tracking tool they'll use monthly. 96-97% accuracy vs manual measurements, 45 seconds. For preventive health programs: retention through visible results. 15-minute walkthrough?","Joshua — last note. If adding visual progress tracking to Medibank's member health programs ever becomes a priority, I'm available."
,,Mosh,Head of Expansion (APAC),,,"Claudia, Mosh digital health roadmap — the shift to virtual care is real. But body measurement data is still manual. A 45-second remote scan fills that gap.","Appreciate the connection. I'm from 3DLOOK — we built FitXpress to turn two smartphone photos into verified body measurements and composition data in under a minute.
For a digital health company at Mosh's scale, the digital health stack needs three things: member-facing tools that drive engagement, clinical data that's regulator-ready, and integration that doesn't add operational overhead. FitXpress checks all three. Members scan in 45 seconds from their phone and get a 3D model with side-by-side progress visualization — that's the engagement layer. The backend delivers verified measurements with 96-97% accuracy vs manual measurements and an audit trail — that's the compliance layer. The whole thing integrates via API — that's the operational layer.
HIPAA-compliant, GDPR-aligned, TLS encryption, SSE-S3 at rest. Photos deleted post-processing. Zero personal identifiers — body data only.","Claudia — one more. The platforms winning on digital engagement are the ones closing the gap between virtual tools and physical health data. FitXpress provides verified body measurement via API — 80+ metrics, body composition, 96-97% accuracy vs manual measurements. For Mosh's digital health strategy: remote measurement that members actually use and clinical teams trust. Worth 10 minutes?","Claudia — won't keep going. If verified body measurement as a digital health capability comes up at Mosh, happy to show how it works."
,,Bupa Australia,Head of Engineering Enbalement,,,"Shahbaz, Bupa Australia preventive health — Australia's health insurers are competing on wellness program engagement. The differentiator: showing members real, visible progress they can track.","Good to connect. Quick context: I'm from 3DLOOK — FitXpress generates 80+ verified body measurements and composition data from two photos, delivered via API.
For Bupa Australia, the preventive health opportunity is turning wellness programs from a cost center into a retention engine. Members who actively track their health progress are less likely to switch insurers. The challenge is giving them tracking tools they'll actually use. FitXpress delivers that: two photos, 45 seconds, a detailed 3D model with body composition breakdown. 96-97% accuracy vs manual measurements means the data is trustworthy. The visual progress comparison means members stay engaged month after month. For a health insurer, that's measurable ROI: higher program completion rates, lower churn among wellness participants, and stronger NPS from members who feel their insurer invested in their health.
HIPAA-compliant, GDPR-aligned, TLS encryption, SSE-S3 at rest. Photos deleted post-processing.","Shahbaz — quick thought on preventive health engagement. FitXpress transforms body measurement from a clinical task into a member experience: 3D model, side-by-side progress comparison, full body composition. Yazen saw retention skyrocket when they added this. For Bupa Australia: measurable engagement lift for wellness programs. Worth 10 minutes?","Shahbaz — won't keep going. If member engagement through body progress tracking comes up at Bupa Australia, happy to show the member experience."
,,HCF Australia,Head of IT Business Operations,,,"Malcolm, at HCF Australia you're building the digital health future. The body measurement piece of that stack — still a gap. Remote scanning from a phone closes it.","Thanks for connecting. I'm from 3DLOOK — FitXpress captures 80+ body measurements, body composition, and a 3D body model from two smartphone photos in 45 seconds.
Here's why this matters for HCF Australia's digital transformation: verified body data is the clinical anchor that makes virtual health programs defensible. Without it, you're relying on member self-report — which introduces error and undermines program ROI measurement. FitXpress provides audit-ready body measurement data captured remotely. For a health insurer, that means you can prove that your digital wellness programs actually produce measurable physical outcomes — not just engagement metrics.
HIPAA-compliant, GDPR-aligned, TLS encryption, SSE-S3 at rest. Photos deleted post-processing. Zero personal identifiers — body data only.","Malcolm — a digital health stack thought. Most insurers have digitized claims, telehealth, and member portals. Body measurement is the piece that's still analog. FitXpress fills that gap: 96-97% accuracy vs manual measurements, 45 seconds, API integration. For HCF Australia: a digital measurement layer that completes the virtual care experience. 10 minutes to walk through the integration?","Malcolm — leaving this here. If remote body measurement API integration ever becomes relevant for HCF Australia's product roadmap, I'm available."
,,HCF Australia,"General Manager, Branch Network",,,"Peter, you're focused on health outcomes at HCF Australia. The retention problem in wellness programs: members don't see results fast enough. A 3D body scan that shows progress visually solves that.","Appreciate the connection. I'm from 3DLOOK — we built FitXpress to turn two smartphone photos into verified body measurements and composition data in under a minute.
For HCF Australia, the preventive health opportunity is turning wellness programs from a cost center into a retention engine. Members who actively track their health progress are less likely to switch insurers. The challenge is giving them tracking tools they'll actually use. FitXpress delivers that: two photos, 45 seconds, a detailed 3D model with body composition breakdown. 96-97% accuracy vs manual measurements means the data is trustworthy. The visual progress comparison means members stay engaged month after month. For a health insurer, that's measurable ROI: higher program completion rates, lower churn among wellness participants, and stronger NPS from members who feel their insurer invested in their health.
HIPAA-compliant, GDPR-aligned, TLS encryption, SSE-S3 at rest. Photos deleted post-processing.","Peter — specifically on member retention. FitXpress turns body measurement into an engagement feature: 3D progress visualization that members actually look forward to. 96-97% accuracy vs manual measurements, 45 seconds from their phone. For HCF Australia health programs: a retention tool disguised as a member benefit. 15 minutes?","Peter — won't keep going. If member engagement through body progress tracking comes up at HCF Australia, happy to show the member experience."
,,HCF Australia,Chief of Staff to the CEO,,,"Tanner, HCF Australia digital health roadmap — the shift to virtual care is real. But body measurement data is still manual. A 45-second remote scan fills that gap.","Appreciate the connection. I'm from 3DLOOK — we built FitXpress to turn two smartphone photos into verified body measurements and composition data in under a minute.
For HCF Australia's digital health stack, the opportunity is closing the loop between virtual care delivery and physical measurement data. Most insurers have invested in telehealth platforms, member apps, and digital claims — but when a member needs body measurement for a health program, the process still involves a clinic visit or a self-reported scale weight. FitXpress changes that: two photos from the member's phone, 45 seconds, verified measurements with 96-97% accuracy vs manual measurements. The API integrates directly into existing member apps and clinical workflows.
HIPAA-compliant, GDPR-aligned, TLS encryption, SSE-S3 at rest. Photos deleted post-processing. Zero personal identifiers — body data only.","Tanner — specifically on the measurement gap. HCF Australia has the digital infrastructure. What's missing is remote body measurement that's accurate enough for clinical use and simple enough for member adoption. FitXpress delivers both: 96-97% accuracy vs manual measurements, 45 seconds. 15-minute demo?","Tanner — leaving this here. If remote body measurement API integration ever becomes relevant for HCF Australia's product roadmap, I'm available."
,,Medibank,Head of Provider Solutions,,,"Julia, you're focused on health outcomes at Medibank. The retention problem in wellness programs: members don't see results fast enough. A 3D body scan that shows progress visually solves that.","Thanks for connecting. I'm from 3DLOOK — FitXpress captures 80+ body measurements, body composition, and a 3D body model from two smartphone photos in 45 seconds.
For Medibank's member health programs, the missing piece is objective progress data that members can see and trust. Self-reported weight is unreliable. Gym check-ins track attendance, not outcomes. FitXpress provides verified body measurement that captures actual physical change: body fat percentage trends, lean mass changes, measurement reductions across 80+ data points. The 3D model with side-by-side comparison gives members an undeniable view of their progress. This isn't gamification — it's clinical-grade measurement presented in a way that drives sustained engagement. 96-97% accuracy vs manual measurements, 95%+ repeatability across scans.
HIPAA-compliant, GDPR-aligned, TLS encryption, SSE-S3 at rest. Photos deleted post-processing. Zero personal identifiers — body data only.","Julia — a member engagement thought. The insurers winning on retention are the ones giving members visible proof of their health progress. FitXpress delivers that: two photos, 45 seconds, 3D progress visualization. For Medibank wellness programs: higher completion rates, stronger member loyalty. 10 minutes to see the member experience?","Julia — leaving this here. If verified body progress tracking for Medibank members ever becomes relevant, I'm available."
,,Medibank,Head of Controls Mastery (Line 2 Risk & Compliance),,,"Jeff, at Medibank you're focused on IT risk and governance. Body measurement data captured via member smartphones — the compliance framework around that data matters. We built ours for regulated health environments.","Appreciate the connection. I'm from 3DLOOK — FitXpress generates verified body measurements from two photos, built from the ground up for regulated health environments.
Here's the compliance perspective that matters for Medibank: when regulators look at digital health programs, they ask about the data pipeline. Where does the measurement data come from? How is it validated? What happens to member images? FitXpress answers all three: measurement data comes from a validated statistical model trained on 9+ years of training data: 150,000+ photos, 30,000+ 3D scans, 430,000+ measurements; validation is built in via 96-97% accuracy vs manual measurements benchmarked performance; member images are deleted post-processing and never stored. The platform is HIPAA-compliant and follows GDPR principles. For a health insurer, that's a governance framework you can present to regulators with confidence.
HIPAA-compliant, GDPR-aligned, TLS encryption, SSE-S3 at rest. Photos deleted post-processing.","Jeff — quick thought on data governance. If Medibank's digital health programs are using member body data to make decisions, that data needs an audit trail. FitXpress provides it: immutable measurement records, timestamped scan events, 96-97% accuracy vs manual measurements, zero PII. 15-minute walkthrough of the compliance architecture?","Jeff — final one. If regulatory-grade body measurement data becomes relevant for Medibank's health programs, reach out anytime."
,,Medibank,Finance Business Partner - ahm Health Insurance,,,"Alana, Medibank data governance — verified body measurement for health programs needs a compliance architecture that insurers and regulators can trust. Audit trail, encryption at every stage, zero personal data.","Thanks for accepting. I'm from 3DLOOK — we built FitXpress to produce verified body measurements that meet the governance standards health insurers and regulators require.
For Medibank's compliance framework, remote body measurement introduces specific governance requirements: data provenance (where did the measurement come from?), data integrity (was it altered?), and data privacy (what identifiable information is captured?). FitXpress addresses all three. Provenance: every scan is tied to a specific capture event with timestamp and image hash. Integrity: measurements are generated by a statistical model — they can't be manually edited, only re-scanned. Privacy: the platform processes body data exclusively; no names, emails, or member IDs touch the measurement pipeline. Photos are ephemeral — deleted post-processing. For an insurer at Medibank's scale, this means body measurement data that's defensible under regulatory scrutiny.","Alana — quick thought on data governance. If Medibank's digital health programs are using member body data to make decisions, that data needs an audit trail. FitXpress provides it: immutable measurement records, timestamped scan events, 96-97% accuracy vs manual measurements, zero PII. 15-minute walkthrough of the compliance architecture?","Alana — won't keep going. If the compliance architecture around digital body measurement comes up at Medibank, happy to share our approach."
,,Bupa Australia,Digital Product Manager,,,"Ryan, you lead digital product at Bupa Australia. The disconnect between digital health tools and physical measurement data is a weak point in most insurer stacks. We solve exactly that.","Thanks for accepting. I'm from 3DLOOK — FitXpress captures clinical-grade body measurements (80+ metrics + body composition) from two smartphone photos in 45 seconds.
For Bupa Australia's digital health stack, the opportunity is closing the loop between virtual care delivery and physical measurement data. Most insurers have invested in telehealth platforms, member apps, and digital claims — but when a member needs body measurement for a health program, the process still involves a clinic visit or a self-reported scale weight. FitXpress changes that: two photos from the member's phone, 45 seconds, verified measurements with 96-97% accuracy vs manual measurements. The API integrates directly into existing member apps and clinical workflows.
HIPAA-compliant, GDPR-aligned, TLS encryption, SSE-S3 at rest. Photos deleted post-processing. Zero personal identifiers — body data only.","Ryan — one more. The insurers winning on digital engagement are the ones closing the gap between virtual tools and physical health data. FitXpress provides verified body measurement via API — 80+ metrics, body composition, 96-97% accuracy vs manual measurements. For Bupa Australia's digital health strategy: remote measurement that members actually use and clinical teams trust. Worth 10 minutes?","Ryan — leaving this here. If remote body measurement API integration ever becomes relevant for Bupa Australia's product roadmap, I'm available."
,,Medibank,Finance Business Partner - Amplar Health,,,"John, at Medibank you oversee regulatory programs. Remote body measurement data for health programs needs the same governance rigour as any clinical data — audit trail, encryption, zero PII. Our platform was built for that.","Good to connect. I'm from 3DLOOK — FitXpress delivers audit-ready body measurement data via API, with HIPAA and GDPR-aligned compliance baked into the platform architecture.
For Medibank, the governance case for verified body measurement is straightforward: if your health programs are making decisions based on member body data — eligibility for a program, progress through a pathway, clinical intervention triggers — that data needs to be auditable. Self-reported weight and manual tape measurements don't meet that standard. FitXpress provides 96-97% accuracy vs manual measurements with 95%+ repeatability across scans, plus a complete audit trail. Every measurement is traceable to a specific scan event. The data is immutable once generated. For compliance teams, that's the difference between body data you can stand behind and data you hope is accurate.
HIPAA-compliant, GDPR-aligned, TLS encryption, SSE-S3 at rest. Photos deleted post-processing.","John — a compliance perspective. As Medibank adds digital health tools, the measurement data feeding those tools needs to be defensible. FitXpress provides audit-ready body measurement: timestamped records, immutable data, zero PII, encryption always on. UK Meds uses it for regulated pharmacy dispensing. For Medibank: body measurement data you can stand behind. 10 minutes to review the compliance architecture?","John — leaving this here. If verified, audit-ready body measurement with a defensible compliance framework ever becomes relevant at Medibank, I'm available."
,,Medibank,Senior Manager - Group Strategy,,,"Chloe, Medibank growth strategy — the most undervalued retention tool in health insurance: giving members visible proof that their health is improving. FitXpress delivers that proof.","Thanks for connecting. I'm from 3DLOOK — FitXpress captures 80+ body measurements, body composition, and a 3D body model from two smartphone photos in 45 seconds.
Here's what matters for Medibank's member experience: health insurers spend millions on acquisition but comparatively little on giving members a reason to stay. FitXpress changes that equation. It gives members a monthly health ritual — a 45-second body scan that shows real, measurable progress. The 3D model lets members see changes that a scale can't capture: body recomposition, measurement reductions, posture improvements. The body composition data gives them clinical-grade metrics they'd normally only get from a DEXA scan or professional assessment. For Medibank members: a health tracking experience that feels premium, personal, and worth staying for. 96-97% accuracy vs manual measurements, 95%+ repeatability across scans.
HIPAA-compliant, GDPR-aligned, TLS encryption, SSE-S3 at rest. Photos deleted post-processing.",Chloe — quick thought. Health insurer retention is hard because there's no positive monthly touchpoint. FitXpress creates one: a 45-second body scan showing members their progress visually. Members who scan monthly renew. For Medibank: a retention tool that members actually want to use. Worth 10 minutes?,"Chloe — won't keep going. If member engagement through verified body progress tracking comes up at Medibank, happy to show how it works."
,,Medibank,Program Director - Regulatory Uplift,,,"Anoop, you lead digital product at Medibank. The disconnect between digital health tools and physical measurement data is a weak point in most insurer stacks. We solve exactly that.","Good to connect. Quick context: I'm from 3DLOOK — FitXpress generates 80+ verified body measurements and composition data from two photos, delivered via API.
For Medibank's digital health stack, the opportunity is closing the loop between virtual care delivery and physical measurement data. Most insurers have invested in telehealth platforms, member apps, and digital claims — but when a member needs body measurement for a health program, the process still involves a clinic visit or a self-reported scale weight. FitXpress changes that: two photos from the member's phone, 45 seconds, verified measurements with 96-97% accuracy vs manual measurements. The API integrates directly into existing member apps and clinical workflows.
HIPAA-compliant, GDPR-aligned, TLS encryption, SSE-S3 at rest. Photos deleted post-processing. Zero personal identifiers — body data only.","Anoop — specifically on the measurement gap. Medibank has the digital infrastructure. What's missing is remote body measurement that's accurate enough for clinical use and simple enough for member adoption. FitXpress delivers both: 96-97% accuracy vs manual measurements, 45 seconds. 15-minute demo?","Anoop — final one. If the body measurement gap in Medibank's digital health experience becomes a priority, reach out anytime."
,,Medibank,Head of Program Management,,,"Conor, Medibank — members join health programs with good intentions, then drop off. Remote body scanning with visual progress changes that dynamic.","Appreciate the connection. I'm from 3DLOOK — we built FitXpress to turn two smartphone photos into verified body measurements and composition data in under a minute.
For Medibank's preventive health programs, the member engagement challenge is real: people sign up, do a few check-ins, then disappear. The problem isn't motivation — it's that progress feels invisible. A scale number changes slowly. A waist measurement tape is awkward. FitXpress changes the feedback loop: members take two photos on their phone every 30 days, and get a 3D body model showing exactly where their body changed — side by side with their previous scan. 96-97% accuracy vs manual measurements, full body composition data. The Yazen case study proves the retention impact: 34,000 scans in 2025, and the side-by-side 3D visualization is their #1 retention feature.
HIPAA-compliant, GDPR-aligned, TLS encryption, SSE-S3 at rest. Photos deleted post-processing. Zero personal identifiers — body data only.","Conor — a member engagement thought. The insurers winning on retention are the ones giving members visible proof of their health progress. FitXpress delivers that: two photos, 45 seconds, 3D progress visualization. For Medibank wellness programs: higher completion rates, stronger member loyalty. 10 minutes to see the member experience?","Conor — last note. If adding visual progress tracking to Medibank's member health programs ever becomes a priority, I'm available."
,,HCF Australia,Co-Chair RAISE Disability and Inclusion ERG,,,"Rachael, you lead digital product at HCF Australia. The disconnect between digital health tools and physical measurement data is a weak point in most insurer stacks. We solve exactly that.","Thanks for accepting. I'm from 3DLOOK — FitXpress captures clinical-grade body measurements (80+ metrics + body composition) from two smartphone photos in 45 seconds.
For a health insurer at HCF Australia's scale, the digital health stack needs three things: member-facing tools that drive engagement, clinical data that's regulator-ready, and integration that doesn't add operational overhead. FitXpress checks all three. Members scan in 45 seconds from their phone and get a 3D model with side-by-side progress visualization — that's the engagement layer. The backend delivers verified measurements with 96-97% accuracy vs manual measurements and an audit trail — that's the compliance layer. The whole thing integrates via API — that's the operational layer.
HIPAA-compliant, GDPR-aligned, TLS encryption, SSE-S3 at rest. Photos deleted post-processing. Zero personal identifiers — body data only.","Rachael — one more. The insurers winning on digital engagement are the ones closing the gap between virtual tools and physical health data. FitXpress provides verified body measurement via API — 80+ metrics, body composition, 96-97% accuracy vs manual measurements. For HCF Australia's digital health strategy: remote measurement that members actually use and clinical teams trust. Worth 10 minutes?","Rachael — leaving this here. If remote body measurement API integration ever becomes relevant for HCF Australia's product roadmap, I'm available."
,,HCF Australia,Head of Risk Management,,,"James, HCF Australia data governance — verified body measurement for health programs needs a compliance architecture that insurers and regulators can trust. Audit trail, encryption at every stage, zero personal data.","Thanks for connecting. I'm from 3DLOOK — FitXpress captures 80+ body measurements and body composition data from two smartphone photos in 45 seconds, with a full compliance architecture underneath.
For HCF Australia, the governance case for verified body measurement is straightforward: if your health programs are making decisions based on member body data — eligibility for a program, progress through a pathway, clinical intervention triggers — that data needs to be auditable. Self-reported weight and manual tape measurements don't meet that standard. FitXpress provides 96-97% accuracy vs manual measurements with 95%+ repeatability across scans, plus a complete audit trail. Every measurement is traceable to a specific scan event. The data is immutable once generated. For compliance teams, that's the difference between body data you can stand behind and data you hope is accurate.
HIPAA-compliant, GDPR-aligned, TLS encryption, SSE-S3 at rest. Photos deleted post-processing.","James — quick thought on data governance. If HCF Australia's digital health programs are using member body data to make decisions, that data needs an audit trail. FitXpress provides it: immutable measurement records, timestamped scan events, 96-97% accuracy vs manual measurements, zero PII. 15-minute walkthrough of the compliance architecture?","James — leaving this here. If verified, audit-ready body measurement with a defensible compliance framework ever becomes relevant at HCF Australia, I'm available."
,,Mosh,Chief Medical Officer,,,"Kieran, you're driving digital transformation at Mosh. One thing most digital health stacks miss: verified body measurement without a clinic visit. That gap is fixable.","Thanks for accepting. I'm from 3DLOOK — FitXpress captures clinical-grade body measurements (80+ metrics + body composition) from two smartphone photos in 45 seconds.
Here's why this matters for Mosh's digital transformation: verified body data is the clinical anchor that makes virtual health programs defensible. Without it, you're relying on member self-report — which introduces error and undermines program ROI measurement. FitXpress provides audit-ready body measurement data captured remotely. For a digital health company, that means you can prove that your digital wellness programs actually produce measurable physical outcomes — not just engagement metrics.
HIPAA-compliant, GDPR-aligned, TLS encryption, SSE-S3 at rest. Photos deleted post-processing. Zero personal identifiers — body data only.","Kieran — a digital health stack thought. Most platforms have digitized claims, telehealth, and member portals. Body measurement is the piece that's still analog. FitXpress fills that gap: 96-97% accuracy vs manual measurements, 45 seconds, API integration. For Mosh: a digital measurement layer that completes the virtual care experience. 15 minutes to walk through the integration?","Kieran — final one. If the body measurement gap in Mosh's digital health experience becomes a priority, reach out anytime."
,,Medibank,Squad Lead - Customer Health Navigator,,,"Nicola, at Medibank you know retention is the growth lever in health insurance. The members who stay are the ones who feel their health improved because of their insurer. Remote body scanning makes that connection tangible.","Thanks for connecting. I'm from 3DLOOK — FitXpress captures 80+ body measurements, body composition, and a 3D body model from two smartphone photos in 45 seconds.
For Medibank's member engagement strategy, the retention math is simple: members who actively use their insurer's health tools are significantly less likely to switch. The challenge is giving them tools they'll actually use — not another generic wellness app. FitXpress fills that gap with something genuinely compelling: a 3D body scan from two photos that shows members exactly how their body is changing over time. Body fat percentage going down, lean mass going up, measurements shifting across 80+ data points — all visualized side by side with their previous scan. Yazen, a European weight loss platform, ran 34,000 scans in 2025. Their patients scan every 30 days, and the side-by-side 3D visualization is their #1 retention feature. For a health insurer, that's the engagement metric that directly impacts lifetime value.","Nicola — specifically on retention. Most insurers invest in acquisition, not in giving members a reason to stay. FitXpress is that reason: visual body progress tracking that members attribute to Medibank. 96-97% accuracy vs manual measurements, 45 seconds. 10 minutes?","Nicola — leaving this here. If remote body measurement as a member retention tool ever becomes relevant at Medibank, I'm available."
,,Medibank,Head of Risk Medibank,,,"Paul, you manage regulatory uplift at Medibank. Digital body measurement introduces new compliance considerations. Getting the data layer right from the start avoids downstream risk.","Good to connect. I'm from 3DLOOK — FitXpress delivers audit-ready body measurement data via API, with HIPAA and GDPR-aligned compliance baked into the platform architecture.
For Medibank, the governance case for verified body measurement is straightforward: if your health programs are making decisions based on member body data — eligibility for a program, progress through a pathway, clinical intervention triggers — that data needs to be auditable. Self-reported weight and manual tape measurements don't meet that standard. FitXpress provides 96-97% accuracy vs manual measurements with 95%+ repeatability across scans, plus a complete audit trail. Every measurement is traceable to a specific scan event. The data is immutable once generated. For compliance teams, that's the difference between body data you can stand behind and data you hope is accurate.
HIPAA-compliant, GDPR-aligned, TLS encryption, SSE-S3 at rest. Photos deleted post-processing.","Paul — one more. FitXpress was built for regulated health environments: 96-97% accuracy vs manual measurements, full audit trail, zero personal identifiers, encryption at every stage. UK Meds integrated it for BMI verification in pharmacy dispensing — their compliance team signed off because the audit trail is regulator-ready. For Medibank: the same governance standard. Worth 10 minutes?","Paul — won't keep going. If the compliance architecture around digital body measurement comes up at Medibank, happy to share our approach."
,,Medibank,Non Executive Director,,,"Jacqueline, digital product at Medibank — most health insurers are layering digital services on top of analog measurement. Body data captured remotely closes that last gap.","Good to connect. Quick context: I'm from 3DLOOK — FitXpress generates 80+ verified body measurements and composition data from two photos, delivered via API.
For Medibank's product roadmap, remote body measurement fills a specific gap in the digital health experience. Members enrolled in wellness programs, weight management, or post-surgical recovery need regular body measurement data — but current options are either clinic visits (low compliance) or self-report (low accuracy). FitXpress delivers 96-97% accuracy vs manual measurements from two photos, with full body composition including body fat percentage and lean mass. The data flows via API into whatever system Medibank uses to track member health outcomes.
HIPAA-compliant, GDPR-aligned, TLS encryption, SSE-S3 at rest. Photos deleted post-processing. Zero personal identifiers — body data only.","Jacqueline — one more. The insurers winning on digital engagement are the ones closing the gap between virtual tools and physical health data. FitXpress provides verified body measurement via API — 80+ metrics, body composition, 96-97% accuracy vs manual measurements. For Medibank's digital health strategy: remote measurement that members actually use and clinical teams trust. Worth 10 minutes?","Jacqueline — won't keep going. If verified body measurement as a digital health capability comes up at Medibank, happy to show how it works."
,,Bupa Australia,Clinic Coordinator,,,"Mikaela, digital product at Bupa Australia — most health insurers are layering digital services on top of analog measurement. Body data captured remotely closes that last gap.","Good to connect. Quick context: I'm from 3DLOOK — FitXpress generates 80+ verified body measurements and composition data from two photos, delivered via API.
For a health insurer at Bupa Australia's scale, the digital health stack needs three things: member-facing tools that drive engagement, clinical data that's regulator-ready, and integration that doesn't add operational overhead. FitXpress checks all three. Members scan in 45 seconds from their phone and get a 3D model with side-by-side progress visualization — that's the engagement layer. The backend delivers verified measurements with 96-97% accuracy vs manual measurements and an audit trail — that's the compliance layer. The whole thing integrates via API — that's the operational layer.
HIPAA-compliant, GDPR-aligned, TLS encryption, SSE-S3 at rest. Photos deleted post-processing. Zero personal identifiers — body data only.","Mikaela — specifically on the measurement gap. Bupa Australia has the digital infrastructure. What's missing is remote body measurement that's accurate enough for clinical use and simple enough for member adoption. FitXpress delivers both: 96-97% accuracy vs manual measurements, 45 seconds. 15-minute demo?","Mikaela — final one. If the body measurement gap in Bupa Australia's digital health experience becomes a priority, reach out anytime."
,,Medibank,Head of Provider Analytics,,,"Liam, at Medibank you know member health outcomes drive retention. The gap: members need to see their progress to stay motivated. Remote body scanning with visual comparison delivers that.","Thanks for connecting. I'm from 3DLOOK — FitXpress captures 80+ body measurements, body composition, and a 3D body model from two smartphone photos in 45 seconds.
Here's the preventive health insight: members who see their progress stay enrolled. Members who only see a number on a scale drop out. FitXpress delivers that visual progress layer — two photos every 30 days, a 3D model that shows body composition changes that a scale can't capture (fat loss, muscle gain, measurement changes across 80+ data points). For Medibank's wellness programs, this means higher completion rates, better health outcomes, and members who attribute their progress directly to their insurer — strengthening retention and NPS.
HIPAA-compliant, GDPR-aligned, TLS encryption, SSE-S3 at rest. Photos deleted post-processing. Zero personal identifiers — body data only.","Liam — a member engagement thought. The insurers winning on retention are the ones giving members visible proof of their health progress. FitXpress delivers that: two photos, 45 seconds, 3D progress visualization. For Medibank wellness programs: higher completion rates, stronger member loyalty. 10 minutes to see the member experience?","Liam — final one. If visual body progress as a member retention tool becomes relevant for Medibank's health programs, reach out."
,,Medibank,Senior Subsidised Health Partnerships Manager,,,"Katerina, Medibank wellness strategy — member engagement is the metric that matters. Remote body measurement with progress visualization turns a clinical task into a member experience.","Good to connect. Quick context: I'm from 3DLOOK — FitXpress generates 80+ verified body measurements and composition data from two photos, delivered via API.
For Medibank's member health programs, the missing piece is objective progress data that members can see and trust. Self-reported weight is unreliable. Gym check-ins track attendance, not outcomes. FitXpress provides verified body measurement that captures actual physical change: body fat percentage trends, lean mass changes, measurement reductions across 80+ data points. The 3D model with side-by-side comparison gives members an undeniable view of their progress. This isn't gamification — it's clinical-grade measurement presented in a way that drives sustained engagement. 96-97% accuracy vs manual measurements, 95%+ repeatability across scans.
HIPAA-compliant, GDPR-aligned, TLS encryption, SSE-S3 at rest. Photos deleted post-processing. Zero personal identifiers — body data only.","Katerina — a member engagement thought. The insurers winning on retention are the ones giving members visible proof of their health progress. FitXpress delivers that: two photos, 45 seconds, 3D progress visualization. For Medibank wellness programs: higher completion rates, stronger member loyalty. 10 minutes to see the member experience?","Katerina — final one. If visual body progress as a member retention tool becomes relevant for Medibank's health programs, reach out."
,,Bupa Australia,Director International & Corporate Portfolio,,,"Simon, digital product at Bupa Australia — most health insurers are layering digital services on top of analog measurement. Body data captured remotely closes that last gap.","Appreciate the connection. I'm from 3DLOOK — we built FitXpress to turn two smartphone photos into verified body measurements and composition data in under a minute.
For a health insurer at Bupa Australia's scale, the digital health stack needs three things: member-facing tools that drive engagement, clinical data that's regulator-ready, and integration that doesn't add operational overhead. FitXpress checks all three. Members scan in 45 seconds from their phone and get a 3D model with side-by-side progress visualization — that's the engagement layer. The backend delivers verified measurements with 96-97% accuracy vs manual measurements and an audit trail — that's the compliance layer. The whole thing integrates via API — that's the operational layer.
HIPAA-compliant, GDPR-aligned, TLS encryption, SSE-S3 at rest. Photos deleted post-processing. Zero personal identifiers — body data only.","Simon — a digital health stack thought. Most insurers have digitized claims, telehealth, and member portals. Body measurement is the piece that's still analog. FitXpress fills that gap: 96-97% accuracy vs manual measurements, 45 seconds, API integration. For Bupa Australia: a digital measurement layer that completes the virtual care experience. 15 minutes to walk through the integration?","Simon — won't keep going. If verified body measurement as a digital health capability comes up at Bupa Australia, happy to show how it works."
,,Bupa Australia,Head of Business Operations - Technology APAC,,,"Colin, you lead digital product at Bupa Australia. The disconnect between digital health tools and physical measurement data is a weak point in most insurer stacks. We solve exactly that.","Thanks for connecting. I'm from 3DLOOK — FitXpress captures 80+ body measurements, body composition, and a 3D body model from two smartphone photos in 45 seconds.
For Bupa Australia's product roadmap, remote body measurement fills a specific gap in the digital health experience. Members enrolled in wellness programs, weight management, or post-surgical recovery need regular body measurement data — but current options are either clinic visits (low compliance) or self-report (low accuracy). FitXpress delivers 96-97% accuracy vs manual measurements from two photos, with full body composition including body fat percentage and lean mass. The data flows via API into whatever system Bupa Australia uses to track member health outcomes.
HIPAA-compliant, GDPR-aligned, TLS encryption, SSE-S3 at rest. Photos deleted post-processing. Zero personal identifiers — body data only.","Colin — specifically on the measurement gap. Bupa Australia has the digital infrastructure. What's missing is remote body measurement that's accurate enough for clinical use and simple enough for member adoption. FitXpress delivers both: 96-97% accuracy vs manual measurements, 45 seconds. 15-minute demo?","Colin — won't keep going. If verified body measurement as a digital health capability comes up at Bupa Australia, happy to show how it works."
,,Bupa Australia,Blua Product Director,,,"Shannon, you're driving digital transformation at Bupa Australia. One thing most digital health stacks miss: verified body measurement without a clinic visit. That gap is fixable.","Appreciate the connection. I'm from 3DLOOK — we built FitXpress to turn two smartphone photos into verified body measurements and composition data in under a minute.
Here's why this matters for Bupa Australia's digital transformation: verified body data is the clinical anchor that makes virtual health programs defensible. Without it, you're relying on member self-report — which introduces error and undermines program ROI measurement. FitXpress provides audit-ready body measurement data captured remotely. For a health insurer, that means you can prove that your digital wellness programs actually produce measurable physical outcomes — not just engagement metrics.
HIPAA-compliant, GDPR-aligned, TLS encryption, SSE-S3 at rest. Photos deleted post-processing. Zero personal identifiers — body data only.","Shannon — specifically on the measurement gap. Bupa Australia has the digital infrastructure. What's missing is remote body measurement that's accurate enough for clinical use and simple enough for member adoption. FitXpress delivers both: 96-97% accuracy vs manual measurements, 45 seconds. 15-minute demo?","Shannon — last note from me. If adding remote body measurement to Bupa Australia's digital health stack ever becomes a priority, I'm available."
,,Medibank,Head of Customer Process Improvement,,,"Margaret, you're focused on member engagement at Medibank. The metric that matters: do members attribute health progress to their insurer? Visual body tracking makes that attribution real.","Thanks for accepting. I'm from 3DLOOK — FitXpress captures clinical-grade body measurements (80+ metrics + body composition) from two smartphone photos in 45 seconds.
Here's the member engagement insight for Medibank: health insurance is a low-touch product. Most members interact with their insurer only when they're sick or when a bill arrives. FitXpress creates a positive, monthly touchpoint — a 45-second scan that shows members their health progress. The 3D model and body composition breakdown give members something they actually want to see. The progress timeline builds a health story that members associate with Medibank. This isn't gamification — it's clinical-grade body measurement that members use because the output is genuinely interesting and useful. For retention: members who scan monthly are members who renew.
HIPAA-compliant, GDPR-aligned, TLS encryption, SSE-S3 at rest. Photos deleted post-processing. Zero personal identifiers — body data only.","Margaret — a retention perspective. The members who stay are the ones who feel their insurer invested in their health. FitXpress gives Medibank members a body scanning tool they'll use monthly: 3D model, progress visualization, body composition. Yazen's #1 retention feature. For Medibank: measurable retention lift. 15 minutes to see the member experience?","Margaret — last note. If giving Medibank members a body scanning tool that drives retention ever becomes a priority, I'm available."
,,Medibank,Head of Capital and Reserving,,,"Anthony, at Medibank you know member health outcomes drive retention. The gap: members need to see their progress to stay motivated. Remote body scanning with visual comparison delivers that.","Thanks for accepting. I'm from 3DLOOK — FitXpress captures clinical-grade body measurements (80+ metrics + body composition) from two smartphone photos in 45 seconds.
For Medibank's member health programs, the missing piece is objective progress data that members can see and trust. Self-reported weight is unreliable. Gym check-ins track attendance, not outcomes. FitXpress provides verified body measurement that captures actual physical change: body fat percentage trends, lean mass changes, measurement reductions across 80+ data points. The 3D model with side-by-side comparison gives members an undeniable view of their progress. This isn't gamification — it's clinical-grade measurement presented in a way that drives sustained engagement. 96-97% accuracy vs manual measurements, 95%+ repeatability across scans.
HIPAA-compliant, GDPR-aligned, TLS encryption, SSE-S3 at rest. Photos deleted post-processing. Zero personal identifiers — body data only.","Anthony — specifically on member retention. FitXpress turns body measurement into an engagement feature: 3D progress visualization that members actually look forward to. 96-97% accuracy vs manual measurements, 45 seconds from their phone. For Medibank health programs: a retention tool disguised as a member benefit. 10 minutes?","Anthony — won't keep going. If member engagement through body progress tracking comes up at Medibank, happy to show the member experience."
,,Medibank,Executive Assistant to the Managing Director,,,"Kylie, Medibank — members join health programs with good intentions, then drop off. Remote body scanning with visual progress changes that dynamic.","Thanks for accepting. I'm from 3DLOOK — FitXpress captures clinical-grade body measurements (80+ metrics + body composition) from two smartphone photos in 45 seconds.
For Medibank's member health programs, the missing piece is objective progress data that members can see and trust. Self-reported weight is unreliable. Gym check-ins track attendance, not outcomes. FitXpress provides verified body measurement that captures actual physical change: body fat percentage trends, lean mass changes, measurement reductions across 80+ data points. The 3D model with side-by-side comparison gives members an undeniable view of their progress. This isn't gamification — it's clinical-grade measurement presented in a way that drives sustained engagement. 96-97% accuracy vs manual measurements, 95%+ repeatability across scans.
HIPAA-compliant, GDPR-aligned, TLS encryption, SSE-S3 at rest. Photos deleted post-processing. Zero personal identifiers — body data only.","Kylie — one more. Members who see their body changing are members who stay. FitXpress gives Medibank members a visual health tracking tool they'll use monthly. 96-97% accuracy vs manual measurements, 45 seconds. For preventive health programs: retention through visible results. 15-minute walkthrough?","Kylie — leaving this here. If verified body progress tracking for Medibank members ever becomes relevant, I'm available."
,,HCF Australia,General Manager - International Business,,,"Celine, health programs at HCF Australia — preventive care lives or dies on member engagement. Verified body progress tracking gives members a reason to stay in the program.","Thanks for connecting. I'm from 3DLOOK — FitXpress captures 80+ body measurements, body composition, and a 3D body model from two smartphone photos in 45 seconds.
For HCF Australia's preventive health programs, the member engagement challenge is real: people sign up, do a few check-ins, then disappear. The problem isn't motivation — it's that progress feels invisible. A scale number changes slowly. A waist measurement tape is awkward. FitXpress changes the feedback loop: members take two photos on their phone every 30 days, and get a 3D body model showing exactly where their body changed — side by side with their previous scan. 96-97% accuracy vs manual measurements, full body composition data. The Yazen case study proves the retention impact: 34,000 scans in 2025, and the side-by-side 3D visualization is their #1 retention feature.
HIPAA-compliant, GDPR-aligned, TLS encryption, SSE-S3 at rest. Photos deleted post-processing. Zero personal identifiers — body data only.","Celine — specifically on member retention. FitXpress turns body measurement into an engagement feature: 3D progress visualization that members actually look forward to. 96-97% accuracy vs manual measurements, 45 seconds from their phone. For HCF Australia health programs: a retention tool disguised as a member benefit. 15 minutes?","Celine — won't keep going. If member engagement through body progress tracking comes up at HCF Australia, happy to show the member experience."
,,Medibank,Head of Commercial Performance,,,"Helen, Medibank preventive health — Australia's health insurers are competing on wellness program engagement. The differentiator: showing members real, visible progress they can track.","Thanks for connecting. I'm from 3DLOOK — FitXpress captures 80+ body measurements, body composition, and a 3D body model from two smartphone photos in 45 seconds.
For Medibank's member health programs, the missing piece is objective progress data that members can see and trust. Self-reported weight is unreliable. Gym check-ins track attendance, not outcomes. FitXpress provides verified body measurement that captures actual physical change: body fat percentage trends, lean mass changes, measurement reductions across 80+ data points. The 3D model with side-by-side comparison gives members an undeniable view of their progress. This isn't gamification — it's clinical-grade measurement presented in a way that drives sustained engagement. 96-97% accuracy vs manual measurements, 95%+ repeatability across scans.
HIPAA-compliant, GDPR-aligned, TLS encryption, SSE-S3 at rest. Photos deleted post-processing. Zero personal identifiers — body data only.","Helen — quick thought on preventive health engagement. FitXpress transforms body measurement from a clinical task into a member experience: 3D model, side-by-side progress comparison, full body composition. Yazen saw retention skyrocket when they added this. For Medibank: measurable engagement lift for wellness programs. Worth 10 minutes?","Helen — leaving this here. If verified body progress tracking for Medibank members ever becomes relevant, I'm available."
,,Medibank,Head of Design,,,"Natalie, at Medibank you know member health outcomes drive retention. The gap: members need to see their progress to stay motivated. Remote body scanning with visual comparison delivers that.","Thanks for connecting. I'm from 3DLOOK — FitXpress captures 80+ body measurements, body composition, and a 3D body model from two smartphone photos in 45 seconds.
For Medibank's preventive health programs, the member engagement challenge is real: people sign up, do a few check-ins, then disappear. The problem isn't motivation — it's that progress feels invisible. A scale number changes slowly. A waist measurement tape is awkward. FitXpress changes the feedback loop: members take two photos on their phone every 30 days, and get a 3D body model showing exactly where their body changed — side by side with their previous scan. 96-97% accuracy vs manual measurements, full body composition data. The Yazen case study proves the retention impact: 34,000 scans in 2025, and the side-by-side 3D visualization is their #1 retention feature.
HIPAA-compliant, GDPR-aligned, TLS encryption, SSE-S3 at rest. Photos deleted post-processing. Zero personal identifiers — body data only.","Natalie — a member engagement thought. The insurers winning on retention are the ones giving members visible proof of their health progress. FitXpress delivers that: two photos, 45 seconds, 3D progress visualization. For Medibank wellness programs: higher completion rates, stronger member loyalty. 10 minutes to see the member experience?","Natalie — final one. If visual body progress as a member retention tool becomes relevant for Medibank's health programs, reach out."
,,Medibank,Head of Consumer Proposition,,,"Will, Medibank — members join health programs with good intentions, then drop off. Remote body scanning with visual progress changes that dynamic.","Thanks for accepting. I'm from 3DLOOK — FitXpress captures clinical-grade body measurements (80+ metrics + body composition) from two smartphone photos in 45 seconds.
For Medibank's member health programs, the missing piece is objective progress data that members can see and trust. Self-reported weight is unreliable. Gym check-ins track attendance, not outcomes. FitXpress provides verified body measurement that captures actual physical change: body fat percentage trends, lean mass changes, measurement reductions across 80+ data points. The 3D model with side-by-side comparison gives members an undeniable view of their progress. This isn't gamification — it's clinical-grade measurement presented in a way that drives sustained engagement. 96-97% accuracy vs manual measurements, 95%+ repeatability across scans.
HIPAA-compliant, GDPR-aligned, TLS encryption, SSE-S3 at rest. Photos deleted post-processing. Zero personal identifiers — body data only.","Will — specifically on member retention. FitXpress turns body measurement into an engagement feature: 3D progress visualization that members actually look forward to. 96-97% accuracy vs manual measurements, 45 seconds from their phone. For Medibank health programs: a retention tool disguised as a member benefit. 10 minutes?","Will — last note. If adding visual progress tracking to Medibank's member health programs ever becomes a priority, I'm available."
,,HCF Australia,Chief Financial Officer,,,"Harry, at HCF Australia you're focused on IT risk and governance. Body measurement data captured via member smartphones — the compliance framework around that data matters. We built ours for regulated health environments.","Good to connect. I'm from 3DLOOK — FitXpress delivers audit-ready body measurement data via API, with HIPAA and GDPR-aligned compliance baked into the platform architecture.
Here's the compliance perspective that matters for HCF Australia: when regulators look at digital health programs, they ask about the data pipeline. Where does the measurement data come from? How is it validated? What happens to member images? FitXpress answers all three: measurement data comes from a validated statistical model trained on 9+ years of training data: 150,000+ photos, 30,000+ 3D scans, 430,000+ measurements; validation is built in via 96-97% accuracy vs manual measurements benchmarked performance; member images are deleted post-processing and never stored. The platform is HIPAA-compliant and follows GDPR principles. For a health insurer, that's a governance framework you can present to regulators with confidence.
HIPAA-compliant, GDPR-aligned, TLS encryption, SSE-S3 at rest.","Harry — specifically on regulatory readiness. FitXpress delivers body measurement data that meets the governance standards health insurers need: HIPAA-compliant, GDPR-aligned, audit-ready records, photos deleted post-processing. For HCF Australia regulatory programs: verified measurement data that holds up under scrutiny. 15 minutes?","Harry — last note from me. If audit-ready body measurement data for HCF Australia's digital health programs ever becomes a governance priority, I'm available."
,,Medibank,Head of Work Architecture and Enablement,,,"Jeremy, health programs at Medibank — preventive care lives or dies on member engagement. Verified body progress tracking gives members a reason to stay in the program.","Good to connect. Quick context: I'm from 3DLOOK — FitXpress generates 80+ verified body measurements and composition data from two photos, delivered via API.
For Medibank's preventive health programs, the member engagement challenge is real: people sign up, do a few check-ins, then disappear. The problem isn't motivation — it's that progress feels invisible. A scale number changes slowly. A waist measurement tape is awkward. FitXpress changes the feedback loop: members take two photos on their phone every 30 days, and get a 3D body model showing exactly where their body changed — side by side with their previous scan. 96-97% accuracy vs manual measurements, full body composition data. The Yazen case study proves the retention impact: 34,000 scans in 2025, and the side-by-side 3D visualization is their #1 retention feature.
HIPAA-compliant, GDPR-aligned, TLS encryption, SSE-S3 at rest. Photos deleted post-processing. Zero personal identifiers — body data only.","Jeremy — quick thought on preventive health engagement. FitXpress transforms body measurement from a clinical task into a member experience: 3D model, side-by-side progress comparison, full body composition. Yazen saw retention skyrocket when they added this. For Medibank: measurable engagement lift for wellness programs. Worth 10 minutes?","Jeremy — won't keep going. If member engagement through body progress tracking comes up at Medibank, happy to show the member experience."
,,Bupa Australia,Group Senior Manager • Strategy,,,"Roman, at Bupa Australia you drive growth through member experience. The insight: members who see their body changing because of their insurer's tools become your best retention stories.","Appreciate the connection. I'm from 3DLOOK — we built FitXpress to turn two smartphone photos into verified body measurements and composition data in under a minute.
For Bupa Australia's member engagement strategy, the retention math is simple: members who actively use their insurer's health tools are significantly less likely to switch. The challenge is giving them tools they'll actually use — not another generic wellness app. FitXpress fills that gap with something genuinely compelling: a 3D body scan from two photos that shows members exactly how their body is changing over time. Body fat percentage going down, lean mass going up, measurements shifting across 80+ data points — all visualized side by side with their previous scan. Yazen, a European weight loss platform, ran 34,000 scans in 2025. Their patients scan every 30 days, and the side-by-side 3D visualization is their #1 retention feature.","Roman — a retention perspective. The members who stay are the ones who feel their insurer invested in their health. FitXpress gives Bupa Australia members a body scanning tool they'll use monthly: 3D model, progress visualization, body composition. Yazen's #1 retention feature. For Bupa Australia: measurable retention lift. 10 minutes to see the member experience?","Roman — leaving this here. If remote body measurement as a member retention tool ever becomes relevant at Bupa Australia, I'm available."
,,HCF Australia,Head of Corporate Strategy,,,"Sabrina, member growth at HCF Australia — health insurers compete on retention, and retention hinges on members feeling their insurer actively invests in their health. A visual body tracking tool delivers that.","Appreciate the connection. I'm from 3DLOOK — we built FitXpress to turn two smartphone photos into verified body measurements and composition data in under a minute.
Here's what matters for HCF Australia's member experience: health insurers spend millions on acquisition but comparatively little on giving members a reason to stay. FitXpress changes that equation. It gives members a monthly health ritual — a 45-second body scan that shows real, measurable progress. The 3D model lets members see changes that a scale can't capture: body recomposition, measurement reductions, posture improvements. The body composition data gives them clinical-grade metrics they'd normally only get from a DEXA scan or professional assessment. For HCF Australia members: a health tracking experience that feels premium, personal, and worth staying for. 96-97% accuracy vs manual measurements, 95%+ repeatability across scans.
HIPAA-compliant, GDPR-aligned, TLS encryption, SSE-S3 at rest.","Sabrina — specifically on retention. Most insurers invest in acquisition, not in giving members a reason to stay. FitXpress is that reason: visual body progress tracking that members attribute to HCF Australia. 96-97% accuracy vs manual measurements, 45 seconds. 10 minutes?","Sabrina — final one. If retention through member health tools becomes relevant for HCF Australia's strategy, reach out anytime."
,,Medibank,Head of PHI Operations,,,"Michael, Medibank digital strategy — telehealth and virtual care are growing fast in Australia. But body measurement still defaults to in-person. Remote capture changes the equation.","Thanks for connecting. I'm from 3DLOOK — FitXpress captures 80+ body measurements, body composition, and a 3D body model from two smartphone photos in 45 seconds.
For Medibank's digital health stack, the opportunity is closing the loop between virtual care delivery and physical measurement data. Most insurers have invested in telehealth platforms, member apps, and digital claims — but when a member needs body measurement for a health program, the process still involves a clinic visit or a self-reported scale weight. FitXpress changes that: two photos from the member's phone, 45 seconds, verified measurements with 96-97% accuracy vs manual measurements. The API integrates directly into existing member apps and clinical workflows.
HIPAA-compliant, GDPR-aligned, TLS encryption, SSE-S3 at rest. Photos deleted post-processing. Zero personal identifiers — body data only.","Michael — one more. The insurers winning on digital engagement are the ones closing the gap between virtual tools and physical health data. FitXpress provides verified body measurement via API — 80+ metrics, body composition, 96-97% accuracy vs manual measurements. For Medibank's digital health strategy: remote measurement that members actually use and clinical teams trust. Worth 10 minutes?","Michael — last note from me. If adding remote body measurement to Medibank's digital health stack ever becomes a priority, I'm available."
,,Bupa Australia,"Head of Commercial, Delivery & Performance",,,"Saroja, health programs at Bupa Australia — preventive care lives or dies on member engagement. Verified body progress tracking gives members a reason to stay in the program.","Good to connect. Quick context: I'm from 3DLOOK — FitXpress generates 80+ verified body measurements and composition data from two photos, delivered via API.
For Bupa Australia's preventive health programs, the member engagement challenge is real: people sign up, do a few check-ins, then disappear. The problem isn't motivation — it's that progress feels invisible. A scale number changes slowly. A waist measurement tape is awkward. FitXpress changes the feedback loop: members take two photos on their phone every 30 days, and get a 3D body model showing exactly where their body changed — side by side with their previous scan. 96-97% accuracy vs manual measurements, full body composition data. The Yazen case study proves the retention impact: 34,000 scans in 2025, and the side-by-side 3D visualization is their #1 retention feature.
HIPAA-compliant, GDPR-aligned, TLS encryption, SSE-S3 at rest. Photos deleted post-processing. Zero personal identifiers — body data only.","Saroja — quick thought on preventive health engagement. FitXpress transforms body measurement from a clinical task into a member experience: 3D model, side-by-side progress comparison, full body composition. Yazen saw retention skyrocket when they added this. For Bupa Australia: measurable engagement lift for wellness programs. Worth 10 minutes?","Saroja — won't keep going. If member engagement through body progress tracking comes up at Bupa Australia, happy to show the member experience."
,,HCF Australia,Head of Operations and Planning,,,"Bryant, product strategy at HCF Australia — members expect digital-first everything. Body measurement is the clinical data point that's still analog. Remote capture solves that.","Thanks for accepting. I'm from 3DLOOK — FitXpress captures clinical-grade body measurements (80+ metrics + body composition) from two smartphone photos in 45 seconds.
For HCF Australia's product roadmap, remote body measurement fills a specific gap in the digital health experience. Members enrolled in wellness programs, weight management, or post-surgical recovery need regular body measurement data — but current options are either clinic visits (low compliance) or self-report (low accuracy). FitXpress delivers 96-97% accuracy vs manual measurements from two photos, with full body composition including body fat percentage and lean mass. The data flows via API into whatever system HCF Australia uses to track member health outcomes.
HIPAA-compliant, GDPR-aligned, TLS encryption, SSE-S3 at rest. Photos deleted post-processing. Zero personal identifiers — body data only.","Bryant — one more. The insurers winning on digital engagement are the ones closing the gap between virtual tools and physical health data. FitXpress provides verified body measurement via API — 80+ metrics, body composition, 96-97% accuracy vs manual measurements. For HCF Australia's digital health strategy: remote measurement that members actually use and clinical teams trust. Worth 10 minutes?","Bryant — won't keep going. If verified body measurement as a digital health capability comes up at HCF Australia, happy to show how it works."
,,Bupa Australia,Integration Director,,,"Lauren, you're driving digital transformation at Bupa Australia. One thing most digital health stacks miss: verified body measurement without a clinic visit. That gap is fixable.","Good to connect. Quick context: I'm from 3DLOOK — FitXpress generates 80+ verified body measurements and composition data from two photos, delivered via API.
Here's why this matters for Bupa Australia's digital transformation: verified body data is the clinical anchor that makes virtual health programs defensible. Without it, you're relying on member self-report — which introduces error and undermines program ROI measurement. FitXpress provides audit-ready body measurement data captured remotely. For a health insurer, that means you can prove that your digital wellness programs actually produce measurable physical outcomes — not just engagement metrics.
HIPAA-compliant, GDPR-aligned, TLS encryption, SSE-S3 at rest. Photos deleted post-processing. Zero personal identifiers — body data only.","Lauren — specifically on the measurement gap. Bupa Australia has the digital infrastructure. What's missing is remote body measurement that's accurate enough for clinical use and simple enough for member adoption. FitXpress delivers both: 96-97% accuracy vs manual measurements, 45 seconds. 15-minute demo?","Lauren — last note from me. If adding remote body measurement to Bupa Australia's digital health stack ever becomes a priority, I'm available."
,,Bupa Australia,Pharmacist in Charge,,,"Natalie, you're focused on health outcomes at Bupa Australia. The retention problem in wellness programs: members don't see results fast enough. A 3D body scan that shows progress visually solves that.","Appreciate the connection. I'm from 3DLOOK — we built FitXpress to turn two smartphone photos into verified body measurements and composition data in under a minute.
For Bupa Australia's preventive health programs, the member engagement challenge is real: people sign up, do a few check-ins, then disappear. The problem isn't motivation — it's that progress feels invisible. A scale number changes slowly. A waist measurement tape is awkward. FitXpress changes the feedback loop: members take two photos on their phone every 30 days, and get a 3D body model showing exactly where their body changed — side by side with their previous scan. 96-97% accuracy vs manual measurements, full body composition data. The Yazen case study proves the retention impact: 34,000 scans in 2025, and the side-by-side 3D visualization is their #1 retention feature.
HIPAA-compliant, GDPR-aligned, TLS encryption, SSE-S3 at rest. Photos deleted post-processing. Zero personal identifiers — body data only.","Natalie — quick thought on preventive health engagement. FitXpress transforms body measurement from a clinical task into a member experience: 3D model, side-by-side progress comparison, full body composition. Yazen saw retention skyrocket when they added this. For Bupa Australia: measurable engagement lift for wellness programs. Worth 10 minutes?","Natalie — last note. If adding visual progress tracking to Bupa Australia's member health programs ever becomes a priority, I'm available."
,,Mosh,VP of Customer,,,"Andy, Mosh — member engagement isn't about more emails or app notifications. It's about giving members something they want to use. A 3D body scan that tracks their progress is exactly that.","Good to connect. Quick context: I'm from 3DLOOK — FitXpress generates 80+ verified body measurements and composition data from two photos, delivered via API.
Here's the member engagement insight for Mosh: health insurance is a low-touch product. Most members interact with their platform only when they're sick or when a bill arrives. FitXpress creates a positive, monthly touchpoint — a 45-second scan that shows members their health progress. The 3D model and body composition breakdown give members something they actually want to see. The progress timeline builds a health story that members associate with Mosh. This isn't gamification — it's clinical-grade body measurement that members use because the output is genuinely interesting and useful. For retention: members who scan monthly are members who renew.
HIPAA-compliant, GDPR-aligned, TLS encryption, SSE-S3 at rest. Photos deleted post-processing. Zero personal identifiers — body data only.",Andy — quick thought. Digital health company retention is hard because there's no positive monthly touchpoint. FitXpress creates one: a 45-second body scan showing members their progress visually. Members who scan monthly renew. For Mosh: a retention tool that members actually want to use. Worth 15 minutes?,"Andy — last note. If giving Mosh members a body scanning tool that drives retention ever becomes a priority, I'm available."
,,HCF Australia,Integrated Care Partnerships Manager,,,"Phoebe, at HCF Australia you know member health outcomes drive retention. The gap: members need to see their progress to stay motivated. Remote body scanning with visual comparison delivers that.","Appreciate the connection. I'm from 3DLOOK — we built FitXpress to turn two smartphone photos into verified body measurements and composition data in under a minute.
Here's the preventive health insight: members who see their progress stay enrolled. Members who only see a number on a scale drop out. FitXpress delivers that visual progress layer — two photos every 30 days, a 3D model that shows body composition changes that a scale can't capture (fat loss, muscle gain, measurement changes across 80+ data points). For HCF Australia's wellness programs, this means higher completion rates, better health outcomes, and members who attribute their progress directly to their insurer — strengthening retention and NPS.
HIPAA-compliant, GDPR-aligned, TLS encryption, SSE-S3 at rest. Photos deleted post-processing. Zero personal identifiers — body data only.","Phoebe — quick thought on preventive health engagement. FitXpress transforms body measurement from a clinical task into a member experience: 3D model, side-by-side progress comparison, full body composition. Yazen saw retention skyrocket when they added this. For HCF Australia: measurable engagement lift for wellness programs. Worth 10 minutes?","Phoebe — leaving this here. If verified body progress tracking for HCF Australia members ever becomes relevant, I'm available."
,,qoctor,Chief Technology Officer,,,"Jeremy, qoctor digital ecosystem — member health tracking is the engagement layer platforms are competing on. Remote body measurement with visual progress gives members a reason to stay engaged.","Thanks for connecting. I'm from 3DLOOK — FitXpress captures 80+ body measurements, body composition, and a 3D body model from two smartphone photos in 45 seconds.
For qoctor's product roadmap, remote body measurement fills a specific gap in the digital health experience. Members enrolled in wellness programs, weight management, or post-surgical recovery need regular body measurement data — but current options are either clinic visits (low compliance) or self-report (low accuracy). FitXpress delivers 96-97% accuracy vs manual measurements from two photos, with full body composition including body fat percentage and lean mass. The data flows via API into whatever system qoctor uses to track member health outcomes.
HIPAA-compliant, GDPR-aligned, TLS encryption, SSE-S3 at rest. Photos deleted post-processing. Zero personal identifiers — body data only.","Jeremy — quick thought. FitXpress turns body measurement into an API call: two photos in, 80+ measurements + body composition out. 96-97% accuracy vs manual measurements, HIPAA-compliant, integrates into any digital health stack. For qoctor: verified body data as a product feature. 15 minutes?","Jeremy — last note from me. If adding remote body measurement to qoctor's digital health stack ever becomes a priority, I'm available."
,,Medibank,Head of Financial Wellbeing,,,"Charbel, at Medibank you know member health outcomes drive retention. The gap: members need to see their progress to stay motivated. Remote body scanning with visual comparison delivers that.","Thanks for connecting. I'm from 3DLOOK — FitXpress captures 80+ body measurements, body composition, and a 3D body model from two smartphone photos in 45 seconds.
For Medibank, the preventive health opportunity is turning wellness programs from a cost center into a retention engine. Members who actively track their health progress are less likely to switch insurers. The challenge is giving them tracking tools they'll actually use. FitXpress delivers that: two photos, 45 seconds, a detailed 3D model with body composition breakdown. 96-97% accuracy vs manual measurements means the data is trustworthy. The visual progress comparison means members stay engaged month after month. For a health insurer, that's measurable ROI: higher program completion rates, lower churn among wellness participants, and stronger NPS from members who feel their insurer invested in their health.
HIPAA-compliant, GDPR-aligned, TLS encryption, SSE-S3 at rest. Photos deleted post-processing.","Charbel — quick thought on preventive health engagement. FitXpress transforms body measurement from a clinical task into a member experience: 3D model, side-by-side progress comparison, full body composition. Yazen saw retention skyrocket when they added this. For Medibank: measurable engagement lift for wellness programs. Worth 15 minutes?","Charbel — last note. If adding visual progress tracking to Medibank's member health programs ever becomes a priority, I'm available."
,,HCF Australia,Head of Department,,,"Bernadette, health programs at HCF Australia — preventive care lives or dies on member engagement. Verified body progress tracking gives members a reason to stay in the program.","Good to connect. Quick context: I'm from 3DLOOK — FitXpress generates 80+ verified body measurements and composition data from two photos, delivered via API.
For HCF Australia's member health programs, the missing piece is objective progress data that members can see and trust. Self-reported weight is unreliable. Gym check-ins track attendance, not outcomes. FitXpress provides verified body measurement that captures actual physical change: body fat percentage trends, lean mass changes, measurement reductions across 80+ data points. The 3D model with side-by-side comparison gives members an undeniable view of their progress. This isn't gamification — it's clinical-grade measurement presented in a way that drives sustained engagement. 96-97% accuracy vs manual measurements, 95%+ repeatability across scans.
HIPAA-compliant, GDPR-aligned, TLS encryption, SSE-S3 at rest. Photos deleted post-processing. Zero personal identifiers — body data only.","Bernadette — a member engagement thought. The insurers winning on retention are the ones giving members visible proof of their health progress. FitXpress delivers that: two photos, 45 seconds, 3D progress visualization. For HCF Australia wellness programs: higher completion rates, stronger member loyalty. 10 minutes to see the member experience?","Bernadette — last note. If adding visual progress tracking to HCF Australia's member health programs ever becomes a priority, I'm available."
,,HCF Australia,Program Director,,,"Andrew, product strategy at HCF Australia — members expect digital-first everything. Body measurement is the clinical data point that's still analog. Remote capture solves that.","Thanks for accepting. I'm from 3DLOOK — FitXpress captures clinical-grade body measurements (80+ metrics + body composition) from two smartphone photos in 45 seconds.
For a health insurer at HCF Australia's scale, the digital health stack needs three things: member-facing tools that drive engagement, clinical data that's regulator-ready, and integration that doesn't add operational overhead. FitXpress checks all three. Members scan in 45 seconds from their phone and get a 3D model with side-by-side progress visualization — that's the engagement layer. The backend delivers verified measurements with 96-97% accuracy vs manual measurements and an audit trail — that's the compliance layer. The whole thing integrates via API — that's the operational layer.
HIPAA-compliant, GDPR-aligned, TLS encryption, SSE-S3 at rest. Photos deleted post-processing. Zero personal identifiers — body data only.","Andrew — a digital health stack thought. Most insurers have digitized claims, telehealth, and member portals. Body measurement is the piece that's still analog. FitXpress fills that gap: 96-97% accuracy vs manual measurements, 45 seconds, API integration. For HCF Australia: a digital measurement layer that completes the virtual care experience. 15 minutes to walk through the integration?","Andrew — won't keep going. If verified body measurement as a digital health capability comes up at HCF Australia, happy to show how it works."
,,Bupa Australia,Technology Application Owner - Clinical,,,"Ang, digital product at Bupa Australia — most health insurers are layering digital services on top of analog measurement. Body data captured remotely closes that last gap.","Thanks for accepting. I'm from 3DLOOK — FitXpress captures clinical-grade body measurements (80+ metrics + body composition) from two smartphone photos in 45 seconds.
For Bupa Australia's digital health stack, the opportunity is closing the loop between virtual care delivery and physical measurement data. Most insurers have invested in telehealth platforms, member apps, and digital claims — but when a member needs body measurement for a health program, the process still involves a clinic visit or a self-reported scale weight. FitXpress changes that: two photos from the member's phone, 45 seconds, verified measurements with 96-97% accuracy vs manual measurements. The API integrates directly into existing member apps and clinical workflows.
HIPAA-compliant, GDPR-aligned, TLS encryption, SSE-S3 at rest. Photos deleted post-processing. Zero personal identifiers — body data only.","Ang — specifically on the measurement gap. Bupa Australia has the digital infrastructure. What's missing is remote body measurement that's accurate enough for clinical use and simple enough for member adoption. FitXpress delivers both: 96-97% accuracy vs manual measurements, 45 seconds. 15-minute demo?","Ang — won't keep going. If verified body measurement as a digital health capability comes up at Bupa Australia, happy to show how it works."
,,HCF Australia,Non Executive Director,,,"Robin, HCF Australia digital ecosystem — member health tracking is the engagement layer insurers are competing on. Remote body measurement with visual progress gives members a reason to stay engaged.","Thanks for accepting. I'm from 3DLOOK — FitXpress captures clinical-grade body measurements (80+ metrics + body composition) from two smartphone photos in 45 seconds.
For HCF Australia's product roadmap, remote body measurement fills a specific gap in the digital health experience. Members enrolled in wellness programs, weight management, or post-surgical recovery need regular body measurement data — but current options are either clinic visits (low compliance) or self-report (low accuracy). FitXpress delivers 96-97% accuracy vs manual measurements from two photos, with full body composition including body fat percentage and lean mass. The data flows via API into whatever system HCF Australia uses to track member health outcomes.
HIPAA-compliant, GDPR-aligned, TLS encryption, SSE-S3 at rest. Photos deleted post-processing. Zero personal identifiers — body data only.","Robin — one more. The insurers winning on digital engagement are the ones closing the gap between virtual tools and physical health data. FitXpress provides verified body measurement via API — 80+ metrics, body composition, 96-97% accuracy vs manual measurements. For HCF Australia's digital health strategy: remote measurement that members actually use and clinical teams trust. Worth 10 minutes?","Robin — final one. If the body measurement gap in HCF Australia's digital health experience becomes a priority, reach out anytime."
,,Bupa Australia,Director of Strategic Projects & Planning,,,"Sian, digital product at Bupa Australia — most health insurers are layering digital services on top of analog measurement. Body data captured remotely closes that last gap.","Good to connect. Quick context: I'm from 3DLOOK — FitXpress generates 80+ verified body measurements and composition data from two photos, delivered via API.
For Bupa Australia's digital health stack, the opportunity is closing the loop between virtual care delivery and physical measurement data. Most insurers have invested in telehealth platforms, member apps, and digital claims — but when a member needs body measurement for a health program, the process still involves a clinic visit or a self-reported scale weight. FitXpress changes that: two photos from the member's phone, 45 seconds, verified measurements with 96-97% accuracy vs manual measurements. The API integrates directly into existing member apps and clinical workflows.
HIPAA-compliant, GDPR-aligned, TLS encryption, SSE-S3 at rest. Photos deleted post-processing. Zero personal identifiers — body data only.","Sian — a digital health stack thought. Most insurers have digitized claims, telehealth, and member portals. Body measurement is the piece that's still analog. FitXpress fills that gap: 96-97% accuracy vs manual measurements, 45 seconds, API integration. For Bupa Australia: a digital measurement layer that completes the virtual care experience. 15 minutes to walk through the integration?","Sian — last note from me. If adding remote body measurement to Bupa Australia's digital health stack ever becomes a priority, I'm available."
,,Medibank,Head of Planning and Reporting,,,"David, at Medibank you know member health outcomes drive retention. The gap: members need to see their progress to stay motivated. Remote body scanning with visual comparison delivers that.","Appreciate the connection. I'm from 3DLOOK — we built FitXpress to turn two smartphone photos into verified body measurements and composition data in under a minute.
For Medibank's member health programs, the missing piece is objective progress data that members can see and trust. Self-reported weight is unreliable. Gym check-ins track attendance, not outcomes. FitXpress provides verified body measurement that captures actual physical change: body fat percentage trends, lean mass changes, measurement reductions across 80+ data points. The 3D model with side-by-side comparison gives members an undeniable view of their progress. This isn't gamification — it's clinical-grade measurement presented in a way that drives sustained engagement. 96-97% accuracy vs manual measurements, 95%+ repeatability across scans.
HIPAA-compliant, GDPR-aligned, TLS encryption, SSE-S3 at rest. Photos deleted post-processing. Zero personal identifiers — body data only.","David — a member engagement thought. The insurers winning on retention are the ones giving members visible proof of their health progress. FitXpress delivers that: two photos, 45 seconds, 3D progress visualization. For Medibank wellness programs: higher completion rates, stronger member loyalty. 10 minutes to see the member experience?","David — won't keep going. If member engagement through body progress tracking comes up at Medibank, happy to show the member experience."
,,Medibank,Health Policy Manager,,,"Sophie, Medibank preventive health — Australia's health insurers are competing on wellness program engagement. The differentiator: showing members real, visible progress they can track.","Appreciate the connection. I'm from 3DLOOK — we built FitXpress to turn two smartphone photos into verified body measurements and composition data in under a minute.
Here's the preventive health insight: members who see their progress stay enrolled. Members who only see a number on a scale drop out. FitXpress delivers that visual progress layer — two photos every 30 days, a 3D model that shows body composition changes that a scale can't capture (fat loss, muscle gain, measurement changes across 80+ data points). For Medibank's wellness programs, this means higher completion rates, better health outcomes, and members who attribute their progress directly to their insurer — strengthening retention and NPS.
HIPAA-compliant, GDPR-aligned, TLS encryption, SSE-S3 at rest. Photos deleted post-processing. Zero personal identifiers — body data only.","Sophie — specifically on member retention. FitXpress turns body measurement into an engagement feature: 3D progress visualization that members actually look forward to. 96-97% accuracy vs manual measurements, 45 seconds from their phone. For Medibank health programs: a retention tool disguised as a member benefit. 15 minutes?","Sophie — final one. If visual body progress as a member retention tool becomes relevant for Medibank's health programs, reach out."
,,HCF Australia,Non Executive Director,,,"Catherine, at HCF Australia you're building the digital health future. The body measurement piece of that stack — still a gap. Remote scanning from a phone closes it.","Good to connect. Quick context: I'm from 3DLOOK — FitXpress generates 80+ verified body measurements and composition data from two photos, delivered via API.
For HCF Australia's digital health stack, the opportunity is closing the loop between virtual care delivery and physical measurement data. Most insurers have invested in telehealth platforms, member apps, and digital claims — but when a member needs body measurement for a health program, the process still involves a clinic visit or a self-reported scale weight. FitXpress changes that: two photos from the member's phone, 45 seconds, verified measurements with 96-97% accuracy vs manual measurements. The API integrates directly into existing member apps and clinical workflows.
HIPAA-compliant, GDPR-aligned, TLS encryption, SSE-S3 at rest. Photos deleted post-processing. Zero personal identifiers — body data only.","Catherine — quick thought. FitXpress turns body measurement into an API call: two photos in, 80+ measurements + body composition out. 96-97% accuracy vs manual measurements, HIPAA-compliant, integrates into any digital health stack. For HCF Australia: verified body data as a product feature. 10 minutes?","Catherine — leaving this here. If remote body measurement API integration ever becomes relevant for HCF Australia's product roadmap, I'm available."
,,Bupa Australia,Clinical Technology Application Owner,,,"Katherine, Bupa Australia digital strategy — telehealth and virtual care are growing fast in Australia. But body measurement still defaults to in-person. Remote capture changes the equation.","Good to connect. Quick context: I'm from 3DLOOK — FitXpress generates 80+ verified body measurements and composition data from two photos, delivered via API.
For Bupa Australia's product roadmap, remote body measurement fills a specific gap in the digital health experience. Members enrolled in wellness programs, weight management, or post-surgical recovery need regular body measurement data — but current options are either clinic visits (low compliance) or self-report (low accuracy). FitXpress delivers 96-97% accuracy vs manual measurements from two photos, with full body composition including body fat percentage and lean mass. The data flows via API into whatever system Bupa Australia uses to track member health outcomes.
HIPAA-compliant, GDPR-aligned, TLS encryption, SSE-S3 at rest. Photos deleted post-processing. Zero personal identifiers — body data only.","Katherine — specifically on the measurement gap. Bupa Australia has the digital infrastructure. What's missing is remote body measurement that's accurate enough for clinical use and simple enough for member adoption. FitXpress delivers both: 96-97% accuracy vs manual measurements, 45 seconds. 15-minute demo?","Katherine — leaving this here. If remote body measurement API integration ever becomes relevant for Bupa Australia's product roadmap, I'm available."
,,Bupa Australia,Enterprise Architect - Healthcare,,,"David, at Bupa Australia you're shaping how members engage with their health. The missing tool: remote body measurement that shows real, measurable progress — not just steps and calories.","Appreciate the connection. I'm from 3DLOOK — we built FitXpress to turn two smartphone photos into verified body measurements and composition data in under a minute.
For Bupa Australia's member health programs, the missing piece is objective progress data that members can see and trust. Self-reported weight is unreliable. Gym check-ins track attendance, not outcomes. FitXpress provides verified body measurement that captures actual physical change: body fat percentage trends, lean mass changes, measurement reductions across 80+ data points. The 3D model with side-by-side comparison gives members an undeniable view of their progress. This isn't gamification — it's clinical-grade measurement presented in a way that drives sustained engagement. 96-97% accuracy vs manual measurements, 95%+ repeatability across scans.
HIPAA-compliant, GDPR-aligned, TLS encryption, SSE-S3 at rest. Photos deleted post-processing. Zero personal identifiers — body data only.","David — a member engagement thought. The insurers winning on retention are the ones giving members visible proof of their health progress. FitXpress delivers that: two photos, 45 seconds, 3D progress visualization. For Bupa Australia wellness programs: higher completion rates, stronger member loyalty. 10 minutes to see the member experience?","David — leaving this here. If verified body progress tracking for Bupa Australia members ever becomes relevant, I'm available."
,,Medibank,"Finance Business Partner - JV and Invested Assets, Amplar Health",,,"Peter, you lead assurance programs at Medibank. Digital body measurement introduces a data governance question: how do you verify the inputs feeding health program decisions? Audit-ready records answer that.","Thanks for accepting. I'm from 3DLOOK — we built FitXpress to produce verified body measurements that meet the governance standards health insurers and regulators require.
For Medibank's regulatory programs, the question when adding digital health tools is: can we defend the data? FitXpress was designed for exactly that standard. Every measurement is timestamped, every scan produces an audit-ready record. TLS encryption in transit, AWS SSE-S3 at rest — encryption is always on, not configurable. Photos are deleted immediately after processing or within 30 days per client policy. Zero personal identifiers are processed — only body data. The UK Meds case study demonstrates the real-world application: they integrated FitXpress into their pharmacy checkout flow for BMI verification before dispensing weight-loss medication. The Smart Scales feature automatically flags self-reported weight mismatches, cutting manual review time while keeping the audit trail regulator-ready.","Peter — one more. FitXpress was built for regulated health environments: 96-97% accuracy vs manual measurements, full audit trail, zero personal identifiers, encryption at every stage. UK Meds integrated it for BMI verification in pharmacy dispensing — their compliance team signed off because the audit trail is regulator-ready. For Medibank: the same governance standard. Worth 10 minutes?","Peter — won't keep going. If the compliance architecture around digital body measurement comes up at Medibank, happy to share our approach."
,,Medibank,Head of Tax,,,"Benjamin, Medibank wellness strategy — member engagement is the metric that matters. Remote body measurement with progress visualization turns a clinical task into a member experience.","Thanks for connecting. I'm from 3DLOOK — FitXpress captures 80+ body measurements, body composition, and a 3D body model from two smartphone photos in 45 seconds.
For Medibank, the preventive health opportunity is turning wellness programs from a cost center into a retention engine. Members who actively track their health progress are less likely to switch insurers. The challenge is giving them tracking tools they'll actually use. FitXpress delivers that: two photos, 45 seconds, a detailed 3D model with body composition breakdown. 96-97% accuracy vs manual measurements means the data is trustworthy. The visual progress comparison means members stay engaged month after month. For a health insurer, that's measurable ROI: higher program completion rates, lower churn among wellness participants, and stronger NPS from members who feel their insurer invested in their health.
HIPAA-compliant, GDPR-aligned, TLS encryption, SSE-S3 at rest. Photos deleted post-processing.","Benjamin — quick thought on preventive health engagement. FitXpress transforms body measurement from a clinical task into a member experience: 3D model, side-by-side progress comparison, full body composition. Yazen saw retention skyrocket when they added this. For Medibank: measurable engagement lift for wellness programs. Worth 10 minutes?","Benjamin — won't keep going. If member engagement through body progress tracking comes up at Medibank, happy to show the member experience."
,,Bupa Australia,Product Owner,,,"Gagan, you're driving digital transformation at Bupa Australia. One thing most digital health stacks miss: verified body measurement without a clinic visit. That gap is fixable.","Thanks for accepting. I'm from 3DLOOK — FitXpress captures clinical-grade body measurements (80+ metrics + body composition) from two smartphone photos in 45 seconds.
For Bupa Australia's product roadmap, remote body measurement fills a specific gap in the digital health experience. Members enrolled in wellness programs, weight management, or post-surgical recovery need regular body measurement data — but current options are either clinic visits (low compliance) or self-report (low accuracy). FitXpress delivers 96-97% accuracy vs manual measurements from two photos, with full body composition including body fat percentage and lean mass. The data flows via API into whatever system Bupa Australia uses to track member health outcomes.
HIPAA-compliant, GDPR-aligned, TLS encryption, SSE-S3 at rest. Photos deleted post-processing. Zero personal identifiers — body data only.","Gagan — specifically on the measurement gap. Bupa Australia has the digital infrastructure. What's missing is remote body measurement that's accurate enough for clinical use and simple enough for member adoption. FitXpress delivers both: 96-97% accuracy vs manual measurements, 45 seconds. 15-minute demo?","Gagan — won't keep going. If verified body measurement as a digital health capability comes up at Bupa Australia, happy to show how it works."
,,Medibank,Head of HealthStrong,,,"Prue, Medibank — members join health programs with good intentions, then drop off. Remote body scanning with visual progress changes that dynamic.","Appreciate the connection. I'm from 3DLOOK — we built FitXpress to turn two smartphone photos into verified body measurements and composition data in under a minute.
For Medibank's preventive health programs, the member engagement challenge is real: people sign up, do a few check-ins, then disappear. The problem isn't motivation — it's that progress feels invisible. A scale number changes slowly. A waist measurement tape is awkward. FitXpress changes the feedback loop: members take two photos on their phone every 30 days, and get a 3D body model showing exactly where their body changed — side by side with their previous scan. 96-97% accuracy vs manual measurements, full body composition data. The Yazen case study proves the retention impact: 34,000 scans in 2025, and the side-by-side 3D visualization is their #1 retention feature.
HIPAA-compliant, GDPR-aligned, TLS encryption, SSE-S3 at rest. Photos deleted post-processing. Zero personal identifiers — body data only.","Prue — quick thought on preventive health engagement. FitXpress transforms body measurement from a clinical task into a member experience: 3D model, side-by-side progress comparison, full body composition. Yazen saw retention skyrocket when they added this. For Medibank: measurable engagement lift for wellness programs. Worth 15 minutes?","Prue — final one. If visual body progress as a member retention tool becomes relevant for Medibank's health programs, reach out."
,,InstantScripts,Customer Support Manager,,,"Suja, at InstantScripts you're building the digital health future. The body measurement piece of that stack — still a gap. Remote scanning from a phone closes it.","Thanks for accepting. I'm from 3DLOOK — FitXpress captures clinical-grade body measurements (80+ metrics + body composition) from two smartphone photos in 45 seconds.
For InstantScripts's digital health stack, the opportunity is closing the loop between virtual care delivery and physical measurement data. Most platforms have invested in telehealth platforms, member apps, and digital claims — but when a member needs body measurement for a health program, the process still involves a clinic visit or a self-reported scale weight. FitXpress changes that: two photos from the member's phone, 45 seconds, verified measurements with 96-97% accuracy vs manual measurements. The API integrates directly into existing member apps and clinical workflows.
HIPAA-compliant, GDPR-aligned, TLS encryption, SSE-S3 at rest. Photos deleted post-processing. Zero personal identifiers — body data only.","Suja — one more. The platforms winning on digital engagement are the ones closing the gap between virtual tools and physical health data. FitXpress provides verified body measurement via API — 80+ metrics, body composition, 96-97% accuracy vs manual measurements. For InstantScripts's digital health strategy: remote measurement that members actually use and clinical teams trust. Worth 10 minutes?","Suja — last note from me. If adding remote body measurement to InstantScripts's digital health stack ever becomes a priority, I'm available."
,,Bupa Australia,Head of Remediation,,,"Sarah, Bupa Australia member health — the best preventive program is one members stick with. Side-by-side 3D body progress gives them the visual feedback that keeps them engaged.","Good to connect. Quick context: I'm from 3DLOOK — FitXpress generates 80+ verified body measurements and composition data from two photos, delivered via API.
For Bupa Australia's preventive health programs, the member engagement challenge is real: people sign up, do a few check-ins, then disappear. The problem isn't motivation — it's that progress feels invisible. A scale number changes slowly. A waist measurement tape is awkward. FitXpress changes the feedback loop: members take two photos on their phone every 30 days, and get a 3D body model showing exactly where their body changed — side by side with their previous scan. 96-97% accuracy vs manual measurements, full body composition data. The Yazen case study proves the retention impact: 34,000 scans in 2025, and the side-by-side 3D visualization is their #1 retention feature.
HIPAA-compliant, GDPR-aligned, TLS encryption, SSE-S3 at rest. Photos deleted post-processing. Zero personal identifiers — body data only.","Sarah — a member engagement thought. The insurers winning on retention are the ones giving members visible proof of their health progress. FitXpress delivers that: two photos, 45 seconds, 3D progress visualization. For Bupa Australia wellness programs: higher completion rates, stronger member loyalty. 10 minutes to see the member experience?","Sarah — final one. If visual body progress as a member retention tool becomes relevant for Bupa Australia's health programs, reach out."
,,Medibank,Head of Product - Ventures,,,"Eadaoin, product strategy at Medibank — members expect digital-first everything. Body measurement is the clinical data point that's still analog. Remote capture solves that.","Good to connect. Quick context: I'm from 3DLOOK — FitXpress generates 80+ verified body measurements and composition data from two photos, delivered via API.
For Medibank's digital health stack, the opportunity is closing the loop between virtual care delivery and physical measurement data. Most insurers have invested in telehealth platforms, member apps, and digital claims — but when a member needs body measurement for a health program, the process still involves a clinic visit or a self-reported scale weight. FitXpress changes that: two photos from the member's phone, 45 seconds, verified measurements with 96-97% accuracy vs manual measurements. The API integrates directly into existing member apps and clinical workflows.
HIPAA-compliant, GDPR-aligned, TLS encryption, SSE-S3 at rest. Photos deleted post-processing. Zero personal identifiers — body data only.","Eadaoin — one more. The insurers winning on digital engagement are the ones closing the gap between virtual tools and physical health data. FitXpress provides verified body measurement via API — 80+ metrics, body composition, 96-97% accuracy vs manual measurements. For Medibank's digital health strategy: remote measurement that members actually use and clinical teams trust. Worth 15 minutes?","Eadaoin — leaving this here. If remote body measurement API integration ever becomes relevant for Medibank's product roadmap, I'm available."
,,HCF Australia,Product Owner,,,"Zakir, HCF Australia digital ecosystem — member health tracking is the engagement layer insurers are competing on. Remote body measurement with visual progress gives members a reason to stay engaged.","Appreciate the connection. I'm from 3DLOOK — we built FitXpress to turn two smartphone photos into verified body measurements and composition data in under a minute.
For a health insurer at HCF Australia's scale, the digital health stack needs three things: member-facing tools that drive engagement, clinical data that's regulator-ready, and integration that doesn't add operational overhead. FitXpress checks all three. Members scan in 45 seconds from their phone and get a 3D model with side-by-side progress visualization — that's the engagement layer. The backend delivers verified measurements with 96-97% accuracy vs manual measurements and an audit trail — that's the compliance layer. The whole thing integrates via API — that's the operational layer.
HIPAA-compliant, GDPR-aligned, TLS encryption, SSE-S3 at rest. Photos deleted post-processing. Zero personal identifiers — body data only.","Zakir — quick thought. FitXpress turns body measurement into an API call: two photos in, 80+ measurements + body composition out. 96-97% accuracy vs manual measurements, HIPAA-compliant, integrates into any digital health stack. For HCF Australia: verified body data as a product feature. 10 minutes?","Zakir — won't keep going. If verified body measurement as a digital health capability comes up at HCF Australia, happy to show how it works."
,,Medibank,"Employee Change and Communications Partner, Amplar Health",,,"Caitlin, at Medibank you're shaping how members engage with their health. The missing tool: remote body measurement that shows real, measurable progress — not just steps and calories.","Appreciate the connection. I'm from 3DLOOK — we built FitXpress to turn two smartphone photos into verified body measurements and composition data in under a minute.
For Medibank, the preventive health opportunity is turning wellness programs from a cost center into a retention engine. Members who actively track their health progress are less likely to switch insurers. The challenge is giving them tracking tools they'll actually use. FitXpress delivers that: two photos, 45 seconds, a detailed 3D model with body composition breakdown. 96-97% accuracy vs manual measurements means the data is trustworthy. The visual progress comparison means members stay engaged month after month. For a health insurer, that's measurable ROI: higher program completion rates, lower churn among wellness participants, and stronger NPS from members who feel their insurer invested in their health.
HIPAA-compliant, GDPR-aligned, TLS encryption, SSE-S3 at rest. Photos deleted post-processing.","Caitlin — quick thought on preventive health engagement. FitXpress transforms body measurement from a clinical task into a member experience: 3D model, side-by-side progress comparison, full body composition. Yazen saw retention skyrocket when they added this. For Medibank: measurable engagement lift for wellness programs. Worth 10 minutes?","Caitlin — final one. If visual body progress as a member retention tool becomes relevant for Medibank's health programs, reach out."
,,Medibank,Head of New Business Delivery,,,"Suman, Medibank — members join health programs with good intentions, then drop off. Remote body scanning with visual progress changes that dynamic.","Thanks for connecting. I'm from 3DLOOK — FitXpress captures 80+ body measurements, body composition, and a 3D body model from two smartphone photos in 45 seconds.
For Medibank, the preventive health opportunity is turning wellness programs from a cost center into a retention engine. Members who actively track their health progress are less likely to switch insurers. The challenge is giving them tracking tools they'll actually use. FitXpress delivers that: two photos, 45 seconds, a detailed 3D model with body composition breakdown. 96-97% accuracy vs manual measurements means the data is trustworthy. The visual progress comparison means members stay engaged month after month. For a health insurer, that's measurable ROI: higher program completion rates, lower churn among wellness participants, and stronger NPS from members who feel their insurer invested in their health.
HIPAA-compliant, GDPR-aligned, TLS encryption, SSE-S3 at rest. Photos deleted post-processing.","Suman — a member engagement thought. The insurers winning on retention are the ones giving members visible proof of their health progress. FitXpress delivers that: two photos, 45 seconds, 3D progress visualization. For Medibank wellness programs: higher completion rates, stronger member loyalty. 10 minutes to see the member experience?","Suman — leaving this here. If verified body progress tracking for Medibank members ever becomes relevant, I'm available."
,,Medibank,Head of Customer channels,,,"Andrew, at Medibank you know retention is the growth lever in health insurance. The members who stay are the ones who feel their health improved because of their insurer. Remote body scanning makes that connection tangible.","Good to connect. Quick context: I'm from 3DLOOK — FitXpress generates 80+ verified body measurements and composition data from two photos, delivered via API.
For Medibank, the member engagement opportunity with remote body measurement is twofold. First, it's a differentiation play — most Australian health insurers don't offer members a clinical-grade body scanning tool. Second, it's a retention play — members who track their health progress through Medibank build a switching cost that a competitor can't easily replicate. FitXpress delivers the experience: two photos from the member's phone, 45 seconds, a detailed 3D model with body composition data and side-by-side progress comparison. 96-97% accuracy vs manual measurements means the data is trustworthy. The 3D visualization means members actually use it. For Medibank: higher NPS, lower churn, and members who attribute their health journey to their insurer.
HIPAA-compliant, GDPR-aligned, TLS encryption, SSE-S3 at rest.","Andrew — a retention perspective. The members who stay are the ones who feel their insurer invested in their health. FitXpress gives Medibank members a body scanning tool they'll use monthly: 3D model, progress visualization, body composition. Yazen's #1 retention feature. For Medibank: measurable retention lift. 15 minutes to see the member experience?","Andrew — last note. If giving Medibank members a body scanning tool that drives retention ever becomes a priority, I'm available."
,,Medibank,Head of Wellbeing Legal,,,"Tara, Medibank — members join health programs with good intentions, then drop off. Remote body scanning with visual progress changes that dynamic.","Thanks for connecting. I'm from 3DLOOK — FitXpress captures 80+ body measurements, body composition, and a 3D body model from two smartphone photos in 45 seconds.
For Medibank, the preventive health opportunity is turning wellness programs from a cost center into a retention engine. Members who actively track their health progress are less likely to switch insurers. The challenge is giving them tracking tools they'll actually use. FitXpress delivers that: two photos, 45 seconds, a detailed 3D model with body composition breakdown. 96-97% accuracy vs manual measurements means the data is trustworthy. The visual progress comparison means members stay engaged month after month. For a health insurer, that's measurable ROI: higher program completion rates, lower churn among wellness participants, and stronger NPS from members who feel their insurer invested in their health.
HIPAA-compliant, GDPR-aligned, TLS encryption, SSE-S3 at rest. Photos deleted post-processing.","Tara — one more. Members who see their body changing are members who stay. FitXpress gives Medibank members a visual health tracking tool they'll use monthly. 96-97% accuracy vs manual measurements, 45 seconds. For preventive health programs: retention through visible results. 15-minute walkthrough?","Tara — leaving this here. If verified body progress tracking for Medibank members ever becomes relevant, I'm available."
,,Bupa Australia,Head of Portfolio Management - HI Growth,,,"Heidi, you're focused on member engagement at Bupa Australia. The metric that matters: do members attribute health progress to their insurer? Visual body tracking makes that attribution real.","Thanks for accepting. I'm from 3DLOOK — FitXpress captures clinical-grade body measurements (80+ metrics + body composition) from two smartphone photos in 45 seconds.
Here's the member engagement insight for Bupa Australia: health insurance is a low-touch product. Most members interact with their insurer only when they're sick or when a bill arrives. FitXpress creates a positive, monthly touchpoint — a 45-second scan that shows members their health progress. The 3D model and body composition breakdown give members something they actually want to see. The progress timeline builds a health story that members associate with Bupa Australia. This isn't gamification — it's clinical-grade body measurement that members use because the output is genuinely interesting and useful. For retention: members who scan monthly are members who renew.
HIPAA-compliant, GDPR-aligned, TLS encryption, SSE-S3 at rest. Photos deleted post-processing. Zero personal identifiers — body data only.","Heidi — one more on member engagement. FitXpress turns body measurement into a monthly member ritual: two photos, 3D progress model, body composition breakdown. 96-97% accuracy vs manual measurements, 45 seconds. For Bupa Australia: NPS and retention through visible health progress. 15-minute walkthrough?","Heidi — final one. If retention through member health tools becomes relevant for Bupa Australia's strategy, reach out anytime."
,,HCF Australia,Program Director - Community Lead,,,"Hakan, digital product at HCF Australia — most health insurers are layering digital services on top of analog measurement. Body data captured remotely closes that last gap.","Thanks for connecting. I'm from 3DLOOK — FitXpress captures 80+ body measurements, body composition, and a 3D body model from two smartphone photos in 45 seconds.
For HCF Australia's digital health stack, the opportunity is closing the loop between virtual care delivery and physical measurement data. Most insurers have invested in telehealth platforms, member apps, and digital claims — but when a member needs body measurement for a health program, the process still involves a clinic visit or a self-reported scale weight. FitXpress changes that: two photos from the member's phone, 45 seconds, verified measurements with 96-97% accuracy vs manual measurements. The API integrates directly into existing member apps and clinical workflows.
HIPAA-compliant, GDPR-aligned, TLS encryption, SSE-S3 at rest. Photos deleted post-processing. Zero personal identifiers — body data only.","Hakan — specifically on the measurement gap. HCF Australia has the digital infrastructure. What's missing is remote body measurement that's accurate enough for clinical use and simple enough for member adoption. FitXpress delivers both: 96-97% accuracy vs manual measurements, 45 seconds. 15-minute demo?","Hakan — final one. If the body measurement gap in HCF Australia's digital health experience becomes a priority, reach out anytime."
,,Medibank,Head of Treasury & Investments,,,"Derek, Medibank wellness strategy — member engagement is the metric that matters. Remote body measurement with progress visualization turns a clinical task into a member experience.","Thanks for accepting. I'm from 3DLOOK — FitXpress captures clinical-grade body measurements (80+ metrics + body composition) from two smartphone photos in 45 seconds.
For Medibank's preventive health programs, the member engagement challenge is real: people sign up, do a few check-ins, then disappear. The problem isn't motivation — it's that progress feels invisible. A scale number changes slowly. A waist measurement tape is awkward. FitXpress changes the feedback loop: members take two photos on their phone every 30 days, and get a 3D body model showing exactly where their body changed — side by side with their previous scan. 96-97% accuracy vs manual measurements, full body composition data. The Yazen case study proves the retention impact: 34,000 scans in 2025, and the side-by-side 3D visualization is their #1 retention feature.
HIPAA-compliant, GDPR-aligned, TLS encryption, SSE-S3 at rest. Photos deleted post-processing. Zero personal identifiers — body data only.","Derek — quick thought on preventive health engagement. FitXpress transforms body measurement from a clinical task into a member experience: 3D model, side-by-side progress comparison, full body composition. Yazen saw retention skyrocket when they added this. For Medibank: measurable engagement lift for wellness programs. Worth 10 minutes?","Derek — last note. If adding visual progress tracking to Medibank's member health programs ever becomes a priority, I'm available."
,,Bupa Australia,Care Manager,,,"Sahilpreet, Bupa Australia member health — the best preventive program is one members stick with. Side-by-side 3D body progress gives them the visual feedback that keeps them engaged.","Thanks for connecting. I'm from 3DLOOK — FitXpress captures 80+ body measurements, body composition, and a 3D body model from two smartphone photos in 45 seconds.
For Bupa Australia's preventive health programs, the member engagement challenge is real: people sign up, do a few check-ins, then disappear. The problem isn't motivation — it's that progress feels invisible. A scale number changes slowly. A waist measurement tape is awkward. FitXpress changes the feedback loop: members take two photos on their phone every 30 days, and get a 3D body model showing exactly where their body changed — side by side with their previous scan. 96-97% accuracy vs manual measurements, full body composition data. The Yazen case study proves the retention impact: 34,000 scans in 2025, and the side-by-side 3D visualization is their #1 retention feature.
HIPAA-compliant, GDPR-aligned, TLS encryption, SSE-S3 at rest. Photos deleted post-processing. Zero personal identifiers — body data only.","Sahilpreet — a member engagement thought. The insurers winning on retention are the ones giving members visible proof of their health progress. FitXpress delivers that: two photos, 45 seconds, 3D progress visualization. For Bupa Australia wellness programs: higher completion rates, stronger member loyalty. 10 minutes to see the member experience?","Sahilpreet — last note. If adding visual progress tracking to Bupa Australia's member health programs ever becomes a priority, I'm available."
,,Medibank,Finance Partner - Amplar & Preventative Health (Secondment),,,"Alvin, Medibank regulatory programs — digital health tools need governance frameworks. Body measurement data captured remotely has to be regulator-ready. That's the standard we built to.","Good to connect. I'm from 3DLOOK — FitXpress delivers audit-ready body measurement data via API, with HIPAA and GDPR-aligned compliance baked into the platform architecture.
For Medibank's compliance framework, remote body measurement introduces specific governance requirements: data provenance (where did the measurement come from?), data integrity (was it altered?), and data privacy (what identifiable information is captured?). FitXpress addresses all three. Provenance: every scan is tied to a specific capture event with timestamp and image hash. Integrity: measurements are generated by a statistical model — they can't be manually edited, only re-scanned. Privacy: the platform processes body data exclusively; no names, emails, or member IDs touch the measurement pipeline. Photos are ephemeral — deleted post-processing. For an insurer at Medibank's scale, this means body measurement data that's defensible under regulatory scrutiny.","Alvin — one more. FitXpress was built for regulated health environments: 96-97% accuracy vs manual measurements, full audit trail, zero personal identifiers, encryption at every stage. UK Meds integrated it for BMI verification in pharmacy dispensing — their compliance team signed off because the audit trail is regulator-ready. For Medibank: the same governance standard. Worth 10 minutes?","Alvin — last note from me. If audit-ready body measurement data for Medibank's digital health programs ever becomes a governance priority, I'm available."
,,Bupa Australia,Senior Manager - Customer Engagement Delivery,,,"Craig, Bupa Australia member strategy — the insurers winning on retention are the ones giving members health tools they use monthly. Remote body scanning with visual progress is that kind of tool.","Good to connect. Quick context: I'm from 3DLOOK — FitXpress generates 80+ verified body measurements and composition data from two photos, delivered via API.
For Bupa Australia's member engagement strategy, the retention math is simple: members who actively use their insurer's health tools are significantly less likely to switch. The challenge is giving them tools they'll actually use — not another generic wellness app. FitXpress fills that gap with something genuinely compelling: a 3D body scan from two photos that shows members exactly how their body is changing over time. Body fat percentage going down, lean mass going up, measurements shifting across 80+ data points — all visualized side by side with their previous scan. Yazen, a European weight loss platform, ran 34,000 scans in 2025. Their patients scan every 30 days, and the side-by-side 3D visualization is their #1 retention feature. For a health insurer, that's the engagement metric that directly impacts lifetime value.","Craig — one more on member engagement. FitXpress turns body measurement into a monthly member ritual: two photos, 3D progress model, body composition breakdown. 96-97% accuracy vs manual measurements, 45 seconds. For Bupa Australia: NPS and retention through visible health progress. 15-minute walkthrough?","Craig — final one. If retention through member health tools becomes relevant for Bupa Australia's strategy, reach out anytime."
,,Medibank Health Solutions,Western Aust Medical Director,,,"Gavin, you lead digital product at Medibank Health Solutions. The disconnect between digital health tools and physical measurement data is a weak point in most insurer stacks. We solve exactly that.","Good to connect. Quick context: I'm from 3DLOOK — FitXpress generates 80+ verified body measurements and composition data from two photos, delivered via API.
For a health insurer at Medibank Health Solutions's scale, the digital health stack needs three things: member-facing tools that drive engagement, clinical data that's regulator-ready, and integration that doesn't add operational overhead. FitXpress checks all three. Members scan in 45 seconds from their phone and get a 3D model with side-by-side progress visualization — that's the engagement layer. The backend delivers verified measurements with 96-97% accuracy vs manual measurements and an audit trail — that's the compliance layer. The whole thing integrates via API — that's the operational layer.
HIPAA-compliant, GDPR-aligned, TLS encryption, SSE-S3 at rest. Photos deleted post-processing. Zero personal identifiers — body data only.","Gavin — quick thought. FitXpress turns body measurement into an API call: two photos in, 80+ measurements + body composition out. 96-97% accuracy vs manual measurements, HIPAA-compliant, integrates into any digital health stack. For Medibank Health Solutions: verified body data as a product feature. 15 minutes?","Gavin — won't keep going. If verified body measurement as a digital health capability comes up at Medibank Health Solutions, happy to show how it works."
,,InstantScripts,Non Executive Director,,,"Paul, product strategy at InstantScripts — members expect digital-first everything. Body measurement is the clinical data point that's still analog. Remote capture solves that.","Thanks for connecting. I'm from 3DLOOK — FitXpress captures 80+ body measurements, body composition, and a 3D body model from two smartphone photos in 45 seconds.
For InstantScripts's product roadmap, remote body measurement fills a specific gap in the digital health experience. Members enrolled in wellness programs, weight management, or post-surgical recovery need regular body measurement data — but current options are either clinic visits (low compliance) or self-report (low accuracy). FitXpress delivers 96-97% accuracy vs manual measurements from two photos, with full body composition including body fat percentage and lean mass. The data flows via API into whatever system InstantScripts uses to track member health outcomes.
HIPAA-compliant, GDPR-aligned, TLS encryption, SSE-S3 at rest. Photos deleted post-processing. Zero personal identifiers — body data only.","Paul — a digital health stack thought. Most platforms have digitized claims, telehealth, and member portals. Body measurement is the piece that's still analog. FitXpress fills that gap: 96-97% accuracy vs manual measurements, 45 seconds, API integration. For InstantScripts: a digital measurement layer that completes the virtual care experience. 10 minutes to walk through the integration?","Paul — won't keep going. If verified body measurement as a digital health capability comes up at InstantScripts, happy to show how it works."
,,Medibank,Head of Overseas Portfolio and Proposition,,,"Gaynor, you're focused on health outcomes at Medibank. The retention problem in wellness programs: members don't see results fast enough. A 3D body scan that shows progress visually solves that.","Thanks for accepting. I'm from 3DLOOK — FitXpress captures clinical-grade body measurements (80+ metrics + body composition) from two smartphone photos in 45 seconds.
For Medibank's preventive health programs, the member engagement challenge is real: people sign up, do a few check-ins, then disappear. The problem isn't motivation — it's that progress feels invisible. A scale number changes slowly. A waist measurement tape is awkward. FitXpress changes the feedback loop: members take two photos on their phone every 30 days, and get a 3D body model showing exactly where their body changed — side by side with their previous scan. 96-97% accuracy vs manual measurements, full body composition data. The Yazen case study proves the retention impact: 34,000 scans in 2025, and the side-by-side 3D visualization is their #1 retention feature.
HIPAA-compliant, GDPR-aligned, TLS encryption, SSE-S3 at rest. Photos deleted post-processing. Zero personal identifiers — body data only.","Gaynor — a member engagement thought. The insurers winning on retention are the ones giving members visible proof of their health progress. FitXpress delivers that: two photos, 45 seconds, 3D progress visualization. For Medibank wellness programs: higher completion rates, stronger member loyalty. 10 minutes to see the member experience?","Gaynor — won't keep going. If member engagement through body progress tracking comes up at Medibank, happy to show the member experience."
,,Medibank,Finance Business Partner - Amplar Health Technology and Change (Projects),,,"Michael, Medibank digital strategy — telehealth and virtual care are growing fast in Australia. But body measurement still defaults to in-person. Remote capture changes the equation.","Thanks for connecting. I'm from 3DLOOK — FitXpress captures 80+ body measurements, body composition, and a 3D body model from two smartphone photos in 45 seconds.
For Medibank's digital health stack, the opportunity is closing the loop between virtual care delivery and physical measurement data. Most insurers have invested in telehealth platforms, member apps, and digital claims — but when a member needs body measurement for a health program, the process still involves a clinic visit or a self-reported scale weight. FitXpress changes that: two photos from the member's phone, 45 seconds, verified measurements with 96-97% accuracy vs manual measurements. The API integrates directly into existing member apps and clinical workflows.
HIPAA-compliant, GDPR-aligned, TLS encryption, SSE-S3 at rest. Photos deleted post-processing. Zero personal identifiers — body data only.","Michael — one more. The insurers winning on digital engagement are the ones closing the gap between virtual tools and physical health data. FitXpress provides verified body measurement via API — 80+ metrics, body composition, 96-97% accuracy vs manual measurements. For Medibank's digital health strategy: remote measurement that members actually use and clinical teams trust. Worth 10 minutes?","Michael — leaving this here. If remote body measurement API integration ever becomes relevant for Medibank's product roadmap, I'm available."
,,qoctor,Chief Operations Officer,,,"Weng, qoctor digital ecosystem — member health tracking is the engagement layer platforms are competing on. Remote body measurement with visual progress gives members a reason to stay engaged.","Appreciate the connection. I'm from 3DLOOK — we built FitXpress to turn two smartphone photos into verified body measurements and composition data in under a minute.
For a digital health company at qoctor's scale, the digital health stack needs three things: member-facing tools that drive engagement, clinical data that's regulator-ready, and integration that doesn't add operational overhead. FitXpress checks all three. Members scan in 45 seconds from their phone and get a 3D model with side-by-side progress visualization — that's the engagement layer. The backend delivers verified measurements with 96-97% accuracy vs manual measurements and an audit trail — that's the compliance layer. The whole thing integrates via API — that's the operational layer.
HIPAA-compliant, GDPR-aligned, TLS encryption, SSE-S3 at rest. Photos deleted post-processing. Zero personal identifiers — body data only.","Weng — quick thought. FitXpress turns body measurement into an API call: two photos in, 80+ measurements + body composition out. 96-97% accuracy vs manual measurements, HIPAA-compliant, integrates into any digital health stack. For qoctor: verified body data as a product feature. 15 minutes?","Weng — won't keep going. If verified body measurement as a digital health capability comes up at qoctor, happy to show how it works."
,,Medibank,Head of Connected Health Portfolio,,,"Yasmeen, health programs at Medibank — preventive care lives or dies on member engagement. Verified body progress tracking gives members a reason to stay in the program.","Thanks for accepting. I'm from 3DLOOK — FitXpress captures clinical-grade body measurements (80+ metrics + body composition) from two smartphone photos in 45 seconds.
For Medibank's preventive health programs, the member engagement challenge is real: people sign up, do a few check-ins, then disappear. The problem isn't motivation — it's that progress feels invisible. A scale number changes slowly. A waist measurement tape is awkward. FitXpress changes the feedback loop: members take two photos on their phone every 30 days, and get a 3D body model showing exactly where their body changed — side by side with their previous scan. 96-97% accuracy vs manual measurements, full body composition data. The Yazen case study proves the retention impact: 34,000 scans in 2025, and the side-by-side 3D visualization is their #1 retention feature.
HIPAA-compliant, GDPR-aligned, TLS encryption, SSE-S3 at rest. Photos deleted post-processing. Zero personal identifiers — body data only.","Yasmeen — a member engagement thought. The insurers winning on retention are the ones giving members visible proof of their health progress. FitXpress delivers that: two photos, 45 seconds, 3D progress visualization. For Medibank wellness programs: higher completion rates, stronger member loyalty. 15 minutes to see the member experience?","Yasmeen — last note. If adding visual progress tracking to Medibank's member health programs ever becomes a priority, I'm available."
,,Bupa Australia,"Product Manager, Primary Care Technology",,,"Sherry, digital product at Bupa Australia — most health insurers are layering digital services on top of analog measurement. Body data captured remotely closes that last gap.","Thanks for accepting. I'm from 3DLOOK — FitXpress captures clinical-grade body measurements (80+ metrics + body composition) from two smartphone photos in 45 seconds.
For a health insurer at Bupa Australia's scale, the digital health stack needs three things: member-facing tools that drive engagement, clinical data that's regulator-ready, and integration that doesn't add operational overhead. FitXpress checks all three. Members scan in 45 seconds from their phone and get a 3D model with side-by-side progress visualization — that's the engagement layer. The backend delivers verified measurements with 96-97% accuracy vs manual measurements and an audit trail — that's the compliance layer. The whole thing integrates via API — that's the operational layer.
HIPAA-compliant, GDPR-aligned, TLS encryption, SSE-S3 at rest. Photos deleted post-processing. Zero personal identifiers — body data only.","Sherry — one more. The insurers winning on digital engagement are the ones closing the gap between virtual tools and physical health data. FitXpress provides verified body measurement via API — 80+ metrics, body composition, 96-97% accuracy vs manual measurements. For Bupa Australia's digital health strategy: remote measurement that members actually use and clinical teams trust. Worth 10 minutes?","Sherry — last note from me. If adding remote body measurement to Bupa Australia's digital health stack ever becomes a priority, I'm available."
,,Medibank,Group Strategy Manager,,,"Isaac, you're focused on member engagement at Medibank. The metric that matters: do members attribute health progress to their insurer? Visual body tracking makes that attribution real.","Thanks for accepting. I'm from 3DLOOK — FitXpress captures clinical-grade body measurements (80+ metrics + body composition) from two smartphone photos in 45 seconds.
For Medibank's member engagement strategy, the retention math is simple: members who actively use their insurer's health tools are significantly less likely to switch. The challenge is giving them tools they'll actually use — not another generic wellness app. FitXpress fills that gap with something genuinely compelling: a 3D body scan from two photos that shows members exactly how their body is changing over time. Body fat percentage going down, lean mass going up, measurements shifting across 80+ data points — all visualized side by side with their previous scan. Yazen, a European weight loss platform, ran 34,000 scans in 2025. Their patients scan every 30 days, and the side-by-side 3D visualization is their #1 retention feature. For a health insurer, that's the engagement metric that directly impacts lifetime value.","Isaac — one more on member engagement. FitXpress turns body measurement into a monthly member ritual: two photos, 3D progress model, body composition breakdown. 96-97% accuracy vs manual measurements, 45 seconds. For Medibank: NPS and retention through visible health progress. 15-minute walkthrough?","Isaac — final one. If retention through member health tools becomes relevant for Medibank's strategy, reach out anytime."
,,Medibank,CEO,,,"GEORGE, at Medibank you're building the digital health future. The body measurement piece of that stack — still a gap. Remote scanning from a phone closes it.","Good to connect. Quick context: I'm from 3DLOOK — FitXpress generates 80+ verified body measurements and composition data from two photos, delivered via API.
For Medibank's digital health stack, the opportunity is closing the loop between virtual care delivery and physical measurement data. Most insurers have invested in telehealth platforms, member apps, and digital claims — but when a member needs body measurement for a health program, the process still involves a clinic visit or a self-reported scale weight. FitXpress changes that: two photos from the member's phone, 45 seconds, verified measurements with 96-97% accuracy vs manual measurements. The API integrates directly into existing member apps and clinical workflows.
HIPAA-compliant, GDPR-aligned, TLS encryption, SSE-S3 at rest. Photos deleted post-processing. Zero personal identifiers — body data only.","GEORGE — specifically on the measurement gap. Medibank has the digital infrastructure. What's missing is remote body measurement that's accurate enough for clinical use and simple enough for member adoption. FitXpress delivers both: 96-97% accuracy vs manual measurements, 45 seconds. 15-minute demo?","GEORGE — last note from me. If adding remote body measurement to Medibank's digital health stack ever becomes a priority, I'm available."
,,Medibank,CEO Head Quater,,,"Andrew, you're driving digital transformation at Medibank. One thing most digital health stacks miss: verified body measurement without a clinic visit. That gap is fixable.","Appreciate the connection. I'm from 3DLOOK — we built FitXpress to turn two smartphone photos into verified body measurements and composition data in under a minute.
Here's why this matters for Medibank's digital transformation: verified body data is the clinical anchor that makes virtual health programs defensible. Without it, you're relying on member self-report — which introduces error and undermines program ROI measurement. FitXpress provides audit-ready body measurement data captured remotely. For a health insurer, that means you can prove that your digital wellness programs actually produce measurable physical outcomes — not just engagement metrics.
HIPAA-compliant, GDPR-aligned, TLS encryption, SSE-S3 at rest. Photos deleted post-processing. Zero personal identifiers — body data only.","Andrew — one more. The insurers winning on digital engagement are the ones closing the gap between virtual tools and physical health data. FitXpress provides verified body measurement via API — 80+ metrics, body composition, 96-97% accuracy vs manual measurements. For Medibank's digital health strategy: remote measurement that members actually use and clinical teams trust. Worth 15 minutes?","Andrew — final one. If the body measurement gap in Medibank's digital health experience becomes a priority, reach out anytime."
,,Medibank Health Solutions,Health Manager,,,"Dayan, at Medibank Health Solutions you know member health outcomes drive retention. The gap: members need to see their progress to stay motivated. Remote body scanning with visual comparison delivers that.","Appreciate the connection. I'm from 3DLOOK — we built FitXpress to turn two smartphone photos into verified body measurements and composition data in under a minute.
For Medibank Health Solutions, the preventive health opportunity is turning wellness programs from a cost center into a retention engine. Members who actively track their health progress are less likely to switch insurers. The challenge is giving them tracking tools they'll actually use. FitXpress delivers that: two photos, 45 seconds, a detailed 3D model with body composition breakdown. 96-97% accuracy vs manual measurements means the data is trustworthy. The visual progress comparison means members stay engaged month after month. For a health insurer, that's measurable ROI: higher program completion rates, lower churn among wellness participants, and stronger NPS from members who feel their insurer invested in their health.
HIPAA-compliant, GDPR-aligned, TLS encryption, SSE-S3 at rest. Photos deleted post-processing.","Dayan — specifically on member retention. FitXpress turns body measurement into an engagement feature: 3D progress visualization that members actually look forward to. 96-97% accuracy vs manual measurements, 45 seconds from their phone. For Medibank Health Solutions health programs: a retention tool disguised as a member benefit. 10 minutes?","Dayan — last note. If adding visual progress tracking to Medibank Health Solutions's member health programs ever becomes a priority, I'm available."
,,Medibank,Retail Store Manager,,,"Preet, you lead digital product at Medibank. The disconnect between digital health tools and physical measurement data is a weak point in most insurer stacks. We solve exactly that.","Thanks for accepting. I'm from 3DLOOK — FitXpress captures clinical-grade body measurements (80+ metrics + body composition) from two smartphone photos in 45 seconds.
Here's why this matters for Medibank's digital transformation: verified body data is the clinical anchor that makes virtual health programs defensible. Without it, you're relying on member self-report — which introduces error and undermines program ROI measurement. FitXpress provides audit-ready body measurement data captured remotely. For a health insurer, that means you can prove that your digital wellness programs actually produce measurable physical outcomes — not just engagement metrics.
HIPAA-compliant, GDPR-aligned, TLS encryption, SSE-S3 at rest. Photos deleted post-processing. Zero personal identifiers — body data only.","Preet — quick thought. FitXpress turns body measurement into an API call: two photos in, 80+ measurements + body composition out. 96-97% accuracy vs manual measurements, HIPAA-compliant, integrates into any digital health stack. For Medibank: verified body data as a product feature. 10 minutes?","Preet — last note from me. If adding remote body measurement to Medibank's digital health stack ever becomes a priority, I'm available."
,,Medmate,Practice Manager,,,"Sarah, you lead digital product at Medmate. The disconnect between digital health tools and physical measurement data is a weak point in most platform stacks. We solve exactly that.","Appreciate the connection. I'm from 3DLOOK — we built FitXpress to turn two smartphone photos into verified body measurements and composition data in under a minute.
Here's why this matters for Medmate's digital transformation: verified body data is the clinical anchor that makes virtual health programs defensible. Without it, you're relying on member self-report — which introduces error and undermines program ROI measurement. FitXpress provides audit-ready body measurement data captured remotely. For a digital health company, that means you can prove that your digital wellness programs actually produce measurable physical outcomes — not just engagement metrics.
HIPAA-compliant, GDPR-aligned, TLS encryption, SSE-S3 at rest. Photos deleted post-processing. Zero personal identifiers — body data only.","Sarah — a digital health stack thought. Most platforms have digitized claims, telehealth, and member portals. Body measurement is the piece that's still analog. FitXpress fills that gap: 96-97% accuracy vs manual measurements, 45 seconds, API integration. For Medmate: a digital measurement layer that completes the virtual care experience. 10 minutes to walk through the integration?","Sarah — won't keep going. If verified body measurement as a digital health capability comes up at Medmate, happy to show how it works."
,,Medibank,Head of Payment Integrity,,,"Chance, you're focused on health outcomes at Medibank. The retention problem in wellness programs: members don't see results fast enough. A 3D body scan that shows progress visually solves that.","Thanks for connecting. I'm from 3DLOOK — FitXpress captures 80+ body measurements, body composition, and a 3D body model from two smartphone photos in 45 seconds.
For Medibank's member health programs, the missing piece is objective progress data that members can see and trust. Self-reported weight is unreliable. Gym check-ins track attendance, not outcomes. FitXpress provides verified body measurement that captures actual physical change: body fat percentage trends, lean mass changes, measurement reductions across 80+ data points. The 3D model with side-by-side comparison gives members an undeniable view of their progress. This isn't gamification — it's clinical-grade measurement presented in a way that drives sustained engagement. 96-97% accuracy vs manual measurements, 95%+ repeatability across scans.
HIPAA-compliant, GDPR-aligned, TLS encryption, SSE-S3 at rest. Photos deleted post-processing. Zero personal identifiers — body data only.","Chance — specifically on member retention. FitXpress turns body measurement into an engagement feature: 3D progress visualization that members actually look forward to. 96-97% accuracy vs manual measurements, 45 seconds from their phone. For Medibank health programs: a retention tool disguised as a member benefit. 10 minutes?","Chance — won't keep going. If member engagement through body progress tracking comes up at Medibank, happy to show the member experience."
,,HCF Australia,Product Manager,,,"Billy, HCF Australia digital health roadmap — the shift to virtual care is real. But body measurement data is still manual. A 45-second remote scan fills that gap.","Thanks for accepting. I'm from 3DLOOK — FitXpress captures clinical-grade body measurements (80+ metrics + body composition) from two smartphone photos in 45 seconds.
Here's why this matters for HCF Australia's digital transformation: verified body data is the clinical anchor that makes virtual health programs defensible. Without it, you're relying on member self-report — which introduces error and undermines program ROI measurement. FitXpress provides audit-ready body measurement data captured remotely. For a health insurer, that means you can prove that your digital wellness programs actually produce measurable physical outcomes — not just engagement metrics.
HIPAA-compliant, GDPR-aligned, TLS encryption, SSE-S3 at rest. Photos deleted post-processing. Zero personal identifiers — body data only.","Billy — one more. The insurers winning on digital engagement are the ones closing the gap between virtual tools and physical health data. FitXpress provides verified body measurement via API — 80+ metrics, body composition, 96-97% accuracy vs manual measurements. For HCF Australia's digital health strategy: remote measurement that members actually use and clinical teams trust. Worth 10 minutes?","Billy — won't keep going. If verified body measurement as a digital health capability comes up at HCF Australia, happy to show how it works."
,,Medibank,Director Of Operations,,,"Julie, you're driving digital transformation at Medibank. One thing most digital health stacks miss: verified body measurement without a clinic visit. That gap is fixable.","Thanks for accepting. I'm from 3DLOOK — FitXpress captures clinical-grade body measurements (80+ metrics + body composition) from two smartphone photos in 45 seconds.
Here's why this matters for Medibank's digital transformation: verified body data is the clinical anchor that makes virtual health programs defensible. Without it, you're relying on member self-report — which introduces error and undermines program ROI measurement. FitXpress provides audit-ready body measurement data captured remotely. For a health insurer, that means you can prove that your digital wellness programs actually produce measurable physical outcomes — not just engagement metrics.
HIPAA-compliant, GDPR-aligned, TLS encryption, SSE-S3 at rest. Photos deleted post-processing. Zero personal identifiers — body data only.","Julie — specifically on the measurement gap. Medibank has the digital infrastructure. What's missing is remote body measurement that's accurate enough for clinical use and simple enough for member adoption. FitXpress delivers both: 96-97% accuracy vs manual measurements, 45 seconds. 15-minute demo?","Julie — last note from me. If adding remote body measurement to Medibank's digital health stack ever becomes a priority, I'm available."
,,HCF,Non Ex Director,,,"Robert, you're driving digital transformation at HCF. One thing most digital health stacks miss: verified body measurement without a clinic visit. That gap is fixable.","Thanks for connecting. I'm from 3DLOOK — FitXpress captures 80+ body measurements, body composition, and a 3D body model from two smartphone photos in 45 seconds.
For HCF's product roadmap, remote body measurement fills a specific gap in the digital health experience. Members enrolled in wellness programs, weight management, or post-surgical recovery need regular body measurement data — but current options are either clinic visits (low compliance) or self-report (low accuracy). FitXpress delivers 96-97% accuracy vs manual measurements from two photos, with full body composition including body fat percentage and lean mass. The data flows via API into whatever system HCF uses to track member health outcomes.
HIPAA-compliant, GDPR-aligned, TLS encryption, SSE-S3 at rest. Photos deleted post-processing. Zero personal identifiers — body data only.","Robert — one more. The insurers winning on digital engagement are the ones closing the gap between virtual tools and physical health data. FitXpress provides verified body measurement via API — 80+ metrics, body composition, 96-97% accuracy vs manual measurements. For HCF's digital health strategy: remote measurement that members actually use and clinical teams trust. Worth 10 minutes?","Robert — final one. If the body measurement gap in HCF's digital health experience becomes a priority, reach out anytime."
,,Medibank,Retail Centre Manager,,,"Joe, Medibank digital strategy — telehealth and virtual care are growing fast in Australia. But body measurement still defaults to in-person. Remote capture changes the equation.","Thanks for accepting. I'm from 3DLOOK — FitXpress captures clinical-grade body measurements (80+ metrics + body composition) from two smartphone photos in 45 seconds.
For a health insurer at Medibank's scale, the digital health stack needs three things: member-facing tools that drive engagement, clinical data that's regulator-ready, and integration that doesn't add operational overhead. FitXpress checks all three. Members scan in 45 seconds from their phone and get a 3D model with side-by-side progress visualization — that's the engagement layer. The backend delivers verified measurements with 96-97% accuracy vs manual measurements and an audit trail — that's the compliance layer. The whole thing integrates via API — that's the operational layer.
HIPAA-compliant, GDPR-aligned, TLS encryption, SSE-S3 at rest. Photos deleted post-processing. Zero personal identifiers — body data only.","Joe — specifically on the measurement gap. Medibank has the digital infrastructure. What's missing is remote body measurement that's accurate enough for clinical use and simple enough for member adoption. FitXpress delivers both: 96-97% accuracy vs manual measurements, 45 seconds. 15-minute demo?","Joe — won't keep going. If verified body measurement as a digital health capability comes up at Medibank, happy to show how it works."
,,Medibank,Pharmacist,,,"Mez, you're focused on health outcomes at Medibank. The retention problem in wellness programs: members don't see results fast enough. A 3D body scan that shows progress visually solves that.","Thanks for connecting. I'm from 3DLOOK — FitXpress captures 80+ body measurements, body composition, and a 3D body model from two smartphone photos in 45 seconds.
Here's the preventive health insight: members who see their progress stay enrolled. Members who only see a number on a scale drop out. FitXpress delivers that visual progress layer — two photos every 30 days, a 3D model that shows body composition changes that a scale can't capture (fat loss, muscle gain, measurement changes across 80+ data points). For Medibank's wellness programs, this means higher completion rates, better health outcomes, and members who attribute their progress directly to their insurer — strengthening retention and NPS.
HIPAA-compliant, GDPR-aligned, TLS encryption, SSE-S3 at rest. Photos deleted post-processing. Zero personal identifiers — body data only.","Mez — one more. Members who see their body changing are members who stay. FitXpress gives Medibank members a visual health tracking tool they'll use monthly. 96-97% accuracy vs manual measurements, 45 seconds. For preventive health programs: retention through visible results. 15-minute walkthrough?","Mez — leaving this here. If verified body progress tracking for Medibank members ever becomes relevant, I'm available."
,,Medibank,Nursing Manager,,,"Grahame, Medibank member health — the best preventive program is one members stick with. Side-by-side 3D body progress gives them the visual feedback that keeps them engaged.","Appreciate the connection. I'm from 3DLOOK — we built FitXpress to turn two smartphone photos into verified body measurements and composition data in under a minute.
For Medibank's preventive health programs, the member engagement challenge is real: people sign up, do a few check-ins, then disappear. The problem isn't motivation — it's that progress feels invisible. A scale number changes slowly. A waist measurement tape is awkward. FitXpress changes the feedback loop: members take two photos on their phone every 30 days, and get a 3D body model showing exactly where their body changed — side by side with their previous scan. 96-97% accuracy vs manual measurements, full body composition data. The Yazen case study proves the retention impact: 34,000 scans in 2025, and the side-by-side 3D visualization is their #1 retention feature.
HIPAA-compliant, GDPR-aligned, TLS encryption, SSE-S3 at rest. Photos deleted post-processing. Zero personal identifiers — body data only.","Grahame — one more. Members who see their body changing are members who stay. FitXpress gives Medibank members a visual health tracking tool they'll use monthly. 96-97% accuracy vs manual measurements, 45 seconds. For preventive health programs: retention through visible results. 15-minute walkthrough?","Grahame — final one. If visual body progress as a member retention tool becomes relevant for Medibank's health programs, reach out."
,,Medibank,Practice Manager - Medibank Health Solutions,,,"Mary, Medibank wellness strategy — member engagement is the metric that matters. Remote body measurement with progress visualization turns a clinical task into a member experience.","Thanks for connecting. I'm from 3DLOOK — FitXpress captures 80+ body measurements, body composition, and a 3D body model from two smartphone photos in 45 seconds.
For Medibank's preventive health programs, the member engagement challenge is real: people sign up, do a few check-ins, then disappear. The problem isn't motivation — it's that progress feels invisible. A scale number changes slowly. A waist measurement tape is awkward. FitXpress changes the feedback loop: members take two photos on their phone every 30 days, and get a 3D body model showing exactly where their body changed — side by side with their previous scan. 96-97% accuracy vs manual measurements, full body composition data. The Yazen case study proves the retention impact: 34,000 scans in 2025, and the side-by-side 3D visualization is their #1 retention feature.
HIPAA-compliant, GDPR-aligned, TLS encryption, SSE-S3 at rest. Photos deleted post-processing. Zero personal identifiers — body data only.","Mary — a member engagement thought. The insurers winning on retention are the ones giving members visible proof of their health progress. FitXpress delivers that: two photos, 45 seconds, 3D progress visualization. For Medibank wellness programs: higher completion rates, stronger member loyalty. 10 minutes to see the member experience?","Mary — won't keep going. If member engagement through body progress tracking comes up at Medibank, happy to show the member experience."
,,Medibank Private,General Manager Queensland,,,"Brian, you're focused on health outcomes at Medibank Private. The retention problem in wellness programs: members don't see results fast enough. A 3D body scan that shows progress visually solves that.","Appreciate the connection. I'm from 3DLOOK — we built FitXpress to turn two smartphone photos into verified body measurements and composition data in under a minute.
For Medibank Private, the preventive health opportunity is turning wellness programs from a cost center into a retention engine. Members who actively track their health progress are less likely to switch insurers. The challenge is giving them tracking tools they'll actually use. FitXpress delivers that: two photos, 45 seconds, a detailed 3D model with body composition breakdown. 96-97% accuracy vs manual measurements means the data is trustworthy. The visual progress comparison means members stay engaged month after month. For a health insurer, that's measurable ROI: higher program completion rates, lower churn among wellness participants, and stronger NPS from members who feel their insurer invested in their health.
HIPAA-compliant, GDPR-aligned, TLS encryption, SSE-S3 at rest. Photos deleted post-processing.","Brian — specifically on member retention. FitXpress turns body measurement into an engagement feature: 3D progress visualization that members actually look forward to. 96-97% accuracy vs manual measurements, 45 seconds from their phone. For Medibank Private health programs: a retention tool disguised as a member benefit. 15 minutes?","Brian — won't keep going. If member engagement through body progress tracking comes up at Medibank Private, happy to show the member experience."
,,Medibank Health Solutions,Regional Clinical Director,,,"Alan, Medibank Health Solutions digital strategy — telehealth and virtual care are growing fast in Australia. But body measurement still defaults to in-person. Remote capture changes the equation.","Good to connect. Quick context: I'm from 3DLOOK — FitXpress generates 80+ verified body measurements and composition data from two photos, delivered via API.
For Medibank Health Solutions's digital health stack, the opportunity is closing the loop between virtual care delivery and physical measurement data. Most insurers have invested in telehealth platforms, member apps, and digital claims — but when a member needs body measurement for a health program, the process still involves a clinic visit or a self-reported scale weight. FitXpress changes that: two photos from the member's phone, 45 seconds, verified measurements with 96-97% accuracy vs manual measurements. The API integrates directly into existing member apps and clinical workflows.
HIPAA-compliant, GDPR-aligned, TLS encryption, SSE-S3 at rest. Photos deleted post-processing. Zero personal identifiers — body data only.","Alan — quick thought. FitXpress turns body measurement into an API call: two photos in, 80+ measurements + body composition out. 96-97% accuracy vs manual measurements, HIPAA-compliant, integrates into any digital health stack. For Medibank Health Solutions: verified body data as a product feature. 15 minutes?","Alan — won't keep going. If verified body measurement as a digital health capability comes up at Medibank Health Solutions, happy to show how it works."
,,Medibank,CX Division Manager,,,"Denise, Medibank preventive health — Australia's health insurers are competing on wellness program engagement. The differentiator: showing members real, visible progress they can track.","Good to connect. Quick context: I'm from 3DLOOK — FitXpress generates 80+ verified body measurements and composition data from two photos, delivered via API.
For Medibank's member health programs, the missing piece is objective progress data that members can see and trust. Self-reported weight is unreliable. Gym check-ins track attendance, not outcomes. FitXpress provides verified body measurement that captures actual physical change: body fat percentage trends, lean mass changes, measurement reductions across 80+ data points. The 3D model with side-by-side comparison gives members an undeniable view of their progress. This isn't gamification — it's clinical-grade measurement presented in a way that drives sustained engagement. 96-97% accuracy vs manual measurements, 95%+ repeatability across scans.
HIPAA-compliant, GDPR-aligned, TLS encryption, SSE-S3 at rest. Photos deleted post-processing. Zero personal identifiers — body data only.","Denise — quick thought on preventive health engagement. FitXpress transforms body measurement from a clinical task into a member experience: 3D model, side-by-side progress comparison, full body composition. Yazen saw retention skyrocket when they added this. For Medibank: measurable engagement lift for wellness programs. Worth 10 minutes?","Denise — won't keep going. If member engagement through body progress tracking comes up at Medibank, happy to show the member experience."
,,Medibank Health Solutions,National Medical Director,,,"Kate, digital product at Medibank Health Solutions — most health insurers are layering digital services on top of analog measurement. Body data captured remotely closes that last gap.","Thanks for connecting. I'm from 3DLOOK — FitXpress captures 80+ body measurements, body composition, and a 3D body model from two smartphone photos in 45 seconds.
For a health insurer at Medibank Health Solutions's scale, the digital health stack needs three things: member-facing tools that drive engagement, clinical data that's regulator-ready, and integration that doesn't add operational overhead. FitXpress checks all three. Members scan in 45 seconds from their phone and get a 3D model with side-by-side progress visualization — that's the engagement layer. The backend delivers verified measurements with 96-97% accuracy vs manual measurements and an audit trail — that's the compliance layer. The whole thing integrates via API — that's the operational layer.
HIPAA-compliant, GDPR-aligned, TLS encryption, SSE-S3 at rest. Photos deleted post-processing. Zero personal identifiers — body data only.","Kate — quick thought. FitXpress turns body measurement into an API call: two photos in, 80+ measurements + body composition out. 96-97% accuracy vs manual measurements, HIPAA-compliant, integrates into any digital health stack. For Medibank Health Solutions: verified body data as a product feature. 15 minutes?","Kate — final one. If the body measurement gap in Medibank Health Solutions's digital health experience becomes a priority, reach out anytime."
,,Medibank,Retail Centre Manager Bundaberg,,,"Leonie, you lead digital product at Medibank. The disconnect between digital health tools and physical measurement data is a weak point in most insurer stacks. We solve exactly that.","Good to connect. Quick context: I'm from 3DLOOK — FitXpress generates 80+ verified body measurements and composition data from two photos, delivered via API.
Here's why this matters for Medibank's digital transformation: verified body data is the clinical anchor that makes virtual health programs defensible. Without it, you're relying on member self-report — which introduces error and undermines program ROI measurement. FitXpress provides audit-ready body measurement data captured remotely. For a health insurer, that means you can prove that your digital wellness programs actually produce measurable physical outcomes — not just engagement metrics.
HIPAA-compliant, GDPR-aligned, TLS encryption, SSE-S3 at rest. Photos deleted post-processing. Zero personal identifiers — body data only.","Leonie — one more. The insurers winning on digital engagement are the ones closing the gap between virtual tools and physical health data. FitXpress provides verified body measurement via API — 80+ metrics, body composition, 96-97% accuracy vs manual measurements. For Medibank's digital health strategy: remote measurement that members actually use and clinical teams trust. Worth 10 minutes?","Leonie — leaving this here. If remote body measurement API integration ever becomes relevant for Medibank's product roadmap, I'm available."
