person_id,full_name,first_name,last_name,title,seniority,company_name,company_linkedin_url,person_linkedin_url,email_guess,location_country,location_city,years_in_role,profile_summary
f0c328aedec0,Daisy Wong,Daisy,Wong,Head of Security Awareness,Director,Medibank,https://www.medibank.com.au/,https://www.linkedin.com/in/daisywongcyber/,,Australia,Melbourne,2 years in company,"Company: Australia's leading private health insurer offering health insurance, telehealth, virtual care, and preventive health programs. | Fit: 3DLOOK FitXpress enhances Medibank's digital health services with AI-powered body measurements, remote progress tracking, and objective body data for weight management and preventive care."
971735404aae,Dani Rutman,Dani,Rutman,Head of Integrated Healthcare Experience,Director,Medibank,https://www.medibank.com.au/,https://au.linkedin.com/in/rutmandanielle,,Australia,Melbourne,9 years 9 months in company,"Company: Australia's leading private health insurer offering health insurance, telehealth, virtual care, and preventive health programs. | Fit: 3DLOOK FitXpress enhances Medibank's digital health services with AI-powered body measurements, remote progress tracking, and objective body data for weight management and preventive care."
0f44c2c1bcb1,David McHale,David,McHale,Program Director,C-Level,Bupa Australia,https://www.bupa.com.au/,https://au.linkedin.com/in/davidgmchale,,Australia,Sydney,1 year 1 month in company,"Company: Leading Australian health insurer providing private health insurance, telehealth, primary care, aged care, dental, and preventive health services. | Fit: 3DLOOK FitXpress enhances Bupa's digital health and preventive care programs with AI-powered body measurements, remote progress tracking, and objective body data for weight management and chronic disease monitoring."
9e93f3a533b8,James Taylor,James,Taylor,Chief Product Officer,C-Level,Mosh,https://www.getmosh.com.au/?srsltid=AfmBOopDgSRDs4qdojvDArwKay1KcLoWnQ68xF101A4zHClvh6mNZOwC,https://au.linkedin.com/in/jamesmtaylor,,Australia,Sydney,3 years 6 months in company,"Company: Australian digital health platform providing online care for weight loss, men's health, hair loss, and mental health through telehealth consultations and ongoing treatment programs. | Fit: 3DLOOK FitXpress enhances Mosh's weight management and virtual care programs with AI-powered body measurements, visual progress tracking, and objective body data to monitor patient outcomes remotely."
d21adea4d88b,JoAnne Christodouleas,JoAnne,Christodouleas,"Director Operations and Enablement, Health Insurance",C-Level,Bupa Australia,https://www.bupa.com.au/,https://au.linkedin.com/in/joannechristodouleas,,Australia,Greater Melbourne Area,2 years 4 months in company,"Company: Leading Australian health insurer providing private health insurance, telehealth, primary care, aged care, dental, and preventive health services. | Fit: 3DLOOK FitXpress enhances Bupa's digital health and preventive care programs with AI-powered body measurements, remote progress tracking, and objective body data for weight management and chronic disease monitoring."
dadaa17a9ef2,Andrea Christie-David,Andrea,Christie-David,Director - Mental Health (Mindplace),C-Level,Bupa Australia,https://www.bupa.com.au/,https://au.linkedin.com/in/andreachristiedavid,,Australia,Sydney,1 year 5 months in company,"Company: Leading Australian health insurer providing private health insurance, telehealth, primary care, aged care, dental, and preventive health services. | Fit: 3DLOOK FitXpress enhances Bupa's digital health and preventive care programs with AI-powered body measurements, remote progress tracking, and objective body data for weight management and chronic disease monitoring."
a12c5d7f6e32,Pawan Verma,Pawan,Verma,Head of MarTech and Delivery,Director,Bupa Australia,https://www.bupa.com.au/,https://au.linkedin.com/in/vermapawan,,Australia,Greater Melbourne Area,1 year 5 months in company,"Company: Leading Australian health insurer providing private health insurance, telehealth, primary care, aged care, dental, and preventive health services. | Fit: 3DLOOK FitXpress enhances Bupa's digital health and preventive care programs with AI-powered body measurements, remote progress tracking, and objective body data for weight management and chronic disease monitoring."
f7e0bd83aba8,Kernow Craig,Kernow,Craig,Head of Design Digital Transformation,Director,Bupa Australia,https://www.bupa.com.au/,https://au.linkedin.com/in/kernow-craig,,Australia,Greater Sydney Area,1 year 1 month in company,"Company: Leading Australian health insurer providing private health insurance, telehealth, primary care, aged care, dental, and preventive health services. | Fit: 3DLOOK FitXpress enhances Bupa's digital health and preventive care programs with AI-powered body measurements, remote progress tracking, and objective body data for weight management and chronic disease monitoring."
a2ee480b97d8,Shona Sundaraj,Shona,Sundaraj,Group Medical Director,C-Level,Medibank,https://www.medibank.com.au/,https://au.linkedin.com/in/shona-sundaraj,,Australia,Sydney,2 years 3 months in company,"Company: Australia's leading private health insurer offering health insurance, telehealth, virtual care, and preventive health programs. | Fit: 3DLOOK FitXpress enhances Medibank's digital health services with AI-powered body measurements, remote progress tracking, and objective body data for weight management and preventive care."
403a70e472a0,Ben Vanden Boom,Ben,Vanden Boom,"Director Bupa Dental, Optical & Hearing",C-Level,Bupa Australia,https://www.bupa.com.au/,https://au.linkedin.com/in/ben-vanden-boom-071b051,,Australia,Greater Melbourne Area,8 months in company,"Company: Leading Australian health insurer providing private health insurance, telehealth, primary care, aged care, dental, and preventive health services. | Fit: 3DLOOK FitXpress enhances Bupa's digital health and preventive care programs with AI-powered body measurements, remote progress tracking, and objective body data for weight management and chronic disease monitoring."
a608f6af27cd,Karen Birner,Karen,Birner,Head of Assurance and Regulatory Programs,Director,HCF Australia,https://www.hcf.com.au/,https://au.linkedin.com/in/karen-birner,,Australia,Sydney,4 years 9 months in company,"Company: Australian not-for-profit health insurer offering private health insurance, telehealth, preventive health, and wellness programs. | Fit: 3DLOOK FitXpress enhances HCF's digital health services with AI-powered body measurements, remote progress tracking, and objective body data for preventive care, weight management, and chronic disease monitoring."
01b1068fb0ad,John O'Driscoll,John,O'Driscoll,"Head of Risk - Technology, Security and Data",Director,Medibank,https://www.medibank.com.au/,https://au.linkedin.com/in/john-o-driscoll,,Australia,Greater Melbourne Area,2 years 3 months in company,"Company: Australia's leading private health insurer offering health insurance, telehealth, virtual care, and preventive health programs. | Fit: 3DLOOK FitXpress enhances Medibank's digital health services with AI-powered body measurements, remote progress tracking, and objective body data for weight management and preventive care."
b645c10e3675,Liam John Ward,Liam,John Ward,Transformation Director Health Insurance,C-Level,Bupa Australia,https://www.bupa.com.au/,https://au.linkedin.com/in/liam-john-ward-a9863053,,Australia,Greater Sydney Area,1 year 5 months in company,"Company: Leading Australian health insurer providing private health insurance, telehealth, primary care, aged care, dental, and preventive health services. | Fit: 3DLOOK FitXpress enhances Bupa's digital health and preventive care programs with AI-powered body measurements, remote progress tracking, and objective body data for weight management and chronic disease monitoring."
2df40423be25,Emma Harrington,Emma,Harrington,Chief of - Member Experience,C-Level,HCF Australia,https://www.hcf.com.au/,https://au.linkedin.com/in/emma-ls-harrington,,Australia,Sydney,1 year 7 months in company,"Company: Australian not-for-profit health insurer offering private health insurance, telehealth, preventive health, and wellness programs. | Fit: 3DLOOK FitXpress enhances HCF's digital health services with AI-powered body measurements, remote progress tracking, and objective body data for preventive care, weight management, and chronic disease monitoring."
36b893d85001,Paul Lo Russo,Paul,Lo Russo,Creative | Senior Art Director,C-Level,Medibank,https://www.medibank.com.au/,https://au.linkedin.com/in/paullorusso,,Australia,Sydney,4 years 7 months in company,"Company: Australia's leading private health insurer offering health insurance, telehealth, virtual care, and preventive health programs. | Fit: 3DLOOK FitXpress enhances Medibank's digital health services with AI-powered body measurements, remote progress tracking, and objective body data for weight management and preventive care."
c5cc7322e840,Yash Sodhi,Yash,Sodhi,Chief Strategy Officer,C-Level,Medibank,https://www.medibank.com.au/,https://au.linkedin.com/in/ysodhi,,Australia,Melbourne,3 years 1 month in company,"Company: Australia's leading private health insurer offering health insurance, telehealth, virtual care, and preventive health programs. | Fit: 3DLOOK FitXpress enhances Medibank's digital health services with AI-powered body measurements, remote progress tracking, and objective body data for weight management and preventive care."
d5568e7e786c,Janelle McGuinness GAICD,Janelle,McGuinness,"General Manager, Digital and Data",C-Level,HCF Australia,https://www.hcf.com.au/,https://au.linkedin.com/in/janelle-mcguinness-gaicd-ab1a574,,Australia,Sydney,1 year 3 months in company,"Company: Australian not-for-profit health insurer offering private health insurance, telehealth, preventive health, and wellness programs. | Fit: 3DLOOK FitXpress enhances HCF's digital health services with AI-powered body measurements, remote progress tracking, and objective body data for preventive care, weight management, and chronic disease monitoring."
3b7af242de21,Merryn Olifent,Merryn,Olifent,Head of Customer Insights and Experience Design,Director,Medibank,https://www.medibank.com.au/,https://au.linkedin.com/in/merryn-olifent,,Australia,Redan,5 years 1 month in company,"Company: Australia's leading private health insurer offering health insurance, telehealth, virtual care, and preventive health programs. | Fit: 3DLOOK FitXpress enhances Medibank's digital health services with AI-powered body measurements, remote progress tracking, and objective body data for weight management and preventive care."
fb142712a5e2,Jean Jacobs,Jean,Jacobs,Head of Health Insights,Director,Bupa Australia,https://www.bupa.com.au/,https://au.linkedin.com/in/jean-jacobs-5898baab,,Australia,Macmasters Beach,4 years 9 months in company,"Company: Leading Australian health insurer providing private health insurance, telehealth, primary care, aged care, dental, and preventive health services. | Fit: 3DLOOK FitXpress enhances Bupa's digital health and preventive care programs with AI-powered body measurements, remote progress tracking, and objective body data for weight management and chronic disease monitoring."
36039de86641,David Lumb,David,Lumb,"Chief Officer, Member Growth",C-Level,HCF Australia,https://www.hcf.com.au/,https://au.linkedin.com/in/david-lumb,,Australia,Sydney,2 years 4 months in company,"Company: Australian not-for-profit health insurer offering private health insurance, telehealth, preventive health, and wellness programs. | Fit: 3DLOOK FitXpress enhances HCF's digital health services with AI-powered body measurements, remote progress tracking, and objective body data for preventive care, weight management, and chronic disease monitoring."
98b1e420e53c,Milosh Milisavljevic,Milosh,Milisavljevic,Group Lead - Chief Customer Officer,C-Level,Medibank,https://www.medibank.com.au/,https://www.linkedin.com/in/miloshmilisavljevic/,,Australia,Greater Melbourne Area,10 years 6 months in company,"Company: Australia's leading private health insurer offering health insurance, telehealth, virtual care, and preventive health programs. | Fit: 3DLOOK FitXpress enhances Medibank's digital health services with AI-powered body measurements, remote progress tracking, and objective body data for weight management and preventive care."
5f59d9c40771,Aarti Olsson,Aarti,Olsson,Head of Health Advisory,Director,Medibank,https://www.medibank.com.au/,https://au.linkedin.com/in/aartiolsson,,Australia,Greater Melbourne Area,2 years 2 months in company,"Company: Australia's leading private health insurer offering health insurance, telehealth, virtual care, and preventive health programs. | Fit: 3DLOOK FitXpress enhances Medibank's digital health services with AI-powered body measurements, remote progress tracking, and objective body data for weight management and preventive care."
534333ea7731,Lucy Chen,Lucy,Chen,Head of Healthcare Programs,Director,Bupa Australia,https://www.bupa.com.au/,https://au.linkedin.com/in/lucy-chen-b0008315a,,Australia,Hawthorn,4 years 4 months in company,"Company: Leading Australian health insurer providing private health insurance, telehealth, primary care, aged care, dental, and preventive health services. | Fit: 3DLOOK FitXpress enhances Bupa's digital health and preventive care programs with AI-powered body measurements, remote progress tracking, and objective body data for weight management and chronic disease monitoring."
01cae4896b7e,Peter Coon,Peter,Coon,Head of Competitive and Market Insights,Director,Medibank,https://www.medibank.com.au/,https://au.linkedin.com/in/petercoon,,Australia,Greater Melbourne Area,11 years 7 months in company,"Company: Australia's leading private health insurer offering health insurance, telehealth, virtual care, and preventive health programs. | Fit: 3DLOOK FitXpress enhances Medibank's digital health services with AI-powered body measurements, remote progress tracking, and objective body data for weight management and preventive care."
afc5b0b43e5e,Erin Lawless,Erin,Lawless,Acting GM RT Health (Division of HCF),Individual Contributor,HCF Australia,https://www.hcf.com.au/,https://au.linkedin.com/in/erin-lawless-28b68239,,Australia,Greater Sydney Area,17 years 5 months in company,"Company: Australian not-for-profit health insurer offering private health insurance, telehealth, preventive health, and wellness programs. | Fit: 3DLOOK FitXpress enhances HCF's digital health services with AI-powered body measurements, remote progress tracking, and objective body data for preventive care, weight management, and chronic disease monitoring."
72b0202effca,Dr Jonathan Brown,Dr,Jonathan Brown,Medical Director - BUPA Medical,C-Level,Bupa Australia,https://www.bupa.com.au/,https://www.linkedin.com/in/dr-jonathan-brown/,,Australia,Melbourne,7 months in company,"Company: Leading Australian health insurer providing private health insurance, telehealth, primary care, aged care, dental, and preventive health services. | Fit: 3DLOOK FitXpress enhances Bupa's digital health and preventive care programs with AI-powered body measurements, remote progress tracking, and objective body data for weight management and chronic disease monitoring."
ec01927f9dd3,Nicholas Holden,Nicholas,Holden,Chief Marketing Officer,C-Level,Mosh,https://www.getmosh.com.au/?srsltid=AfmBOopDgSRDs4qdojvDArwKay1KcLoWnQ68xF101A4zHClvh6mNZOwC,https://au.linkedin.com/in/nicholasholden1,,Australia,Sydney,3 years in company,"Company: Australian digital health platform providing online care for weight loss, men's health, hair loss, and mental health through telehealth consultations and ongoing treatment programs. | Fit: 3DLOOK FitXpress enhances Mosh's weight management and virtual care programs with AI-powered body measurements, visual progress tracking, and objective body data to monitor patient outcomes remotely."
b37f8e700418,Lydia Windels,Lydia,Windels,Partnership Manager - overseas,Manager,Medibank,https://www.medibank.com.au/,https://au.linkedin.com/in/lydiawindels,,Australia,Melbourne,2 years 7 months in company,"Company: Australia's leading private health insurer offering health insurance, telehealth, virtual care, and preventive health programs. | Fit: 3DLOOK FitXpress enhances Medibank's digital health services with AI-powered body measurements, remote progress tracking, and objective body data for weight management and preventive care."
f926cf0914ed,Mads Langbjerg Larsen,Mads,Langbjerg Larsen,Head of Strategy and Delivery ANZ,Director,Bupa Australia,https://www.bupa.com.au/,https://au.linkedin.com/in/mads-larsen,,Australia,Greater Melbourne Area,7 months in company,"Company: Leading Australian health insurer providing private health insurance, telehealth, primary care, aged care, dental, and preventive health services. | Fit: 3DLOOK FitXpress enhances Bupa's digital health and preventive care programs with AI-powered body measurements, remote progress tracking, and objective body data for weight management and chronic disease monitoring."
b9fcd2a5fb54,Adeline Chang,Adeline,Chang,"Head of Technology, Dental Optical and Hearing",Director,Bupa Australia,https://www.bupa.com.au/,https://au.linkedin.com/in/adeline-chang-66a30a13,,Australia,Melbourne,6 months in company,"Company: Leading Australian health insurer providing private health insurance, telehealth, primary care, aged care, dental, and preventive health services. | Fit: 3DLOOK FitXpress enhances Bupa's digital health and preventive care programs with AI-powered body measurements, remote progress tracking, and objective body data for weight management and chronic disease monitoring."
63764df8cc7e,Jonno Seidler,Jonno,Seidler,Creative Director,C-Level,Mosh,https://www.linkedin.com/sales/company/19118724?_ntb=NBezZEnWSwKWEZ547CNDsQ%3D%3D,https://au.linkedin.com/in/jonnoseidler,,Australia,Sydney,2 years 4 months in company,"Company: Australian digital health platform providing online care for weight loss, men's health, hair loss, and mental health through telehealth consultations and ongoing treatment programs. | Fit: 3DLOOK FitXpress enhances Mosh's weight management and virtual care programs with AI-powered body measurements, visual progress tracking, and objective body data to monitor patient outcomes remotely."
c404b0fa18eb,Tim Thorne,Tim,Thorne,"Director, HCF Life",C-Level,HCF Australia,https://www.hcf.com.au/,https://au.linkedin.com/in/timjohnthorne,,Australia,Greater Sydney Area,1 year 7 months in company,"Company: Australian not-for-profit health insurer offering private health insurance, telehealth, preventive health, and wellness programs. | Fit: 3DLOOK FitXpress enhances HCF's digital health services with AI-powered body measurements, remote progress tracking, and objective body data for preventive care, weight management, and chronic disease monitoring."
97b93837bc21,Ian Maytom,Ian,Maytom,"General Manager, Hospital & Medical",C-Level,HCF Australia,https://www.hcf.com.au/,https://au.linkedin.com/in/ian-maytom-b44aab20,,Australia,Greater Newcastle Area,5 months in company,"Company: Australian not-for-profit health insurer offering private health insurance, telehealth, preventive health, and wellness programs. | Fit: 3DLOOK FitXpress enhances HCF's digital health services with AI-powered body measurements, remote progress tracking, and objective body data for preventive care, weight management, and chronic disease monitoring."
6d117ee7782d,Gerard Dalbosco,Gerard,Dalbosco,Non Executive Director,C-Level,Medibank,https://www.medibank.com.au/,https://au.linkedin.com/in/gerard-dalbosco,,Australia,Melbourne,5 years 3 months in company,"Company: Australia's leading private health insurer offering health insurance, telehealth, virtual care, and preventive health programs. | Fit: 3DLOOK FitXpress enhances Medibank's digital health services with AI-powered body measurements, remote progress tracking, and objective body data for weight management and preventive care."
3ed17394163c,Glenn McPhee,Glenn,McPhee,"Managing Director, Government Services",C-Level,Bupa Australia,https://www.bupa.com.au/,https://au.linkedin.com/in/glennmcphee,,Australia,Canberra,1 year 1 month in company,"Company: Leading Australian health insurer providing private health insurance, telehealth, primary care, aged care, dental, and preventive health services. | Fit: 3DLOOK FitXpress enhances Bupa's digital health and preventive care programs with AI-powered body measurements, remote progress tracking, and objective body data for weight management and chronic disease monitoring."
5bab98f7b731,Lesley Brinckley,Lesley,Brinckley,Head of IT Risk and Governance,Director,HCF Australia,https://www.hcf.com.au/,https://au.linkedin.com/in/lesley-brinckley-2123014,,Australia,Greater Sydney Area,2 years 1 month in company,"Company: Australian not-for-profit health insurer offering private health insurance, telehealth, preventive health, and wellness programs. | Fit: 3DLOOK FitXpress enhances HCF's digital health services with AI-powered body measurements, remote progress tracking, and objective body data for preventive care, weight management, and chronic disease monitoring."
a52077bfe567,David Lochrie,David,Lochrie,Digital Director - Transformation,C-Level,Bupa Australia,https://www.bupa.com.au/,https://www.linkedin.com/in/david-lochrie-512a191/,,Australia,Greater Melbourne Area,1 year in company,"Company: Leading Australian health insurer providing private health insurance, telehealth, primary care, aged care, dental, and preventive health services. | Fit: 3DLOOK FitXpress enhances Bupa's digital health and preventive care programs with AI-powered body measurements, remote progress tracking, and objective body data for weight management and chronic disease monitoring."
ac117c2bb541,Glenn O'Sullivan,Glenn,O'Sullivan,Chief Operating Officer,C-Level,Mosh,https://www.linkedin.com/sales/company/19118724?_ntb=NBezZEnWSwKWEZ547CNDsQ%3D%3D,https://au.linkedin.com/in/glennosullivan,,Australia,Greater Sydney Area,1 year 8 months in company,"Company: Australian digital health platform providing online care for weight loss, men's health, hair loss, and mental health through telehealth consultations and ongoing treatment programs. | Fit: 3DLOOK FitXpress enhances Mosh's weight management and virtual care programs with AI-powered body measurements, visual progress tracking, and objective body data to monitor patient outcomes remotely."
b47ceb894d8a,Stephanie Sealy,Stephanie,Sealy,"Head of Mental Health, Health Ventures",Director,Medibank,https://www.medibank.com.au/,https://au.linkedin.com/in/stephaniesealy,,Australia,Melbourne,5 years 7 months in company,"Company: Australia's leading private health insurer offering health insurance, telehealth, virtual care, and preventive health programs. | Fit: 3DLOOK FitXpress enhances Medibank's digital health services with AI-powered body measurements, remote progress tracking, and objective body data for weight management and preventive care."
b396db811476,Christian Panariello,Christian,Panariello,Head of Growth,Director,Bupa Australia,https://www.bupa.com.au/,https://au.linkedin.com/in/christian-panariello-aa555530,,Australia,Greater Melbourne Area,8 months in company,"Company: Leading Australian health insurer providing private health insurance, telehealth, primary care, aged care, dental, and preventive health services. | Fit: 3DLOOK FitXpress enhances Bupa's digital health and preventive care programs with AI-powered body measurements, remote progress tracking, and objective body data for weight management and chronic disease monitoring."
9dc0fe0ddb06,Jonathan Goh,Jonathan,Goh,Head of Marketing Technology and Orchestration,Director,Medibank,https://www.medibank.com.au/,https://au.linkedin.com/in/jongoh12,,Australia,Australia,10 years 3 months in company,"Company: Australia's leading private health insurer offering health insurance, telehealth, virtual care, and preventive health programs. | Fit: 3DLOOK FitXpress enhances Medibank's digital health services with AI-powered body measurements, remote progress tracking, and objective body data for weight management and preventive care."
87e34630e1f2,Aleks Devic,Aleks,Devic,Head of External Communications,Director,Bupa Australia,https://www.bupa.com.au/,https://au.linkedin.com/in/aleks-devic-78323155,,Australia,Greater Melbourne Area,4 years 5 months in company,"Company: Leading Australian health insurer providing private health insurance, telehealth, primary care, aged care, dental, and preventive health services. | Fit: 3DLOOK FitXpress enhances Bupa's digital health and preventive care programs with AI-powered body measurements, remote progress tracking, and objective body data for weight management and chronic disease monitoring."
4e210cfe4699,Michelle Karolik,Michelle,Karolik,Head of Customer Engagement,Director,Bupa Australia,https://www.bupa.com.au/,https://au.linkedin.com/in/michelle-karolik-7279843,,Australia,Melbourne,3 years 11 months in company,"Company: Leading Australian health insurer providing private health insurance, telehealth, primary care, aged care, dental, and preventive health services. | Fit: 3DLOOK FitXpress enhances Bupa's digital health and preventive care programs with AI-powered body measurements, remote progress tracking, and objective body data for weight management and chronic disease monitoring."
330792824081,Joanne Casha,Joanne,Casha,Head of Corporate Partnerships,Director,Bupa Australia,https://www.bupa.com.au/,https://au.linkedin.com/in/joanne-casha-40992bb0,,Australia,Melbourne,1 year in company,"Company: Leading Australian health insurer providing private health insurance, telehealth, primary care, aged care, dental, and preventive health services. | Fit: 3DLOOK FitXpress enhances Bupa's digital health and preventive care programs with AI-powered body measurements, remote progress tracking, and objective body data for weight management and chronic disease monitoring."
983154b8b9dd,Robert Ashmore,Robert,Ashmore,Head of Business Insights,Director,HCF Australia,https://www.hcf.com.au/,https://au.linkedin.com/in/robashmoresydney,,Australia,Sydney,4 years 1 month in company,"Company: Australian not-for-profit health insurer offering private health insurance, telehealth, preventive health, and wellness programs. | Fit: 3DLOOK FitXpress enhances HCF's digital health services with AI-powered body measurements, remote progress tracking, and objective body data for preventive care, weight management, and chronic disease monitoring."
93b3aa19328e,Chris Leech,Chris,Leech,Head of Data Governance,Director,Medibank,https://www.medibank.com.au/,https://au.linkedin.com/in/chris-leech-259a4216,,Australia,Greater Melbourne Area,4 years in company,"Company: Australia's leading private health insurer offering health insurance, telehealth, virtual care, and preventive health programs. | Fit: 3DLOOK FitXpress enhances Medibank's digital health services with AI-powered body measurements, remote progress tracking, and objective body data for weight management and preventive care."
2f02c2bf2d5f,Andrew Wilkinson,Andrew,Wilkinson,"Director, Domestic Portfolio APAC (aka Chief Customer Officer)",C-Level,Bupa Australia,https://www.bupa.com.au/,https://au.linkedin.com/in/andrew-wilkinson-1a8b513a,,Australia,Greater Melbourne Area,5 years 9 months in company,"Company: Leading Australian health insurer providing private health insurance, telehealth, primary care, aged care, dental, and preventive health services. | Fit: 3DLOOK FitXpress enhances Bupa's digital health and preventive care programs with AI-powered body measurements, remote progress tracking, and objective body data for weight management and chronic disease monitoring."
4b378704aa59,René Cunningham,René,Cunningham,"General Manager - Growth, Government Services",C-Level,Bupa Australia,https://www.bupa.com.au/,https://www.linkedin.com/in/renecunningham1/,,Australia,Greater Sydney Area,5 months in company,"Company: Leading Australian health insurer providing private health insurance, telehealth, primary care, aged care, dental, and preventive health services. | Fit: 3DLOOK FitXpress enhances Bupa's digital health and preventive care programs with AI-powered body measurements, remote progress tracking, and objective body data for weight management and chronic disease monitoring."
f5e43ad5d628,Tony Johnson,Tony,Johnson,Chair,Individual Contributor,Bupa Australia,https://www.bupa.com.au/,https://au.linkedin.com/in/tonyjjohnson,,Australia,Melbourne,2 years 7 months in company,"Company: Leading Australian health insurer providing private health insurance, telehealth, primary care, aged care, dental, and preventive health services. | Fit: 3DLOOK FitXpress enhances Bupa's digital health and preventive care programs with AI-powered body measurements, remote progress tracking, and objective body data for weight management and chronic disease monitoring."
998a96079bfc,Linda Opie,Linda,Opie,Head of Health and Wellbeing,Director,HCF Australia,https://www.hcf.com.au/,https://au.linkedin.com/in/warren-opie-b3aab535,,Australia,Greater Sydney Area,9 years 5 months in company,"Company: Australian not-for-profit health insurer offering private health insurance, telehealth, preventive health, and wellness programs. | Fit: 3DLOOK FitXpress enhances HCF's digital health services with AI-powered body measurements, remote progress tracking, and objective body data for preventive care, weight management, and chronic disease monitoring."
5ea5461ddf3c,Tom Bosna,Tom,Bosna,Head of Operations | Workplace Health & Wellbeing. Ventures,Director,Medibank,https://www.medibank.com.au/,https://au.linkedin.com/in/tombosna,,Australia,Melbourne,1 year 10 months in company,"Company: Australia's leading private health insurer offering health insurance, telehealth, virtual care, and preventive health programs. | Fit: 3DLOOK FitXpress enhances Medibank's digital health services with AI-powered body measurements, remote progress tracking, and objective body data for weight management and preventive care."
036cd239a035,Cameron McCafferty,Cameron,McCafferty,Squad Lead / Head of Technology - Architecture,Director,Medibank,https://www.medibank.com.au/,https://au.linkedin.com/in/cameron-mccafferty-4131511,,Australia,Melbourne,1 year 1 month in company,"Company: Australia's leading private health insurer offering health insurance, telehealth, virtual care, and preventive health programs. | Fit: 3DLOOK FitXpress enhances Medibank's digital health services with AI-powered body measurements, remote progress tracking, and objective body data for weight management and preventive care."
517ab8304268,Pauline Smyth,Pauline,Smyth,"Head of Virtual Health, Amplar Health",Director,Medibank,https://www.medibank.com.au/,https://au.linkedin.com/in/pauline-smyth-54b4374,,Australia,Greater Sydney Area,3 years 10 months in company,"Company: Australia's leading private health insurer offering health insurance, telehealth, virtual care, and preventive health programs. | Fit: 3DLOOK FitXpress enhances Medibank's digital health services with AI-powered body measurements, remote progress tracking, and objective body data for weight management and preventive care."
f3159685f292,Carl James,Carl,James,"Chief Operating Officer Dental, Optical & Hearing",C-Level,Bupa Australia,https://www.bupa.com.au/,https://au.linkedin.com/in/carl-james-ab91129,,Australia,Greater Sydney Area,4 months in company,"Company: Leading Australian health insurer providing private health insurance, telehealth, primary care, aged care, dental, and preventive health services. | Fit: 3DLOOK FitXpress enhances Bupa's digital health and preventive care programs with AI-powered body measurements, remote progress tracking, and objective body data for weight management and chronic disease monitoring."
862e945a40da,Maunish Patel,Maunish,Patel,Head of Security Engineering,Director,Medibank,https://www.medibank.com.au/,https://uk.linkedin.com/in/mahuel,,Australia,Greater Melbourne Area,10 months in company,"Company: Australia's leading private health insurer offering health insurance, telehealth, virtual care, and preventive health programs. | Fit: 3DLOOK FitXpress enhances Medibank's digital health services with AI-powered body measurements, remote progress tracking, and objective body data for weight management and preventive care."
b744fd9a7074,Jamie Hempenstall,Jamie,Hempenstall,Head of Procurement - Category Management,Director,Medibank,https://www.medibank.com.au/,https://au.linkedin.com/in/jamie-hempenstall-093257b1,,Australia,Australia,6 years 5 months in company,"Company: Australia's leading private health insurer offering health insurance, telehealth, virtual care, and preventive health programs. | Fit: 3DLOOK FitXpress enhances Medibank's digital health services with AI-powered body measurements, remote progress tracking, and objective body data for weight management and preventive care."
503cc6317f3d,Stuart Robbins,Stuart,Robbins,Head of Property and Procurement,Director,HCF Australia,https://www.hcf.com.au/,https://au.linkedin.com/in/stuart-robbins-1056849,,Australia,Greater Sydney Area,7 years 7 months in company,"Company: Australian not-for-profit health insurer offering private health insurance, telehealth, preventive health, and wellness programs. | Fit: 3DLOOK FitXpress enhances HCF's digital health services with AI-powered body measurements, remote progress tracking, and objective body data for preventive care, weight management, and chronic disease monitoring."
b0976ba55ec1,Jennifer Vo-Phuoc,Jennifer,Vo-Phuoc,Head of Health Policy,Director,Medibank,https://www.medibank.com.au/,https://www.linkedin.com/in/jennifer-vo-phuoc-6b1b5113/,,Australia,Greater Sydney Area,2 years 3 months in company,"Company: Australia's leading private health insurer offering health insurance, telehealth, virtual care, and preventive health programs. | Fit: 3DLOOK FitXpress enhances Medibank's digital health services with AI-powered body measurements, remote progress tracking, and objective body data for weight management and preventive care."
1be8e15c0286,Annie M.,Annie,M.,"Manager, Health Policy",Manager,Medibank,https://www.medibank.com.au/,https://au.linkedin.com/in/anniemakar,,Australia,Melbourne,1 year 1 month in company,"Company: Australia's leading private health insurer offering health insurance, telehealth, virtual care, and preventive health programs. | Fit: 3DLOOK FitXpress enhances Medibank's digital health services with AI-powered body measurements, remote progress tracking, and objective body data for weight management and preventive care."
23a28c7d2c63,Michelle Urquhart,Michelle,Urquhart,Head of Employee Communications,Director,Medibank,https://www.medibank.com.au/,https://au.linkedin.com/in/michellea-urquhart,,Australia,Greater Melbourne Area,11 years 2 months in company,"Company: Australia's leading private health insurer offering health insurance, telehealth, virtual care, and preventive health programs. | Fit: 3DLOOK FitXpress enhances Medibank's digital health services with AI-powered body measurements, remote progress tracking, and objective body data for weight management and preventive care."
e5033951fd68,David Koczkar,David,Koczkar,Chief Executive Officer,C-Level,Medibank,https://www.medibank.com.au/,https://au.linkedin.com/in/davidkoczkar,,Australia,Greater Melbourne Area,12 years 4 months in company,"Company: Australia's leading private health insurer offering health insurance, telehealth, virtual care, and preventive health programs. | Fit: 3DLOOK FitXpress enhances Medibank's digital health services with AI-powered body measurements, remote progress tracking, and objective body data for weight management and preventive care."
16cd5a2d54fd,Liz Green,Liz,Green,Head of Content & Campaigns,Director,Medibank,https://www.medibank.com.au/,https://au.linkedin.com/in/lizgreenb,,Australia,Melbourne,8 years 6 months in company,"Company: Australia's leading private health insurer offering health insurance, telehealth, virtual care, and preventive health programs. | Fit: 3DLOOK FitXpress enhances Medibank's digital health services with AI-powered body measurements, remote progress tracking, and objective body data for weight management and preventive care."
250c5bdd5a41,Sarah Trainor,Sarah,Trainor,Head of Overseas Partnerships and Sales,Director,Medibank,https://www.medibank.com.au/,https://au.linkedin.com/in/sarah-trainor-a7206a10,,Australia,Greater Melbourne Area,2 years 2 months in company,"Company: Australia's leading private health insurer offering health insurance, telehealth, virtual care, and preventive health programs. | Fit: 3DLOOK FitXpress enhances Medibank's digital health services with AI-powered body measurements, remote progress tracking, and objective body data for weight management and preventive care."
2ce1e6dd99e8,Pamela Zaldarriaga,Pamela,Zaldarriaga,Engagement and Support Coordinator,C-Level,Bupa Australia,https://www.bupa.com.au/,https://au.linkedin.com/in/pamela-zaldarriaga,,Australia,Greater Brisbane Area,12 years 7 months in company,"Company: Leading Australian health insurer providing private health insurance, telehealth, primary care, aged care, dental, and preventive health services. | Fit: 3DLOOK FitXpress enhances Bupa's digital health and preventive care programs with AI-powered body measurements, remote progress tracking, and objective body data for weight management and chronic disease monitoring."
07ac50e78850,Alexander Godfrey,Alexander,Godfrey,"Partner - Digital, Data, & AI Risk | Technology APAC",Individual Contributor,Bupa Australia,https://www.bupa.com.au/,https://au.linkedin.com/in/alexandergodfrey,,Australia,Melbourne,2 years 2 months in company,"Company: Leading Australian health insurer providing private health insurance, telehealth, primary care, aged care, dental, and preventive health services. | Fit: 3DLOOK FitXpress enhances Bupa's digital health and preventive care programs with AI-powered body measurements, remote progress tracking, and objective body data for weight management and chronic disease monitoring."
fe2fc4fb2628,Cameron Towt,Cameron,Towt,Head of Data and AI Governance,Director,Bupa Australia,https://www.bupa.com.au/,https://au.linkedin.com/in/camerontowt,,Australia,Melbourne,1 year 10 months in company,"Company: Leading Australian health insurer providing private health insurance, telehealth, primary care, aged care, dental, and preventive health services. | Fit: 3DLOOK FitXpress enhances Bupa's digital health and preventive care programs with AI-powered body measurements, remote progress tracking, and objective body data for weight management and chronic disease monitoring."
f558a6aadc48,Mark Rogers,Mark,Rogers,"Group Executive, Chief Financial Officer & Group Strategy",C-Level,Medibank,https://www.medibank.com.au/,https://au.linkedin.com/in/mark-rogers-78058b20b,,Australia,Melbourne,5 years 3 months in company,"Company: Australia's leading private health insurer offering health insurance, telehealth, virtual care, and preventive health programs. | Fit: 3DLOOK FitXpress enhances Medibank's digital health services with AI-powered body measurements, remote progress tracking, and objective body data for weight management and preventive care."
c56774308886,Morgan Chen,Morgan,Chen,"Technical Director, Cybersecurity & Data Resilience",C-Level,HCF Australia,https://www.hcf.com.au/,https://au.linkedin.com/in/morgan-chen-80967135,,Australia,Sydney,2 years 10 months in company,"Company: Australian not-for-profit health insurer offering private health insurance, telehealth, preventive health, and wellness programs. | Fit: 3DLOOK FitXpress enhances HCF's digital health services with AI-powered body measurements, remote progress tracking, and objective body data for preventive care, weight management, and chronic disease monitoring."
35982697d46f,Andrew Wilson,Andrew,Wilson,Group Chief Medical Officer,C-Level,Medibank,https://www.medibank.com.au/,https://au.linkedin.com/in/andrew-wilson-37b579a1,,Australia,Greater Sydney Area,15 years 2 months in company,"Company: Australia's leading private health insurer offering health insurance, telehealth, virtual care, and preventive health programs. | Fit: 3DLOOK FitXpress enhances Medibank's digital health services with AI-powered body measurements, remote progress tracking, and objective body data for weight management and preventive care."
c6f8f8a751c9,Paul Berghofer,Paul,Berghofer,Head of Hospital Commercial Partnerships,Director,Medibank,https://www.medibank.com.au/,https://au.linkedin.com/in/paul-berghofer-892399a4,,Australia,Greater Sydney Area,4 years 1 month in company,"Company: Australia's leading private health insurer offering health insurance, telehealth, virtual care, and preventive health programs. | Fit: 3DLOOK FitXpress enhances Medibank's digital health services with AI-powered body measurements, remote progress tracking, and objective body data for weight management and preventive care."
db5856d2a39c,Anton Eksteen,Anton,Eksteen,Head of Networks and Reliability Engineering,Director,HCF Australia,https://www.hcf.com.au/,https://au.linkedin.com/in/anton-eksteen,,Australia,North Sydney,2 years 4 months in company,"Company: Australian not-for-profit health insurer offering private health insurance, telehealth, preventive health, and wellness programs. | Fit: 3DLOOK FitXpress enhances HCF's digital health services with AI-powered body measurements, remote progress tracking, and objective body data for preventive care, weight management, and chronic disease monitoring."
31f4e6dfb59c,Rima Dagher,Rima,Dagher,Victorian Branch Manager,C-Level,HCF Australia,https://www.hcf.com.au/,https://au.linkedin.com/in/rima-dagher,,Australia,Melbourne,5 years 3 months in company,"Company: Australian not-for-profit health insurer offering private health insurance, telehealth, preventive health, and wellness programs. | Fit: 3DLOOK FitXpress enhances HCF's digital health services with AI-powered body measurements, remote progress tracking, and objective body data for preventive care, weight management, and chronic disease monitoring."
fcdbbacf4e49,Antony Ugoni,Antony,Ugoni,Chief Data Scientist,C-Level,HCF Australia,https://www.hcf.com.au/,https://au.linkedin.com/in/antonyugoni,,Australia,Melbourne,2 years 8 months in company,"Company: Australian not-for-profit health insurer offering private health insurance, telehealth, preventive health, and wellness programs. | Fit: 3DLOOK FitXpress enhances HCF's digital health services with AI-powered body measurements, remote progress tracking, and objective body data for preventive care, weight management, and chronic disease monitoring."
52d0e32f3162,Mark Compton,Mark,Compton,Non Executive Director,C-Level,HCF Australia,https://www.hcf.com.au/,https://au.linkedin.com/in/mark-compton-3151005,,Australia,Greater Sydney Area,2 years 2 months in company,"Company: Australian not-for-profit health insurer offering private health insurance, telehealth, preventive health, and wellness programs. | Fit: 3DLOOK FitXpress enhances HCF's digital health services with AI-powered body measurements, remote progress tracking, and objective body data for preventive care, weight management, and chronic disease monitoring."
6deca391a7fe,Felicia Trewin,Felicia,Trewin,Group Lead - Data & Technology | CIO,C-Level,Medibank,https://www.medibank.com.au/,https://au.linkedin.com/in/feliciatrewin,,Australia,Greater Melbourne Area,2 years 6 months in company,"Company: Australia's leading private health insurer offering health insurance, telehealth, virtual care, and preventive health programs. | Fit: 3DLOOK FitXpress enhances Medibank's digital health services with AI-powered body measurements, remote progress tracking, and objective body data for weight management and preventive care."
7d690d4e56b3,David Hill,David,Hill,Chief Financial Officer,C-Level,Mosh,https://www.linkedin.com/sales/company/19118724?_ntb=NBezZEnWSwKWEZ547CNDsQ%3D%3D,https://au.linkedin.com/in/davidaehill,,Australia,Greater Sydney Area,4 years 1 month in company,"Company: Australian digital health platform providing online care for weight loss, men's health, hair loss, and mental health through telehealth consultations and ongoing treatment programs. | Fit: 3DLOOK FitXpress enhances Mosh's weight management and virtual care programs with AI-powered body measurements, visual progress tracking, and objective body data to monitor patient outcomes remotely."
c171a78bb7e1,Wael Hanna,Wael,Hanna,Co-Founder,C-Level,Medmate,https://medmate.com.au/,https://au.linkedin.com/in/wael-hanna-9a555a50,,Australia,Greater Melbourne Area,8 years 4 months in company,"Company: Australian digital healthcare platform offering telehealth consultations, online prescriptions, medical certificates, pathology referrals, and pharmacy services. | Fit: 3DLOOK FitXpress complements Medmate's virtual care services with AI-powered body measurements, remote progress tracking, and objective body data for weight management, preventive care, and chronic disease monitoring."
bd7894b766a2,Hayley Y.,Hayley,Y.,Finance Business Partner - Technology & Digital,Individual Contributor,Bupa Australia,https://www.bupa.com.au/,https://au.linkedin.com/in/hayleycarr,,Australia,Melbourne,3 years in company,"Company: Leading Australian health insurer providing private health insurance, telehealth, primary care, aged care, dental, and preventive health services. | Fit: 3DLOOK FitXpress enhances Bupa's digital health and preventive care programs with AI-powered body measurements, remote progress tracking, and objective body data for weight management and chronic disease monitoring."
35f2c153abf5,James McDonald,James,McDonald,Head of Telehealth Operations,Director,Bupa Australia,https://www.bupa.com.au/,https://au.linkedin.com/in/jamesrmcdonald,,Australia,Australia,3 years 3 months in company,"Company: Leading Australian health insurer providing private health insurance, telehealth, primary care, aged care, dental, and preventive health services. | Fit: 3DLOOK FitXpress enhances Bupa's digital health and preventive care programs with AI-powered body measurements, remote progress tracking, and objective body data for weight management and chronic disease monitoring."
4e422f504cab,Deleine G.,Deleine,G.,Head of International Direct,Director,Bupa Australia,https://www.bupa.com.au/,https://au.linkedin.com/in/deleine-g-b0517a32,,Australia,Greater Melbourne Area,4 years 8 months in company,"Company: Leading Australian health insurer providing private health insurance, telehealth, primary care, aged care, dental, and preventive health services. | Fit: 3DLOOK FitXpress enhances Bupa's digital health and preventive care programs with AI-powered body measurements, remote progress tracking, and objective body data for weight management and chronic disease monitoring."
a5e62a4fc7c3,Saskia T.,Saskia,T.,Senior Business Partner - People and Culture,Individual Contributor,HCF Australia,https://www.hcf.com.au/,https://au.linkedin.com/in/saskiathurlow,,Australia,Greater Sydney Area,8 years 4 months in company,"Company: Australian not-for-profit health insurer offering private health insurance, telehealth, preventive health, and wellness programs. | Fit: 3DLOOK FitXpress enhances HCF's digital health services with AI-powered body measurements, remote progress tracking, and objective body data for preventive care, weight management, and chronic disease monitoring."
7814f63c68d3,Santhana Gopalan Narayanaswamy,Santhana,Gopalan Narayanaswamy,Head of Health Technology Platforms and Services (Amplar Health),Director,Medibank,https://www.medibank.com.au/,https://au.linkedin.com/in/santhananarayanaswamy,,Australia,Greater Melbourne Area,11 years 11 months in company,"Company: Australia's leading private health insurer offering health insurance, telehealth, virtual care, and preventive health programs. | Fit: 3DLOOK FitXpress enhances Medibank's digital health services with AI-powered body measurements, remote progress tracking, and objective body data for weight management and preventive care."
f4f71dda5fef,Dean Italia,Dean,Italia,Head of Investments APAC,Director,Bupa Australia,https://www.bupa.com.au/,https://au.linkedin.com/in/dean-italia-b63a3111,,Australia,Greater Melbourne Area,10 months in company,"Company: Leading Australian health insurer providing private health insurance, telehealth, primary care, aged care, dental, and preventive health services. | Fit: 3DLOOK FitXpress enhances Bupa's digital health and preventive care programs with AI-powered body measurements, remote progress tracking, and objective body data for weight management and chronic disease monitoring."
2a68bd615bdf,Philip Mackney,Philip,Mackney,Co-Founder,C-Level,Hopstep,https://hopstep.com/,https://www.linkedin.com/in/philip-mackney-a350a450/,,Australia,Bogangar,2 years 7 months in company,"Company: Australian healthcare recruitment platform that matches aged care and healthcare professionals with employers through a mobile app using AI-powered job matching | Fit: Low–moderate fit. While not a healthcare provider, hopstep serves the healthcare workforce and could leverage 3DLOOK FitXpress for employee wellness, occupational health screening, or pre-employment health assessment programs offered to healthcare employers."
21a50aba1aba,Saurabh Mehta,Saurabh,Mehta,Head of Business Analysis and Quality Engineering,Director,HCF Australia,https://www.hcf.com.au/,https://au.linkedin.com/in/saurabhpmehta,,Australia,Sydney,4 years 7 months in company,"Company: Australian not-for-profit health insurer offering private health insurance, telehealth, preventive health, and wellness programs. | Fit: 3DLOOK FitXpress enhances HCF's digital health services with AI-powered body measurements, remote progress tracking, and objective body data for preventive care, weight management, and chronic disease monitoring."
002f101b050e,Martin Brown,Martin,Brown,Experience Design Manager,Manager,Bupa Australia,https://www.bupa.com.au/,https://au.linkedin.com/in/martin-brown-9b39a514,,Australia,Greater Melbourne Area,1 year 8 months in company,"Company: Leading Australian health insurer providing private health insurance, telehealth, primary care, aged care, dental, and preventive health services. | Fit: 3DLOOK FitXpress enhances Bupa's digital health and preventive care programs with AI-powered body measurements, remote progress tracking, and objective body data for weight management and chronic disease monitoring."
de91b87041fb,Suren Wickramasinghe,Suren,Wickramasinghe,Chief Technology Officer,C-Level,Mosh,https://www.linkedin.com/sales/company/19118724?_ntb=NBezZEnWSwKWEZ547CNDsQ%3D%3D,https://au.linkedin.com/in/suren-wickramasinghe-ab5917b,,Australia,North Sydney,5 months in company,"Company: Australian digital health platform providing online care for weight loss, men's health, hair loss, and mental health through telehealth consultations and ongoing treatment programs. | Fit: 3DLOOK FitXpress enhances Mosh's weight management and virtual care programs with AI-powered body measurements, visual progress tracking, and objective body data to monitor patient outcomes remotely."
fc6c003e9041,Josh Lambert,Josh,Lambert,Head of Business Development - Digital Health & Ventures,Director,Medibank,https://www.medibank.com.au/,https://au.linkedin.com/in/josh-lambert-8460554b,,Australia,Greater Melbourne Area,1 year 10 months in company,"Company: Australia's leading private health insurer offering health insurance, telehealth, virtual care, and preventive health programs. | Fit: 3DLOOK FitXpress enhances Medibank's digital health services with AI-powered body measurements, remote progress tracking, and objective body data for weight management and preventive care."
37790e63dd65,Nishan Rudrakumar,Nishan,Rudrakumar,"Head of Digital, Financial Products",Director,Medibank,https://www.medibank.com.au/,https://au.linkedin.com/in/nishan-rudrakumar,,Australia,Greater Melbourne Area,7 years 11 months in company,"Company: Australia's leading private health insurer offering health insurance, telehealth, virtual care, and preventive health programs. | Fit: 3DLOOK FitXpress enhances Medibank's digital health services with AI-powered body measurements, remote progress tracking, and objective body data for weight management and preventive care."
bb63fcabb7f5,AJIT JOSHI,AJIT,JOSHI,Head of Technology Strategy Development,Director,HCF Australia,https://www.hcf.com.au/,https://au.linkedin.com/in/ajit-joshi-b3b1341,,Australia,Greater Sydney Area,20 years 11 months in company,"Company: Australian not-for-profit health insurer offering private health insurance, telehealth, preventive health, and wellness programs. | Fit: 3DLOOK FitXpress enhances HCF's digital health services with AI-powered body measurements, remote progress tracking, and objective body data for preventive care, weight management, and chronic disease monitoring."
b84aabc74b3d,Olivia Wardlaw,Olivia,Wardlaw,Head of Data & Technology Governance Performance Transformation,Director,Medibank,https://www.medibank.com.au/,https://www.linkedin.com/in/olivia-wardlaw-312848150/,,Australia,Melbourne,2 years 3 months in company,"Company: Australia's leading private health insurer offering health insurance, telehealth, virtual care, and preventive health programs. | Fit: 3DLOOK FitXpress enhances Medibank's digital health services with AI-powered body measurements, remote progress tracking, and objective body data for weight management and preventive care."
0f6d583c1c01,Greg Baster,Greg,Baster,Chief Information Officer,C-Level,HCF Australia,https://www.hcf.com.au/,https://au.linkedin.com/in/gregbaster,,Australia,Greater Sydney Area,2 years 1 month in company,"Company: Australian not-for-profit health insurer offering private health insurance, telehealth, preventive health, and wellness programs. | Fit: 3DLOOK FitXpress enhances HCF's digital health services with AI-powered body measurements, remote progress tracking, and objective body data for preventive care, weight management, and chronic disease monitoring."
3f9bd43e3d29,asher freilich,asher,freilich,Managing Director and Founder,C-Level,InstantScripts,https://www.instantscripts.com.au/,https://au.linkedin.com/in/asher-freilich-0a36a773,,Australia,Melbourne,8 years 7 months in company,"Company: Australian telehealth platform offering online doctor consultations, eScripts, pathology requests, specialist referrals, and healthcare services. | Fit: DLOOK FitXpress complements InstantScripts' virtual care model by providing AI-powered body measurements, remote progress tracking, and objective body data for weight management, preventive care, and chronic disease monitoring."
83293e43b6d2,Amy Dougherty,Amy,Dougherty,"Head of Performance, Insight & Reporting",Director,Bupa Australia,https://www.bupa.com.au/,https://au.linkedin.com/in/amy-dougherty-5b486b23,,Australia,Greater Melbourne Area,10 months in company,"Company: Leading Australian health insurer providing private health insurance, telehealth, primary care, aged care, dental, and preventive health services. | Fit: 3DLOOK FitXpress enhances Bupa's digital health and preventive care programs with AI-powered body measurements, remote progress tracking, and objective body data for weight management and chronic disease monitoring."
d2e6d1087862,Soumya Nair,Soumya,Nair,Head of Technology-Healthcare( Bupa Villages & Aged Care),Director,Bupa Australia,https://www.bupa.com.au/,https://au.linkedin.com/in/soumya-nair04,,Australia,Melbourne,5 months in company,"Company: Leading Australian health insurer providing private health insurance, telehealth, primary care, aged care, dental, and preventive health services. | Fit: 3DLOOK FitXpress enhances Bupa's digital health and preventive care programs with AI-powered body measurements, remote progress tracking, and objective body data for weight management and chronic disease monitoring."
4bd0b8bbd199,Anna Speranza,Anna,Speranza,"Strategic People Partner, Health Insurance",Individual Contributor,Bupa Australia,https://www.bupa.com.au/,https://au.linkedin.com/in/anna-speranza-3361293,,Australia,Greater Melbourne Area,2 years in company,"Company: Leading Australian health insurer providing private health insurance, telehealth, primary care, aged care, dental, and preventive health services. | Fit: 3DLOOK FitXpress enhances Bupa's digital health and preventive care programs with AI-powered body measurements, remote progress tracking, and objective body data for weight management and chronic disease monitoring."
e3824279ba92,Melissa Dodge,Melissa,Dodge,Leadership Development Consultant,Manager,Medibank,https://www.medibank.com.au/,https://au.linkedin.com/in/melissa-dodge,,Australia,Greater Melbourne Area,2 years 1 month in company,"Company: Australia's leading private health insurer offering health insurance, telehealth, virtual care, and preventive health programs. | Fit: 3DLOOK FitXpress enhances Medibank's digital health services with AI-powered body measurements, remote progress tracking, and objective body data for weight management and preventive care."
d23fb650bf2a,Lintyn Basha,Lintyn,Basha,"Head of Homecare, Health Prevention and Specialist Partnerships",Director,Medibank,https://www.medibank.com.au/,https://au.linkedin.com/in/lintyn-basha-837101141,,Australia,Greater Sydney Area,4 years in company,"Company: Australia's leading private health insurer offering health insurance, telehealth, virtual care, and preventive health programs. | Fit: 3DLOOK FitXpress enhances Medibank's digital health services with AI-powered body measurements, remote progress tracking, and objective body data for weight management and preventive care."
4cb67b93f78b,Nicola Piteo,Nicola,Piteo,Head of Strategic Workforce Programs,Director,Bupa Australia,https://www.bupa.com.au/,https://au.linkedin.com/in/nicola-piteo-1bb3b127,,Australia,Greater Sydney Area,5 years 2 months in company,"Company: Leading Australian health insurer providing private health insurance, telehealth, primary care, aged care, dental, and preventive health services. | Fit: 3DLOOK FitXpress enhances Bupa's digital health and preventive care programs with AI-powered body measurements, remote progress tracking, and objective body data for weight management and chronic disease monitoring."
83d912e29815,Ezra Israel,Ezra,Israel,General Manager,C-Level,Bupa Australia,https://www.bupa.com.au/,https://au.linkedin.com/in/ezra-israel,,Australia,Sydney,11 months in company,"Company: Leading Australian health insurer providing private health insurance, telehealth, primary care, aged care, dental, and preventive health services. | Fit: 3DLOOK FitXpress enhances Bupa's digital health and preventive care programs with AI-powered body measurements, remote progress tracking, and objective body data for weight management and chronic disease monitoring."
500a9152b478,Andrew Galbraith,Andrew,Galbraith,Risk Business Partner | Customer Channels and Growth (CCG),Individual Contributor,Bupa Australia,https://www.bupa.com.au/,https://www.linkedin.com/in/andrew-galbraith-8a175590/,,Australia,Greater Melbourne Area,8 years 10 months in company,"Company: Leading Australian health insurer providing private health insurance, telehealth, primary care, aged care, dental, and preventive health services. | Fit: 3DLOOK FitXpress enhances Bupa's digital health and preventive care programs with AI-powered body measurements, remote progress tracking, and objective body data for weight management and chronic disease monitoring."
e79a9cd929a8,Tom Robinson,Tom,Robinson,Head of Innovation,Director,HCF Australia,https://www.hcf.com.au/,https://au.linkedin.com/in/tomrobbo,,Australia,Sydney,2 years 7 months in company,"Company: Australian not-for-profit health insurer offering private health insurance, telehealth, preventive health, and wellness programs. | Fit: 3DLOOK FitXpress enhances HCF's digital health services with AI-powered body measurements, remote progress tracking, and objective body data for preventive care, weight management, and chronic disease monitoring."
dad9ec2c641b,Briony Cliffe,Briony,Cliffe,Head of Marketing - Customer,Director,Bupa Australia,https://www.bupa.com.au/,https://au.linkedin.com/in/brionycliffe,,Australia,Greater Melbourne Area,1 year 10 months in company,"Company: Leading Australian health insurer providing private health insurance, telehealth, primary care, aged care, dental, and preventive health services. | Fit: 3DLOOK FitXpress enhances Bupa's digital health and preventive care programs with AI-powered body measurements, remote progress tracking, and objective body data for weight management and chronic disease monitoring."
08fae46d7e1c,Daryn Wedd,Daryn,Wedd,"Hub Lead, IT Security and Networks / CISO",Manager,Medibank,https://www.medibank.com.au/,https://au.linkedin.com/in/daryn-wedd-a962162,,Australia,Greater Sydney Area,2 years 3 months in company,"Company: Australia's leading private health insurer offering health insurance, telehealth, virtual care, and preventive health programs. | Fit: 3DLOOK FitXpress enhances Medibank's digital health services with AI-powered body measurements, remote progress tracking, and objective body data for weight management and preventive care."
0e250d56edff,Daniel Cogan,Daniel,Cogan,Head of Workforce Transformation,Director,Medibank,https://www.medibank.com.au/,https://au.linkedin.com/in/danielrcogan,,Australia,Melbourne,11 months in company,"Company: Australia's leading private health insurer offering health insurance, telehealth, virtual care, and preventive health programs. | Fit: 3DLOOK FitXpress enhances Medibank's digital health services with AI-powered body measurements, remote progress tracking, and objective body data for weight management and preventive care."
a1fec2ec65a4,Gustavo Giudice,Gustavo,Giudice,General Manager / National Sapphire Services Manager,C-Level,Bupa Australia,https://www.bupa.com.au/,https://au.linkedin.com/in/gustavo-giudice,,Australia,Bilinga,3 years 10 months in company,"Company: Leading Australian health insurer providing private health insurance, telehealth, primary care, aged care, dental, and preventive health services. | Fit: 3DLOOK FitXpress enhances Bupa's digital health and preventive care programs with AI-powered body measurements, remote progress tracking, and objective body data for weight management and chronic disease monitoring."
cdd47598f938,Benson Low,Benson,Low,Head of Design Capabilities,Director,Bupa Australia,https://www.bupa.com.au/,https://au.linkedin.com/in/bensonlow,,Australia,Melbourne,2 years 4 months in company,"Company: Leading Australian health insurer providing private health insurance, telehealth, primary care, aged care, dental, and preventive health services. | Fit: 3DLOOK FitXpress enhances Bupa's digital health and preventive care programs with AI-powered body measurements, remote progress tracking, and objective body data for weight management and chronic disease monitoring."
c964e3e95223,"Daniel Zocco, CPA",Daniel,"Zocco, CPA",Finance Business Partner- Technology,Individual Contributor,Bupa Australia,https://www.bupa.com.au/,https://www.linkedin.com/in/daniel-zocco-cpa-22a78397/,,Australia,Eltham,10 months in company,"Company: Leading Australian health insurer providing private health insurance, telehealth, primary care, aged care, dental, and preventive health services. | Fit: 3DLOOK FitXpress enhances Bupa's digital health and preventive care programs with AI-powered body measurements, remote progress tracking, and objective body data for weight management and chronic disease monitoring."
e03918b31d09,Lorraine Thomas,Lorraine,Thomas,CEO & MD,C-Level,HCF Australia,https://www.hcf.com.au/,https://au.linkedin.com/in/lorraine-thomas,,Australia,Greater Sydney Area,11 years 4 months in company,"Company: Australian not-for-profit health insurer offering private health insurance, telehealth, preventive health, and wellness programs. | Fit: 3DLOOK FitXpress enhances HCF's digital health services with AI-powered body measurements, remote progress tracking, and objective body data for preventive care, weight management, and chronic disease monitoring."
b11071414cc1,Erin Gooey,Erin,Gooey,"Head of Health, Safety and Wellbeing",Director,Medibank,https://www.medibank.com.au/,https://au.linkedin.com/in/erin-gooey-bb5b3a60,,Australia,Greater Melbourne Area,7 years 4 months in company,"Company: Australia's leading private health insurer offering health insurance, telehealth, virtual care, and preventive health programs. | Fit: 3DLOOK FitXpress enhances Medibank's digital health services with AI-powered body measurements, remote progress tracking, and objective body data for weight management and preventive care."
946b5c763e0d,Aaron Green,Aaron,Green,"National Property Manager, Group Property",Manager,Medibank Private,https://www.medibank.com.au/,https://au.linkedin.com/in/aaron-green-a861289,,Australia,Greater Melbourne Area,24 years 3 months in company,"Company: Australia's leading private health insurer offering health insurance, telehealth, virtual care, and preventive health programs. | Fit: 3DLOOK FitXpress enhances Medibank's digital health services with AI-powered body measurements, remote progress tracking, and objective body data for weight management and preventive care."
f31197c50773,Binnu Verma,Binnu,Verma,Head of Digital Analytics,Director,HCF Australia,https://www.hcf.com.au/,https://au.linkedin.com/in/binnu-verma-b090223b,,Australia,Greater Melbourne Area,1 year 11 months in company,"Company: Australian not-for-profit health insurer offering private health insurance, telehealth, preventive health, and wellness programs. | Fit: 3DLOOK FitXpress enhances HCF's digital health services with AI-powered body measurements, remote progress tracking, and objective body data for preventive care, weight management, and chronic disease monitoring."
cf70ddd02227,Shaun Nicholls,Shaun,Nicholls,General Manager,C-Level,Bupa Australia,https://www.bupa.com.au/,https://au.linkedin.com/in/shaun-nicholls-363ab05b,,Australia,Greater Melbourne Area,1 year 2 months in company,"Company: Leading Australian health insurer providing private health insurance, telehealth, primary care, aged care, dental, and preventive health services. | Fit: 3DLOOK FitXpress enhances Bupa's digital health and preventive care programs with AI-powered body measurements, remote progress tracking, and objective body data for weight management and chronic disease monitoring."
605ea73ca6c1,Sean Bluett,Sean,Bluett,Global Group Executive Chairman,VP,Medibank,https://www.medibank.com.au/,https://au.linkedin.com/in/sean-bluett-63bb5211,,Australia,Greater Sydney Area,7 months in company,"Company: Australia's leading private health insurer offering health insurance, telehealth, virtual care, and preventive health programs. | Fit: 3DLOOK FitXpress enhances Medibank's digital health services with AI-powered body measurements, remote progress tracking, and objective body data for weight management and preventive care."
7d030f49c855,Nathan McLeod,Nathan,McLeod,Head of Wellbeing and Injury Management,Director,Bupa Australia,https://www.bupa.com.au/,https://au.linkedin.com/in/nathan-mcleod,,Australia,Adelaide,5 years 3 months in company,"Company: Leading Australian health insurer providing private health insurance, telehealth, primary care, aged care, dental, and preventive health services. | Fit: 3DLOOK FitXpress enhances Bupa's digital health and preventive care programs with AI-powered body measurements, remote progress tracking, and objective body data for weight management and chronic disease monitoring."
214dfc07bb05,Scott Beattie,Scott,Beattie,Director - Primary Care,C-Level,Bupa Australia,https://www.bupa.com.au/,https://au.linkedin.com/in/scottbeattieau,,Australia,Sydney,1 year 9 months in company,"Company: Leading Australian health insurer providing private health insurance, telehealth, primary care, aged care, dental, and preventive health services. | Fit: 3DLOOK FitXpress enhances Bupa's digital health and preventive care programs with AI-powered body measurements, remote progress tracking, and objective body data for weight management and chronic disease monitoring."
1b73e3e21fc1,Susan Cullen,Susan,Cullen,"National Partnership Manager, Overseas",Manager,Medibank,https://www.medibank.com.au/,https://au.linkedin.com/in/susan-cullen-40334768,,Australia,Greater Melbourne Area,9 years 9 months in company,"Company: Australia's leading private health insurer offering health insurance, telehealth, virtual care, and preventive health programs. | Fit: 3DLOOK FitXpress enhances Medibank's digital health services with AI-powered body measurements, remote progress tracking, and objective body data for weight management and preventive care."
7e5affc3e8e0,Sam McBain,Sam,McBain,Head of Workforce Optimisation - Bupa Villages and Aged Care Australia,Director,Bupa Australia,https://www.bupa.com.au/,https://au.linkedin.com/in/sammcbain,,Australia,Melbourne,9 years 7 months in company,"Company: Leading Australian health insurer providing private health insurance, telehealth, primary care, aged care, dental, and preventive health services. | Fit: 3DLOOK FitXpress enhances Bupa's digital health and preventive care programs with AI-powered body measurements, remote progress tracking, and objective body data for weight management and chronic disease monitoring."
6a61dfc94c73,Liz Sleeman,Liz,Sleeman,"Senior Executive, Group Clinical Governance",Individual Contributor,Medibank,https://www.medibank.com.au/,https://au.linkedin.com/in/liz-sleeman-13131081,,Australia,Highton,9 years 7 months in company,"Company: Australia's leading private health insurer offering health insurance, telehealth, virtual care, and preventive health programs. | Fit: 3DLOOK FitXpress enhances Medibank's digital health services with AI-powered body measurements, remote progress tracking, and objective body data for weight management and preventive care."
a286f1392889,Georgina Anderson,Georgina,Anderson,Head of Employee Communications and Social Impact,Director,HCF Australia,https://www.hcf.com.au/,https://au.linkedin.com/in/georgina-anderson-a162573b,,Australia,Greater Sydney Area,6 years 7 months in company,"Company: Australian not-for-profit health insurer offering private health insurance, telehealth, preventive health, and wellness programs. | Fit: 3DLOOK FitXpress enhances HCF's digital health services with AI-powered body measurements, remote progress tracking, and objective body data for preventive care, weight management, and chronic disease monitoring."
4d198d1c40d7,Joanna Wang,Joanna,Wang,Vice President Clinical Operations,C-Level,Mosh,https://www.linkedin.com/sales/company/19118724?_ntb=NBezZEnWSwKWEZ547CNDsQ%3D%3D,https://au.linkedin.com/in/joanna-wang-8857bb4a,,Australia,Sydney,11 months in company,"Company: Australian digital health platform providing online care for weight loss, men's health, hair loss, and mental health through telehealth consultations and ongoing treatment programs. | Fit: 3DLOOK FitXpress enhances Mosh's weight management and virtual care programs with AI-powered body measurements, visual progress tracking, and objective body data to monitor patient outcomes remotely."
c0d07dca8c82,Rebecca Hetherington,Rebecca,Hetherington,Executive Assistant to Managing Director,C-Level,Bupa Australia,https://www.bupa.com.au/,https://au.linkedin.com/in/rebecca-hetherington-723a731b4,,Australia,Melbourne,7 months in company,"Company: Leading Australian health insurer providing private health insurance, telehealth, primary care, aged care, dental, and preventive health services. | Fit: 3DLOOK FitXpress enhances Bupa's digital health and preventive care programs with AI-powered body measurements, remote progress tracking, and objective body data for weight management and chronic disease monitoring."
b5a40557bff9,Swati Ram,Swati,Ram,Group Reporting Manager - ANZ,Manager,Bupa Australia,https://www.bupa.com.au/,https://au.linkedin.com/in/swatiram,,Australia,Melbourne,2 years 3 months in company,"Company: Leading Australian health insurer providing private health insurance, telehealth, primary care, aged care, dental, and preventive health services. | Fit: 3DLOOK FitXpress enhances Bupa's digital health and preventive care programs with AI-powered body measurements, remote progress tracking, and objective body data for weight management and chronic disease monitoring."
f7f6e55a1cab,Maria Ruberto,Maria,Ruberto,Member - Mental Health Reference Group,Individual Contributor,Medibank,https://www.medibank.com.au/,https://au.linkedin.com/in/mariaruberto,,Australia,West Footscray,1 year 11 months in company,"Company: Australia's leading private health insurer offering health insurance, telehealth, virtual care, and preventive health programs. | Fit: 3DLOOK FitXpress enhances Medibank's digital health services with AI-powered body measurements, remote progress tracking, and objective body data for weight management and preventive care."
527ba3966463,Chloe Dwyer,Chloe,Dwyer,People and Culture Business Partner,Individual Contributor,HCF Australia,https://www.hcf.com.au/,https://au.linkedin.com/in/chloe-dwyer-b0a71215b,,Australia,Wollongong,1 year in company,"Company: Australian not-for-profit health insurer offering private health insurance, telehealth, preventive health, and wellness programs. | Fit: 3DLOOK FitXpress enhances HCF's digital health services with AI-powered body measurements, remote progress tracking, and objective body data for preventive care, weight management, and chronic disease monitoring."
572d8e8d082c,Kylee Dean-Willcocks,Kylee,Dean-Willcocks,General Manager Transformation,C-Level,Bupa Australia,https://www.bupa.com.au/,https://au.linkedin.com/in/kylee-dean-willcocks,,Australia,Sydney,10 months in company,"Company: Leading Australian health insurer providing private health insurance, telehealth, primary care, aged care, dental, and preventive health services. | Fit: 3DLOOK FitXpress enhances Bupa's digital health and preventive care programs with AI-powered body measurements, remote progress tracking, and objective body data for weight management and chronic disease monitoring."
d89e352cdddd,Nick Malham,Nick,Malham,New Ventures and AI Product Strategy,Individual Contributor,Medibank,https://www.medibank.com.au/,https://au.linkedin.com/in/nickmalham,,Australia,Australia,2 years 9 months in company,"Company: Australia's leading private health insurer offering health insurance, telehealth, virtual care, and preventive health programs. | Fit: 3DLOOK FitXpress enhances Medibank's digital health services with AI-powered body measurements, remote progress tracking, and objective body data for weight management and preventive care."
2c580a91e11b,Annette King,Annette,King,Chair,Individual Contributor,HCF Australia,https://www.hcf.com.au/,https://au.linkedin.com/in/annette-king-84089426,,Australia,Greater Melbourne Area,3 years 9 months in company,"Company: Australian not-for-profit health insurer offering private health insurance, telehealth, preventive health, and wellness programs. | Fit: 3DLOOK FitXpress enhances HCF's digital health services with AI-powered body measurements, remote progress tracking, and objective body data for preventive care, weight management, and chronic disease monitoring."
52faa9da05f1,Lee-Helena Rosolen,Lee-Helena,Rosolen,Head of Performance,Director,Mosh,https://www.linkedin.com/sales/company/19118724?_ntb=NBezZEnWSwKWEZ547CNDsQ%3D%3D,https://au.linkedin.com/in/lee-helena-rosolen,,Australia,Greater Sydney Area,1 year 1 month in company,"Company: Australian digital health platform providing online care for weight loss, men's health, hair loss, and mental health through telehealth consultations and ongoing treatment programs. | Fit: 3DLOOK FitXpress enhances Mosh's weight management and virtual care programs with AI-powered body measurements, visual progress tracking, and objective body data to monitor patient outcomes remotely."
c15e4aabc366,Ann K.,Ann,K.,Regional Manager,Manager,HCF Australia,https://www.hcf.com.au/,https://au.linkedin.com/in/ann-k-03148160,,Australia,Brisbane City,2 months in company,"Company: Australian not-for-profit health insurer offering private health insurance, telehealth, preventive health, and wellness programs. | Fit: 3DLOOK FitXpress enhances HCF's digital health services with AI-powered body measurements, remote progress tracking, and objective body data for preventive care, weight management, and chronic disease monitoring."
d94c047569eb,Rob Lackey,Rob,Lackey,"General Manager, Ancillary Partnerships & Provider Operations",C-Level,Bupa Australia,https://www.bupa.com.au/,https://au.linkedin.com/in/rob-lackey-8601a743,,Australia,Melbourne,4 years 6 months in company,"Company: Leading Australian health insurer providing private health insurance, telehealth, primary care, aged care, dental, and preventive health services. | Fit: 3DLOOK FitXpress enhances Bupa's digital health and preventive care programs with AI-powered body measurements, remote progress tracking, and objective body data for weight management and chronic disease monitoring."
bc6d0f732cbb,Rafael Vasconcelos Silva,Rafael,Vasconcelos Silva,Data & Analytics Manager,Manager,Mosh,https://www.linkedin.com/sales/company/19118724?_ntb=NBezZEnWSwKWEZ547CNDsQ%3D%3D,https://au.linkedin.com/in/rvasconcelossilva,,Australia,Greater Sydney Area,1 year 3 months in company,"Company: Australian digital health platform providing online care for weight loss, men's health, hair loss, and mental health through telehealth consultations and ongoing treatment programs. | Fit: 3DLOOK FitXpress enhances Mosh's weight management and virtual care programs with AI-powered body measurements, visual progress tracking, and objective body data to monitor patient outcomes remotely."
a9910244fd10,Samantha H.,Samantha,H.,Head of Delivery,Director,HCF Australia,https://www.hcf.com.au/,https://au.linkedin.com/in/samantha-page-9b851293,,Australia,Greater Sydney Area,1 year 1 month in company,"Company: Australian not-for-profit health insurer offering private health insurance, telehealth, preventive health, and wellness programs. | Fit: 3DLOOK FitXpress enhances HCF's digital health services with AI-powered body measurements, remote progress tracking, and objective body data for preventive care, weight management, and chronic disease monitoring."
6569676b26fb,Rob Bakker,Rob,Bakker,Head of Strategy and Development,Director,Medibank,https://www.medibank.com.au/,https://au.linkedin.com/in/rob-bakker-00951a60,,Australia,Greater Melbourne Area,13 years 5 months in company,"Company: Australia's leading private health insurer offering health insurance, telehealth, virtual care, and preventive health programs. | Fit: 3DLOOK FitXpress enhances Medibank's digital health services with AI-powered body measurements, remote progress tracking, and objective body data for weight management and preventive care."
070c3e9532d1,Alison Madden,Alison,Madden,Head of Internal Communications,Director,Bupa Australia,https://www.bupa.com.au/,https://au.linkedin.com/in/almadden,,Australia,Greater Melbourne Area,10 years 10 months in company,"Company: Leading Australian health insurer providing private health insurance, telehealth, primary care, aged care, dental, and preventive health services. | Fit: 3DLOOK FitXpress enhances Bupa's digital health and preventive care programs with AI-powered body measurements, remote progress tracking, and objective body data for weight management and chronic disease monitoring."
a8f81f0b8769,Dean Burgess,Dean,Burgess,"Head of Operations, Core Customer Systems",Director,Medibank,https://www.medibank.com.au/,https://au.linkedin.com/in/dean-burgess-ab5b06254,,Australia,Greater Melbourne Area,4 years 7 months in company,"Company: Australia's leading private health insurer offering health insurance, telehealth, virtual care, and preventive health programs. | Fit: 3DLOOK FitXpress enhances Medibank's digital health services with AI-powered body measurements, remote progress tracking, and objective body data for weight management and preventive care."
357081c059ba,Sarah McRae,Sarah,McRae,Chief Executive Amplar Health Home Hospital,C-Level,Amplar Health,https://amplarhealth.com.au/,https://au.linkedin.com/in/sarah-mcrae-071164227,,Australia,Eastwood,1 year 7 months in company,"Company: Australian healthcare provider (part of Medibank) delivering telehealth, virtual care, hospital-at-home, chronic disease management, rehabilitation, and preventive health services. | Fit: 3DLOOK FitXpress can enhance Amplar Health's virtual care programs with AI-powered body measurements, remote progress tracking, and objective body data for weight management, chronic disease care, and home-based healthcare."
e628ce7d7742,Leesa Devine,Leesa,Devine,"Personal Assistant to Director (Dental, Optical & Hearing)",C-Level,Bupa Australia,https://www.bupa.com.au/,https://au.linkedin.com/in/leesa-devine-0b36a3124,,Australia,Kilsyth,6 months in company,"Company: Leading Australian health insurer providing private health insurance, telehealth, primary care, aged care, dental, and preventive health services. | Fit: 3DLOOK FitXpress enhances Bupa's digital health and preventive care programs with AI-powered body measurements, remote progress tracking, and objective body data for weight management and chronic disease monitoring."
cc756111c4f4,Crystal P.,Crystal,P.,Head of Product,Director,HCF Australia,https://www.hcf.com.au/,https://au.linkedin.com/in/crystal-petkoff,,Australia,Sydney,9 years 2 months in company,"Company: Australian not-for-profit health insurer offering private health insurance, telehealth, preventive health, and wellness programs. | Fit: 3DLOOK FitXpress enhances HCF's digital health services with AI-powered body measurements, remote progress tracking, and objective body data for preventive care, weight management, and chronic disease monitoring."
88c4b882fa45,Built Varinporn Amporndanai,Built,Varinporn Amporndanai,Medical Director InstantCosmetics,C-Level,InstantScripts,https://www.instantscripts.com.au/,https://au.linkedin.com/in/built-amporndanai,,Australia,Brisbane,5 years 7 months in company,"Company: Australian telehealth platform offering online doctor consultations, eScripts, pathology requests, specialist referrals, and healthcare services. | Fit: DLOOK FitXpress complements InstantScripts' virtual care model by providing AI-powered body measurements, remote progress tracking, and objective body data for weight management, preventive care, and chronic disease monitoring."
513470102cc0,Dan Anderson,Dan,Anderson,Head of Digital Workplace Optimisation,Director,Medibank,https://www.medibank.com.au/,https://au.linkedin.com/in/andodan,,Australia,Sydney,1 year 9 months in company,"Company: Australia's leading private health insurer offering health insurance, telehealth, virtual care, and preventive health programs. | Fit: 3DLOOK FitXpress enhances Medibank's digital health services with AI-powered body measurements, remote progress tracking, and objective body data for weight management and preventive care."
e5a866e65371,Mark Liberatore,Mark,Liberatore,Technology Domain Manager - MarTech,Manager,Bupa Australia,https://www.bupa.com.au/,https://au.linkedin.com/in/mark-liberatore,,Australia,Melbourne,11 months in company,"Company: Leading Australian health insurer providing private health insurance, telehealth, primary care, aged care, dental, and preventive health services. | Fit: 3DLOOK FitXpress enhances Bupa's digital health and preventive care programs with AI-powered body measurements, remote progress tracking, and objective body data for weight management and chronic disease monitoring."
759962915180,Don Raissis,Don,Raissis,Non Executive Director,C-Level,Mosh,https://www.linkedin.com/sales/company/19118724?_ntb=NBezZEnWSwKWEZ547CNDsQ%3D%3D,https://au.linkedin.com/in/donraissis,,Australia,Sydney,2 years 7 months in company,"Company: Australian digital health platform providing online care for weight loss, men's health, hair loss, and mental health through telehealth consultations and ongoing treatment programs. | Fit: 3DLOOK FitXpress enhances Mosh's weight management and virtual care programs with AI-powered body measurements, visual progress tracking, and objective body data to monitor patient outcomes remotely."
48b0614177ae,Marco Bouman,Marco,Bouman,"Head of Risk and Management Assurance, Healthcare & Strategy Division",Director,Medibank,https://www.medibank.com.au/,https://au.linkedin.com/in/marcoboumanmsc,,Australia,Greater Melbourne Area,11 years 11 months in company,"Company: Australia's leading private health insurer offering health insurance, telehealth, virtual care, and preventive health programs. | Fit: 3DLOOK FitXpress enhances Medibank's digital health services with AI-powered body measurements, remote progress tracking, and objective body data for weight management and preventive care."
091b6938fd93,Katherine Rellos,Katherine,Rellos,"Director, External Communications at Bupa APAC",C-Level,Bupa Australia,https://www.bupa.com.au/,https://au.linkedin.com/in/katherine-rellos-6810624,,Australia,Melbourne,5 years 9 months in company,"Company: Leading Australian health insurer providing private health insurance, telehealth, primary care, aged care, dental, and preventive health services. | Fit: 3DLOOK FitXpress enhances Bupa's digital health and preventive care programs with AI-powered body measurements, remote progress tracking, and objective body data for weight management and chronic disease monitoring."
4be7fce2e3d7,David Fletcher,David,Fletcher,Head of Enterprise Architecture,Director,HCF Australia,https://www.hcf.com.au/,https://au.linkedin.com/in/dpfletcher,,Australia,Greater Sydney Area,1 year in company,"Company: Australian not-for-profit health insurer offering private health insurance, telehealth, preventive health, and wellness programs. | Fit: 3DLOOK FitXpress enhances HCF's digital health services with AI-powered body measurements, remote progress tracking, and objective body data for preventive care, weight management, and chronic disease monitoring."
1b1ce6ba4ff7,Lucy Turner,Lucy,Turner,Cluster Manager,Manager,Bupa Australia,https://www.bupa.com.au/,https://au.linkedin.com/in/lucy-turner-538616a1,,Australia,Greater Sydney Area,11 months in company,"Company: Leading Australian health insurer providing private health insurance, telehealth, primary care, aged care, dental, and preventive health services. | Fit: 3DLOOK FitXpress enhances Bupa's digital health and preventive care programs with AI-powered body measurements, remote progress tracking, and objective body data for weight management and chronic disease monitoring."
6b2b9facd9b4,Mel Anders,Mel,Anders,"Head of Contract & Supplier Management, Procurement",Director,Bupa Australia,https://www.bupa.com.au/,https://au.linkedin.com/in/mel-anders-syd,,Australia,Greater Sydney Area,11 months in company,"Company: Leading Australian health insurer providing private health insurance, telehealth, primary care, aged care, dental, and preventive health services. | Fit: 3DLOOK FitXpress enhances Bupa's digital health and preventive care programs with AI-powered body measurements, remote progress tracking, and objective body data for weight management and chronic disease monitoring."
3b93937f4d67,Hayden Harris,Hayden,Harris,Local Community Leader,Manager,Medibank,https://www.medibank.com.au/,https://au.linkedin.com/in/hayden-r-harris,,Australia,Adelaide,3 years in company,"Company: Australia's leading private health insurer offering health insurance, telehealth, virtual care, and preventive health programs. | Fit: 3DLOOK FitXpress enhances Medibank's digital health services with AI-powered body measurements, remote progress tracking, and objective body data for weight management and preventive care."
f143d46254b8,Andrea Tuckey,Andrea,Tuckey,Head of Provider Strategy,Director,Medibank,https://www.medibank.com.au/,https://au.linkedin.com/in/andrea-tuckey,,Australia,Lilyfield,2 years 2 months in company,"Company: Australia's leading private health insurer offering health insurance, telehealth, virtual care, and preventive health programs. | Fit: 3DLOOK FitXpress enhances Medibank's digital health services with AI-powered body measurements, remote progress tracking, and objective body data for weight management and preventive care."
9e3872fd019d,Tushar Yadav,Tushar,Yadav,Medical Director,C-Level,Mosh,https://www.linkedin.com/sales/company/19118724?_ntb=NBezZEnWSwKWEZ547CNDsQ%3D%3D,https://au.linkedin.com/in/tushar-yadav-1b5031144,,Australia,North Sydney,3 months in company,"Company: Australian digital health platform providing online care for weight loss, men's health, hair loss, and mental health through telehealth consultations and ongoing treatment programs. | Fit: 3DLOOK FitXpress enhances Mosh's weight management and virtual care programs with AI-powered body measurements, visual progress tracking, and objective body data to monitor patient outcomes remotely."
f967fd95f968,Tim Arvanitis,Tim,Arvanitis,Head of Employee Technology Operations,Director,Medibank,https://www.medibank.com.au/,https://au.linkedin.com/in/tim-arvanitis-4b22a34,,Australia,Melbourne,1 year 11 months in company,"Company: Australia's leading private health insurer offering health insurance, telehealth, virtual care, and preventive health programs. | Fit: 3DLOOK FitXpress enhances Medibank's digital health services with AI-powered body measurements, remote progress tracking, and objective body data for weight management and preventive care."
2bfafc40b442,Terry Agnew,Terry,Agnew,Non Executive Director,C-Level,HCF Australia,https://www.hcf.com.au/,https://au.linkedin.com/in/terry-agnew-ba8293119,,Australia,Greater Perth Area,6 years 10 months in company,"Company: Australian not-for-profit health insurer offering private health insurance, telehealth, preventive health, and wellness programs. | Fit: 3DLOOK FitXpress enhances HCF's digital health services with AI-powered body measurements, remote progress tracking, and objective body data for preventive care, weight management, and chronic disease monitoring."
07b8f5e80f6a,Claire Kinghorn,Claire,Kinghorn,Head of Leadership,Director,Medibank,https://www.medibank.com.au/,https://au.linkedin.com/in/claire-kinghorn-34349610,,Australia,Melbourne,3 years 6 months in company,"Company: Australia's leading private health insurer offering health insurance, telehealth, virtual care, and preventive health programs. | Fit: 3DLOOK FitXpress enhances Medibank's digital health services with AI-powered body measurements, remote progress tracking, and objective body data for weight management and preventive care."
b25b111a0eed,Julie Andrews,Julie,Andrews,Chief Officer Member Health,C-Level,HCF Australia,https://www.hcf.com.au/,https://au.linkedin.com/in/julie-andrews-652bb544,,Australia,Greater Sydney Area,8 years in company,"Company: Australian not-for-profit health insurer offering private health insurance, telehealth, preventive health, and wellness programs. | Fit: 3DLOOK FitXpress enhances HCF's digital health services with AI-powered body measurements, remote progress tracking, and objective body data for preventive care, weight management, and chronic disease monitoring."
0a75f483148f,Bridget Lodge,Bridget,Lodge,General Manager Health and Wellbeing,C-Level,Bupa Australia,https://www.bupa.com.au/,https://au.linkedin.com/in/bridget-lodge-b7a04a57,,Australia,South Melbourne,9 months in company,"Company: Leading Australian health insurer providing private health insurance, telehealth, primary care, aged care, dental, and preventive health services. | Fit: 3DLOOK FitXpress enhances Bupa's digital health and preventive care programs with AI-powered body measurements, remote progress tracking, and objective body data for weight management and chronic disease monitoring."
e0e1e7cddb4d,Temple Connolly,Temple,Connolly,Conversion Optimisation Manager - Acquisition & Growth,Manager,Bupa Australia,https://www.bupa.com.au/,https://au.linkedin.com/in/temple-connolly-2247b422,,Australia,Greater Melbourne Area,8 months in company,"Company: Leading Australian health insurer providing private health insurance, telehealth, primary care, aged care, dental, and preventive health services. | Fit: 3DLOOK FitXpress enhances Bupa's digital health and preventive care programs with AI-powered body measurements, remote progress tracking, and objective body data for weight management and chronic disease monitoring."
e3f2f6fdedb6,Nicholas Gudde,Nicholas,Gudde,Head of AI Strategy & Capability,Director,Medibank,https://www.medibank.com.au/,https://au.linkedin.com/in/nicholasgudde,,Australia,Greater Melbourne Area,2 years 3 months in company,"Company: Australia's leading private health insurer offering health insurance, telehealth, virtual care, and preventive health programs. | Fit: 3DLOOK FitXpress enhances Medibank's digital health services with AI-powered body measurements, remote progress tracking, and objective body data for weight management and preventive care."
5b39461cb204,Tianni Becker,Tianni,Becker,Head of Operations,Director,Bupa Australia,https://www.bupa.com.au/,https://au.linkedin.com/in/tianni-becker-b83110174,,Australia,Greater Sydney Area,1 year in company,"Company: Leading Australian health insurer providing private health insurance, telehealth, primary care, aged care, dental, and preventive health services. | Fit: 3DLOOK FitXpress enhances Bupa's digital health and preventive care programs with AI-powered body measurements, remote progress tracking, and objective body data for weight management and chronic disease monitoring."
07d9c6f489b6,Paul Baulch,Paul,Baulch,Head of Property Development,Director,Bupa Australia,https://www.bupa.com.au/,https://au.linkedin.com/in/paul-baulch-34019a91,,Australia,Greater Melbourne Area,9 months in company,"Company: Leading Australian health insurer providing private health insurance, telehealth, primary care, aged care, dental, and preventive health services. | Fit: 3DLOOK FitXpress enhances Bupa's digital health and preventive care programs with AI-powered body measurements, remote progress tracking, and objective body data for weight management and chronic disease monitoring."
1f93ff21cbaf,Amanda Hagan,Amanda,Hagan,Non Executive Director,C-Level,HCF Australia,https://www.hcf.com.au/,https://au.linkedin.com/in/amanda-n-hagan,,Australia,Australia,6 months in company,"Company: Australian not-for-profit health insurer offering private health insurance, telehealth, preventive health, and wellness programs. | Fit: 3DLOOK FitXpress enhances HCF's digital health services with AI-powered body measurements, remote progress tracking, and objective body data for preventive care, weight management, and chronic disease monitoring."
b84fee2adcdd,Amanda Li,Amanda,Li,Branch Manager,Manager,HCF Australia,https://www.hcf.com.au/,https://au.linkedin.com/in/amanda-li-21a7b861,,Australia,Sydney,8 months in company,"Company: Australian not-for-profit health insurer offering private health insurance, telehealth, preventive health, and wellness programs. | Fit: 3DLOOK FitXpress enhances HCF's digital health services with AI-powered body measurements, remote progress tracking, and objective body data for preventive care, weight management, and chronic disease monitoring."
d82799e11062,Grant Davis,Grant,Davis,Chief Risk Officer,C-Level,Bupa Australia,https://www.bupa.com.au/,https://au.linkedin.com/in/grant-davis-385b6332,,Australia,Greater Sydney Area,7 months in company,"Company: Leading Australian health insurer providing private health insurance, telehealth, primary care, aged care, dental, and preventive health services. | Fit: 3DLOOK FitXpress enhances Bupa's digital health and preventive care programs with AI-powered body measurements, remote progress tracking, and objective body data for weight management and chronic disease monitoring."
8034924e8ebc,Megan McNaughton,Megan,McNaughton,General Manager,C-Level,Bupa Australia,https://www.bupa.com.au/,https://au.linkedin.com/in/megan-mcnaughton-532a09231,,Australia,Adelaide,1 year 2 months in company,"Company: Leading Australian health insurer providing private health insurance, telehealth, primary care, aged care, dental, and preventive health services. | Fit: 3DLOOK FitXpress enhances Bupa's digital health and preventive care programs with AI-powered body measurements, remote progress tracking, and objective body data for weight management and chronic disease monitoring."
d45b8963aabb,Lucy Foster,Lucy,Foster,General Manager Hospital and Medical Partnerships,C-Level,Bupa Australia,https://www.bupa.com.au/,https://au.linkedin.com/in/lucy-foster-bab70440,,Australia,Greater Sydney Area,7 months in company,"Company: Leading Australian health insurer providing private health insurance, telehealth, primary care, aged care, dental, and preventive health services. | Fit: 3DLOOK FitXpress enhances Bupa's digital health and preventive care programs with AI-powered body measurements, remote progress tracking, and objective body data for weight management and chronic disease monitoring."
2f8f5f3cb575,Peter Everingham,Peter,Everingham,Non Executive Director and Chair of the Investment & Capital Committee,C-Level,Medibank,https://www.medibank.com.au/,https://au.linkedin.com/in/peter-everingham-4824711,,Australia,Sydney,4 years 4 months in company,"Company: Australia's leading private health insurer offering health insurance, telehealth, virtual care, and preventive health programs. | Fit: 3DLOOK FitXpress enhances Medibank's digital health services with AI-powered body measurements, remote progress tracking, and objective body data for weight management and preventive care."
2bf343e44cbc,Liam Gilligan,Liam,Gilligan,Head of Innovation,Director,HCF Australia,https://www.hcf.com.au/,https://www.linkedin.com/in/liamgilligan/,,Australia,Greater Sydney Area,2 years 5 months in company,"Company: Australian not-for-profit health insurer offering private health insurance, telehealth, preventive health, and wellness programs. | Fit: 3DLOOK FitXpress enhances HCF's digital health services with AI-powered body measurements, remote progress tracking, and objective body data for preventive care, weight management, and chronic disease monitoring."
60589cf5c3c9,Aifric Boylan,Aifric,Boylan,Chief Executive Officer,C-Level,Qoctor,https://www.linkedin.com/sales/company/17947666?_ntb=NBezZEnWSwKWEZ547CNDsQ%3D%3D,https://au.linkedin.com/in/aifric-boylan-53ab67114,,Australia,Melbourne,9 years 5 months in company,Company:  | Fit: 
914c91319432,Christopher Pettigrew,Christopher,Pettigrew,Head of HCF Research Foundation,Director,HCF Australia,https://www.hcf.com.au/,https://au.linkedin.com/in/christopher-pettigrew-01a7235a,,Australia,Australia,5 years 5 months in company,"Company: Australian not-for-profit health insurer offering private health insurance, telehealth, preventive health, and wellness programs. | Fit: 3DLOOK FitXpress enhances HCF's digital health services with AI-powered body measurements, remote progress tracking, and objective body data for preventive care, weight management, and chronic disease monitoring."
c34112cc6c5f,Helen O'Leary,Helen,O'Leary,Head of Procurement Operations,Director,Medibank,https://www.medibank.com.au/,https://www.linkedin.com/in/helen-o-leary-982b4443/?skipRedirect=true,,Australia,Greater Melbourne Area,10 years 10 months in company,"Company: Australia's leading private health insurer offering health insurance, telehealth, virtual care, and preventive health programs. | Fit: 3DLOOK FitXpress enhances Medibank's digital health services with AI-powered body measurements, remote progress tracking, and objective body data for weight management and preventive care."
3ca52cde437f,Daniel Tencic,Daniel,Tencic,Roving Maintenance Supervisor,Manager,Bupa Australia,https://www.bupa.com.au/,https://au.linkedin.com/in/daniel-tencic-35118098,,Australia,Greater Melbourne Area,3 years 4 months in company,"Company: Leading Australian health insurer providing private health insurance, telehealth, primary care, aged care, dental, and preventive health services. | Fit: 3DLOOK FitXpress enhances Bupa's digital health and preventive care programs with AI-powered body measurements, remote progress tracking, and objective body data for weight management and chronic disease monitoring."
9f034736862e,Havhisha B.,Havhisha,B.,People and Culture Business Partner,Individual Contributor,HCF Australia,https://www.hcf.com.au/,https://www.linkedin.com/in/havhisha-b-229750166/,,Australia,Greater Sydney Area,8 years 6 months in company,"Company: Australian not-for-profit health insurer offering private health insurance, telehealth, preventive health, and wellness programs. | Fit: 3DLOOK FitXpress enhances HCF's digital health services with AI-powered body measurements, remote progress tracking, and objective body data for preventive care, weight management, and chronic disease monitoring."
8eb8313be739,Michael S.,Michael,S.,Head Of Internal Audit,Director,Medibank,https://www.medibank.com.au/,https://au.linkedin.com/in/demi-michael-82b268b7,,Australia,Greater Melbourne Area,7 years 9 months in company,"Company: Australia's leading private health insurer offering health insurance, telehealth, virtual care, and preventive health programs. | Fit: 3DLOOK FitXpress enhances Medibank's digital health services with AI-powered body measurements, remote progress tracking, and objective body data for weight management and preventive care."
0d51300a04dd,Craig Muller,Craig,Muller,Head of Platform Services,Director,HCF Australia,https://www.hcf.com.au/,https://au.linkedin.com/in/craig-muller-32995011,,Australia,Wollongong,2 years 5 months in company,"Company: Australian not-for-profit health insurer offering private health insurance, telehealth, preventive health, and wellness programs. | Fit: 3DLOOK FitXpress enhances HCF's digital health services with AI-powered body measurements, remote progress tracking, and objective body data for preventive care, weight management, and chronic disease monitoring."
db0930ba1e2b,Frank Doyle,Frank,Doyle,Head of Retention and Customer Value at Medibank,Director,Medibank,https://www.medibank.com.au/,https://au.linkedin.com/in/frank-doyle-0bb016a2,,Australia,Greater Melbourne Area,6 years 11 months in company,"Company: Australia's leading private health insurer offering health insurance, telehealth, virtual care, and preventive health programs. | Fit: 3DLOOK FitXpress enhances Medibank's digital health services with AI-powered body measurements, remote progress tracking, and objective body data for weight management and preventive care."
be0255c58dd8,Herbert Boshoff Van Der Merwe,Herbert,Boshoff Van Der Merwe,Head of Actuarial - Health,Director,HCF Australia,https://www.hcf.com.au/,https://au.linkedin.com/in/herbert-boshoff-van-der-merwe-97b9481b,,Australia,Sydney,5 years in company,"Company: Australian not-for-profit health insurer offering private health insurance, telehealth, preventive health, and wellness programs. | Fit: 3DLOOK FitXpress enhances HCF's digital health services with AI-powered body measurements, remote progress tracking, and objective body data for preventive care, weight management, and chronic disease monitoring."
bd36214d8e8b,Gabriel Goh,Gabriel,Goh,Engineering Manager - Mobile,Manager,Medibank,https://www.medibank.com.au/,https://au.linkedin.com/in/gabgoh,,Australia,Melbourne,6 years 9 months in company,"Company: Australia's leading private health insurer offering health insurance, telehealth, virtual care, and preventive health programs. | Fit: 3DLOOK FitXpress enhances Medibank's digital health services with AI-powered body measurements, remote progress tracking, and objective body data for weight management and preventive care."
5a84c14e7b39,Sebastian Klich,Sebastian,Klich,"Chief Officer, Product & Diversified Business",C-Level,HCF Australia,https://www.hcf.com.au/,https://au.linkedin.com/in/sebastian-klich,,Australia,Sydney,6 years in company,"Company: Australian not-for-profit health insurer offering private health insurance, telehealth, preventive health, and wellness programs. | Fit: 3DLOOK FitXpress enhances HCF's digital health services with AI-powered body measurements, remote progress tracking, and objective body data for preventive care, weight management, and chronic disease monitoring."
67ca4e74ab08,Maya Rivis,Maya,Rivis,"Senior Manager, Sustainability and Social Impact, Bupa",Manager,Bupa Australia,https://www.bupa.com.au/,https://au.linkedin.com/in/maya-rivis-3806377b,,Australia,Melbourne,2 years 6 months in company,"Company: Leading Australian health insurer providing private health insurance, telehealth, primary care, aged care, dental, and preventive health services. | Fit: 3DLOOK FitXpress enhances Bupa's digital health and preventive care programs with AI-powered body measurements, remote progress tracking, and objective body data for weight management and chronic disease monitoring."
bd671d175cac,Pearl Backhouse,Pearl,Backhouse,Head of P&C Business Partnering,Director,HCF Australia,https://www.hcf.com.au/,https://au.linkedin.com/in/pearl-backhouse-85211554,,Australia,Greater Sydney Area,7 years 1 month in company,"Company: Australian not-for-profit health insurer offering private health insurance, telehealth, preventive health, and wellness programs. | Fit: 3DLOOK FitXpress enhances HCF's digital health services with AI-powered body measurements, remote progress tracking, and objective body data for preventive care, weight management, and chronic disease monitoring."
0a15cb5a5117,Matt Thorley,Matt,Thorley,Head of Cyber Threat Management,Director,Bupa Australia,https://www.bupa.com.au/,https://au.linkedin.com/in/matt-thorley-80389810,,Australia,Greater Melbourne Area,3 years 1 month in company,"Company: Leading Australian health insurer providing private health insurance, telehealth, primary care, aged care, dental, and preventive health services. | Fit: 3DLOOK FitXpress enhances Bupa's digital health and preventive care programs with AI-powered body measurements, remote progress tracking, and objective body data for weight management and chronic disease monitoring."
75bc1d030ff7,Andrew Van Elswyk,Andrew,Van Elswyk,Head of Cyber Defence Centre,Director,Bupa Australia,https://www.bupa.com.au/,https://www.linkedin.com/in/avanelswyk/,,Australia,Greater Brisbane Area,7 years 7 months in company,"Company: Leading Australian health insurer providing private health insurance, telehealth, primary care, aged care, dental, and preventive health services. | Fit: 3DLOOK FitXpress enhances Bupa's digital health and preventive care programs with AI-powered body measurements, remote progress tracking, and objective body data for weight management and chronic disease monitoring."
a3dd9662196e,Harry S,Harry,S,Head of Identity and Access Management,Director,Medibank,https://www.medibank.com.au/,https://au.linkedin.com/in/harry-s-211a9373,,Australia,Sydney,9 months in company,"Company: Australia's leading private health insurer offering health insurance, telehealth, virtual care, and preventive health programs. | Fit: 3DLOOK FitXpress enhances Medibank's digital health services with AI-powered body measurements, remote progress tracking, and objective body data for weight management and preventive care."
154abb722588,Tim Silverton,Tim,Silverton,Continuous Improvement/Transformation,Individual Contributor,Medibank,https://www.medibank.com.au/,https://au.linkedin.com/in/tim-silverton-a1b887259,,Australia,Ulverstone,2 years 10 months in company,"Company: Australia's leading private health insurer offering health insurance, telehealth, virtual care, and preventive health programs. | Fit: 3DLOOK FitXpress enhances Medibank's digital health services with AI-powered body measurements, remote progress tracking, and objective body data for weight management and preventive care."
3eeea6c35a50,Caitlin van den Berg,Caitlin,van den Berg,Head of Voice of Customer,Director,Bupa Australia,https://www.bupa.com.au/,https://www.linkedin.com/in/caitlin-van-den-berg-6306429/,,Australia,Greater Melbourne Area,3 months in company,"Company: Leading Australian health insurer providing private health insurance, telehealth, primary care, aged care, dental, and preventive health services. | Fit: 3DLOOK FitXpress enhances Bupa's digital health and preventive care programs with AI-powered body measurements, remote progress tracking, and objective body data for weight management and chronic disease monitoring."
4625ca6e1040,Maxim Sharshun,Maxim,Sharshun,Chief Commercial Officer - Health,C-Level,Bupa Australia,https://www.bupa.com.au/,https://www.linkedin.com/in/sharshun/,,Australia,Greater Melbourne Area,2 months in company,"Company: Leading Australian health insurer providing private health insurance, telehealth, primary care, aged care, dental, and preventive health services. | Fit: 3DLOOK FitXpress enhances Bupa's digital health and preventive care programs with AI-powered body measurements, remote progress tracking, and objective body data for weight management and chronic disease monitoring."
4303a373048a,Lisa McIntyre,Lisa,McIntyre,Non Executive Director,C-Level,Medibank,https://www.medibank.com.au/,https://au.linkedin.com/in/lisa-mcintyre-a793942,,Australia,Greater Sydney Area,9 months in company,"Company: Australia's leading private health insurer offering health insurance, telehealth, virtual care, and preventive health programs. | Fit: 3DLOOK FitXpress enhances Medibank's digital health services with AI-powered body measurements, remote progress tracking, and objective body data for weight management and preventive care."
ca4b297440b8,Liz Turner,Liz,Turner,Strategic People Partner,Individual Contributor,Bupa Australia,https://www.bupa.com.au/,https://au.linkedin.com/in/liz-turner-46194964,,Australia,Greater Melbourne Area,7 years 7 months in company,"Company: Leading Australian health insurer providing private health insurance, telehealth, primary care, aged care, dental, and preventive health services. | Fit: 3DLOOK FitXpress enhances Bupa's digital health and preventive care programs with AI-powered body measurements, remote progress tracking, and objective body data for weight management and chronic disease monitoring."
2b13f0285e6a,Elisha Frenkel,Elisha,Frenkel,Customer Engagement Manager,Manager,InstantScripts,https://www.instantscripts.com.au/,https://au.linkedin.com/in/elisha-frenkel-2b203b81,,Australia,Greater Melbourne Area,4 years 4 months in company,"Company: Australian telehealth platform offering online doctor consultations, eScripts, pathology requests, specialist referrals, and healthcare services. | Fit: DLOOK FitXpress complements InstantScripts' virtual care model by providing AI-powered body measurements, remote progress tracking, and objective body data for weight management, preventive care, and chronic disease monitoring."
537e5743b570,Isabella Lynch,Isabella,Lynch,Chief of Staff,C-Level,Bupa Australia,https://www.bupa.com.au/,https://au.linkedin.com/in/isabella-lynch-15b460197,,Australia,Melbourne,5 months in company,"Company: Leading Australian health insurer providing private health insurance, telehealth, primary care, aged care, dental, and preventive health services. | Fit: 3DLOOK FitXpress enhances Bupa's digital health and preventive care programs with AI-powered body measurements, remote progress tracking, and objective body data for weight management and chronic disease monitoring."
0427b401bd3f,Robyn Rushton,Robyn,Rushton,Branch Manager,Manager,HCF Australia,https://www.hcf.com.au/,https://www.linkedin.com/in/robyn-rushton/,,Australia,Greater Adelaide Area,8 months in company,"Company: Australian not-for-profit health insurer offering private health insurance, telehealth, preventive health, and wellness programs. | Fit: 3DLOOK FitXpress enhances HCF's digital health services with AI-powered body measurements, remote progress tracking, and objective body data for preventive care, weight management, and chronic disease monitoring."
7f9d2eb6954f,Amanda Sim,Amanda,Sim,Head of Transformation Delivery,Director,Bupa Australia,https://www.bupa.com.au/,https://au.linkedin.com/in/aforamanda,,Australia,Docklands,5 years 1 month in company,"Company: Leading Australian health insurer providing private health insurance, telehealth, primary care, aged care, dental, and preventive health services. | Fit: 3DLOOK FitXpress enhances Bupa's digital health and preventive care programs with AI-powered body measurements, remote progress tracking, and objective body data for weight management and chronic disease monitoring."
ab582adaed16,Nick Bradley,Nick,Bradley,"Head of Organic Strategy, Group Strategy",Director,Medibank,https://www.medibank.com.au/,https://au.linkedin.com/in/nick-bradley-02300513,,Australia,Greater Melbourne Area,3 years 5 months in company,"Company: Australia's leading private health insurer offering health insurance, telehealth, virtual care, and preventive health programs. | Fit: 3DLOOK FitXpress enhances Medibank's digital health services with AI-powered body measurements, remote progress tracking, and objective body data for weight management and preventive care."
3e70bb4451d0,Trent Marsh,Trent,Marsh,Operations Manager,Manager,Medibank,https://www.medibank.com.au/,https://au.linkedin.com/in/trent-marsh-22454354,,Australia,Kincumber South,1 year 10 months in company,"Company: Australia's leading private health insurer offering health insurance, telehealth, virtual care, and preventive health programs. | Fit: 3DLOOK FitXpress enhances Medibank's digital health services with AI-powered body measurements, remote progress tracking, and objective body data for weight management and preventive care."
70a10d49fe92,Gabriele Accadia,Gabriele,Accadia,Group Property Strategic Planning and Leasing Manager,Manager,Medibank,https://www.medibank.com.au/,https://www.linkedin.com/in/gabriele-accadia-69065848/,,Australia,Greater Melbourne Area,9 years 11 months in company,"Company: Australia's leading private health insurer offering health insurance, telehealth, virtual care, and preventive health programs. | Fit: 3DLOOK FitXpress enhances Medibank's digital health services with AI-powered body measurements, remote progress tracking, and objective body data for weight management and preventive care."
56729be91d56,Melissa Ironside,Melissa,Ironside,Head of Customer,Director,InstantScripts,https://www.instantscripts.com.au/,https://au.linkedin.com/in/melissa-ironside-77b8a139,,Australia,Greater Sydney Area,4 years 2 months in company,"Company: Australian telehealth platform offering online doctor consultations, eScripts, pathology requests, specialist referrals, and healthcare services. | Fit: DLOOK FitXpress complements InstantScripts' virtual care model by providing AI-powered body measurements, remote progress tracking, and objective body data for weight management, preventive care, and chronic disease monitoring."
6e4a6ea6f622,Sam Wijesinha,Sam,Wijesinha,Product Owner,Individual Contributor,Bupa Australia,https://www.bupa.com.au/,https://au.linkedin.com/in/swijesinha,,Australia,Melbourne,1 year 1 month in company,"Company: Leading Australian health insurer providing private health insurance, telehealth, primary care, aged care, dental, and preventive health services. | Fit: 3DLOOK FitXpress enhances Bupa's digital health and preventive care programs with AI-powered body measurements, remote progress tracking, and objective body data for weight management and chronic disease monitoring."
cb5cbf6c8402,Eric Peterson,Eric,Peterson,"Head of Experience Design, Research and Loyalty",Director,HCF Australia,https://www.hcf.com.au/,https://www.linkedin.com/in/eric-peterson-0967533/,,Australia,Greater Sydney Area,5 years 6 months in company,"Company: Australian not-for-profit health insurer offering private health insurance, telehealth, preventive health, and wellness programs. | Fit: 3DLOOK FitXpress enhances HCF's digital health services with AI-powered body measurements, remote progress tracking, and objective body data for preventive care, weight management, and chronic disease monitoring."
78dfdbbe0c39,Joshua Hayward,Joshua,Hayward,Head of Internal Audit,Director,Medibank,https://www.medibank.com.au/,https://au.linkedin.com/in/joshua-hayward-bbb6a735,,Australia,Greater Melbourne Area,3 months in company,"Company: Australia's leading private health insurer offering health insurance, telehealth, virtual care, and preventive health programs. | Fit: 3DLOOK FitXpress enhances Medibank's digital health services with AI-powered body measurements, remote progress tracking, and objective body data for weight management and preventive care."
510fca5f77bc,Claudia Wu,Claudia,Wu,Head of Expansion (APAC),Director,Mosh,https://www.linkedin.com/sales/company/19118724?_ntb=NBezZEnWSwKWEZ547CNDsQ%3D%3D,https://au.linkedin.com/in/claudia-wu-01b98a1a3,,Australia,Greater Melbourne Area,1 year 2 months in company,"Company: Australian digital health platform providing online care for weight loss, men's health, hair loss, and mental health through telehealth consultations and ongoing treatment programs. | Fit: 3DLOOK FitXpress enhances Mosh's weight management and virtual care programs with AI-powered body measurements, visual progress tracking, and objective body data to monitor patient outcomes remotely."
6da007c15908,Gayle Kean,Gayle,Kean,"Manager, Branch Operations",Manager,HCF Australia,https://www.hcf.com.au/,https://au.linkedin.com/in/gayle-kean-52515957,,Australia,Greater Sydney Area,10 years 4 months in company,"Company: Australian not-for-profit health insurer offering private health insurance, telehealth, preventive health, and wellness programs. | Fit: 3DLOOK FitXpress enhances HCF's digital health services with AI-powered body measurements, remote progress tracking, and objective body data for preventive care, weight management, and chronic disease monitoring."
887ecfbd9a18,Shahbaz Rana,Shahbaz,Rana,Head of Engineering Enbalement,Director,Bupa Australia,https://www.bupa.com.au/,https://au.linkedin.com/in/shahbaz-rana-62283517,,Australia,New South Wales,6 months in company,"Company: Leading Australian health insurer providing private health insurance, telehealth, primary care, aged care, dental, and preventive health services. | Fit: 3DLOOK FitXpress enhances Bupa's digital health and preventive care programs with AI-powered body measurements, remote progress tracking, and objective body data for weight management and chronic disease monitoring."
3d5fd5488fa0,Malcolm Middleton,Malcolm,Middleton,Head of IT Business Operations,Director,HCF Australia,https://www.hcf.com.au/,https://au.linkedin.com/in/malcolm-middleton-b060048,,Australia,Greater Sydney Area,5 years 1 month in company,"Company: Australian not-for-profit health insurer offering private health insurance, telehealth, preventive health, and wellness programs. | Fit: 3DLOOK FitXpress enhances HCF's digital health services with AI-powered body measurements, remote progress tracking, and objective body data for preventive care, weight management, and chronic disease monitoring."
c53eb563d9b8,Peter Schofield,Peter,Schofield,"General Manager, Branch Network",C-Level,HCF Australia,https://www.hcf.com.au/,https://www.linkedin.com/in/peter-schofield-89396120/,,Australia,Sydney,11 years in company,"Company: Australian not-for-profit health insurer offering private health insurance, telehealth, preventive health, and wellness programs. | Fit: 3DLOOK FitXpress enhances HCF's digital health services with AI-powered body measurements, remote progress tracking, and objective body data for preventive care, weight management, and chronic disease monitoring."
f449cb341166,Conan Chiles,Conan,Chiles,Commercial & Pricing Manager,Manager,Bupa Australia,https://www.bupa.com.au/,https://au.linkedin.com/in/conan-chiles,,Australia,Greater Melbourne Area,6 months in company,"Company: Leading Australian health insurer providing private health insurance, telehealth, primary care, aged care, dental, and preventive health services. | Fit: 3DLOOK FitXpress enhances Bupa's digital health and preventive care programs with AI-powered body measurements, remote progress tracking, and objective body data for weight management and chronic disease monitoring."
f0898b2bbbf3,Angela Legg,Angela,Legg,People & Culture Business Partner,Individual Contributor,Medibank,https://www.medibank.com.au/,https://au.linkedin.com/in/angela-legg-7456a149,,Australia,Birmingham Gardens,3 years 7 months in company,"Company: Australia's leading private health insurer offering health insurance, telehealth, virtual care, and preventive health programs. | Fit: 3DLOOK FitXpress enhances Medibank's digital health services with AI-powered body measurements, remote progress tracking, and objective body data for weight management and preventive care."
e3d16b73397e,Ashleigh Clemmens (nee Costanzo),Ashleigh,Clemmens (nee Costanzo),People Partner - GEO Transformation,Individual Contributor,Medibank,https://www.medibank.com.au/,https://au.linkedin.com/in/ashleighclemmens,,Australia,Greater Melbourne Area,12 years 4 months in company,"Company: Australia's leading private health insurer offering health insurance, telehealth, virtual care, and preventive health programs. | Fit: 3DLOOK FitXpress enhances Medibank's digital health services with AI-powered body measurements, remote progress tracking, and objective body data for weight management and preventive care."
f5694e1345ac,Tanner Strickland,Tanner,Strickland,Chief of Staff to the CEO,C-Level,HCF Australia,https://www.hcf.com.au/,https://au.linkedin.com/in/tanner-strickland-92ab06214,,Australia,Sydney,1 year 6 months in company,"Company: Australian not-for-profit health insurer offering private health insurance, telehealth, preventive health, and wellness programs. | Fit: 3DLOOK FitXpress enhances HCF's digital health services with AI-powered body measurements, remote progress tracking, and objective body data for preventive care, weight management, and chronic disease monitoring."
d02f198839d1,Julia Fowler,Julia,Fowler,Head of Provider Solutions,Director,Medibank,https://www.medibank.com.au/,https://au.linkedin.com/in/fowlerjm,,Australia,Melbourne,6 years 11 months in company,"Company: Australia's leading private health insurer offering health insurance, telehealth, virtual care, and preventive health programs. | Fit: 3DLOOK FitXpress enhances Medibank's digital health services with AI-powered body measurements, remote progress tracking, and objective body data for weight management and preventive care."
c448d3fa0351,Jeff Hill,Jeff,Hill,Head of Controls Mastery (Line 2 Risk & Compliance),Director,Medibank,https://www.medibank.com.au/,https://au.linkedin.com/in/jeff-hill-56703b54,,Australia,Sydney,7 months in company,"Company: Australia's leading private health insurer offering health insurance, telehealth, virtual care, and preventive health programs. | Fit: 3DLOOK FitXpress enhances Medibank's digital health services with AI-powered body measurements, remote progress tracking, and objective body data for weight management and preventive care."
36ecb206e4c6,Alana Russ,Alana,Russ,Finance Business Partner - ahm Health Insurance,Individual Contributor,Medibank,https://www.medibank.com.au/,https://www.linkedin.com/in/alana-russ-08081aa3/,,Australia,Melbourne,10 months in company,"Company: Australia's leading private health insurer offering health insurance, telehealth, virtual care, and preventive health programs. | Fit: 3DLOOK FitXpress enhances Medibank's digital health services with AI-powered body measurements, remote progress tracking, and objective body data for weight management and preventive care."
b75600d187ed,JULIEN D.,JULIEN,D.,Head of Procurement Excellence,Director,Bupa Australia,https://www.bupa.com.au/,https://au.linkedin.com/in/julien-d-b77219180,,Australia,Melbourne,8 months in company,"Company: Leading Australian health insurer providing private health insurance, telehealth, primary care, aged care, dental, and preventive health services. | Fit: 3DLOOK FitXpress enhances Bupa's digital health and preventive care programs with AI-powered body measurements, remote progress tracking, and objective body data for weight management and chronic disease monitoring."
508e44e0d321,Elaine Matta,Elaine,Matta,Quality Partner,Individual Contributor,Bupa Australia,https://www.bupa.com.au/,https://au.linkedin.com/in/elaine-matta-b40b11312,,Australia,Berwick,7 months in company,"Company: Leading Australian health insurer providing private health insurance, telehealth, primary care, aged care, dental, and preventive health services. | Fit: 3DLOOK FitXpress enhances Bupa's digital health and preventive care programs with AI-powered body measurements, remote progress tracking, and objective body data for weight management and chronic disease monitoring."
9b68ab7e3c4b,Ryan Ala,Ryan,Ala,Digital Product Manager,Manager,Bupa Australia,https://www.bupa.com.au/,https://au.linkedin.com/in/glenn-sheffield,,Australia,Greater Melbourne Area,2 months in company,"Company: Leading Australian health insurer providing private health insurance, telehealth, primary care, aged care, dental, and preventive health services. | Fit: 3DLOOK FitXpress enhances Bupa's digital health and preventive care programs with AI-powered body measurements, remote progress tracking, and objective body data for weight management and chronic disease monitoring."
76b288856066,Lucienne Flynn,Lucienne,Flynn,IT Business Partner | Business Analyst,Individual Contributor,HCF Australia,https://www.hcf.com.au/,https://au.linkedin.com/in/lucienne-flynn-63251a100,,Australia,Australia,17 years 4 months in company,"Company: Australian not-for-profit health insurer offering private health insurance, telehealth, preventive health, and wellness programs. | Fit: 3DLOOK FitXpress enhances HCF's digital health services with AI-powered body measurements, remote progress tracking, and objective body data for preventive care, weight management, and chronic disease monitoring."
e5d3beaa56e7,John Lim,John,Lim,Finance Business Partner - Amplar Health,Individual Contributor,Medibank,https://www.medibank.com.au/,https://au.linkedin.com/in/williamlim300619,,Australia,Docklands,5 years 2 months in company,"Company: Australia's leading private health insurer offering health insurance, telehealth, virtual care, and preventive health programs. | Fit: 3DLOOK FitXpress enhances Medibank's digital health services with AI-powered body measurements, remote progress tracking, and objective body data for weight management and preventive care."
3fe07c743614,Samantha Tonkin,Samantha,Tonkin,Head Of Finance,Director,Medibank,https://www.medibank.com.au/,https://au.linkedin.com/in/samantha-tonkin-105456142,,Australia,Docklands,9 years 3 months in company,"Company: Australia's leading private health insurer offering health insurance, telehealth, virtual care, and preventive health programs. | Fit: 3DLOOK FitXpress enhances Medibank's digital health services with AI-powered body measurements, remote progress tracking, and objective body data for weight management and preventive care."
1cc718fbb0cb,Nicola Geddes,Nicola,Geddes,Initiative Owner,Individual Contributor,Bupa Australia,https://www.bupa.com.au/,https://au.linkedin.com/in/nicola-geddes-8466438b,,Australia,Greater Brisbane Area,11 years 1 month in company,"Company: Leading Australian health insurer providing private health insurance, telehealth, primary care, aged care, dental, and preventive health services. | Fit: 3DLOOK FitXpress enhances Bupa's digital health and preventive care programs with AI-powered body measurements, remote progress tracking, and objective body data for weight management and chronic disease monitoring."
a7a636ac0cd3,Chloe Mitchell (Harkness),Chloe,Mitchell (Harkness),Senior Manager - Group Strategy,Manager,Medibank,https://www.medibank.com.au/,https://au.linkedin.com/in/chloe-mitchell-harkness-b0521910,,Australia,Greater Melbourne Area,1 year 8 months in company,"Company: Australia's leading private health insurer offering health insurance, telehealth, virtual care, and preventive health programs. | Fit: 3DLOOK FitXpress enhances Medibank's digital health services with AI-powered body measurements, remote progress tracking, and objective body data for weight management and preventive care."
f662447c5254,Anoop Mohan,Anoop,Mohan,Program Director - Regulatory Uplift,C-Level,Medibank,https://www.medibank.com.au/,https://au.linkedin.com/in/amohan00,,Australia,Greater Melbourne Area,8 years 11 months in company,"Company: Australia's leading private health insurer offering health insurance, telehealth, virtual care, and preventive health programs. | Fit: 3DLOOK FitXpress enhances Medibank's digital health services with AI-powered body measurements, remote progress tracking, and objective body data for weight management and preventive care."
0f6cc94c297c,Conor Condell,Conor,Condell,Head of Program Management,Director,Medibank,https://www.medibank.com.au/,https://au.linkedin.com/in/conor-condell-7669a2a5,,Australia,Greater Melbourne Area,17 years 7 months in company,"Company: Australia's leading private health insurer offering health insurance, telehealth, virtual care, and preventive health programs. | Fit: 3DLOOK FitXpress enhances Medibank's digital health services with AI-powered body measurements, remote progress tracking, and objective body data for weight management and preventive care."
1f740543ed2a,Deborah Jacobs,Deborah,Jacobs,Customer Retention Principal,Individual Contributor,Bupa Australia,https://www.bupa.com.au/,https://au.linkedin.com/in/deborah-jacobs,,Australia,Melbourne,3 years 5 months in company,"Company: Leading Australian health insurer providing private health insurance, telehealth, primary care, aged care, dental, and preventive health services. | Fit: 3DLOOK FitXpress enhances Bupa's digital health and preventive care programs with AI-powered body measurements, remote progress tracking, and objective body data for weight management and chronic disease monitoring."
61a085711799,Crystal Townsend,Crystal,Townsend,Quality Education Manager,Manager,Bupa Australia,https://www.bupa.com.au/,https://au.linkedin.com/in/crystal-townsend-a3b311373,,Australia,Australia,11 months in company,"Company: Leading Australian health insurer providing private health insurance, telehealth, primary care, aged care, dental, and preventive health services. | Fit: 3DLOOK FitXpress enhances Bupa's digital health and preventive care programs with AI-powered body measurements, remote progress tracking, and objective body data for weight management and chronic disease monitoring."
c15cd1fcc94f,Rachael Harwood,Rachael,Harwood,Co-Chair RAISE Disability and Inclusion ERG,Individual Contributor,HCF Australia,https://www.hcf.com.au/,https://au.linkedin.com/in/rachael-harwood-2a7a6a1a,,Australia,Greater Adelaide Area,8 years 7 months in company,"Company: Australian not-for-profit health insurer offering private health insurance, telehealth, preventive health, and wellness programs. | Fit: 3DLOOK FitXpress enhances HCF's digital health services with AI-powered body measurements, remote progress tracking, and objective body data for preventive care, weight management, and chronic disease monitoring."
6db82b0ea619,James Brigham,James,Brigham,Head of Risk Management,Director,HCF Australia,https://www.hcf.com.au/,https://au.linkedin.com/in/jamesbrigham,,Australia,Sydney,2 years 3 months in company,"Company: Australian not-for-profit health insurer offering private health insurance, telehealth, preventive health, and wellness programs. | Fit: 3DLOOK FitXpress enhances HCF's digital health services with AI-powered body measurements, remote progress tracking, and objective body data for preventive care, weight management, and chronic disease monitoring."
4a37e9b1d067,Kieran Dang,Kieran,Dang,Chief Medical Officer,C-Level,Mosh,https://www.linkedin.com/sales/company/19118724?_ntb=NBezZEnWSwKWEZ547CNDsQ%3D%3D,https://au.linkedin.com/in/kieran-dang,,Australia,Sydney,1 year 9 months in company,"Company: Australian digital health platform providing online care for weight loss, men's health, hair loss, and mental health through telehealth consultations and ongoing treatment programs. | Fit: 3DLOOK FitXpress enhances Mosh's weight management and virtual care programs with AI-powered body measurements, visual progress tracking, and objective body data to monitor patient outcomes remotely."
644e2440aad6,Simon Seiffert,Simon,Seiffert,Continuous Improvement & Systems Lead,Manager,Medibank,https://www.medibank.com.au/,https://au.linkedin.com/in/simonseiffert,,Australia,Hawthorn East,10 years 9 months in company,"Company: Australia's leading private health insurer offering health insurance, telehealth, virtual care, and preventive health programs. | Fit: 3DLOOK FitXpress enhances Medibank's digital health services with AI-powered body measurements, remote progress tracking, and objective body data for weight management and preventive care."
7e868aabb8fb,Nicola Ivory,Nicola,Ivory,Squad Lead - Customer Health Navigator,Manager,Medibank,https://www.medibank.com.au/,https://au.linkedin.com/in/nicola-ivory-b2a3945b,,Australia,Maudsland,9 years 3 months in company,"Company: Australia's leading private health insurer offering health insurance, telehealth, virtual care, and preventive health programs. | Fit: 3DLOOK FitXpress enhances Medibank's digital health services with AI-powered body measurements, remote progress tracking, and objective body data for weight management and preventive care."
14889f87c08b,Paul Bonello,Paul,Bonello,Head of Risk Medibank,Director,Medibank,https://www.medibank.com.au/,https://au.linkedin.com/in/paul-bonello,,Australia,Melbourne,5 years 7 months in company,"Company: Australia's leading private health insurer offering health insurance, telehealth, virtual care, and preventive health programs. | Fit: 3DLOOK FitXpress enhances Medibank's digital health services with AI-powered body measurements, remote progress tracking, and objective body data for weight management and preventive care."
cfd53ee10fdb,Phillip L.,Phillip,L.,Property Design Delivery Manager,Manager,Bupa Australia,https://www.bupa.com.au/,https://au.linkedin.com/in/hoaqlu,,Australia,Greater Melbourne Area,1 year 4 months in company,"Company: Leading Australian health insurer providing private health insurance, telehealth, primary care, aged care, dental, and preventive health services. | Fit: 3DLOOK FitXpress enhances Bupa's digital health and preventive care programs with AI-powered body measurements, remote progress tracking, and objective body data for weight management and chronic disease monitoring."
11971caa8ff3,Jon Chai,Jon,Chai,Loyalty Partnerships Manager,Manager,HCF Australia,https://www.hcf.com.au/,https://au.linkedin.com/in/jchai-,,Australia,Sydney,9 months in company,"Company: Australian not-for-profit health insurer offering private health insurance, telehealth, preventive health, and wellness programs. | Fit: 3DLOOK FitXpress enhances HCF's digital health services with AI-powered body measurements, remote progress tracking, and objective body data for preventive care, weight management, and chronic disease monitoring."
a80839b7b250,Jacqueline H.,Jacqueline,H.,Non Executive Director,C-Level,Medibank,https://www.medibank.com.au/,https://au.linkedin.com/in/jacqueline-mernone,,Australia,Australia,9 months in company,"Company: Australia's leading private health insurer offering health insurance, telehealth, virtual care, and preventive health programs. | Fit: 3DLOOK FitXpress enhances Medibank's digital health services with AI-powered body measurements, remote progress tracking, and objective body data for weight management and preventive care."
12f24c9437e5,Melvin Kurian,Melvin,Kurian,Principal Architect,Individual Contributor,Bupa Australia,https://www.bupa.com.au/,https://www.linkedin.com/in/melvinkurian/,,Australia,Greater Sydney Area,3 months in company,"Company: Leading Australian health insurer providing private health insurance, telehealth, primary care, aged care, dental, and preventive health services. | Fit: 3DLOOK FitXpress enhances Bupa's digital health and preventive care programs with AI-powered body measurements, remote progress tracking, and objective body data for weight management and chronic disease monitoring."
90fde53d053f,Ravikanth Kitchannagari,Ravikanth,Kitchannagari,Branch Manager,Manager,HCF Eyecare,https://www.hcf.com.au/,https://au.linkedin.com/in/ravikanth-kitchannagari-b5467082,,Australia,Greater Sydney Area,7 years 2 months in company,"Company: Australian not-for-profit health insurer offering private health insurance, telehealth, preventive health, and wellness programs. | Fit: 3DLOOK FitXpress enhances HCF's digital health services with AI-powered body measurements, remote progress tracking, and objective body data for preventive care, weight management, and chronic disease monitoring."
f12688f3f0e9,Mikaela Salazar,Mikaela,Salazar,Clinic Coordinator,C-Level,Bupa Australia,https://www.bupa.com.au/,https://au.linkedin.com/in/mikaela-salazar-1b2771294,,Australia,Sydney,5 months in company,"Company: Leading Australian health insurer providing private health insurance, telehealth, primary care, aged care, dental, and preventive health services. | Fit: 3DLOOK FitXpress enhances Bupa's digital health and preventive care programs with AI-powered body measurements, remote progress tracking, and objective body data for weight management and chronic disease monitoring."
6d167df0063f,Liam Jansen,Liam,Jansen,Head of Provider Analytics,Director,Medibank,https://www.medibank.com.au/,https://au.linkedin.com/in/liampeterjansen,,Australia,Greater Melbourne Area,11 years 7 months in company,"Company: Australia's leading private health insurer offering health insurance, telehealth, virtual care, and preventive health programs. | Fit: 3DLOOK FitXpress enhances Medibank's digital health services with AI-powered body measurements, remote progress tracking, and objective body data for weight management and preventive care."
1dadc520c1e5,Stuart Barnard,Stuart,Barnard,Head of Legal and Compliance/HCF Privacy Officer,Director,HCF Australia,https://www.hcf.com.au/,https://au.linkedin.com/in/stuart-barnard-b01842168,,Australia,Greater Sydney Area,12 years 11 months in company,"Company: Australian not-for-profit health insurer offering private health insurance, telehealth, preventive health, and wellness programs. | Fit: 3DLOOK FitXpress enhances HCF's digital health services with AI-powered body measurements, remote progress tracking, and objective body data for preventive care, weight management, and chronic disease monitoring."
86701e26b5ee,Katerina Komis,Katerina,Komis,Senior Subsidised Health Partnerships Manager,Manager,Medibank,https://www.medibank.com.au/,https://au.linkedin.com/in/katerina-komis,,Australia,Sydney,1 year in company,"Company: Australia's leading private health insurer offering health insurance, telehealth, virtual care, and preventive health programs. | Fit: 3DLOOK FitXpress enhances Medibank's digital health services with AI-powered body measurements, remote progress tracking, and objective body data for weight management and preventive care."
eb8390d8e732,Simon Uzunovski,Simon,Uzunovski,Director International & Corporate Portfolio,C-Level,Bupa Australia,https://www.bupa.com.au/,https://au.linkedin.com/in/simonuzunovski,,Australia,Greater Melbourne Area,5 years 3 months in company,"Company: Leading Australian health insurer providing private health insurance, telehealth, primary care, aged care, dental, and preventive health services. | Fit: 3DLOOK FitXpress enhances Bupa's digital health and preventive care programs with AI-powered body measurements, remote progress tracking, and objective body data for weight management and chronic disease monitoring."
aeeccec026c6,Colin Ryan,Colin,Ryan,Head of Business Operations - Technology APAC,Director,Bupa Australia,https://www.bupa.com.au/,https://au.linkedin.com/in/colin-ryan-ab0937126,,Australia,Brisbane,1 year 3 months in company,"Company: Leading Australian health insurer providing private health insurance, telehealth, primary care, aged care, dental, and preventive health services. | Fit: 3DLOOK FitXpress enhances Bupa's digital health and preventive care programs with AI-powered body measurements, remote progress tracking, and objective body data for weight management and chronic disease monitoring."
c8d63152718f,Megan Bowen,Megan,Bowen,HSW Partner,Individual Contributor,Medibank,https://www.medibank.com.au/,https://au.linkedin.com/in/bowenmegan,,Australia,Greater Sydney Area,9 years 11 months in company,"Company: Australia's leading private health insurer offering health insurance, telehealth, virtual care, and preventive health programs. | Fit: 3DLOOK FitXpress enhances Medibank's digital health services with AI-powered body measurements, remote progress tracking, and objective body data for weight management and preventive care."
7d4c86656b0d,Joanne Lee,Joanne,Lee,Corporate Communications Manager,Manager,Bupa Australia,https://www.bupa.com.au/,https://au.linkedin.com/in/joannekylielee,,Australia,Greater Melbourne Area,1 year 11 months in company,"Company: Leading Australian health insurer providing private health insurance, telehealth, primary care, aged care, dental, and preventive health services. | Fit: 3DLOOK FitXpress enhances Bupa's digital health and preventive care programs with AI-powered body measurements, remote progress tracking, and objective body data for weight management and chronic disease monitoring."
80784e9467d4,Shannon Orbons,Shannon,Orbons,Blua Product Director,C-Level,Bupa Australia,https://www.bupa.com.au/,https://au.linkedin.com/in/shannonorbons,,Australia,Greater Melbourne Area,7 years in company,"Company: Leading Australian health insurer providing private health insurance, telehealth, primary care, aged care, dental, and preventive health services. | Fit: 3DLOOK FitXpress enhances Bupa's digital health and preventive care programs with AI-powered body measurements, remote progress tracking, and objective body data for weight management and chronic disease monitoring."
274f7b614180,Nicole Hibbert,Nicole,Hibbert,Capability & Process Manager,Manager,Bupa Australia,https://www.bupa.com.au/,https://au.linkedin.com/in/nicole-hibbert-b95355245,,Australia,Carlton,2 months in company,"Company: Leading Australian health insurer providing private health insurance, telehealth, primary care, aged care, dental, and preventive health services. | Fit: 3DLOOK FitXpress enhances Bupa's digital health and preventive care programs with AI-powered body measurements, remote progress tracking, and objective body data for weight management and chronic disease monitoring."
75428cd32559,Shaikh Zama,Shaikh,Zama,Branch Manager,Manager,HCF Australia,https://www.hcf.com.au/,https://au.linkedin.com/in/shaikh-zama-7a001610b,,Australia,Sydney,6 months in company,"Company: Australian not-for-profit health insurer offering private health insurance, telehealth, preventive health, and wellness programs. | Fit: 3DLOOK FitXpress enhances HCF's digital health services with AI-powered body measurements, remote progress tracking, and objective body data for preventive care, weight management, and chronic disease monitoring."
6ca6caf30cf0,Margaret Canavan,Margaret,Canavan,Head of Customer Process Improvement,Director,Medibank,https://www.medibank.com.au/,https://au.linkedin.com/in/margaretcanavan,,Australia,Greater Melbourne Area,9 years 2 months in company,"Company: Australia's leading private health insurer offering health insurance, telehealth, virtual care, and preventive health programs. | Fit: 3DLOOK FitXpress enhances Medibank's digital health services with AI-powered body measurements, remote progress tracking, and objective body data for weight management and preventive care."
e00b642bf950,Anthony Joyce FIAA,Anthony,Joyce FIAA,Head of Capital and Reserving,Director,Medibank,https://www.medibank.com.au/,https://au.linkedin.com/in/anthony-joyce-fiaa-17490b11,,Australia,Greater Melbourne Area,13 years in company,"Company: Australia's leading private health insurer offering health insurance, telehealth, virtual care, and preventive health programs. | Fit: 3DLOOK FitXpress enhances Medibank's digital health services with AI-powered body measurements, remote progress tracking, and objective body data for weight management and preventive care."
155f54252571,Freya Peel,Freya,Peel,People and Culture Business Partner,Individual Contributor,HCF Australia,https://www.hcf.com.au/,https://au.linkedin.com/in/freya-peel-5b7916127,,Australia,Australia,2 years 11 months in company,"Company: Australian not-for-profit health insurer offering private health insurance, telehealth, preventive health, and wellness programs. | Fit: 3DLOOK FitXpress enhances HCF's digital health services with AI-powered body measurements, remote progress tracking, and objective body data for preventive care, weight management, and chronic disease monitoring."
064690e5e400,Kylie Simpson,Kylie,Simpson,Executive Assistant to the Managing Director,C-Level,Medibank,https://www.medibank.com.au/,https://au.linkedin.com/in/kylie-simpson-10019726,,Australia,Greater Melbourne Area,14 years 5 months in company,"Company: Australia's leading private health insurer offering health insurance, telehealth, virtual care, and preventive health programs. | Fit: 3DLOOK FitXpress enhances Medibank's digital health services with AI-powered body measurements, remote progress tracking, and objective body data for weight management and preventive care."
16ab6654283a,Celine Dickson,Celine,Dickson,General Manager - International Business,C-Level,HCF Australia,https://www.hcf.com.au/,https://au.linkedin.com/in/celine-dickson,,Australia,Greater Sydney Area,1 year 8 months in company,"Company: Australian not-for-profit health insurer offering private health insurance, telehealth, preventive health, and wellness programs. | Fit: 3DLOOK FitXpress enhances HCF's digital health services with AI-powered body measurements, remote progress tracking, and objective body data for preventive care, weight management, and chronic disease monitoring."
da04452949d7,Merima Ahmetasevic,Merima,Ahmetasevic,Acting Quality Partner,Individual Contributor,Bupa Australia,https://www.bupa.com.au/,https://au.linkedin.com/in/ahmetasevicmerima,,Australia,Australia,10 years 3 months in company,"Company: Leading Australian health insurer providing private health insurance, telehealth, primary care, aged care, dental, and preventive health services. | Fit: 3DLOOK FitXpress enhances Bupa's digital health and preventive care programs with AI-powered body measurements, remote progress tracking, and objective body data for weight management and chronic disease monitoring."
5457ba588d66,Virpi Tuite,Virpi,Tuite,People & Culture Business Partner,Individual Contributor,HCF Australia,https://www.hcf.com.au/,https://au.linkedin.com/in/virpituite,,Australia,Sydney,2 years 5 months in company,"Company: Australian not-for-profit health insurer offering private health insurance, telehealth, preventive health, and wellness programs. | Fit: 3DLOOK FitXpress enhances HCF's digital health services with AI-powered body measurements, remote progress tracking, and objective body data for preventive care, weight management, and chronic disease monitoring."
fdde7510efac,Aimee Mensink,Aimee,Mensink,Operational Excellence Partner,Individual Contributor,Bupa Australia,https://www.bupa.com.au/,https://au.linkedin.com/in/aimeemensink,,Australia,Melbourne,6 months in company,"Company: Leading Australian health insurer providing private health insurance, telehealth, primary care, aged care, dental, and preventive health services. | Fit: 3DLOOK FitXpress enhances Bupa's digital health and preventive care programs with AI-powered body measurements, remote progress tracking, and objective body data for weight management and chronic disease monitoring."
d54f2eab57c7,Jason Leon,Jason,Leon,Branch Manager,Manager,HCF Australia,https://www.hcf.com.au/,https://au.linkedin.com/in/jason-leon-403b1b149,,Australia,Greater Sydney Area,8 years 5 months in company,"Company: Australian not-for-profit health insurer offering private health insurance, telehealth, preventive health, and wellness programs. | Fit: 3DLOOK FitXpress enhances HCF's digital health services with AI-powered body measurements, remote progress tracking, and objective body data for preventive care, weight management, and chronic disease monitoring."
62a614936a96,Laurel Tennent,Laurel,Tennent,Territory Manager,Manager,Medibank,https://www.medibank.com.au/,https://au.linkedin.com/in/laurel-tennent-3757273b,,Australia,Yeppoon,19 years 3 months in company,"Company: Australia's leading private health insurer offering health insurance, telehealth, virtual care, and preventive health programs. | Fit: 3DLOOK FitXpress enhances Medibank's digital health services with AI-powered body measurements, remote progress tracking, and objective body data for weight management and preventive care."
2ae7ee3c6b9d,Helen Saunders,Helen,Saunders,Head of Commercial Performance,Director,Medibank,https://www.medibank.com.au/,https://au.linkedin.com/in/helen-saunders-8b808426,,Australia,Melbourne,5 years 11 months in company,"Company: Australia's leading private health insurer offering health insurance, telehealth, virtual care, and preventive health programs. | Fit: 3DLOOK FitXpress enhances Medibank's digital health services with AI-powered body measurements, remote progress tracking, and objective body data for weight management and preventive care."
716c04208ef8,Natalie Nicoll,Natalie,Nicoll,Head of Design,Director,Medibank,https://www.medibank.com.au/,https://au.linkedin.com/in/natalie-nicoll-41118586,,Australia,Greater Melbourne Area,16 years 11 months in company,"Company: Australia's leading private health insurer offering health insurance, telehealth, virtual care, and preventive health programs. | Fit: 3DLOOK FitXpress enhances Medibank's digital health services with AI-powered body measurements, remote progress tracking, and objective body data for weight management and preventive care."
c1534521b103,Will Mitchell,Will,Mitchell,Head of Consumer Proposition,Director,Medibank,https://www.medibank.com.au/,https://au.linkedin.com/in/will-mitchell-24144845,,Australia,Greater Melbourne Area,14 years 4 months in company,"Company: Australia's leading private health insurer offering health insurance, telehealth, virtual care, and preventive health programs. | Fit: 3DLOOK FitXpress enhances Medibank's digital health services with AI-powered body measurements, remote progress tracking, and objective body data for weight management and preventive care."
4ed58ad00256,Harry Robertson,Harry,Robertson,Chief Financial Officer,C-Level,HCF Australia,https://www.hcf.com.au/,https://www.linkedin.com/in/harryrobertson000/,,Australia,Greater Sydney Area,8 years 6 months in company,"Company: Australian not-for-profit health insurer offering private health insurance, telehealth, preventive health, and wellness programs. | Fit: 3DLOOK FitXpress enhances HCF's digital health services with AI-powered body measurements, remote progress tracking, and objective body data for preventive care, weight management, and chronic disease monitoring."
b2257a0698a6,Jeremy Dufner,Jeremy,Dufner,Head of Work Architecture and Enablement,Director,Medibank,https://www.medibank.com.au/,https://www.linkedin.com/in/jdufner/,,Australia,Greater Sydney Area,2 years 5 months in company,"Company: Australia's leading private health insurer offering health insurance, telehealth, virtual care, and preventive health programs. | Fit: 3DLOOK FitXpress enhances Medibank's digital health services with AI-powered body measurements, remote progress tracking, and objective body data for weight management and preventive care."
a19f9657a53a,Marcos Faria-Silva,Marcos,Faria-Silva,"Head of Legal - Technology, Procurement & Spaces",Director,Medibank,https://www.medibank.com.au/,https://au.linkedin.com/in/marcos-faria-silva-38a00a26,,Australia,Melbourne,5 years 10 months in company,"Company: Australia's leading private health insurer offering health insurance, telehealth, virtual care, and preventive health programs. | Fit: 3DLOOK FitXpress enhances Medibank's digital health services with AI-powered body measurements, remote progress tracking, and objective body data for weight management and preventive care."
92f65dbd8c9e,Huy Nguyen,Huy,Nguyen,Data Scientist,Individual Contributor,Medibank,https://www.medibank.com.au/,https://au.linkedin.com/in/huy-xuan-nguyen,,Australia,Melbourne,4 years in company,"Company: Australia's leading private health insurer offering health insurance, telehealth, virtual care, and preventive health programs. | Fit: 3DLOOK FitXpress enhances Medibank's digital health services with AI-powered body measurements, remote progress tracking, and objective body data for weight management and preventive care."
50b0c242b279,Roman Z.,Roman,Z.,Group Senior Manager • Strategy,Manager,Bupa Australia,https://www.bupa.com.au/,https://au.linkedin.com/in/roman-z,,Australia,Melbourne,7 months in company,"Company: Leading Australian health insurer providing private health insurance, telehealth, primary care, aged care, dental, and preventive health services. | Fit: 3DLOOK FitXpress enhances Bupa's digital health and preventive care programs with AI-powered body measurements, remote progress tracking, and objective body data for weight management and chronic disease monitoring."
5a2688b07f83,Joslyn Swan,Joslyn,Swan,Practice Manager,Manager,Bupa Australia,https://www.bupa.com.au/,https://au.linkedin.com/in/joslyn-swan-a93225b1,,Australia,Macksville,13 years 7 months in company,"Company: Leading Australian health insurer providing private health insurance, telehealth, primary care, aged care, dental, and preventive health services. | Fit: 3DLOOK FitXpress enhances Bupa's digital health and preventive care programs with AI-powered body measurements, remote progress tracking, and objective body data for weight management and chronic disease monitoring."
5c2352c0039f,Ben Liu,Ben,Liu,Analytics Manager - Payment Integrity,Manager,Medibank,https://www.medibank.com.au/,https://au.linkedin.com/in/ben-liu96,,Australia,Greater Melbourne Area,3 years 6 months in company,"Company: Australia's leading private health insurer offering health insurance, telehealth, virtual care, and preventive health programs. | Fit: 3DLOOK FitXpress enhances Medibank's digital health services with AI-powered body measurements, remote progress tracking, and objective body data for weight management and preventive care."
4445e3b8bb08,Sabrina Goldhahn,Sabrina,Goldhahn,Head of Corporate Strategy,Director,HCF Australia,https://www.hcf.com.au/,https://au.linkedin.com/in/sabrinagoldhahn,,Australia,Greater Sydney Area,10 years 10 months in company,"Company: Australian not-for-profit health insurer offering private health insurance, telehealth, preventive health, and wellness programs. | Fit: 3DLOOK FitXpress enhances HCF's digital health services with AI-powered body measurements, remote progress tracking, and objective body data for preventive care, weight management, and chronic disease monitoring."
1a2ab9918ea6,Naomi Hickey-Humble,Naomi,Hickey-Humble,Head of Legal Operations,Director,Medibank,https://www.medibank.com.au/,https://au.linkedin.com/in/lauren-ziegelaar-806491119,,Australia,Greater Melbourne Area,2 months in company,"Company: Australia's leading private health insurer offering health insurance, telehealth, virtual care, and preventive health programs. | Fit: 3DLOOK FitXpress enhances Medibank's digital health services with AI-powered body measurements, remote progress tracking, and objective body data for weight management and preventive care."
45bbd5663195,Lance Harvey,Lance,Harvey,Finance Business Partner,Individual Contributor,Medibank,https://www.medibank.com.au/,https://au.linkedin.com/in/lance-harvey-417a314a,,Australia,Greater Melbourne Area,14 years 3 months in company,"Company: Australia's leading private health insurer offering health insurance, telehealth, virtual care, and preventive health programs. | Fit: 3DLOOK FitXpress enhances Medibank's digital health services with AI-powered body measurements, remote progress tracking, and objective body data for weight management and preventive care."
91eefedd2515,Michael Norton,Michael,Norton,Head of PHI Operations,Director,Medibank,https://www.medibank.com.au/,https://au.linkedin.com/in/michael-norton-64b316116,,Australia,Briar Hill,15 years 6 months in company,"Company: Australia's leading private health insurer offering health insurance, telehealth, virtual care, and preventive health programs. | Fit: 3DLOOK FitXpress enhances Medibank's digital health services with AI-powered body measurements, remote progress tracking, and objective body data for weight management and preventive care."
743a44e7a30e,Saroja McDonnell,Saroja,McDonnell,"Head of Commercial, Delivery & Performance",Director,Bupa Australia,https://www.bupa.com.au/,https://au.linkedin.com/in/saroja-mcdonnell,,Australia,Greater Sydney Area,1 year 3 months in company,"Company: Leading Australian health insurer providing private health insurance, telehealth, primary care, aged care, dental, and preventive health services. | Fit: 3DLOOK FitXpress enhances Bupa's digital health and preventive care programs with AI-powered body measurements, remote progress tracking, and objective body data for weight management and chronic disease monitoring."
867ebcd02ec9,Kate T.,Kate,T.,Employee Change & Communications Partner,Individual Contributor,Medibank,https://www.medibank.com.au/,https://au.linkedin.com/in/kate-luxmoore,,Australia,Australia,4 years 5 months in company,"Company: Australia's leading private health insurer offering health insurance, telehealth, virtual care, and preventive health programs. | Fit: 3DLOOK FitXpress enhances Medibank's digital health services with AI-powered body measurements, remote progress tracking, and objective body data for weight management and preventive care."
a9e1e281bef2,Bryant Da Silva,Bryant,Da Silva,Head of Operations and Planning,Director,HCF Australia,https://www.hcf.com.au/,https://au.linkedin.com/in/bryant-da-silva-4664a631,,Australia,Greater Sydney Area,14 years 9 months in company,"Company: Australian not-for-profit health insurer offering private health insurance, telehealth, preventive health, and wellness programs. | Fit: 3DLOOK FitXpress enhances HCF's digital health services with AI-powered body measurements, remote progress tracking, and objective body data for preventive care, weight management, and chronic disease monitoring."
fb37cf43bbd0,Les Schilling,Les,Schilling,End User Services Manager,Manager,HCF Australia,https://www.hcf.com.au/,https://au.linkedin.com/in/les-schilling-1296b049,,Australia,Sydney,7 years 5 months in company,"Company: Australian not-for-profit health insurer offering private health insurance, telehealth, preventive health, and wellness programs. | Fit: 3DLOOK FitXpress enhances HCF's digital health services with AI-powered body measurements, remote progress tracking, and objective body data for preventive care, weight management, and chronic disease monitoring."
e01d3e86eb23,Brian Smith,Brian,Smith,Manager Growth and Engagement Overseas Partnerships,Manager,Medibank,https://www.medibank.com.au/,https://au.linkedin.com/in/brian-smith-4692062,,Australia,Australia,7 months in company,"Company: Australia's leading private health insurer offering health insurance, telehealth, virtual care, and preventive health programs. | Fit: 3DLOOK FitXpress enhances Medibank's digital health services with AI-powered body measurements, remote progress tracking, and objective body data for weight management and preventive care."
bb97317d1009,Gabor Devenyi,Gabor,Devenyi,Continuous Delivery Manager,Manager,Bupa Australia,https://www.bupa.com.au/,https://au.linkedin.com/in/gabordevenyi,,Australia,Melbourne,4 months in company,"Company: Leading Australian health insurer providing private health insurance, telehealth, primary care, aged care, dental, and preventive health services. | Fit: 3DLOOK FitXpress enhances Bupa's digital health and preventive care programs with AI-powered body measurements, remote progress tracking, and objective body data for weight management and chronic disease monitoring."
4c41a15bb45c,Lauren Bartlett,Lauren,Bartlett,Integration Director,C-Level,Bupa Australia,https://www.bupa.com.au/,https://au.linkedin.com/in/laurenjbartlett,,Australia,Melbourne,4 months in company,"Company: Leading Australian health insurer providing private health insurance, telehealth, primary care, aged care, dental, and preventive health services. | Fit: 3DLOOK FitXpress enhances Bupa's digital health and preventive care programs with AI-powered body measurements, remote progress tracking, and objective body data for weight management and chronic disease monitoring."
32baf45b3442,Natalie Lambie,Natalie,Lambie,Pharmacist in Charge,Individual Contributor,Bupa Australia,https://www.bupa.com.au/,https://www.linkedin.com/in/natalie-lambie-7599633b2/,,Australia,Australia,2 years 9 months in company,"Company: Leading Australian health insurer providing private health insurance, telehealth, primary care, aged care, dental, and preventive health services. | Fit: 3DLOOK FitXpress enhances Bupa's digital health and preventive care programs with AI-powered body measurements, remote progress tracking, and objective body data for weight management and chronic disease monitoring."
edcbd19e871f,Andy Pavalache,Andy,Pavalache,VP of Customer,VP,Mosh,https://www.linkedin.com/sales/company/19118724?_ntb=NBezZEnWSwKWEZ547CNDsQ%3D%3D,https://au.linkedin.com/in/andy-pavalache-0aa4b0180,,Australia,Perth,3 years 3 months in company,"Company: Australian digital health platform providing online care for weight loss, men's health, hair loss, and mental health through telehealth consultations and ongoing treatment programs. | Fit: 3DLOOK FitXpress enhances Mosh's weight management and virtual care programs with AI-powered body measurements, visual progress tracking, and objective body data to monitor patient outcomes remotely."
fe2bd25519b8,Phoebe Aluquin,Phoebe,Aluquin,Integrated Care Partnerships Manager,Manager,HCF Australia,https://www.hcf.com.au/,https://au.linkedin.com/in/phoebe-aluquin-0485b6178,,Australia,Greater Sydney Area,13 years 4 months in company,"Company: Australian not-for-profit health insurer offering private health insurance, telehealth, preventive health, and wellness programs. | Fit: 3DLOOK FitXpress enhances HCF's digital health services with AI-powered body measurements, remote progress tracking, and objective body data for preventive care, weight management, and chronic disease monitoring."
4c8f3a5394d2,Jeremy Forrester,Jeremy,Forrester,Chief Technology Officer,C-Level,qoctor,https://www.linkedin.com/sales/company/17947666?_ntb=NBezZEnWSwKWEZ547CNDsQ%3D%3D,https://au.linkedin.com/in/jeremy-forrester-5569ba1,,Australia,Greater Melbourne Area,9 years 9 months in company,Company:  | Fit: 
58e13d21703a,Charbel H.,Charbel,H.,Head of Financial Wellbeing,Director,Medibank,https://www.medibank.com.au/,https://www.linkedin.com/in/charbelmarketing,,Australia,Australia,9 years 11 months in company,"Company: Australia's leading private health insurer offering health insurance, telehealth, virtual care, and preventive health programs. | Fit: 3DLOOK FitXpress enhances Medibank's digital health services with AI-powered body measurements, remote progress tracking, and objective body data for weight management and preventive care."
e1613fb96ad5,Bernadette Fallon,Bernadette,Fallon,Head of Department,Director,HCF Australia,https://www.hcf.com.au/,https://au.linkedin.com/in/bernadette-fallon-9518aa133,,Australia,Mooloolah Valley,1 year 1 month in company,"Company: Australian not-for-profit health insurer offering private health insurance, telehealth, preventive health, and wellness programs. | Fit: 3DLOOK FitXpress enhances HCF's digital health services with AI-powered body measurements, remote progress tracking, and objective body data for preventive care, weight management, and chronic disease monitoring."
6ea29d706149,Peta Gale,Peta,Gale,Center Manager,Manager,Bupa Australia,https://www.bupa.com.au/,https://au.linkedin.com/in/peta-gale-85416985,,Australia,Canberra,1 year in company,"Company: Leading Australian health insurer providing private health insurance, telehealth, primary care, aged care, dental, and preventive health services. | Fit: 3DLOOK FitXpress enhances Bupa's digital health and preventive care programs with AI-powered body measurements, remote progress tracking, and objective body data for weight management and chronic disease monitoring."
875f15ffca74,Andrew Kelson,Andrew,Kelson,Program Director,C-Level,HCF Australia,https://www.hcf.com.au/,https://au.linkedin.com/in/andrew-kelson-49138997,,Australia,Australia,13 years 11 months in company,"Company: Australian not-for-profit health insurer offering private health insurance, telehealth, preventive health, and wellness programs. | Fit: 3DLOOK FitXpress enhances HCF's digital health services with AI-powered body measurements, remote progress tracking, and objective body data for preventive care, weight management, and chronic disease monitoring."
32fb0878e319,Ang Diki Sherpa,Ang,Diki Sherpa,Technology Application Owner - Clinical,Individual Contributor,Bupa Australia,https://www.bupa.com.au/,https://au.linkedin.com/in/ang-diki-sherpa-580460344,,Australia,Australia,3 years 3 months in company,"Company: Leading Australian health insurer providing private health insurance, telehealth, primary care, aged care, dental, and preventive health services. | Fit: 3DLOOK FitXpress enhances Bupa's digital health and preventive care programs with AI-powered body measurements, remote progress tracking, and objective body data for weight management and chronic disease monitoring."
2de7df870412,Robin Low,Robin,Low,Non Executive Director,C-Level,HCF Australia,https://www.hcf.com.au/,https://au.linkedin.com/in/robin-low-b4b4164,,Australia,Greater Sydney Area,6 months in company,"Company: Australian not-for-profit health insurer offering private health insurance, telehealth, preventive health, and wellness programs. | Fit: 3DLOOK FitXpress enhances HCF's digital health services with AI-powered body measurements, remote progress tracking, and objective body data for preventive care, weight management, and chronic disease monitoring."
7c207e9d6935,Sian McConnell,Sian,McConnell,Director of Strategic Projects & Planning,C-Level,Bupa Australia,https://www.bupa.com.au/,https://au.linkedin.com/in/sian-mcconnell-66966824,,Australia,Greater Melbourne Area,1 year in company,"Company: Leading Australian health insurer providing private health insurance, telehealth, primary care, aged care, dental, and preventive health services. | Fit: 3DLOOK FitXpress enhances Bupa's digital health and preventive care programs with AI-powered body measurements, remote progress tracking, and objective body data for weight management and chronic disease monitoring."
1dc1cfe24e40,David Given,David,Given,Head of Planning and Reporting,Director,Medibank,https://www.medibank.com.au/,https://au.linkedin.com/in/dgiven,,Australia,Greater Melbourne Area,12 years in company,"Company: Australia's leading private health insurer offering health insurance, telehealth, virtual care, and preventive health programs. | Fit: 3DLOOK FitXpress enhances Medibank's digital health services with AI-powered body measurements, remote progress tracking, and objective body data for weight management and preventive care."
e9705e5611f1,Sophie Dutton,Sophie,Dutton,Health Policy Manager,Manager,Medibank,https://www.medibank.com.au/,https://au.linkedin.com/in/sophie-dutton-58721a123,,Australia,Greater Sydney Area,7 years 5 months in company,"Company: Australia's leading private health insurer offering health insurance, telehealth, virtual care, and preventive health programs. | Fit: 3DLOOK FitXpress enhances Medibank's digital health services with AI-powered body measurements, remote progress tracking, and objective body data for weight management and preventive care."
b64bf90cbda3,Catherine Hallinan,Catherine,Hallinan,Non Executive Director,C-Level,HCF Australia,https://www.hcf.com.au/,https://au.linkedin.com/in/catherinehallinan,,Australia,Greater Sydney Area,7 years 7 months in company,"Company: Australian not-for-profit health insurer offering private health insurance, telehealth, preventive health, and wellness programs. | Fit: 3DLOOK FitXpress enhances HCF's digital health services with AI-powered body measurements, remote progress tracking, and objective body data for preventive care, weight management, and chronic disease monitoring."
13fd608c34cf,Katherine Howson,Katherine,Howson,Clinical Technology Application Owner,Individual Contributor,Bupa Australia,https://www.bupa.com.au/,https://au.linkedin.com/in/katherine-howson-rn,,Australia,Sydney,7 months in company,"Company: Leading Australian health insurer providing private health insurance, telehealth, primary care, aged care, dental, and preventive health services. | Fit: 3DLOOK FitXpress enhances Bupa's digital health and preventive care programs with AI-powered body measurements, remote progress tracking, and objective body data for weight management and chronic disease monitoring."
f696621a0315,David Ung,David,Ung,Enterprise Architect - Healthcare,Individual Contributor,Bupa Australia,https://www.bupa.com.au/,https://au.linkedin.com/in/davidung8,,Australia,Melbourne,9 months in company,"Company: Leading Australian health insurer providing private health insurance, telehealth, primary care, aged care, dental, and preventive health services. | Fit: 3DLOOK FitXpress enhances Bupa's digital health and preventive care programs with AI-powered body measurements, remote progress tracking, and objective body data for weight management and chronic disease monitoring."
212e92061c45,Peter Evans,Peter,Evans,"Finance Business Partner - JV and Invested Assets, Amplar Health",Individual Contributor,Medibank,https://www.medibank.com.au/,https://au.linkedin.com/in/pevansmelb,,Australia,Melbourne,14 years 8 months in company,"Company: Australia's leading private health insurer offering health insurance, telehealth, virtual care, and preventive health programs. | Fit: 3DLOOK FitXpress enhances Medibank's digital health services with AI-powered body measurements, remote progress tracking, and objective body data for weight management and preventive care."
34000611b9fa,Francesca Marney,Francesca,Marney,People and Culture Business Partner,Individual Contributor,HCF Australia,https://www.hcf.com.au/,https://au.linkedin.com/in/francesca-marney-792619170,,Australia,Sydney,2 years in company,"Company: Australian not-for-profit health insurer offering private health insurance, telehealth, preventive health, and wellness programs. | Fit: 3DLOOK FitXpress enhances HCF's digital health services with AI-powered body measurements, remote progress tracking, and objective body data for preventive care, weight management, and chronic disease monitoring."
e61247cf310d,Benjamin Ho,Benjamin,Ho,Head of Tax,Director,Medibank,https://www.medibank.com.au/,https://au.linkedin.com/in/benjamin-ho-6a442985,,Australia,Melbourne,12 years 4 months in company,"Company: Australia's leading private health insurer offering health insurance, telehealth, virtual care, and preventive health programs. | Fit: 3DLOOK FitXpress enhances Medibank's digital health services with AI-powered body measurements, remote progress tracking, and objective body data for weight management and preventive care."
584d0b15a2e1,Gagan Sandhu,Gagan,Sandhu,Product Owner,Individual Contributor,Bupa Australia,https://www.bupa.com.au/,https://au.linkedin.com/in/gaganksandhu,,Australia,Greater Melbourne Area,2 months in company,"Company: Leading Australian health insurer providing private health insurance, telehealth, primary care, aged care, dental, and preventive health services. | Fit: 3DLOOK FitXpress enhances Bupa's digital health and preventive care programs with AI-powered body measurements, remote progress tracking, and objective body data for weight management and chronic disease monitoring."
d9d889ce49fb,Prue M.,Prue,M.,Head of HealthStrong,Director,Medibank,https://www.medibank.com.au/,https://au.linkedin.com/in/prue-m-85700314,,Australia,Greater Melbourne Area,2 years 10 months in company,"Company: Australia's leading private health insurer offering health insurance, telehealth, virtual care, and preventive health programs. | Fit: 3DLOOK FitXpress enhances Medibank's digital health services with AI-powered body measurements, remote progress tracking, and objective body data for weight management and preventive care."
c6e0e1cd3da2,Suja Pillai,Suja,Pillai,Customer Support Manager,Manager,InstantScripts,https://www.instantscripts.com.au/,https://au.linkedin.com/in/suja-pillai,,Australia,Greater Melbourne Area,3 years 10 months in company,"Company: Australian telehealth platform offering online doctor consultations, eScripts, pathology requests, specialist referrals, and healthcare services. | Fit: DLOOK FitXpress complements InstantScripts' virtual care model by providing AI-powered body measurements, remote progress tracking, and objective body data for weight management, preventive care, and chronic disease monitoring."
357e5d60679e,Chris Carr,Chris,Carr,Cloud Security Architect,Individual Contributor,HCF Australia,https://www.hcf.com.au/,https://au.linkedin.com/in/chriscarr0416096693,,Australia,Greater Sydney Area,2 years 10 months in company,"Company: Australian not-for-profit health insurer offering private health insurance, telehealth, preventive health, and wellness programs. | Fit: 3DLOOK FitXpress enhances HCF's digital health services with AI-powered body measurements, remote progress tracking, and objective body data for preventive care, weight management, and chronic disease monitoring."
d018a6e0c4d3,Catherine Conte,Catherine,Conte,Head of Privacy Legal,Director,Medibank,https://www.medibank.com.au/,https://au.linkedin.com/in/catherineconte,,Australia,Greater Melbourne Area,1 year 10 months in company,"Company: Australia's leading private health insurer offering health insurance, telehealth, virtual care, and preventive health programs. | Fit: 3DLOOK FitXpress enhances Medibank's digital health services with AI-powered body measurements, remote progress tracking, and objective body data for weight management and preventive care."
0bf47f9d444c,James Howgate,James,Howgate,Provider Network Manager,Manager,Medibank,https://www.medibank.com.au/,https://au.linkedin.com/in/james-howgate-699488b,,Australia,Greater Melbourne Area,3 months in company,"Company: Australia's leading private health insurer offering health insurance, telehealth, virtual care, and preventive health programs. | Fit: 3DLOOK FitXpress enhances Medibank's digital health services with AI-powered body measurements, remote progress tracking, and objective body data for weight management and preventive care."
30035d2e1c67,Judit Kovacs,Judit,Kovacs,National Manager Operational Excellence,Manager,Bupa Australia,https://www.bupa.com.au/,https://au.linkedin.com/in/judit-kovacs-1267a7169,,Australia,Collingwood,7 months in company,"Company: Leading Australian health insurer providing private health insurance, telehealth, primary care, aged care, dental, and preventive health services. | Fit: 3DLOOK FitXpress enhances Bupa's digital health and preventive care programs with AI-powered body measurements, remote progress tracking, and objective body data for weight management and chronic disease monitoring."
41b6c063d359,Sarah Luff,Sarah,Luff,Head of Remediation,Director,Bupa Australia,https://www.bupa.com.au/,https://au.linkedin.com/in/sarah-luff,,Australia,Sydney,3 years 3 months in company,"Company: Leading Australian health insurer providing private health insurance, telehealth, primary care, aged care, dental, and preventive health services. | Fit: 3DLOOK FitXpress enhances Bupa's digital health and preventive care programs with AI-powered body measurements, remote progress tracking, and objective body data for weight management and chronic disease monitoring."
6712fd48542c,Daniela M.,Daniela,M.,Manager,Manager,HCF Australia,https://www.hcf.com.au/,https://au.linkedin.com/in/stephany-daniela-borja-920b68123,,Australia,Australia,19 years 5 months in company,"Company: Australian not-for-profit health insurer offering private health insurance, telehealth, preventive health, and wellness programs. | Fit: 3DLOOK FitXpress enhances HCF's digital health services with AI-powered body measurements, remote progress tracking, and objective body data for preventive care, weight management, and chronic disease monitoring."
ed9f763b94fc,Lisa Townsend,Lisa,Townsend,Branch Manager,Manager,HCF Australia,https://www.hcf.com.au/,https://au.linkedin.com/in/lisa-townsend-31a54660,,Australia,Sunshine Coast,4 years 7 months in company,"Company: Australian not-for-profit health insurer offering private health insurance, telehealth, preventive health, and wellness programs. | Fit: 3DLOOK FitXpress enhances HCF's digital health services with AI-powered body measurements, remote progress tracking, and objective body data for preventive care, weight management, and chronic disease monitoring."
06638733130c,Eadaoin Doherty,Eadaoin,Doherty,Head of Product - Ventures,Director,Medibank,https://www.medibank.com.au/,https://au.linkedin.com/in/eadaoindoherty,,Australia,Greater Melbourne Area,1 year 11 months in company,"Company: Australia's leading private health insurer offering health insurance, telehealth, virtual care, and preventive health programs. | Fit: 3DLOOK FitXpress enhances Medibank's digital health services with AI-powered body measurements, remote progress tracking, and objective body data for weight management and preventive care."
6e81d1209f76,LEONARD MAPANGA,LEONARD,MAPANGA,Business Adminstration Manager,Manager,Bupa Australia,https://www.bupa.com.au/,https://au.linkedin.com/in/leonard-mapanga-3a54a286,,Australia,Greater Sydney Area,11 years 6 months in company,"Company: Leading Australian health insurer providing private health insurance, telehealth, primary care, aged care, dental, and preventive health services. | Fit: 3DLOOK FitXpress enhances Bupa's digital health and preventive care programs with AI-powered body measurements, remote progress tracking, and objective body data for weight management and chronic disease monitoring."
643c5d8e6dd6,Nicole Olaris,Nicole,Olaris,Group Reporting Manager,Manager,Medibank,https://www.medibank.com.au/,https://au.linkedin.com/in/nicole-olaris-51853494,,Australia,Greater Melbourne Area,8 years 4 months in company,"Company: Australia's leading private health insurer offering health insurance, telehealth, virtual care, and preventive health programs. | Fit: 3DLOOK FitXpress enhances Medibank's digital health services with AI-powered body measurements, remote progress tracking, and objective body data for weight management and preventive care."
87aec047fcfd,Funda A.,Funda,A.,MarTech Data Manager,Manager,Medibank,https://www.medibank.com.au/,https://au.linkedin.com/in/fundaaksan,,Australia,Greater Melbourne Area,1 year 5 months in company,"Company: Australia's leading private health insurer offering health insurance, telehealth, virtual care, and preventive health programs. | Fit: 3DLOOK FitXpress enhances Medibank's digital health services with AI-powered body measurements, remote progress tracking, and objective body data for weight management and preventive care."
e73e2e789185,Saul Lazar,Saul,Lazar,Head of Legal - Providers,Director,Medibank,https://www.medibank.com.au/,https://au.linkedin.com/in/saul-lazar-4a009522,,Australia,Melbourne,4 years 5 months in company,"Company: Australia's leading private health insurer offering health insurance, telehealth, virtual care, and preventive health programs. | Fit: 3DLOOK FitXpress enhances Medibank's digital health services with AI-powered body measurements, remote progress tracking, and objective body data for weight management and preventive care."
e98fed67e2bc,Linda Hamlyn,Linda,Hamlyn,Practice Manager,Manager,Medibank Health Solutions,https://www.medibank.com.au/,https://au.linkedin.com/in/linda-hamlyn-871630a1,,Australia,Greater Brisbane Area,in company,"Company: Australia's leading private health insurer offering health insurance, telehealth, virtual care, and preventive health programs. | Fit: 3DLOOK FitXpress enhances Medibank's digital health services with AI-powered body measurements, remote progress tracking, and objective body data for weight management and preventive care."
af3a93a81cf8,Gurdeep Sodhi,Gurdeep,Sodhi,Branch Manager,Manager,HCF Australia,https://www.hcf.com.au/,https://au.linkedin.com/in/gurdeepsodhi,,Australia,Australia,39 years 7 months in company,"Company: Australian not-for-profit health insurer offering private health insurance, telehealth, preventive health, and wellness programs. | Fit: 3DLOOK FitXpress enhances HCF's digital health services with AI-powered body measurements, remote progress tracking, and objective body data for preventive care, weight management, and chronic disease monitoring."
c935f10e9439,Moran Eller O'Neill,Moran,Eller O'Neill,Branch Manager,Manager,HCF Australia,https://www.hcf.com.au/,https://au.linkedin.com/in/moran-eller-o-neill-ba3683118,,Australia,Rosebery,3 years 2 months in company,"Company: Australian not-for-profit health insurer offering private health insurance, telehealth, preventive health, and wellness programs. | Fit: 3DLOOK FitXpress enhances HCF's digital health services with AI-powered body measurements, remote progress tracking, and objective body data for preventive care, weight management, and chronic disease monitoring."
94129b3bb4c1,Jasmine N.,Jasmine,N.,Experience Design Manager,Manager,Bupa Australia,https://www.bupa.com.au/,https://au.linkedin.com/in/nguyen-jasmine,,Australia,Greater Sydney Area,8 months in company,"Company: Leading Australian health insurer providing private health insurance, telehealth, primary care, aged care, dental, and preventive health services. | Fit: 3DLOOK FitXpress enhances Bupa's digital health and preventive care programs with AI-powered body measurements, remote progress tracking, and objective body data for weight management and chronic disease monitoring."
c5b73caf1992,Zakir S,Zakir,S,Product Owner,Individual Contributor,HCF Australia,https://www.hcf.com.au/,https://au.linkedin.com/in/zakir-s-aa8ba954,,Australia,Sydney,2 years 6 months in company,"Company: Australian not-for-profit health insurer offering private health insurance, telehealth, preventive health, and wellness programs. | Fit: 3DLOOK FitXpress enhances HCF's digital health services with AI-powered body measurements, remote progress tracking, and objective body data for preventive care, weight management, and chronic disease monitoring."
395e17088e34,Caitlin Clarke,Caitlin,Clarke,"Employee Change and Communications Partner, Amplar Health",Individual Contributor,Medibank,https://www.medibank.com.au/,https://au.linkedin.com/in/caitlin-clarke-615135204,,Australia,Australia,3 months in company,"Company: Australia's leading private health insurer offering health insurance, telehealth, virtual care, and preventive health programs. | Fit: 3DLOOK FitXpress enhances Medibank's digital health services with AI-powered body measurements, remote progress tracking, and objective body data for weight management and preventive care."
905e876cb047,Suman Nadimpalli,Suman,Nadimpalli,Head of New Business Delivery,Director,Medibank,https://www.medibank.com.au/,https://au.linkedin.com/in/suman-nadimpalli-28973524,,Australia,Mildura,14 years 5 months in company,"Company: Australia's leading private health insurer offering health insurance, telehealth, virtual care, and preventive health programs. | Fit: 3DLOOK FitXpress enhances Medibank's digital health services with AI-powered body measurements, remote progress tracking, and objective body data for weight management and preventive care."
7014a205aa1a,Andrew Carlson,Andrew,Carlson,Head of Customer channels,Director,Medibank,https://www.medibank.com.au/,https://au.linkedin.com/in/andrew-carlson-b310281a,,Australia,Greater Brisbane Area,5 years 9 months in company,"Company: Australia's leading private health insurer offering health insurance, telehealth, virtual care, and preventive health programs. | Fit: 3DLOOK FitXpress enhances Medibank's digital health services with AI-powered body measurements, remote progress tracking, and objective body data for weight management and preventive care."
b011e8ca13b6,Tara Houkamau,Tara,Houkamau,Head of Wellbeing Legal,Director,Medibank,https://www.medibank.com.au/,https://au.linkedin.com/in/tarahoukamau,,Australia,Melbourne,2 years 5 months in company,"Company: Australia's leading private health insurer offering health insurance, telehealth, virtual care, and preventive health programs. | Fit: 3DLOOK FitXpress enhances Medibank's digital health services with AI-powered body measurements, remote progress tracking, and objective body data for weight management and preventive care."
5d81dca219c3,Dimitri Karatsas,Dimitri,Karatsas,Technology Lead,Manager,Medibank,https://www.medibank.com.au/,https://au.linkedin.com/in/dimitri-karatsas-591355a,,Australia,Docklands,10 years 9 months in company,"Company: Australia's leading private health insurer offering health insurance, telehealth, virtual care, and preventive health programs. | Fit: 3DLOOK FitXpress enhances Medibank's digital health services with AI-powered body measurements, remote progress tracking, and objective body data for weight management and preventive care."
fa309fdce2cd,Julie Ellis,Julie,Ellis,Branch Manager,Manager,HCF Australia,https://www.hcf.com.au/,https://au.linkedin.com/in/julie-ellis-4050a3152,,Australia,Coffs Harbour,19 years 5 months in company,"Company: Australian not-for-profit health insurer offering private health insurance, telehealth, preventive health, and wellness programs. | Fit: 3DLOOK FitXpress enhances HCF's digital health services with AI-powered body measurements, remote progress tracking, and objective body data for preventive care, weight management, and chronic disease monitoring."
d3514df4b4d8,Radhika Chabbra,Radhika,Chabbra,Principal Engineer,Individual Contributor,Medibank,https://www.medibank.com.au/,https://www.linkedin.com/in/radhika-chabbra-24186b62/,,Australia,Sydney,1 year 10 months in company,"Company: Australia's leading private health insurer offering health insurance, telehealth, virtual care, and preventive health programs. | Fit: 3DLOOK FitXpress enhances Medibank's digital health services with AI-powered body measurements, remote progress tracking, and objective body data for weight management and preventive care."
d24957d3cc29,Heidi Loureiro,Heidi,Loureiro,Head of Portfolio Management - HI Growth,Director,Bupa Australia,https://www.bupa.com.au/,https://au.linkedin.com/in/heidi-loureiro,,Australia,Adelaide,8 months in company,"Company: Leading Australian health insurer providing private health insurance, telehealth, primary care, aged care, dental, and preventive health services. | Fit: 3DLOOK FitXpress enhances Bupa's digital health and preventive care programs with AI-powered body measurements, remote progress tracking, and objective body data for weight management and chronic disease monitoring."
18a13c068c35,Henry Pando,Henry,Pando,IT Finance Procurement Partner,Individual Contributor,Medibank,https://www.medibank.com.au/,https://au.linkedin.com/in/henry-pando-40b14bb8,,Australia,Sandhurst,14 years 5 months in company,"Company: Australia's leading private health insurer offering health insurance, telehealth, virtual care, and preventive health programs. | Fit: 3DLOOK FitXpress enhances Medibank's digital health services with AI-powered body measurements, remote progress tracking, and objective body data for weight management and preventive care."
c9f3fe4ebef2,Hakan Hurriyet,Hakan,Hurriyet,Program Director - Community Lead,C-Level,HCF Australia,https://www.hcf.com.au/,https://au.linkedin.com/in/hakan-hurriyet-47648711b,,Australia,Greater Sydney Area,28 years 2 months in company,"Company: Australian not-for-profit health insurer offering private health insurance, telehealth, preventive health, and wellness programs. | Fit: 3DLOOK FitXpress enhances HCF's digital health services with AI-powered body measurements, remote progress tracking, and objective body data for preventive care, weight management, and chronic disease monitoring."
705be05233fd,Ahmed Umair Hassan,Ahmed,Umair Hassan,Integration Platform Architect,Individual Contributor,HCF Australia,https://www.hcf.com.au/,https://au.linkedin.com/in/ahmeduhassan,,Australia,Carlton,7 years 3 months in company,"Company: Australian not-for-profit health insurer offering private health insurance, telehealth, preventive health, and wellness programs. | Fit: 3DLOOK FitXpress enhances HCF's digital health services with AI-powered body measurements, remote progress tracking, and objective body data for preventive care, weight management, and chronic disease monitoring."
0e61595f1320,Jacqualine Le Gassick,Jacqualine,Le Gassick,Finance Business Partner,Individual Contributor,Medibank,https://www.medibank.com.au/,https://www.linkedin.com/in/jacqualine-le-gassick-648b8213/,,Australia,Melbourne,6 years 1 month in company,"Company: Australia's leading private health insurer offering health insurance, telehealth, virtual care, and preventive health programs. | Fit: 3DLOOK FitXpress enhances Medibank's digital health services with AI-powered body measurements, remote progress tracking, and objective body data for weight management and preventive care."
b4d93399ceb8,"Derek Yung, CFA",Derek,"Yung, CFA",Head of Treasury & Investments,Director,Medibank,https://www.medibank.com.au/,https://au.linkedin.com/in/derek-yung-cfa-b599b32,,Australia,Greater Sydney Area,2 years 10 months in company,"Company: Australia's leading private health insurer offering health insurance, telehealth, virtual care, and preventive health programs. | Fit: 3DLOOK FitXpress enhances Medibank's digital health services with AI-powered body measurements, remote progress tracking, and objective body data for weight management and preventive care."
4f8d6091006a,Ambuj Jain,Ambuj,Jain,Decisioning Manager,Manager,Bupa Australia,https://www.bupa.com.au/,https://www.linkedin.com/in/jainambuj/,,Australia,Greater Adelaide Area,1 year in company,"Company: Leading Australian health insurer providing private health insurance, telehealth, primary care, aged care, dental, and preventive health services. | Fit: 3DLOOK FitXpress enhances Bupa's digital health and preventive care programs with AI-powered body measurements, remote progress tracking, and objective body data for weight management and chronic disease monitoring."
b3d48dbc8ca7,Sahilpreet Kaur,Sahilpreet,Kaur,Care Manager,Manager,Bupa Australia,https://www.bupa.com.au/,https://au.linkedin.com/in/sahilpreet-kaur-015830142,,Australia,Cairns,5 months in company,"Company: Leading Australian health insurer providing private health insurance, telehealth, primary care, aged care, dental, and preventive health services. | Fit: 3DLOOK FitXpress enhances Bupa's digital health and preventive care programs with AI-powered body measurements, remote progress tracking, and objective body data for weight management and chronic disease monitoring."
bd12f81355b5,Faiza Kazmi,Faiza,Kazmi,Dentist,Individual Contributor,HCF Australia,https://www.hcf.com.au/,https://au.linkedin.com/in/faizakazmi,,Australia,Canberra,4 years in company,"Company: Australian not-for-profit health insurer offering private health insurance, telehealth, preventive health, and wellness programs. | Fit: 3DLOOK FitXpress enhances HCF's digital health services with AI-powered body measurements, remote progress tracking, and objective body data for preventive care, weight management, and chronic disease monitoring."
51716f121bcc,Alvin Soo,Alvin,Soo,Finance Partner - Amplar & Preventative Health (Secondment),Individual Contributor,Medibank,https://www.medibank.com.au/,https://au.linkedin.com/in/alvin-soo,,Australia,Melbourne,4 years 2 months in company,"Company: Australia's leading private health insurer offering health insurance, telehealth, virtual care, and preventive health programs. | Fit: 3DLOOK FitXpress enhances Medibank's digital health services with AI-powered body measurements, remote progress tracking, and objective body data for weight management and preventive care."
1c60bd8089ed,Craig Parker,Craig,Parker,Senior Manager - Customer Engagement Delivery,Manager,Bupa Australia,https://www.bupa.com.au/,https://au.linkedin.com/in/craig-parker-2abb851,,Australia,Greater Melbourne Area,6 months in company,"Company: Leading Australian health insurer providing private health insurance, telehealth, primary care, aged care, dental, and preventive health services. | Fit: 3DLOOK FitXpress enhances Bupa's digital health and preventive care programs with AI-powered body measurements, remote progress tracking, and objective body data for weight management and chronic disease monitoring."
397d7d7728cd,Kate Tebbutt,Kate,Tebbutt,Legal Director - Dental Optical Hearing and Property,C-Level,Bupa Australia,https://www.bupa.com.au/,https://www.linkedin.com/in/kate-tebbutt-4a9770b1/,,Australia,Greater Melbourne Area,8 years 6 months in company,"Company: Leading Australian health insurer providing private health insurance, telehealth, primary care, aged care, dental, and preventive health services. | Fit: 3DLOOK FitXpress enhances Bupa's digital health and preventive care programs with AI-powered body measurements, remote progress tracking, and objective body data for weight management and chronic disease monitoring."
0f75093d2eb8,Gavin Harrison,Gavin,Harrison,Western Aust Medical Director,C-Level,Medibank Health Solutions,https://www.medibank.com.au/,https://au.linkedin.com/in/gavin-harrison-b4b4a856,,Australia,Greater Perth Area,15 years 11 months in company,"Company: Australia's leading private health insurer offering health insurance, telehealth, virtual care, and preventive health programs. | Fit: 3DLOOK FitXpress enhances Medibank's digital health services with AI-powered body measurements, remote progress tracking, and objective body data for weight management and preventive care."
1a6173e3b20c,Paul Wilson,Paul,Wilson,Non Executive Director,C-Level,InstantScripts,https://www.instantscripts.com.au/,https://au.linkedin.com/in/paul-wilson-6a1288145,,Australia,Greater Sydney Area,5 years 1 month in company,"Company: Australian telehealth platform offering online doctor consultations, eScripts, pathology requests, specialist referrals, and healthcare services. | Fit: DLOOK FitXpress complements InstantScripts' virtual care model by providing AI-powered body measurements, remote progress tracking, and objective body data for weight management, preventive care, and chronic disease monitoring."
d81ac7e86d9f,Karen Fallon,Karen,Fallon,Manager Griffith NSW Branch,Manager,HCF Australia,https://www.hcf.com.au/,https://au.linkedin.com/in/karen-fallon-425713117,,Australia,Griffith,21 years 11 months in company,"Company: Australian not-for-profit health insurer offering private health insurance, telehealth, preventive health, and wellness programs. | Fit: 3DLOOK FitXpress enhances HCF's digital health services with AI-powered body measurements, remote progress tracking, and objective body data for preventive care, weight management, and chronic disease monitoring."
a95237ac6c47,Carmen Bannan,Carmen,Bannan,Territory Manager,Manager,Medibank,https://www.medibank.com.au/,https://au.linkedin.com/in/carmen-bannan-61252a105,,Australia,California Gully,21 years 8 months in company,"Company: Australia's leading private health insurer offering health insurance, telehealth, virtual care, and preventive health programs. | Fit: 3DLOOK FitXpress enhances Medibank's digital health services with AI-powered body measurements, remote progress tracking, and objective body data for weight management and preventive care."
fcfccf5334dc,Christopher Ong,Christopher,Ong,Assistant Manager,Manager,Bupa Australia,https://www.bupa.com.au/,https://au.linkedin.com/in/christopher-ong-6037a765,,Australia,Greater Perth Area,7 years 11 months in company,"Company: Leading Australian health insurer providing private health insurance, telehealth, primary care, aged care, dental, and preventive health services. | Fit: 3DLOOK FitXpress enhances Bupa's digital health and preventive care programs with AI-powered body measurements, remote progress tracking, and objective body data for weight management and chronic disease monitoring."
68bf886501f6,Gaynor Anderson,Gaynor,Anderson,Head of Overseas Portfolio and Proposition,Director,Medibank,https://www.medibank.com.au/,https://au.linkedin.com/in/gaynor-anderson-03003325,,Australia,Melbourne,7 years 7 months in company,"Company: Australia's leading private health insurer offering health insurance, telehealth, virtual care, and preventive health programs. | Fit: 3DLOOK FitXpress enhances Medibank's digital health services with AI-powered body measurements, remote progress tracking, and objective body data for weight management and preventive care."
e1ebf107e2eb,Laura Kane,Laura,Kane,Head of Legal - Customer,Director,Medibank,https://www.medibank.com.au/,https://au.linkedin.com/in/laura-kane-legal,,Australia,Melbourne,4 years 3 months in company,"Company: Australia's leading private health insurer offering health insurance, telehealth, virtual care, and preventive health programs. | Fit: 3DLOOK FitXpress enhances Medibank's digital health services with AI-powered body measurements, remote progress tracking, and objective body data for weight management and preventive care."
19ec49f93089,Jackie Robinson,Jackie,Robinson,National Dental Director,C-Level,Medibank Health Solutions,https://www.medibank.com.au/,https://au.linkedin.com/in/jackie-robinson-182a4580,,Australia,Greater Sydney Area,14 years 7 months in company,"Company: Australia's leading private health insurer offering health insurance, telehealth, virtual care, and preventive health programs. | Fit: 3DLOOK FitXpress enhances Medibank's digital health services with AI-powered body measurements, remote progress tracking, and objective body data for weight management and preventive care."
937552edc2b6,Michael Allen,Michael,Allen,Finance Business Partner - Amplar Health Technology and Change (Projects),Individual Contributor,Medibank,https://www.medibank.com.au/,https://au.linkedin.com/in/michael-allen-88a09645,,Australia,Australia,12 years 7 months in company,"Company: Australia's leading private health insurer offering health insurance, telehealth, virtual care, and preventive health programs. | Fit: 3DLOOK FitXpress enhances Medibank's digital health services with AI-powered body measurements, remote progress tracking, and objective body data for weight management and preventive care."
9c346bfafb4c,Emma Stroligo,Emma,Stroligo,People & Culture Business Partner,Individual Contributor,HCF Australia,https://www.hcf.com.au/,https://au.linkedin.com/in/emma-stroligo-92021894,,Australia,Greater Sydney Area,9 years 10 months in company,"Company: Australian not-for-profit health insurer offering private health insurance, telehealth, preventive health, and wellness programs. | Fit: 3DLOOK FitXpress enhances HCF's digital health services with AI-powered body measurements, remote progress tracking, and objective body data for preventive care, weight management, and chronic disease monitoring."
38f23c948301,Senad Ameti,Senad,Ameti,Principal Engineer,Individual Contributor,Medibank,https://www.medibank.com.au/,https://au.linkedin.com/in/senad-ameti,,Australia,Greater Melbourne Area,3 years 6 months in company,"Company: Australia's leading private health insurer offering health insurance, telehealth, virtual care, and preventive health programs. | Fit: 3DLOOK FitXpress enhances Medibank's digital health services with AI-powered body measurements, remote progress tracking, and objective body data for weight management and preventive care."
7d49f1d31362,Ilana Krasny,Ilana,Krasny,Business Practice Manager,Manager,Bupa Australia,https://www.bupa.com.au/,https://au.linkedin.com/in/ilana-krasny-995a98256,,Australia,Brighton,37 years 8 months in company,"Company: Leading Australian health insurer providing private health insurance, telehealth, primary care, aged care, dental, and preventive health services. | Fit: 3DLOOK FitXpress enhances Bupa's digital health and preventive care programs with AI-powered body measurements, remote progress tracking, and objective body data for weight management and chronic disease monitoring."
368044eb10fb,Weng Tak Poon,Weng,Tak Poon,Chief Operations Officer,C-Level,qoctor,https://www.linkedin.com/sales/company/17947666?_ntb=NBezZEnWSwKWEZ547CNDsQ%3D%3D,https://au.linkedin.com/in/weng-tak-poon-560080137,,Australia,Melbourne,10 years 8 months in company,Company:  | Fit: 
8aa64d3e260f,Sai kulkarni,Sai,kulkarni,Test Manager,Manager,Bupa Australia,https://www.bupa.com.au/,https://au.linkedin.com/in/sai-kulkarni-480272229,,Australia,Carlton,14 years 9 months in company,"Company: Leading Australian health insurer providing private health insurance, telehealth, primary care, aged care, dental, and preventive health services. | Fit: 3DLOOK FitXpress enhances Bupa's digital health and preventive care programs with AI-powered body measurements, remote progress tracking, and objective body data for weight management and chronic disease monitoring."
1fa16770332e,Luis Macedo,Luis,Macedo,Experience Design Manager,Manager,Bupa Australia,https://www.bupa.com.au/,https://au.linkedin.com/in/luis-macedo,,Australia,Australia,8 months in company,"Company: Leading Australian health insurer providing private health insurance, telehealth, primary care, aged care, dental, and preventive health services. | Fit: 3DLOOK FitXpress enhances Bupa's digital health and preventive care programs with AI-powered body measurements, remote progress tracking, and objective body data for weight management and chronic disease monitoring."
dbc92896135d,Sophie Eddleston,Sophie,Eddleston,Employee Change & Communications Partner,Individual Contributor,Medibank,https://www.medibank.com.au/,https://au.linkedin.com/in/sophieeddleston,,Australia,Melbourne,2 years 5 months in company,"Company: Australia's leading private health insurer offering health insurance, telehealth, virtual care, and preventive health programs. | Fit: 3DLOOK FitXpress enhances Medibank's digital health services with AI-powered body measurements, remote progress tracking, and objective body data for weight management and preventive care."
2d6df33615f3,Edinson Mejia,Edinson,Mejia,Mobile Principal Engineer,Individual Contributor,Medibank,https://www.medibank.com.au/,https://au.linkedin.com/in/edinson-mejia-64a11586,,Australia,Hawthorn,9 years 4 months in company,"Company: Australia's leading private health insurer offering health insurance, telehealth, virtual care, and preventive health programs. | Fit: 3DLOOK FitXpress enhances Medibank's digital health services with AI-powered body measurements, remote progress tracking, and objective body data for weight management and preventive care."
13a5fe92e494,Cassandra Labrie,Cassandra,Labrie,Territory Manager,Manager,Medibank,https://www.medibank.com.au/,https://au.linkedin.com/in/cassandra-labrie-23952b203,,Australia,Sydney,5 years 1 month in company,"Company: Australia's leading private health insurer offering health insurance, telehealth, virtual care, and preventive health programs. | Fit: 3DLOOK FitXpress enhances Medibank's digital health services with AI-powered body measurements, remote progress tracking, and objective body data for weight management and preventive care."
d6482b909592,Rishi Pasricha,Rishi,Pasricha,Branch Manager,Manager,HCF Australia,https://www.hcf.com.au/,https://au.linkedin.com/in/rishipasricha,,Australia,Melbourne,5 years 7 months in company,"Company: Australian not-for-profit health insurer offering private health insurance, telehealth, preventive health, and wellness programs. | Fit: 3DLOOK FitXpress enhances HCF's digital health services with AI-powered body measurements, remote progress tracking, and objective body data for preventive care, weight management, and chronic disease monitoring."
308ab05644a5,Bruce McCoombe,Bruce,McCoombe,Group Capital Works Manager,Manager,Medibank,https://www.medibank.com.au/,https://au.linkedin.com/in/bruce-mccoombe-29746295,,Australia,Greater Melbourne Area,14 years 7 months in company,"Company: Australia's leading private health insurer offering health insurance, telehealth, virtual care, and preventive health programs. | Fit: 3DLOOK FitXpress enhances Medibank's digital health services with AI-powered body measurements, remote progress tracking, and objective body data for weight management and preventive care."
ee378233cfa2,Daniel C.,Daniel,C.,Principal Engineer,Individual Contributor,Medibank,https://www.medibank.com.au/,https://au.linkedin.com/in/danielcab,,Australia,Docklands,4 years 7 months in company,"Company: Australia's leading private health insurer offering health insurance, telehealth, virtual care, and preventive health programs. | Fit: 3DLOOK FitXpress enhances Medibank's digital health services with AI-powered body measurements, remote progress tracking, and objective body data for weight management and preventive care."
8a1e58d74c5f,King H C.,King,H C.,Store Manager,Manager,Bupa Australia,https://www.bupa.com.au/,https://www.linkedin.com/in/king-h-c-bba280291/,,Australia,Sydney,1 year 7 months in company,"Company: Leading Australian health insurer providing private health insurance, telehealth, primary care, aged care, dental, and preventive health services. | Fit: 3DLOOK FitXpress enhances Bupa's digital health and preventive care programs with AI-powered body measurements, remote progress tracking, and objective body data for weight management and chronic disease monitoring."
bf9dcac7d7bf,Antoinette Knox,Antoinette,Knox,Branch Support Manager,Manager,HCF Australia,https://www.hcf.com.au/,https://au.linkedin.com/in/antoinetteknox-servicedelivery,,Australia,Greater Sydney Area,24 years 4 months in company,"Company: Australian not-for-profit health insurer offering private health insurance, telehealth, preventive health, and wellness programs. | Fit: 3DLOOK FitXpress enhances HCF's digital health services with AI-powered body measurements, remote progress tracking, and objective body data for preventive care, weight management, and chronic disease monitoring."
dc0690262127,Allina Inkster,Allina,Inkster,Information Technology Business Partner,Individual Contributor,HCF Australia,https://www.hcf.com.au/,https://au.linkedin.com/in/allina-inkster-83015629,,Australia,Greater Sydney Area,25 years 3 months in company,"Company: Australian not-for-profit health insurer offering private health insurance, telehealth, preventive health, and wellness programs. | Fit: 3DLOOK FitXpress enhances HCF's digital health services with AI-powered body measurements, remote progress tracking, and objective body data for preventive care, weight management, and chronic disease monitoring."
6cdf7cbf680d,Yasmeen Farukh,Yasmeen,Farukh,Head of Connected Health Portfolio,Director,Medibank,https://www.medibank.com.au/,https://ke.linkedin.com/in/yasmeen-farukh-8a17b5381,,Australia,Byron Bay,1 year 1 month in company,"Company: Australia's leading private health insurer offering health insurance, telehealth, virtual care, and preventive health programs. | Fit: 3DLOOK FitXpress enhances Medibank's digital health services with AI-powered body measurements, remote progress tracking, and objective body data for weight management and preventive care."
6cb021d9783c,lovepreet kaur,lovepreet,kaur,Practice Manager,Manager,HCF Australia,https://www.hcf.com.au/,https://au.linkedin.com/in/lovepreet-kaur-920597309,,Australia,Melbourne,2 years 10 months in company,"Company: Australian not-for-profit health insurer offering private health insurance, telehealth, preventive health, and wellness programs. | Fit: 3DLOOK FitXpress enhances HCF's digital health services with AI-powered body measurements, remote progress tracking, and objective body data for preventive care, weight management, and chronic disease monitoring."
00c538ba15b6,Chris Kagiaros,Chris,Kagiaros,People & Culture Business Partner,Individual Contributor,Medibank Private,https://www.medibank.com.au/,https://au.linkedin.com/in/chris-kagiaros-6552bb14,,Australia,Greater Melbourne Area,19 years 7 months in company,"Company: Australia's leading private health insurer offering health insurance, telehealth, virtual care, and preventive health programs. | Fit: 3DLOOK FitXpress enhances Medibank's digital health services with AI-powered body measurements, remote progress tracking, and objective body data for weight management and preventive care."
26c414e0fb89,Elva Zhou,Elva,Zhou,Assistant Manager,Manager,Medibank,https://www.medibank.com.au/,https://au.linkedin.com/in/elva-zhou-5a3194245,,Australia,Millers Point,5 years 9 months in company,"Company: Australia's leading private health insurer offering health insurance, telehealth, virtual care, and preventive health programs. | Fit: 3DLOOK FitXpress enhances Medibank's digital health services with AI-powered body measurements, remote progress tracking, and objective body data for weight management and preventive care."
afedd00498d0,Mat Hudson,Mat,Hudson,UXC Managed Services,Individual Contributor,Medibank,https://www.medibank.com.au/,https://au.linkedin.com/in/mat-hudson-19906a108,,Australia,Melbourne,12 years 7 months in company,"Company: Australia's leading private health insurer offering health insurance, telehealth, virtual care, and preventive health programs. | Fit: 3DLOOK FitXpress enhances Medibank's digital health services with AI-powered body measurements, remote progress tracking, and objective body data for weight management and preventive care."
6d5daa95be23,Steve Coleman,Steve,Coleman,Business Improvement Manager,Manager,Medibank,https://www.medibank.com.au/,https://au.linkedin.com/in/steve-coleman-0543922a6,,Australia,Perth,in company,"Company: Australia's leading private health insurer offering health insurance, telehealth, virtual care, and preventive health programs. | Fit: 3DLOOK FitXpress enhances Medibank's digital health services with AI-powered body measurements, remote progress tracking, and objective body data for weight management and preventive care."
08e733fcddbb,Rebecca Simmons,Rebecca,Simmons,manager,Manager,HCF,https://www.hcf.com.au/,https://au.linkedin.com/in/rebecca-simmons-2b036364,,Australia,New South Wales,15 years 6 months in company,"Company: Australian not-for-profit health insurer offering private health insurance, telehealth, preventive health, and wellness programs. | Fit: 3DLOOK FitXpress enhances HCF's digital health services with AI-powered body measurements, remote progress tracking, and objective body data for preventive care, weight management, and chronic disease monitoring."
0931a35c1133,Sherry Green,Sherry,Green,"Product Manager, Primary Care Technology",Manager,Bupa Australia,https://www.bupa.com.au/,https://au.linkedin.com/in/sherry-green,,Australia,Melbourne,5 months in company,"Company: Leading Australian health insurer providing private health insurance, telehealth, primary care, aged care, dental, and preventive health services. | Fit: 3DLOOK FitXpress enhances Bupa's digital health and preventive care programs with AI-powered body measurements, remote progress tracking, and objective body data for weight management and chronic disease monitoring."
cd6613c0dd32,P S.,P,S.,Case Manager,Manager,Medibank,https://www.medibank.com.au/,https://au.linkedin.com/in/carmen-deane-a78012b8,,Australia,Australia,7 years 7 months in company,"Company: Australia's leading private health insurer offering health insurance, telehealth, virtual care, and preventive health programs. | Fit: 3DLOOK FitXpress enhances Medibank's digital health services with AI-powered body measurements, remote progress tracking, and objective body data for weight management and preventive care."
d89ac747e1f6,Ke Lu,Ke,Lu,Assistant Manager,Manager,HCF Australia,https://www.hcf.com.au/,https://au.linkedin.com/in/ke-lu-277081102,,Australia,Sydney,in company,"Company: Australian not-for-profit health insurer offering private health insurance, telehealth, preventive health, and wellness programs. | Fit: 3DLOOK FitXpress enhances HCF's digital health services with AI-powered body measurements, remote progress tracking, and objective body data for preventive care, weight management, and chronic disease monitoring."
cc05aa56039e,Isaac Ho,Isaac,Ho,Group Strategy Manager,Manager,Medibank,https://www.medibank.com.au/,https://au.linkedin.com/in/isaac-ho-64a68493,,Australia,Australia,1 year 7 months in company,"Company: Australia's leading private health insurer offering health insurance, telehealth, virtual care, and preventive health programs. | Fit: 3DLOOK FitXpress enhances Medibank's digital health services with AI-powered body measurements, remote progress tracking, and objective body data for weight management and preventive care."
a92426a57644,Zeki Guler,Zeki,Guler,Principal Engineer,Individual Contributor,Medibank,https://www.medibank.com.au/,https://au.linkedin.com/in/zeki-guler-7975b762,,Australia,Greater Melbourne Area,9 years 4 months in company,"Company: Australia's leading private health insurer offering health insurance, telehealth, virtual care, and preventive health programs. | Fit: 3DLOOK FitXpress enhances Medibank's digital health services with AI-powered body measurements, remote progress tracking, and objective body data for weight management and preventive care."
5e863bbe0ebe,Julianne Kelly,Julianne,Kelly,Branch Manager,Manager,HCF Australia,https://www.hcf.com.au/,https://au.linkedin.com/in/julianne-kelly-a872391aa,,Australia,Varsity Lakes,9 years 6 months in company,"Company: Australian not-for-profit health insurer offering private health insurance, telehealth, preventive health, and wellness programs. | Fit: 3DLOOK FitXpress enhances HCF's digital health services with AI-powered body measurements, remote progress tracking, and objective body data for preventive care, weight management, and chronic disease monitoring."
f7a0eead6736,Deborah Gumley,Deborah,Gumley,Manager,Manager,Medibank,https://www.medibank.com.au/,https://au.linkedin.com/in/deborah-gumley-6b077a65,,Australia,Greater Brisbane Area,26 years 6 months in company,"Company: Australia's leading private health insurer offering health insurance, telehealth, virtual care, and preventive health programs. | Fit: 3DLOOK FitXpress enhances Medibank's digital health services with AI-powered body measurements, remote progress tracking, and objective body data for weight management and preventive care."
931dc8bdb8d1,GEORGE SAVVIDES,GEORGE,SAVVIDES,CEO,C-Level,Medibank,https://www.medibank.com.au/,https://au.linkedin.com/in/georgesavvides,,Australia,Greater Melbourne Area,in company,"Company: Australia's leading private health insurer offering health insurance, telehealth, virtual care, and preventive health programs. | Fit: 3DLOOK FitXpress enhances Medibank's digital health services with AI-powered body measurements, remote progress tracking, and objective body data for weight management and preventive care."
521bc1028186,Andrew Chang,Andrew,Chang,CEO Head Quater,C-Level,Medibank,https://www.medibank.com.au/,https://au.linkedin.com/in/andrew-chang-1b901ab7,,Australia,Melbourne,in company,"Company: Australia's leading private health insurer offering health insurance, telehealth, virtual care, and preventive health programs. | Fit: 3DLOOK FitXpress enhances Medibank's digital health services with AI-powered body measurements, remote progress tracking, and objective body data for weight management and preventive care."
b3e9bd1c08b0,Dayan Trott,Dayan,Trott,Health Manager,Manager,Medibank Health Solutions,https://www.medibank.com.au/,https://www.linkedin.com/in/dayan-trott-40128360/,,Australia,Greater Adelaide Area,in company,"Company: Australia's leading private health insurer offering health insurance, telehealth, virtual care, and preventive health programs. | Fit: 3DLOOK FitXpress enhances Medibank's digital health services with AI-powered body measurements, remote progress tracking, and objective body data for weight management and preventive care."
8b7b549e439f,Paul Higgs,Paul,Higgs,Local Community Leader at Medibank,Manager,Medibank,https://www.medibank.com.au/,https://au.linkedin.com/in/paul-higgs-77262471,,Australia,Australia,11 years 2 months in company,"Company: Australia's leading private health insurer offering health insurance, telehealth, virtual care, and preventive health programs. | Fit: 3DLOOK FitXpress enhances Medibank's digital health services with AI-powered body measurements, remote progress tracking, and objective body data for weight management and preventive care."
65b57b1fe801,jennifer morris,jennifer,morris,Manager Ezipay,Manager,HCF,https://www.hcf.com.au/,https://au.linkedin.com/in/jennifer-morris-34ab5091,,Australia,Greater Sydney Area,in company,"Company: Australian not-for-profit health insurer offering private health insurance, telehealth, preventive health, and wellness programs. | Fit: 3DLOOK FitXpress enhances HCF's digital health services with AI-powered body measurements, remote progress tracking, and objective body data for preventive care, weight management, and chronic disease monitoring."
70d5c1d69521,Mithun Prem,Mithun,Prem,Principal Engineer,Individual Contributor,Medibank,https://www.medibank.com.au/,https://au.linkedin.com/in/mithunprem,,Australia,Melbourne,6 years 4 months in company,"Company: Australia's leading private health insurer offering health insurance, telehealth, virtual care, and preventive health programs. | Fit: 3DLOOK FitXpress enhances Medibank's digital health services with AI-powered body measurements, remote progress tracking, and objective body data for weight management and preventive care."
59ff9b321b2b,Preet Gill,Preet,Gill,Retail Store Manager,Manager,Medibank,https://www.medibank.com.au/,https://au.linkedin.com/in/preet-gill-3807a210b,,Australia,Greater Melbourne Area,in company,"Company: Australia's leading private health insurer offering health insurance, telehealth, virtual care, and preventive health programs. | Fit: 3DLOOK FitXpress enhances Medibank's digital health services with AI-powered body measurements, remote progress tracking, and objective body data for weight management and preventive care."
b230be3696e8,Noura Cheded,Noura,Cheded,Call Centre Manager,Manager,HCF,https://www.hcf.com.au/,https://www.linkedin.com/in/noura-cheded-498293a2/,,Australia,Greater Sydney Area,in company,"Company: Australian not-for-profit health insurer offering private health insurance, telehealth, preventive health, and wellness programs. | Fit: 3DLOOK FitXpress enhances HCF's digital health services with AI-powered body measurements, remote progress tracking, and objective body data for preventive care, weight management, and chronic disease monitoring."
45979bea296b,Sarah Donato,Sarah,Donato,Practice Manager,Manager,Medmate,https://medmate.com.au/,https://au.linkedin.com/in/sarah-donato-061552336,,Australia,Mount Waverley,in company,"Company: Australian digital healthcare platform offering telehealth consultations, online prescriptions, medical certificates, pathology referrals, and pharmacy services. | Fit: 3DLOOK FitXpress complements Medmate's virtual care services with AI-powered body measurements, remote progress tracking, and objective body data for weight management, preventive care, and chronic disease monitoring."
3f064fc0ac61,Chance Chiera,Chance,Chiera,Head of Payment Integrity,Director,Medibank,https://www.medibank.com.au/,https://au.linkedin.com/in/uy-cherrymae,,Australia,Melbourne,5 years 11 months in company,"Company: Australia's leading private health insurer offering health insurance, telehealth, virtual care, and preventive health programs. | Fit: 3DLOOK FitXpress enhances Medibank's digital health services with AI-powered body measurements, remote progress tracking, and objective body data for weight management and preventive care."
8ea991b9f3e7,Dakshnamoorthy Rajendaran,Dakshnamoorthy,Rajendaran,API/Integration Principal Engineer,Individual Contributor,Medibank,https://www.medibank.com.au/,https://au.linkedin.com/in/dakshnamoorthy-rajendaran-0a763833,,Australia,Greater Melbourne Area,20 years 6 months in company,"Company: Australia's leading private health insurer offering health insurance, telehealth, virtual care, and preventive health programs. | Fit: 3DLOOK FitXpress enhances Medibank's digital health services with AI-powered body measurements, remote progress tracking, and objective body data for weight management and preventive care."
7e256fba8445,Billy Lau,Billy,Lau,Product Manager,Manager,HCF Australia,https://www.hcf.com.au/,https://au.linkedin.com/in/billy-lau-aaa49287,,Australia,Greater Sydney Area,7 years 7 months in company,"Company: Australian not-for-profit health insurer offering private health insurance, telehealth, preventive health, and wellness programs. | Fit: 3DLOOK FitXpress enhances HCF's digital health services with AI-powered body measurements, remote progress tracking, and objective body data for preventive care, weight management, and chronic disease monitoring."
5123065d0dd6,Julie Crawford,Julie,Crawford,Director Of Operations,C-Level,Medibank,https://www.medibank.com.au/,https://au.linkedin.com/in/julie-crawford-9b7a08248,,Australia,Greater Sydney Area,in company,"Company: Australia's leading private health insurer offering health insurance, telehealth, virtual care, and preventive health programs. | Fit: 3DLOOK FitXpress enhances Medibank's digital health services with AI-powered body measurements, remote progress tracking, and objective body data for weight management and preventive care."
277ad99a1c7d,Robert Goaley,Robert,Goaley,Non Ex Director,C-Level,HCF,https://www.hcf.com.au/,https://au.linkedin.com/in/robert-goaley-64507643,,Australia,Greater Sydney Area,17 years 8 months in company,"Company: Australian not-for-profit health insurer offering private health insurance, telehealth, preventive health, and wellness programs. | Fit: 3DLOOK FitXpress enhances HCF's digital health services with AI-powered body measurements, remote progress tracking, and objective body data for preventive care, weight management, and chronic disease monitoring."
6d736e0ab9f0,Vi Pham,Vi,Pham,Partnership Manager,Manager,Medibank,https://www.medibank.com.au/,https://au.linkedin.com/in/vi-pham-5051b717a,,Australia,Greater Melbourne Area,1 year 11 months in company,"Company: Australia's leading private health insurer offering health insurance, telehealth, virtual care, and preventive health programs. | Fit: 3DLOOK FitXpress enhances Medibank's digital health services with AI-powered body measurements, remote progress tracking, and objective body data for weight management and preventive care."
e47237fccca9,Don Li,Don,Li,Business Develop Manager,Manager,Medibank,https://www.medibank.com.au/,https://au.linkedin.com/in/don-li-17141b63,,Australia,Greater Melbourne Area,5 years 4 months in company,"Company: Australia's leading private health insurer offering health insurance, telehealth, virtual care, and preventive health programs. | Fit: 3DLOOK FitXpress enhances Medibank's digital health services with AI-powered body measurements, remote progress tracking, and objective body data for weight management and preventive care."
cf3c42e77fae,Jason Sylver,Jason,Sylver,Assistant Manager,Manager,Medibank,https://www.medibank.com.au/,https://www.linkedin.com/in/jason-sylver-9840a913b/,,Australia,Charlestown,4 years 5 months in company,"Company: Australia's leading private health insurer offering health insurance, telehealth, virtual care, and preventive health programs. | Fit: 3DLOOK FitXpress enhances Medibank's digital health services with AI-powered body measurements, remote progress tracking, and objective body data for weight management and preventive care."
27138e4c77d4,Peter Sandyford,Peter,Sandyford,Manager,Manager,HCF,https://www.hcf.com.au/,https://au.linkedin.com/in/peter-sandyford-0203682b,,Australia,Greater Sydney Area,in company,"Company: Australian not-for-profit health insurer offering private health insurance, telehealth, preventive health, and wellness programs. | Fit: 3DLOOK FitXpress enhances HCF's digital health services with AI-powered body measurements, remote progress tracking, and objective body data for preventive care, weight management, and chronic disease monitoring."
668fe550bcb0,Amanda Tonner,Amanda,Tonner,Team Leader,Manager,Medibank Health Solutions,https://www.medibank.com.au/,https://au.linkedin.com/in/amanda-tonner-24930571,,Australia,Greater Sydney Area,18 years 7 months in company,"Company: Australia's leading private health insurer offering health insurance, telehealth, virtual care, and preventive health programs. | Fit: 3DLOOK FitXpress enhances Medibank's digital health services with AI-powered body measurements, remote progress tracking, and objective body data for weight management and preventive care."
18e36d27c246,Jo Ramsbotham,Jo,Ramsbotham,Manager,Manager,HCF Australia,https://www.hcf.com.au/,https://au.linkedin.com/in/jo-ramsbotham-61335421a,,Australia,Gosford,in company,"Company: Australian not-for-profit health insurer offering private health insurance, telehealth, preventive health, and wellness programs. | Fit: 3DLOOK FitXpress enhances HCF's digital health services with AI-powered body measurements, remote progress tracking, and objective body data for preventive care, weight management, and chronic disease monitoring."
0ebe03aea940,Belinda Prior,Belinda,Prior,Zone Manager Launceston,Manager,Medibank,https://www.medibank.com.au/,https://au.linkedin.com/in/belinda-prior-b1133b78,,Australia,Launceston,12 years 7 months in company,"Company: Australia's leading private health insurer offering health insurance, telehealth, virtual care, and preventive health programs. | Fit: 3DLOOK FitXpress enhances Medibank's digital health services with AI-powered body measurements, remote progress tracking, and objective body data for weight management and preventive care."
e906c638065d,Gary Wishart,Gary,Wishart,HSW Business Partner,Individual Contributor,Medibank,https://www.medibank.com.au/,https://au.linkedin.com/in/gary-wishart-918938b2,,Australia,Kew East,in company,"Company: Australia's leading private health insurer offering health insurance, telehealth, virtual care, and preventive health programs. | Fit: 3DLOOK FitXpress enhances Medibank's digital health services with AI-powered body measurements, remote progress tracking, and objective body data for weight management and preventive care."
9e1fdb118272,carolyne spies,carolyne,spies,Business Support Manager,Manager,Medibank Health Solutions,https://www.medibank.com.au/,https://au.linkedin.com/in/carolyne-spies-28723529,,Australia,Australia,19 years 6 months in company,"Company: Australia's leading private health insurer offering health insurance, telehealth, virtual care, and preventive health programs. | Fit: 3DLOOK FitXpress enhances Medibank's digital health services with AI-powered body measurements, remote progress tracking, and objective body data for weight management and preventive care."
3ad300dea194,Jo-Ann McAllister,Jo-Ann,McAllister,Practice Manager,Manager,HCF Australia,https://www.hcf.com.au/,https://au.linkedin.com/in/jo-ann-mcallister-625112158,,Australia,Greater Sydney Area,14 years 4 months in company,"Company: Australian not-for-profit health insurer offering private health insurance, telehealth, preventive health, and wellness programs. | Fit: 3DLOOK FitXpress enhances HCF's digital health services with AI-powered body measurements, remote progress tracking, and objective body data for preventive care, weight management, and chronic disease monitoring."
1aedc6cdfb2b,sheree scott,sheree,scott,practice manager,Manager,HCF Australia,https://www.hcf.com.au/,https://au.linkedin.com/in/sheree-scott-ab63a8155,,Australia,Greater Sydney Area,in company,"Company: Australian not-for-profit health insurer offering private health insurance, telehealth, preventive health, and wellness programs. | Fit: 3DLOOK FitXpress enhances HCF's digital health services with AI-powered body measurements, remote progress tracking, and objective body data for preventive care, weight management, and chronic disease monitoring."
9f6f6ce1b810,Rebecca Hultink,Rebecca,Hultink,practice manager,Manager,Medibank Health Solutions,https://www.medibank.com.au/,https://au.linkedin.com/in/rebecca-hultink-686790100,,Australia,Greater Perth Area,in company,"Company: Australia's leading private health insurer offering health insurance, telehealth, virtual care, and preventive health programs. | Fit: 3DLOOK FitXpress enhances Medibank's digital health services with AI-powered body measurements, remote progress tracking, and objective body data for weight management and preventive care."
3c1d15206ab7,Jackie Brandner,Jackie,Brandner,Practice manager,Manager,Medibank Health Solutions,https://www.medibank.com.au/,https://au.linkedin.com/in/jackie-brandner-830b7184,,Australia,Greater Darwin Area,in company,"Company: Australia's leading private health insurer offering health insurance, telehealth, virtual care, and preventive health programs. | Fit: 3DLOOK FitXpress enhances Medibank's digital health services with AI-powered body measurements, remote progress tracking, and objective body data for weight management and preventive care."
408d0a0222da,Linda Golub,Linda,Golub,Practice Manager,Manager,Medibank Health Solutions,https://www.medibank.com.au/,https://au.linkedin.com/in/linda-golub-30128489,,Australia,Wollongong Area,in company,"Company: Australia's leading private health insurer offering health insurance, telehealth, virtual care, and preventive health programs. | Fit: 3DLOOK FitXpress enhances Medibank's digital health services with AI-powered body measurements, remote progress tracking, and objective body data for weight management and preventive care."
b7b51530eb16,Tania Repovac,Tania,Repovac,Zone Manager,Manager,Medibank,https://www.medibank.com.au/,https://www.linkedin.com/in/tania-repovac-b4111762/,,Australia,Greater Sydney Area,in company,"Company: Australia's leading private health insurer offering health insurance, telehealth, virtual care, and preventive health programs. | Fit: 3DLOOK FitXpress enhances Medibank's digital health services with AI-powered body measurements, remote progress tracking, and objective body data for weight management and preventive care."
925ce9aaca4f,Jagath Ratnayake,Jagath,Ratnayake,Zone Manager,Manager,Medibank,https://www.medibank.com.au/,https://au.linkedin.com/in/jagath-ratnayake-338a2770,,Australia,Greater Melbourne Area,in company,"Company: Australia's leading private health insurer offering health insurance, telehealth, virtual care, and preventive health programs. | Fit: 3DLOOK FitXpress enhances Medibank's digital health services with AI-powered body measurements, remote progress tracking, and objective body data for weight management and preventive care."
d345300c029d,Garry Guff,Garry,Guff,Zone Manager,Manager,Medibank Private,https://www.medibank.com.au/,https://au.linkedin.com/in/garry-guff-2a10aa113,,Australia,Greater Sydney Area,15 years 11 months in company,"Company: Australia's leading private health insurer offering health insurance, telehealth, virtual care, and preventive health programs. | Fit: 3DLOOK FitXpress enhances Medibank's digital health services with AI-powered body measurements, remote progress tracking, and objective body data for weight management and preventive care."
b5d2ffb221d0,Leanne Cossart,Leanne,Cossart,Zone Manager,Manager,Medibank,https://www.medibank.com.au/,https://au.linkedin.com/in/leanne-cossart-a7215471,,Australia,Greater Brisbane Area,in company,"Company: Australia's leading private health insurer offering health insurance, telehealth, virtual care, and preventive health programs. | Fit: 3DLOOK FitXpress enhances Medibank's digital health services with AI-powered body measurements, remote progress tracking, and objective body data for weight management and preventive care."
84572961d6cb,Colin Dobson,Colin,Dobson,Test Manager,Manager,Medibank Private,https://www.medibank.com.au/,https://au.linkedin.com/in/colin-dobson-11089256,,Australia,Greater Melbourne Area,in company,"Company: Australia's leading private health insurer offering health insurance, telehealth, virtual care, and preventive health programs. | Fit: 3DLOOK FitXpress enhances Medibank's digital health services with AI-powered body measurements, remote progress tracking, and objective body data for weight management and preventive care."
baee65b954f0,Charlie Lee,Charlie,Lee,branch manager,Manager,Medibank,https://www.medibank.com.au/,https://au.linkedin.com/in/jennifer-vo-phuoc-6b1b5113,,Australia,Greater Melbourne Area,in company,"Company: Australia's leading private health insurer offering health insurance, telehealth, virtual care, and preventive health programs. | Fit: 3DLOOK FitXpress enhances Medibank's digital health services with AI-powered body measurements, remote progress tracking, and objective body data for weight management and preventive care."
38b2326fabf3,Dean Cashmore,Dean,Cashmore,Branch Manager,Manager,HCF Australia,https://www.hcf.com.au/,https://www.linkedin.com/in/dean-cashmore-6856181ba/,,Australia,Australia,7 years 2 months in company,"Company: Australian not-for-profit health insurer offering private health insurance, telehealth, preventive health, and wellness programs. | Fit: 3DLOOK FitXpress enhances HCF's digital health services with AI-powered body measurements, remote progress tracking, and objective body data for preventive care, weight management, and chronic disease monitoring."
303f41cfb642,Joe Hong,Joe,Hong,Retail Centre Manager,Manager,Medibank,https://www.medibank.com.au/,https://au.linkedin.com/in/joe-hong-3aa744a6,,Australia,Sydney,18 years 3 months in company,"Company: Australia's leading private health insurer offering health insurance, telehealth, virtual care, and preventive health programs. | Fit: 3DLOOK FitXpress enhances Medibank's digital health services with AI-powered body measurements, remote progress tracking, and objective body data for weight management and preventive care."
09b06a4f49f9,Sindi Sihana,Sindi,Sihana,Manager,Manager,HCF Australia,https://www.hcf.com.au/,https://au.linkedin.com/in/sindi-sihana-08ba94377,,Australia,Seaford Heights,in company,"Company: Australian not-for-profit health insurer offering private health insurance, telehealth, preventive health, and wellness programs. | Fit: 3DLOOK FitXpress enhances HCF's digital health services with AI-powered body measurements, remote progress tracking, and objective body data for preventive care, weight management, and chronic disease monitoring."
8d8f031b33dc,Marg Kilkeary,Marg,Kilkeary,Regional Manager,Manager,Medibank Private,https://www.medibank.com.au/,https://au.linkedin.com/in/marg-kilkeary-73407558,,Australia,Greater Brisbane Area,in company,"Company: Australia's leading private health insurer offering health insurance, telehealth, virtual care, and preventive health programs. | Fit: 3DLOOK FitXpress enhances Medibank's digital health services with AI-powered body measurements, remote progress tracking, and objective body data for weight management and preventive care."
359a7c7a700f,Mez Hoy,Mez,Hoy,Pharmacist,Individual Contributor,Medibank,https://www.medibank.com.au/,https://au.linkedin.com/in/mez-hoy-2099a64a,,Australia,Victoria,9 years 7 months in company,"Company: Australia's leading private health insurer offering health insurance, telehealth, virtual care, and preventive health programs. | Fit: 3DLOOK FitXpress enhances Medibank's digital health services with AI-powered body measurements, remote progress tracking, and objective body data for weight management and preventive care."
5504ea510637,Andi Crowe,Andi,Crowe,Manager,Manager,Medibank Private,https://www.medibank.com.au/,https://www.linkedin.com/in/andi-crowe-a91b6529/,,Australia,Greater Albury-Wodonga Area,in company,"Company: Australia's leading private health insurer offering health insurance, telehealth, virtual care, and preventive health programs. | Fit: 3DLOOK FitXpress enhances Medibank's digital health services with AI-powered body measurements, remote progress tracking, and objective body data for weight management and preventive care."
d4b343ff6259,Grahame Ferguson,Grahame,Ferguson,Nursing Manager,Manager,Medibank,https://www.medibank.com.au/,https://www.linkedin.com/in/grahame-ferguson-44b305342/,,Australia,Seymour,in company,"Company: Australia's leading private health insurer offering health insurance, telehealth, virtual care, and preventive health programs. | Fit: 3DLOOK FitXpress enhances Medibank's digital health services with AI-powered body measurements, remote progress tracking, and objective body data for weight management and preventive care."
f521604ca5b5,Nancy Sun,Nancy,Sun,Assistant Store Manager,Manager,Medibank,https://www.medibank.com.au/,https://au.linkedin.com/in/nancy-sun-25a948a1,,Australia,Sydney,in company,"Company: Australia's leading private health insurer offering health insurance, telehealth, virtual care, and preventive health programs. | Fit: 3DLOOK FitXpress enhances Medibank's digital health services with AI-powered body measurements, remote progress tracking, and objective body data for weight management and preventive care."
b4821007da3c,Harry Walker,Harry,Walker,Management Team,Individual Contributor,Medibank,https://www.medibank.com.au/,https://au.linkedin.com/in/harry-walker-2b8801180,,Australia,Sydney,in company,"Company: Australia's leading private health insurer offering health insurance, telehealth, virtual care, and preventive health programs. | Fit: 3DLOOK FitXpress enhances Medibank's digital health services with AI-powered body measurements, remote progress tracking, and objective body data for weight management and preventive care."
3ade3938b5be,Mary Robson,Mary,Robson,Practice Manager - Medibank Health Solutions,Manager,Medibank,https://www.medibank.com.au/,https://au.linkedin.com/in/mary-robson-50898189,,Australia,Greater Brisbane Area,in company,"Company: Australia's leading private health insurer offering health insurance, telehealth, virtual care, and preventive health programs. | Fit: 3DLOOK FitXpress enhances Medibank's digital health services with AI-powered body measurements, remote progress tracking, and objective body data for weight management and preventive care."
4e3fae0dc995,Brian Loo,Brian,Loo,General Manager Queensland,C-Level,Medibank Private,https://www.medibank.com.au/,https://au.linkedin.com/in/brian-nathan,,Australia,Greater Brisbane Area,in company,"Company: Australia's leading private health insurer offering health insurance, telehealth, virtual care, and preventive health programs. | Fit: 3DLOOK FitXpress enhances Medibank's digital health services with AI-powered body measurements, remote progress tracking, and objective body data for weight management and preventive care."
2451ec0b0b71,John Smith,John,Smith,Business Owner,Individual Contributor,Medibank,https://www.medibank.com.au/,https://au.linkedin.com/in/boyd-smith-476940270,,Australia,Kingsbury,in company,"Company: Australia's leading private health insurer offering health insurance, telehealth, virtual care, and preventive health programs. | Fit: 3DLOOK FitXpress enhances Medibank's digital health services with AI-powered body measurements, remote progress tracking, and objective body data for weight management and preventive care."
d52fd0d412b5,John Panos,John,Panos,Territory Manager,Manager,Medibank,https://www.medibank.com.au/,https://au.linkedin.com/in/john-panos-94b534317,,Australia,The Rocks,in company,"Company: Australia's leading private health insurer offering health insurance, telehealth, virtual care, and preventive health programs. | Fit: 3DLOOK FitXpress enhances Medibank's digital health services with AI-powered body measurements, remote progress tracking, and objective body data for weight management and preventive care."
68992d4a6d6a,David Bass,David,Bass,Owner,Individual Contributor,Medibank Private,https://www.medibank.com.au/,https://au.linkedin.com/in/david-bass-b3a1259,,Australia,Greater Melbourne Area,in company,"Company: Australia's leading private health insurer offering health insurance, telehealth, virtual care, and preventive health programs. | Fit: 3DLOOK FitXpress enhances Medibank's digital health services with AI-powered body measurements, remote progress tracking, and objective body data for weight management and preventive care."
0875e7edb91f,Sunita Prasad,Sunita,Prasad,Manager,Manager,HCF,https://www.hcf.com.au/,https://au.linkedin.com/in/sunita-prasad-76a37972,,Australia,Greater Sydney Area,in company,"Company: Australian not-for-profit health insurer offering private health insurance, telehealth, preventive health, and wellness programs. | Fit: 3DLOOK FitXpress enhances HCF's digital health services with AI-powered body measurements, remote progress tracking, and objective body data for preventive care, weight management, and chronic disease monitoring."
7a4986ef0dca,Alan Gormly,Alan,Gormly,Regional Clinical Director,C-Level,Medibank Health Solutions,https://www.medibank.com.au/,https://au.linkedin.com/in/alan-gormly-bb39b34b,,Australia,Greater Adelaide Area,in company,"Company: Australia's leading private health insurer offering health insurance, telehealth, virtual care, and preventive health programs. | Fit: 3DLOOK FitXpress enhances Medibank's digital health services with AI-powered body measurements, remote progress tracking, and objective body data for weight management and preventive care."
c22d4a963ee6,Julie Edwards,Julie,Edwards,Business Projects - Change Management,Individual Contributor,Medibank Private,https://www.medibank.com.au/,https://au.linkedin.com/in/julie-edwards-6070b133,,Australia,Greater Melbourne Area,in company,"Company: Australia's leading private health insurer offering health insurance, telehealth, virtual care, and preventive health programs. | Fit: 3DLOOK FitXpress enhances Medibank's digital health services with AI-powered body measurements, remote progress tracking, and objective body data for weight management and preventive care."
98f484275e3e,Mary Mowle,Mary,Mowle,(Acting) Practice Manager,Manager,Medibank,https://www.medibank.com.au/,https://au.linkedin.com/in/mary-mowle-04968093,,Australia,Greater Perth Area,in company,"Company: Australia's leading private health insurer offering health insurance, telehealth, virtual care, and preventive health programs. | Fit: 3DLOOK FitXpress enhances Medibank's digital health services with AI-powered body measurements, remote progress tracking, and objective body data for weight management and preventive care."
d5936c2d7a2a,Denise Rea,Denise,Rea,CX Division Manager,Manager,Medibank,https://www.medibank.com.au/,https://au.linkedin.com/in/denise-rea-487876194,,Australia,Greater Sydney Area,in company,"Company: Australia's leading private health insurer offering health insurance, telehealth, virtual care, and preventive health programs. | Fit: 3DLOOK FitXpress enhances Medibank's digital health services with AI-powered body measurements, remote progress tracking, and objective body data for weight management and preventive care."
902a92264a3e,colin Kilkolly,colin,Kilkolly,Manager,Manager,Medibank,https://www.medibank.com.au/,https://au.linkedin.com/in/colin-kilkolly-95a124173,,Australia,Greater Melbourne Area,in company,"Company: Australia's leading private health insurer offering health insurance, telehealth, virtual care, and preventive health programs. | Fit: 3DLOOK FitXpress enhances Medibank's digital health services with AI-powered body measurements, remote progress tracking, and objective body data for weight management and preventive care."
94569ed62622,Amelia Griffith,Amelia,Griffith,Team Manager,Manager,Medibank Health Solutions,https://www.medibank.com.au/,https://au.linkedin.com/in/amelia-griffith-530b2921,,Australia,Greater Brisbane Area,in company,"Company: Australia's leading private health insurer offering health insurance, telehealth, virtual care, and preventive health programs. | Fit: 3DLOOK FitXpress enhances Medibank's digital health services with AI-powered body measurements, remote progress tracking, and objective body data for weight management and preventive care."
ba40660a6159,Kate McConnon,Kate,McConnon,National Medical Director,C-Level,Medibank Health Solutions,https://www.medibank.com.au/,https://au.linkedin.com/in/kate-mcconnon-15072587,,Australia,Greater Melbourne Area,in company,"Company: Australia's leading private health insurer offering health insurance, telehealth, virtual care, and preventive health programs. | Fit: 3DLOOK FitXpress enhances Medibank's digital health services with AI-powered body measurements, remote progress tracking, and objective body data for weight management and preventive care."
949b7c51d18b,Michelle Bradbury,Michelle,Bradbury,Manager,Manager,Bupa Australia,https://www.bupa.com.au/,https://au.linkedin.com/in/michelle-bradbury-1b3610383,,Australia,Australia,in company,Company:  | Fit: 
e863693f50de,gary farlow,gary,farlow,Team manager,Manager,Medibank Health Solutions,https://www.medibank.com.au/,https://au.linkedin.com/in/gary-farlow-84a9193b,,Australia,Greater Sydney Area,in company,"Company: Australia's leading private health insurer offering health insurance, telehealth, virtual care, and preventive health programs. | Fit: 3DLOOK FitXpress enhances Medibank's digital health services with AI-powered body measurements, remote progress tracking, and objective body data for weight management and preventive care."
daf5487a18d0,Debbie Carter,Debbie,Carter,Manager,Manager,Medibank,https://www.medibank.com.au/,https://au.linkedin.com/in/debbie-carter-527608168,,Australia,Greater Perth Area,15 years 7 months in company,"Company: Australia's leading private health insurer offering health insurance, telehealth, virtual care, and preventive health programs. | Fit: 3DLOOK FitXpress enhances Medibank's digital health services with AI-powered body measurements, remote progress tracking, and objective body data for weight management and preventive care."
2fa835ba0ee5,Findlay Blyth,Findlay,Blyth,Team Manager,Manager,Medibank Private,https://www.medibank.com.au/,https://au.linkedin.com/in/findlay-blyth-85699629,,Australia,Greater Brisbane Area,in company,"Company: Australia's leading private health insurer offering health insurance, telehealth, virtual care, and preventive health programs. | Fit: 3DLOOK FitXpress enhances Medibank's digital health services with AI-powered body measurements, remote progress tracking, and objective body data for weight management and preventive care."
3a05cf3d7a60,dolly sudan,dolly,sudan,Manager,Manager,HCF Australia,https://www.hcf.com.au/,https://au.linkedin.com/in/dolly-sudan-137a14209,,Australia,Sydney,in company,"Company: Australian not-for-profit health insurer offering private health insurance, telehealth, preventive health, and wellness programs. | Fit: 3DLOOK FitXpress enhances HCF's digital health services with AI-powered body measurements, remote progress tracking, and objective body data for preventive care, weight management, and chronic disease monitoring."
4597115c1cf3,Leonie Barritt,Leonie,Barritt,Retail Centre Manager Bundaberg,Manager,Medibank,https://www.medibank.com.au/,https://au.linkedin.com/in/leonie-barritt-794361b7,,Australia,Bundaberg,in company,"Company: Australia's leading private health insurer offering health insurance, telehealth, virtual care, and preventive health programs. | Fit: 3DLOOK FitXpress enhances Medibank's digital health services with AI-powered body measurements, remote progress tracking, and objective body data for weight management and preventive care."
9b509c815027,elena Kourbakova,elena,Kourbakova,manager,Manager,HCF,https://www.hcf.com.au/,https://au.linkedin.com/in/elena-kourbakova-b4510923,,Australia,Greater Sydney Area,26 years 6 months in company,"Company: Australian not-for-profit health insurer offering private health insurance, telehealth, preventive health, and wellness programs. | Fit: 3DLOOK FitXpress enhances HCF's digital health services with AI-powered body measurements, remote progress tracking, and objective body data for preventive care, weight management, and chronic disease monitoring."
3cd2a9e2e0f0,Anna Moras,Anna,Moras,"Assistant to the General Manger, Business Projects",Individual Contributor,Medibank Private,https://www.medibank.com.au/,https://au.linkedin.com/in/anna-moras-52b23a44,,Australia,Greater Melbourne Area,in company,"Company: Australia's leading private health insurer offering health insurance, telehealth, virtual care, and preventive health programs. | Fit: 3DLOOK FitXpress enhances Medibank's digital health services with AI-powered body measurements, remote progress tracking, and objective body data for weight management and preventive care."
91fca56e421d,Tanja Santangelo,Tanja,Santangelo,Manager,Manager,Medibank,https://www.medibank.com.au/,https://au.linkedin.com/in/tanja-santangelo-13314ba0,,Australia,Greater Sydney Area,16 years 1 month in company,"Company: Australia's leading private health insurer offering health insurance, telehealth, virtual care, and preventive health programs. | Fit: 3DLOOK FitXpress enhances Medibank's digital health services with AI-powered body measurements, remote progress tracking, and objective body data for weight management and preventive care."
8d5db30034dd,Greg Radford,Greg,Radford,Outbound Services Manager,Manager,Medibank Private,https://www.medibank.com.au/,https://au.linkedin.com/in/greg-radford-2a47064,,Australia,Greater Melbourne Area,in company,"Company: Australia's leading private health insurer offering health insurance, telehealth, virtual care, and preventive health programs. | Fit: 3DLOOK FitXpress enhances Medibank's digital health services with AI-powered body measurements, remote progress tracking, and objective body data for weight management and preventive care."
012f190b5ac8,Tricia Pincini,Tricia,Pincini,Manager,Manager,Medibank Health Solutions,https://www.medibank.com.au/,https://au.linkedin.com/in/tricia-pincini-44094a5b,,Australia,Greater Sydney Area,in company,"Company: Australia's leading private health insurer offering health insurance, telehealth, virtual care, and preventive health programs. | Fit: 3DLOOK FitXpress enhances Medibank's digital health services with AI-powered body measurements, remote progress tracking, and objective body data for weight management and preventive care."
