Linkedin_url,First_name,Last_name,Photo_url,Job_title,Company_name,Location,Skills,Experience,Education,Headline,Industry,Bio,Connections,Followers,Company linkedin_url,Company website_url,Company description,Company foundation_year,Company staff_in_li,Company specialities,Company headquarter_city,Company headquarter_country,Company headquarter_geographic_area,Company location_city,Company location_country,Company location_geographic_area
https://www.linkedin.com/in/eliothowes,Eliot,Howes,https://i.closelyhq.com/smngoz1b34a3p4p8so.fee9f7ff.jpg,Senior Software Engineer,Medicspot,United Kingdom,"Cypress, NestJS, Jest, Docker, Vue.js, Amazon Web Services (AWS), Terraform, TypeScript, JavaScript, React.js, Node.js, Express.js, PostgreSQL, SQL, Full-Stack Development, Healthcare, CSS, HTML5, Software Development, Git","Senior Software Engineer at Medicspot, Senior Software Engineer at Vira Health, Full Stack Developer at Medicspot, Full-Stack Software Engineering Bootcamp at Flatiron School, Highly Specialist Physiotherapist & Team Lead at Guy's and St Thomas'​ NHS Foundation Trust, Senior Physiotherapist at Wiltshire Health and Care, Physiotherapist at The Markland Clinic, Physiotherapist & Sports Massage Therapist at Truro Physiotherapy","Flatiron School, Coventry University, Oxford Brookes University",Senior Software Engineer,Hospitals and Health Care,"Senior software engineer with a passion for product and over five years of experience building customer-facing software in the healthcare industry. Previously worked as a senior frontline healthcare clinician and manager.

As one of the first engineers at multiple health-tech startups, I have consistently led and collaborated with cross-functional teams to deliver products from concept to launch in highly regulated environments.",,,https://www.linkedin.com/company/medicspot,https://www.medicspot.co.uk/,"Your weight loss journey ends here. Put a stop to endless dieting with clinically-proven weight loss treatments that can bring real, lasting results. Check your eligibility now at www.medicspot.co.uk

",2016,32,"Weight Loss, Weight Management, Obesity Management, Digital Health, Telemedicine, Weight Loss Coaching, Online GP Consultations",London,United Kingdom,,London,United Kingdom,
https://www.linkedin.com/in/john-moore-a3b92262,John,Moore,,Lighterlife Counsellor,LighterLife Hinckley,United Kingdom,,Lighterlife Counsellor at LighterLife Hinckley,"Chartered Management Institute, University of Leicester",Weight loss and management specialist at LighterLife working in the Hinckley area,,,,,,,,,,,,,,,,
https://www.linkedin.com/in/siri-steinmo-27485a64,Siri,Steinmo,https://i.closelyhq.com/smngoz1l7j8us507s8.739902eb.jpg,Behaviour Change Specialist,Reset Health,United Kingdom,"Fitness, Wellness, Personal Training, Healthcare, Voice Over, Nutrition, Health Psychology, Behavioural Change, Public Health, Quality Improvement, Public Speaking, Wellness Coaching, Hospitals, Behavioral design, UX Research, Qualitative Research, Cognitive Behavioral Therapy (CBT), Bariatrics, Consulting, Interviewing","Behaviour Change Specialist at Reset Health, Behavioural Science & Improvement Lead, inform_us Health Informatics Critical Care at University College London Hospitals NHS Foundation Trust, Director at AntiDiet Weightloss and Wellness, Patient Safety Improvement Lead at Royal Free London NHS Foundation Trust, Assistant Psychologist, Centre for Weight Loss & Metabolic Surgery at University College London Hospitals NHS Foundation Trust, Behaviour Change Researcher, The Sepsis Six study  at UCL","UCL, Middlesex University, Liverpool Institute for Performing Arts",Health Behaviour Change | Quality Improvement | Implementation Science | User Research | Weight Management | Healthy Habits | Personal Trainer,Wellness and Fitness Services,"I’m a behaviour change and health psychology specialist, researcher and quality improvement professional. I’m passionate about helping people and organisations design effective health solutions using behavioural science and UX research principles. 
Currently working as improvement lead for the inform_us project in Critical Care at UCLH and as a behavioural scientist for Reset Health. 
I specialise in designing and delivering healthcare and digital interventions and applying theory to practice. My main interests are patient safety, the role of health professional behaviour in implementing evidence-based care and changing lifestyle behaviours relating to obesity and metabolic health.
Previous roles:
-Improvement Lead for The Royal Free Patient Safety Programme
-Health Psychology researcher in Professor Susan Michie’s Health Psychology Research Group at UCL
-Assistant Psychologist , co-designed and delivered cognitive -behavioural patient programmes at UCLH Centre for Weight Loss Surgery.
- Founded AntiDiet Weight Loss and Wellness, which is dedicated to helping individuals and organisations develop long-term, sustainable habits for weight management and optimal health. 
-Previous consultancy for: East Nine, Bob.Health, Opti-Mum Health, LifeCare, B-eat Eating Disorder Charity, the Anna Freud Centre, UCL Partners Academic Health Science Partnership, and RAPP UK Direct marketing for the pharmaceutical industry.",,,https://www.linkedin.com/company/reset-health-clinic,https://www.resethealth.clinic/,"Helping patients manage obesity and Type 2 diabetes with our Roczen app.

Our team of specialist clinicians combine personalised care with innovative weight-loss therapies.

We integrate diagnostics, bespoke diet and lifestyle plans, prescription-only medications, 1:1 clinical care, dedicated mentors and community support all in one easy-to-use digital platform.",2020,61,"health, diabetes, Type 2 Diabetes, Obesity, lifestyle",London,United Kingdom,England,London,United Kingdom,England
https://www.linkedin.com/in/margaret-campbell-27094866,Margaret,Campbell,,Counsellor,LighterLife - Blackpool&Preston,United Kingdom,"Counseling Psychology, Personal Development, Self-esteem, Stress Management, Life Transitions, Mindfulness, Leadership Development, Customer Service, Training, New Business Development, Coaching, Mental Health",Counsellor at LighterLife - Blackpool&Preston,berne institute,Counsellor,,,,,,,,,,,,,,,,
https://www.linkedin.com/in/mara-marques-75a71770,Mara,Marques,https://i.closelyhq.com/smngoz9mml3hs6p12.58198181.jpg,Diretor clínico,Clínica Terrace Dra Mara Marques,Portugal,"Gestão em saúde, Instrução, Comunicação, Promoção da saúde, Trabalho em equipe, Telemedicina, Cooperação, Prestação de serviços, Cuidados de saúde primários, Cuidados da saúde, Formação médica, Investigações clínicas, Medicina Geral e Familiar, Tratamento médico, Certificação de formação médica, Medicina familiar, Hospitais, Gestão de cuidados da saúde, Medicina interna, Medicina","Diretor clínico at Clínica Terrace Dra Mara Marques, Médico at Polícia de Segurança Pública, Médico at PronoKal Group, Membro da Assembleia Municipal at Camara Municipal Caldas da Rainha, Comissão Nacional de Medicina Geral e Familiar at Sindicato Independente dos Médicos, Médico at Ortholab, Assessora para a Diabetes do Distrito 115 Centro Sul - Portugal at Lions Clubs International, Médico at Espaço Energia, Membro Assembleia de Freguesia at Assembleia de Freguesia Nossa Senhora do Pópulo, Coto e São Gregório, Assistente de Medicina Geral e Familiar at Administração Regional de Saúde de Lisboa e Vale do Tejo (ARSLVT)","Faculdade de Ciências Médicas- UNL, Faculdade de Farmácia- UL",Médica,,,,,,,,,,,,,,,,
https://www.linkedin.com/in/velawson,Dr Vicky,Lawson,https://i.closelyhq.com/smngoz37e995o9gib.b442cf16.jpg,Consultant Health Psychologist,Reset Health,United Kingdom,"Artificial Intelligence (AI), Hatha Yoga, Yoga Instruction, Behavioural Change, Product Development, Health Psychology, Research, Psychology, Non-profits, Writing, Coaching, Teaching, Public Speaking, Qualitative Research, Health, Healthcare, Literature Reviews, SPSS, Training, Treatment","Consultant Health Psychologist at Reset Health, Well-Being & Benefits Senior Manager: Health Education & Programming (Europe, Middle East & Asia) at Latham & Watkins, Global Clinical Lead for Psychology at Oviva, Chartered Health Psychologist at Freelance Health Psychologist, Independent Health Psychology Consultant at Weight Watchers UK, Principal Health Psychologist at South London and Maudsley NHS Foundation Trust, Psychology Physical Activity Clinical Champion at Public Health England, Guest Lecturer, Health Psychology MSc at King's College London, Associate Senior Lecturer in Psychology at BPP, Guest lecturer: Behavioural studies at London Metropolitan University","UCL, SOAS University of London, University of Oxford, University of the West of England",Chartered Health Psychologist,Wellness and Fitness Services,"I am a Chartered Health Psychologist with two decades of clinical experience translating behavioural science into practical, evidence-based support for people navigating high-pressure environments.I'm currently Consultant Health Psychologist at Reset, where I develop and deliver evidence-based psychological interventions in digital healthcare, with particular focus on weight management, GLP-1 medications, and disordered eating.My path here spans the NHS, Public Health England, UCL, and international consultancy, as well as a period embedded within legal practice supporting performance and wellbeing among high-performing professionals. Across each, I've tried to meet people where they are, understanding the realities of their work and lives before co-designing approaches that genuinely fit.I have published 25 peer-reviewed journal articles on behaviour change and two commissioned books translating psychological science into accessible guidance for the public. Underpinning all of this is a commitment to helping people find sustainable, kind ways to look after themselves and thrive, whatever the setting.",,,https://www.linkedin.com/company/reset-health-clinic,https://www.resethealth.clinic/,"Helping patients manage obesity and Type 2 diabetes with our Roczen app.

Our team of specialist clinicians combine personalised care with innovative weight-loss therapies.

We integrate diagnostics, bespoke diet and lifestyle plans, prescription-only medications, 1:1 clinical care, dedicated mentors and community support all in one easy-to-use digital platform.",2020,61,"health, diabetes, Type 2 Diabetes, Obesity, lifestyle",London,United Kingdom,England,London,United Kingdom,England
https://www.linkedin.com/in/anne-matterface-17477430,Anne,Matterface,,Owner,LighterLife,United Kingdom,,Owner at LighterLife,,Director LighterLife Mid Sussex,,,,,,,,,,,,,,,,
https://www.linkedin.com/in/justin-slabbert,Justin,Slabbert,https://i.closelyhq.com/smngoz3t7o977811cg.1105629a.jpg,Executive Chairman at COUNTERWEIGHT,Counterweight,United Kingdom,"Private Equity, Emerging Markets, Financial Modeling, Due Diligence, Funding, Business Strategy, Corporate Finance, Business Development, Mergers & Acquisitions, M&A experience, Corporate Development, Restructuring, Venture Capital, Financial Structuring, Valuation, Investment Banking, Strategic Partnerships, Investments, Strategy, Start-ups","Executive Chairman at COUNTERWEIGHT at Counterweight, Consultant at First Quad, Associate Director at African Century, Associate Director at Close Brothers Growth Capital, Business Development Director at FPT, Associate at HSBC Investment Bank","University of Oxford, Boulder Institute of Microfinance, INSEAD, Saïd Business School, University of Oxford, Dean Close School, Hack Reactor",Scaling businesses with positive impact,Wellness and Fitness Services,Social impact investor and operational manager,,,https://www.linkedin.com/company/counterweight,http://www.counterweight.org,"Counterweight provides evidence-based weight management programmes. The Counterweight Programmes were developed from research begun in 2000 involving a collaboration between leading academics at seven UK Universities. Research involved assessing the burden of overweight and obesity in the NHS, and development and evaluation of novel weight management programmes.

Our flagship weight loss programme has been clinically proven to help people achieve remission from Type II diabetes. We’re currently live in NHS clinics across the UK, and scaling quickly.",2000,28,"Weight loss, Weight management, Dietetics, Behaviour change, Diabetes remission, T2DM, Type-2 Diabetes, Diet, Lifestyle, Health, Longevity, NHS",London,United Kingdom,England,London,United Kingdom,England
https://www.linkedin.com/in/davidplans,David,Plans,https://i.closelyhq.com/smngoz1blaohoi09b.896ef25b.jpg,Chief Scientific Officer,Reset Health,United Kingdom,"Python (Programming Language), R (Programming Language), Statistical Data Analysis, Data Science, AI Prompting, Prompt Engineering, Compliance Regulations, Clinical Research, Clinical Trials, Clinical Data Management, Biomarker Discovery, Biomarker Development, Life Sciences, Executive Management, Product Management, Emerging Trends, Online Journalism, Breaking News, Narrative Journalism, Search Engine Optimization (SEO)","Chief Scientific Officer at Reset Health, Contributor - Healthcare at Forbes, Lecturer in Psychology at Royal Holloway, University of London, Chief Science and Product Officer at Healios, Senior Lecturer in Organisational Neuroscience at University of Exeter, Head of Research and Scientific Dissemination at Huma, CEO at BioBeats, Lecturer in Entrepreneurship and Innovation at University of Surrey, Director at Adaptive Media Labs, Lecturer in Music at University of Hull","University of Oxford, Birkbeck, University of London, University of Surrey, University of East Anglia, University of East Anglia","Exited HealthTech Founder. CSO at Reset Health. Founder of BioBeats, acquired by Huma. Ex- CPO + CSO at Healios.",Wellness and Fitness Services,,,,https://www.linkedin.com/company/reset-health-clinic,https://www.resethealth.clinic/,"Helping patients manage obesity and Type 2 diabetes with our Roczen app.

Our team of specialist clinicians combine personalised care with innovative weight-loss therapies.

We integrate diagnostics, bespoke diet and lifestyle plans, prescription-only medications, 1:1 clinical care, dedicated mentors and community support all in one easy-to-use digital platform.",2020,61,"health, diabetes, Type 2 Diabetes, Obesity, lifestyle",London,United Kingdom,England,London,United Kingdom,England
https://www.linkedin.com/in/dave-cumming-b704ab,Dave,Cumming,,Director,Counterweight,United Kingdom,,Director at Counterweight,,Director at Counterweight and Staffing and Recruiting Consultant,,,,,,,,,,,,,,,,
https://www.linkedin.com/in/melaniebroekhuis,Melanie,Broekhuis,https://i.closelyhq.com/smngoz77bj0im7du7.7afa4ef0.jpg,Owner,Hara Marketing,Netherlands,"Training, Soft skills, Marketing, Leiderschap, Sociale vaardigheden, Ondernemerschap, Engels, Communicatie, Mindfulness, Personal Development, Coaching, Dutch, Operations Management, Interim Management, Counseling Psychology, Executive Coaching, Management Development, Psychology, Change Management, Management Consulting","Owner at Hara Marketing, Senior Client Adviseur voor Medisch Afvallen en Leefstijl Interventie at Elysee Life - Medical Weight Loss, Fondsenwerver at Because We Carry, Front office and sales support at LemonB, Fondsenwerver at Call2Know, Psychosociaal therapeut at Hara coaching, Fondsenwerver at 4DMC , Telemarketeer at DialogExperts BV, Cati interviewer  at GDCC (Global Data Collection Company), Travel insurence officer at AXA",Academie Integrale Menswetenschappen,✨ Hara Marketing 🚀 Funnel Audit & Marketing Strategie | Hara Coaching 🌿 Leven in Balans | 14+ jaar ondernemer,,"✨ Founder of Hara Marketing &amp; Hara Coaching | Funnel Audit &amp; Marketing Strategie 👩🏻‍💻Al bijna 15 jaar werk ik in sales, marketing en ondernemen. Die ervaring leerde me hoe belangrijk zichtbaarheid is, en hoe belangrijk het is om te blijven vernieuwen.Met Hara Marketing help ik ondernemers stoppen met geld verliezen aan hun marketing. Ik audit je funnel, vind de gaten, en bouw de systemen die traffic omzetten in omzet. Funnel audits, strategie en marketing implementatie. Geen standaard oplossingen, geen giswerk.Met Hara Coaching help ik mensen meer balans, helderheid en verbinding te creëren in hun leven. Met een achtergrond in communicatie en psychotherapie, en ervaring met Hoog Sensitieve Personen sinds 2012, staat het begrijpen van mensen altijd centraal in mijn werk.Twee bedrijven, één gemeenschappelijke draad:✨ Mensen en bedrijven helpen groeien met intentie en strategie.En omdat ik locatie-onafhankelijk leef en werk, combineer ik graag werk, creativiteit, reizen en leven langs de weg.🌍 Open voor remote samenwerkingen en betekenisvolle connecties wereldwijd✨ Founder of Hara Marketing &amp; Hara Coaching | Funnel Audit &amp; Marketing Strategy 👩🏻‍💻I've been working in sales, marketing and entrepreneurship for nearly 15 years. That experience taught me how important visibility is, and how important it is to keep evolving.Through Hara Marketing, I help entrepreneurs stop losing money on their marketing. I audit your funnel, find the gaps, and build the systems that turn traffic into revenue. Funnel audits, strategy and marketing implementation. No generic solutions, no guesswork.Through Hara Coaching, I help people create more balance, clarity and connection in their lives. With a background in communication and psychotherapy, and experience working with Highly Sensitive People since 2012, understanding people has always been at the heart of my work.Two businesses, one common thread:✨ Helping people and businesses grow with intention and strategy.And because I live and work location-independently, I love combining work, creativity, travel and life experiences along the way.🌍 Open to remote collaborations and meaningful connections worldwide",,,,,,,,,,,,,,
https://www.linkedin.com/in/alexnancekievill,Alex,Nancekievill,https://i.closelyhq.com/smngoz7rs6cb2dreq.7aa3cc5c.jpg,Group Chief Technology Officer,Reset Health,United Kingdom,"Executive Leadership, Artificial Intelligence (AI), Regulatory Compliance, National Health Service (NHS), Machine Learning, Technology strategy, Scale-up, Start-ups, Strategy, Team Leadership, Product Development, Cloud Computing, User Experience Design, Graphic Design, Telecommunications, Business Process Improvement, Change Management, Program Management, IT Strategy, CRM","Group Chief Technology Officer at Reset Health, Chief Technology Officer (Fractional) at Psyomics, Chief Technology Officer at Healthcare Business Solutions (UK), CBO & Head of Digital at GE Healthcare, Chief Architect at Asymptote ltd, Chief Technology Officer and Co-founder at BlinkPipe, Chief Information Officer (CIO) at ARM","London Business School, University of Cambridge",Chief Technology Officer in digital healthcare,Wellness and Fitness Services,"I get fired up creating disruptive new technology products and commercialising them. Over 24 years I have given heart and soul to twelve new technology products across four different industries, in corporations and in start-ups. I’ve had two successful exits after one venture that didn’t work out. I learnt a lot from the successes, but even more from the failure.

In biotech I learnt how to meet strict regulations developing medical devices and GMP Cloud software - Ultimately leading negotiations to sell Asymptote to GE Healthcare ($can’t-tell-you). Post-acquisition, I learnt about managing integration as we doubled sales, and doubled them again. Then I joined HBSUK to learn about direct patient care and help them scale up to a volume SaaS platform with multiple NHS Digital integrations. This gave my first opportunity to develop machine learning for a real application. Last year we sold that business to AXA Health ($also-can’t-tell-you) and now I’m leading AXA’s efforts to scale our clinical pathways so even more patients can get rapid access to specialist care.

On my journey I learnt to manage large teams to bring complex products to market on plan. How to pitch for my budget (£20m), motivate staff (117 people) and lead from the front. At the other end of the scale, I learnt to build a company from nothing, raise money (>£1m), grow a new team (0->31 staff) and build a distribution network (2 major contracts). I learnt to use startup agility to out-manoeuvre much better funded competitors and win critical contracts (~£1m).

Working in the healthcare industry is hugely motivating. We get to help very sick people, partner with lots of deeply impressive healthcare professionals and work on cutting edge technology, does it get better than that?",,,https://www.linkedin.com/company/reset-health-clinic,https://www.resethealth.clinic/,"Helping patients manage obesity and Type 2 diabetes with our Roczen app.

Our team of specialist clinicians combine personalised care with innovative weight-loss therapies.

We integrate diagnostics, bespoke diet and lifestyle plans, prescription-only medications, 1:1 clinical care, dedicated mentors and community support all in one easy-to-use digital platform.",2020,61,"health, diabetes, Type 2 Diabetes, Obesity, lifestyle",London,United Kingdom,England,London,United Kingdom,England
https://www.linkedin.com/in/andrew-liles,Andrew,Liles,,Chief Technology Officer,Reset Health,United Kingdom,"Agile Methodologies, Big Data, Software Development, Product Development, Software Project Management, Analytics, Scrum, User Experience, Team Management, XML, JavaScript, New Media, Project Management, Mobile Devices, Strategy, CMS, E-commerce, Project Delivery, Web Development, Cloud Computing","Chief Technology Officer at Reset Health, Chief Technology Officer at Tribal Worldwide London, Global Technical Director at DigitasLBi, Founder at Bee, Head of Technical Services at Wheel Ltd, Head of Web Business Unit at RCMS","Kingston University, University of Southampton",Chief Technology Officer at Reset Health,Wellness and Fitness Services,"I have been working in the IT sector for a long time now, but still have not lost touch with how to actually do the trade.  So whilst I conceive of strategic solutions for clients, explain them to non-technical business people, I can still have a detailed in-depth conversation with developers about the finer points of implementation.

Technology is something I am passionate about and my current areas of interest are 
◆ Machine Learning & AI in general
◆ Automation to achieve efficiency and consistency
◆ Energy conservation and storage

I have worked in small and large firms and have experience at growing teams from tiny to 250 people.

Currently I am helping Reset Health, scale from 0 to huge.",,,https://www.linkedin.com/company/reset-health-clinic,https://www.resethealth.clinic/,"Helping patients manage obesity and Type 2 diabetes with our Roczen app.

Our team of specialist clinicians combine personalised care with innovative weight-loss therapies.

We integrate diagnostics, bespoke diet and lifestyle plans, prescription-only medications, 1:1 clinical care, dedicated mentors and community support all in one easy-to-use digital platform.",2020,61,"health, diabetes, Type 2 Diabetes, Obesity, lifestyle",London,United Kingdom,England,London,United Kingdom,England
https://www.linkedin.com/in/luca-visini-5697841,Luca,Visini,https://i.closelyhq.com/smngozotgccnhvq6c.9f073b5c.jpg,Head of European Commercial Strategy and Development,Reset Health,Italy,"Lean Six Sigma Black Belt, Six Sigma, Pharmaceutical Industry, Management, Business Planning, Product Launch, Competitive Analysis, Cross-functional Team Leadership, Leadership, Market Analysis, Change Management, Business Strategy, Budgets, Sales Management, Strategy, Team Management, Marketing, Finance, Analysis, Pricing","Head of European Commercial Strategy and Development at Reset Health, Associate Vice President Immunology BU - Italy Hub at Eli Lilly and Company, Advisor - Business Development at Eli Lilly & Co., Sales Manager at Eli Lilly U.S., LSS Black Belt at ELI LILLY AND COMPANY, Florence, Italy, Brand Manager Human Growth Hormon at Eli Lilly Italia S.p.A, Financial Controller at Vulcanic SRL, Financial Analyst at Sara Lee Italia SPA, Controller at COMACSA S.A. (Buenos Aires, ARGENTINA)","SDA Bocconi, Università degli Studi di Bergamo, Copenhagen Business School","Curious, resolute and focused on excellent performance through the human capital.",Wellness and Fitness Services,"Broad range of experiences in variety of demand realization areas (took sales area in the US from bottom 5% to top 3%), business development, change management, General Management (Romania and lately India) and leading the Global launch for Lilly Glargine Insulin (within the Lilly/Boehringer-Ingelheim alliance). 

Consistently demonstrated ability to understand in depth and operate in complex and volatile as well as structured environments. Build lasting professional networks both internally and outside of the company (Alliance Management, Governments, Diplomatic), with ability to have strong impact on the organizations where he operates.
 
Makes solid high quality decisions based on good judgment. Able to perform under pressure and deal emphatically and honestly with difficult situations. Naturally curious, resolute, takes the leads and shows high level of engagement in transformation efforts (new Ethical code in Romania, Affiliates alignment on Basaglar innovative strategy). 

Speaks effortlessly and passionately to large audiences.

",,,https://www.linkedin.com/company/reset-health-clinic,https://www.resethealth.clinic/,"Helping patients manage obesity and Type 2 diabetes with our Roczen app.

Our team of specialist clinicians combine personalised care with innovative weight-loss therapies.

We integrate diagnostics, bespoke diet and lifestyle plans, prescription-only medications, 1:1 clinical care, dedicated mentors and community support all in one easy-to-use digital platform.",2020,61,"health, diabetes, Type 2 Diabetes, Obesity, lifestyle",London,United Kingdom,England,London,United Kingdom,England
https://www.linkedin.com/in/kate-sykes-6ba33532,Kate,Sykes,,Clinic Owner,The Body Clinic,United Kingdom,"New Business Development, Marketing, Selling, Sales, Account Management, Negotiation, Business Development, Business Strategy, Wellness, Nutrition, Coaching, Marketing Strategy, Social Media Marketing, Customer Service, Public Health, Direct Sales, Online Marketing, Building Relationships, Healthcare, Management","Clinic Owner at The Body Clinic, Owner / Director at K8 Sykes Ltd, Independent Cambridge Consultant at Cambridge Weight Plan, Business Development Manager at G I Sykes Ltd, Business Development Manager at Clinical Lasers Plc, Business Development Manager at ToHealth Ltd, Business Development & Marketing Manager at Calthorpe Clinic, Marketing Manager & Property Lettings at G I Sykes Ltd, Cosmetic Sales Advisor at The Hospital Medical Group Ltd, Event Manager at Newleaf Health Ltd","Association for the British Pharmaceutical Industry, Worcester College of Technology, Lacon Childe School",Director at The Body Clinic -  Expert in helping people look and feel amazing!,"Health, Wellness & Fitness","The Body Clinic is an Award Winning, transformational aesthetics clinic. Offering the very latest treatments in Non-Surgical Fat Reduction, Non-Surgical Face Lift, Body Sculpting and Skin Rejuvenation.

Kate is a results driven, highly motivated and charismatic practitioner who combines performance, results with delivering excellence in customer service. 

With 20 years experience in the healthcare and wellness sectors, her knowledge and experience enable her to deliver her clients the highest level of results focused care. 

At The Body Clinic we are passionate about helping our clients to reach their potential. Helping clients, just like you, be the best version of yourself without the need for cosmetic surgery or invasive procedures.

We aim to set the gold standard in non-surgical solutions by providing the safest, most effective, clinically proven cosmetic treatments. To help you look younger, improve your body shape, lose weight and improve your health. Our focus and drive at The Body Clinic is to achieve the BEST possible results for our clients.

Our professional and highly trained practitioners are committed to helping our clients transform their bodies, achieve a more youthful appearance and improved skin health. Most importantly they are dedicated to supporting YOU.

Areas of Expertise 

Body Shaping
Skin Rejuvenation
Anti-Ageing
Weight Loss
Body Transformation
Wedding Preparation",,,https://www.linkedin.com/company/the-body-clinic,http://www.thebodyclinic.uk.com,"The Body Clinic where we bring together the latest and most advanced aesthetic treatments and weight loss programmes to help our clients redefine their body shape, to reduce fat and lose weight.
 
The Body Clinic provides clinically proven weight loss programmes and FDA approved technologies to deliver non-invasive aesthetic treatments for fat reduction, inch loss, skin tightening, skin rejuvenation and cellulite treatments.",2015,10,"Non-Surgical Aesthetic Treatments, Cryolipolysis, Fat Reduction, Anti-Ageing, Ultrasound Cavitation, Skin Tightening, Cellulite Reduction, Skin Rejuvenation",Stourbridge,United Kingdom,West Midlands,Stourbridge,United Kingdom,West Midlands
https://www.linkedin.com/in/oliverbrooks,Oliver,Brooks,,CTO & Co-founder,MedicSpot,United Kingdom,"Start-ups, Ruby on Rails, Web Development, HTML 5, User Experience, SaaS, HTML5, User Interface Design, Publishing, Mobile Applications, Usability, Web Architecture, Information Architecture, SEO, Ruby, Online Marketing, Cloud Computing, Git, jQuery, Interaction Design","CTO & Co-founder at MedicSpot, Non-exec director at Indo Lighting Limited, Chief Technology Officer at Arc Health, Founder at completelynovel.com, CTO at Pearlshare, Founder at ValoBox, Director and Owner at Cambridge Strategy, Director and Owner at BWG","University of Cambridge, University of Cambridge",CTO at Medicspot,Hospitals and Health Care,"On a mission to provide thoughtful and effortless healthcare journeys for 10m patients. In our journeys so far we have created the UK's largest network of telemedicine clinics which deliver comprehensive care to thousands of patients daily.

Outside work I love to chasing my two cheeky children and get out on the water kitesurfing. Personal projects tinkering with web 3 and building a clifftop eco house!",,,https://www.linkedin.com/company/medicspot,https://www.medicspot.co.uk/,"Your weight loss journey ends here. Put a stop to endless dieting with clinically-proven weight loss treatments that can bring real, lasting results. Check your eligibility now at www.medicspot.co.uk

",2016,32,"Weight Loss, Weight Management, Obesity Management, Digital Health, Telemedicine, Weight Loss Coaching, Online GP Consultations",London,United Kingdom,,London,United Kingdom,
https://www.linkedin.com/in/jeff-hadaway,Jeff,Hadaway,https://i.closelyhq.com/smngoz4m5mipgp77r.78ce2e95.jpg,Head of Operations,Medicspot,United Kingdom,"Change Management, High Performance Teams, Stakeholder Management, Operations Management, Service Delivery, Operating Models, Governance, Risk Management, and Compliance (GRC), Multi-Site Operations, Workforce Planning, Operational Planning, Business Operations, P&L Management, Cost Management, Executive Leadership, Strategic Planning, People Management, Talent Management, Employee Relations, Organizational Leadership, Team Management","Head of Operations at Medicspot, General Store Manager at Asda, Store Manager at Iceland Foods, Operations and Commercial Leadership Roles at Dixons Retail, Regional Operations Manager at RentSmart","The Open University, University of Kent","Head of Operations | Operating model, service delivery, and cost control",Hospitals and Health Care,"Hi, I'm Jeff - I’ve spent 25 years working in operational roles across healthcare and retail, most of that time in environments where delivery, cost, and risk genuinely matter.I currently lead operations at Medicspot, a regulated healthcare provider. I sit on the senior leadership team and am responsible for service delivery, workforce planning, suppliers, governance, and the day-to-day running of the operation. A large part of the role is making sure commercial and product plans translate into something teams can actually deliver, and that growth doesn’t outpace the structure behind it.Earlier in my career, I led multi-site retail operations with full P and L responsibility and teams of up to 600 colleagues. Across all of my roles, I try to keep things simple: clear ownership, capable teams, and standards people can actually work to.",,,https://www.linkedin.com/company/medicspot,https://www.medicspot.co.uk/,"Your weight loss journey ends here. Put a stop to endless dieting with clinically-proven weight loss treatments that can bring real, lasting results. Check your eligibility now at www.medicspot.co.uk

",2016,32,"Weight Loss, Weight Management, Obesity Management, Digital Health, Telemedicine, Weight Loss Coaching, Online GP Consultations",London,United Kingdom,,London,United Kingdom,
https://www.linkedin.com/in/katrinatimmis,Katrina,Timmis,https://i.closelyhq.com/smngoz7pfkflp29hq.696b1ea2.jpg,Director,Letting Go Ltd - LighterLife Master Franchise Republic of Ireland,Ireland,"B2B, Business Development, Channel, Channel Partners, Cloud Computing, Direct Sales, Managed Services, Management, Marketing Communications, Multi-channel Marketing, Negotiation, Partner Management, Printers, Product Management, Product Marketing, Resellers, Sales, Sales Management, Solution Selling, Time Management","Director at Letting Go Ltd - LighterLife Master Franchise Republic of Ireland, Director at The Inedible Treat Co, Country/Channel  Manager -  Ireland at Epson UK Ltd, Account manager at AST Europe, Business Development Manager - AST/Compaq at Merisel Uk Ltd, Business Development Manager at Communicate Ltd, Sales Manager at Everex, Telesales Executive at Sintrom Electronics, Senior Negotiator at Carson & company","Brockenhurst college, Morcott Hall School for Girls, Bransgore primary",Business Owner | LighterLife Republic of Ireland | Letting Go Ltd,"Health, Wellness & Fitness","Experienced Director with a demonstrated history of working in the health wellness and fitness industry. 



Skilled in Negotiation, Sales, Partner Management, Sales Management, and Management. Strong professional graduated from Brockenhurst college.",,,https://www.linkedin.com/company/lighterlife,https://www.lighterlife.com,"At LighterLife we’re passionate about helping people. With over 30 years' experience in weight loss and weight management programmes we are genuine experts in helping people change their lives. 

Unlike other weight loss programmes we're not just a diet, we’re also about change and we really do make a difference. Our unique approach allows us to help our clients understand their relationship with food and to make significant changes to the way they think. 

We believe LighterLife is simply the best and most sustainable way to lose weight.

We’re looking for dedicated, passionate and motivated people, who want to make a good living helping people transform their lives. Are you driven by the desire to make a difference to people’s lives as well as your own? Do you crave financial security or a better work-life balance? Would you like all the independence of being your own boss, whilst running a profitable business? Do you have the passion to succeed?

If your answer is ‘YES’, we offer the best of both worlds – the security and resources of a large, well-established organisation plus the freedom of being self-employed and doing a job you enjoy. And what’s more, LighterLife is accredited as a Full Member of the British Franchise Association, which means you can be confident in the ethics and credibility of our brand and our Franchise package.

As a LighterLife Mentor you can…
• Work for yourself, with the support of an
established organisation.
• Run a franchise that provides high returns with low investment.
• Be rewarded both financially and emotionally.
• Earn according to the time you invest.
• Make a real difference and help to reshape attitudes as well as people.
• Work flexible hours to suit you – work the hours you want, when you want.
• Enhance your earning potential through
our recruitment and referral schemes.

To find out more email us: recruitment@lighterlife.com or call us: 01279 636988",1996,124,"Weight Loss, Weight Management, Cognitive behavioral theory and transactional analysis, Clinically proven, mindfulness",Harlow,United Kingdom,Essex,Harlow,United Kingdom,Essex
https://www.linkedin.com/in/jan-badger-b6304535,Jan,Badger,,Director & Counselling Psychologist,Mind & Body Centre Ltd & LighterLife - Cornwall,United Kingdom,,Director & Counselling Psychologist at Mind & Body Centre Ltd & LighterLife - Cornwall,,Director & Counselling Psychologist at Mind & Body Centre Ltd & LighterLife - Cornwall,,,,,,,,,,,,,,,,
https://www.linkedin.com/in/joanna-bhart-44122a5,Joanna,Bhart,,Owner,Lighterlife,United Kingdom,,Owner at Lighterlife,,"Owner, Lighterlife","Health, Wellness & Fitness",,,,https://www.linkedin.com/company/lighterlife,https://www.lighterlife.com,"At LighterLife we’re passionate about helping people. With over 30 years' experience in weight loss and weight management programmes we are genuine experts in helping people change their lives. 

Unlike other weight loss programmes we're not just a diet, we’re also about change and we really do make a difference. Our unique approach allows us to help our clients understand their relationship with food and to make significant changes to the way they think. 

We believe LighterLife is simply the best and most sustainable way to lose weight.

We’re looking for dedicated, passionate and motivated people, who want to make a good living helping people transform their lives. Are you driven by the desire to make a difference to people’s lives as well as your own? Do you crave financial security or a better work-life balance? Would you like all the independence of being your own boss, whilst running a profitable business? Do you have the passion to succeed?

If your answer is ‘YES’, we offer the best of both worlds – the security and resources of a large, well-established organisation plus the freedom of being self-employed and doing a job you enjoy. And what’s more, LighterLife is accredited as a Full Member of the British Franchise Association, which means you can be confident in the ethics and credibility of our brand and our Franchise package.

As a LighterLife Mentor you can…
• Work for yourself, with the support of an
established organisation.
• Run a franchise that provides high returns with low investment.
• Be rewarded both financially and emotionally.
• Earn according to the time you invest.
• Make a real difference and help to reshape attitudes as well as people.
• Work flexible hours to suit you – work the hours you want, when you want.
• Enhance your earning potential through
our recruitment and referral schemes.

To find out more email us: recruitment@lighterlife.com or call us: 01279 636988",1996,124,"Weight Loss, Weight Management, Cognitive behavioral theory and transactional analysis, Clinically proven, mindfulness",Harlow,United Kingdom,Essex,Harlow,United Kingdom,Essex
https://www.linkedin.com/in/marie-caley-54a9394,Marie,Caley,,counsellor/consultant,LighterLife,United Kingdom,,counsellor/consultant at LighterLife,Lark HIll House,LighterLife weight loss and weight management consultant,"Health, Wellness & Fitness","Clients  following the LighterLife programme are seeing benefits within days of starting.They report a sense of well being and have increased energy.They are motivated by the rapid weight loss. I am now seeing clients that started with me in the early part of 2007 turning their lives around as a result of shedding up to 8 stone, yes eight stone .",,,https://www.linkedin.com/company/lighterlife,https://www.lighterlife.com,"At LighterLife we’re passionate about helping people. With over 30 years' experience in weight loss and weight management programmes we are genuine experts in helping people change their lives. 

Unlike other weight loss programmes we're not just a diet, we’re also about change and we really do make a difference. Our unique approach allows us to help our clients understand their relationship with food and to make significant changes to the way they think. 

We believe LighterLife is simply the best and most sustainable way to lose weight.

We’re looking for dedicated, passionate and motivated people, who want to make a good living helping people transform their lives. Are you driven by the desire to make a difference to people’s lives as well as your own? Do you crave financial security or a better work-life balance? Would you like all the independence of being your own boss, whilst running a profitable business? Do you have the passion to succeed?

If your answer is ‘YES’, we offer the best of both worlds – the security and resources of a large, well-established organisation plus the freedom of being self-employed and doing a job you enjoy. And what’s more, LighterLife is accredited as a Full Member of the British Franchise Association, which means you can be confident in the ethics and credibility of our brand and our Franchise package.

As a LighterLife Mentor you can…
• Work for yourself, with the support of an
established organisation.
• Run a franchise that provides high returns with low investment.
• Be rewarded both financially and emotionally.
• Earn according to the time you invest.
• Make a real difference and help to reshape attitudes as well as people.
• Work flexible hours to suit you – work the hours you want, when you want.
• Enhance your earning potential through
our recruitment and referral schemes.

To find out more email us: recruitment@lighterlife.com or call us: 01279 636988",1996,124,"Weight Loss, Weight Management, Cognitive behavioral theory and transactional analysis, Clinically proven, mindfulness",Harlow,United Kingdom,Essex,Harlow,United Kingdom,Essex
https://www.linkedin.com/in/julie-johnson-01347137,Julie,Johnson,,Owner,LighterLife,United Kingdom,,Owner at LighterLife,,"Owner, LighterLife",,,,,,,,,,,,,,,,
https://www.linkedin.com/in/naomi-banham-157b525,Naomi,Banham,,Owner,Lighterlife Counsellor,United Kingdom,,Owner at Lighterlife Counsellor,,"Owner, Lighterlife Counsellor",,,,,,,,,,,,,,,,
https://www.linkedin.com/in/sarah-kelly-52173636,Sarah,Kelly,,Business Development Director,LighterLife,United Kingdom,,"Business Development Director at LighterLife, Marketing Director at William Ransom & Sons, Mareketing Consultant at Stewart Milne","Nower Hill High School, University of Portsmouth",Business Development Director at LighterLife,"Health, Wellness & Fitness",,,,https://www.linkedin.com/company/lighterlife,https://www.lighterlife.com,"At LighterLife we’re passionate about helping people. With over 30 years' experience in weight loss and weight management programmes we are genuine experts in helping people change their lives. 

Unlike other weight loss programmes we're not just a diet, we’re also about change and we really do make a difference. Our unique approach allows us to help our clients understand their relationship with food and to make significant changes to the way they think. 

We believe LighterLife is simply the best and most sustainable way to lose weight.

We’re looking for dedicated, passionate and motivated people, who want to make a good living helping people transform their lives. Are you driven by the desire to make a difference to people’s lives as well as your own? Do you crave financial security or a better work-life balance? Would you like all the independence of being your own boss, whilst running a profitable business? Do you have the passion to succeed?

If your answer is ‘YES’, we offer the best of both worlds – the security and resources of a large, well-established organisation plus the freedom of being self-employed and doing a job you enjoy. And what’s more, LighterLife is accredited as a Full Member of the British Franchise Association, which means you can be confident in the ethics and credibility of our brand and our Franchise package.

As a LighterLife Mentor you can…
• Work for yourself, with the support of an
established organisation.
• Run a franchise that provides high returns with low investment.
• Be rewarded both financially and emotionally.
• Earn according to the time you invest.
• Make a real difference and help to reshape attitudes as well as people.
• Work flexible hours to suit you – work the hours you want, when you want.
• Enhance your earning potential through
our recruitment and referral schemes.

To find out more email us: recruitment@lighterlife.com or call us: 01279 636988",1996,124,"Weight Loss, Weight Management, Cognitive behavioral theory and transactional analysis, Clinically proven, mindfulness",Harlow,United Kingdom,Essex,Harlow,United Kingdom,Essex
https://www.linkedin.com/in/karen-burr-3482a18,Karen,Burr,,Owner,LighterLife,United Kingdom,,Owner at LighterLife,The Cornwallis,"Owner, LighterLife",,,,,,,,,,,,,,,,
https://www.linkedin.com/in/bev-robinson-27825838,Bev,Robinson,https://i.closelyhq.com/smngoz8k0eu39gokm.7959d18b.jpg,Owner,LighterLife-Maida Vale,United Kingdom,,"Owner at LighterLife-Maida Vale, Head of Design at Faith Shoe Group Limited",,"Owner, LighterLife-Maida Vale",,,,,,,,,,,,,,,,
https://www.linkedin.com/in/davidemorelli,Davide,Morelli,https://i.closelyhq.com/smngoz18b36cpltino.4e008496.jpg,Fractional Head of Artificial Intelligence,Reset Health,Italy,"Clinical Research, Epidemiology, Data Science, Wearable Technology, Mobile Applications, Startups, Artificial Intelligence (AI), Teaching, Time Series Analysis, Survival Analysis, Machine Learning, Deep Learning, Biomedical Engineering, Research, Software Engineering, Software Development, Distributed Systems, Strategy, Algorithms, Software Design","Fractional Head of Artificial Intelligence at Reset Health, Industrial Research Associate in AI for Healthcare at University of Oxford, Chief Technology Officer at Outset Wellness, AI Consultant at Healios, Managing Director of the italian branch at BioBeats (a Huma company), Director of Data Science and Machine Learning  at Huma, Lecturer at University of Oxford, Lecturer at Università di Pisa, Research Fellow at University of Surrey, Advisor at IULM Innovation Lab","University of Oxford, Università di Pisa, Università di Pisa, Università di Pisa, Istituto Musicale Parificato ""P. Mascagni"" (Livorno)","CTO, AI researcher, Biomedical Engineer",Wellness and Fitness Services,"Researcher and entrepreneur, I am a specialist in the intersection between Artificial Intelligence and physiological signals. I founded and led BioBeats’ engineering and research team as the CTO until its acquisition (BioBeats is now a Huma company), where I served until 2023 as Director of AI (and legal representative of the italian branch). I then served as CTO at Healios Ltd., a London based online mental health, autism, and ADHD service provider for children, young people and families, for 2 years, deploying GenAI solutions to help clinicians with clinical and administrative tasks.

My first PhD in Computer Science (at the University of Pisa) focused on energy models for algorithms to reduce software energy consumption, my second DPhil (at Oxford, where I now serve as Research Associate) focused on Bayesian frameworks to handle uncertainty in HRV estimations. 

I am also a musician (composer and saxophonist).",,,https://www.linkedin.com/company/reset-health-clinic,https://www.resethealth.clinic/,"Helping patients manage obesity and Type 2 diabetes with our Roczen app.

Our team of specialist clinicians combine personalised care with innovative weight-loss therapies.

We integrate diagnostics, bespoke diet and lifestyle plans, prescription-only medications, 1:1 clinical care, dedicated mentors and community support all in one easy-to-use digital platform.",2020,61,"health, diabetes, Type 2 Diabetes, Obesity, lifestyle",London,United Kingdom,England,London,United Kingdom,England
https://www.linkedin.com/in/garethbartley,Gareth,Bartley,,Backend Technical Lead,Reset Health,United Kingdom,"REST APIs, MongoDB, RabbitMQ, Amazon Web Services (AWS), Kotlin, RESTful WebServices, Git, Spring Boot, Architecture, Java Enterprise Edition, Servlets, Spring, Software Development, Web Applications, J2EE Application Development, Java, Web Development, Agile Methodologies, Groovy, Integration","Backend Technical Lead at Reset Health, Java /Grails Lead Developer at CTI Digital, Java Developer at Capgemini, Director at GDB Associates Ltd, Web Developer at JMCH Services, Web Developer at Bluesky Travel Systems, Technical Manager at CTI Support Network, Junior J2EE Developer at Knowledge Powered Solutions","University of Salford, Eccles Colege",Backend Technical Lead at Reset Health,Wellness and Fitness Services,"I am a web focused developer with a wealth of experience in enterprise Java development and associated web technologies.

Specialties: Java, Spring, Hibernate, Groovy, Grails, Web Development",,,https://www.linkedin.com/company/reset-health-clinic,https://www.resethealth.clinic/,"Helping patients manage obesity and Type 2 diabetes with our Roczen app.

Our team of specialist clinicians combine personalised care with innovative weight-loss therapies.

We integrate diagnostics, bespoke diet and lifestyle plans, prescription-only medications, 1:1 clinical care, dedicated mentors and community support all in one easy-to-use digital platform.",2020,61,"health, diabetes, Type 2 Diabetes, Obesity, lifestyle",London,United Kingdom,England,London,United Kingdom,England
https://www.linkedin.com/in/tracey-fisken-12a5a29,Tracey,Fisken,,Owner,LighterLife Edinburgh,United Kingdom,,Owner at LighterLife Edinburgh,,"Owner, LighterLife Edinburgh","Health, Wellness & Fitness",,,,https://www.linkedin.com/company/lighterlife,https://www.lighterlife.com,"At LighterLife we’re passionate about helping people. With over 30 years' experience in weight loss and weight management programmes we are genuine experts in helping people change their lives. 

Unlike other weight loss programmes we're not just a diet, we’re also about change and we really do make a difference. Our unique approach allows us to help our clients understand their relationship with food and to make significant changes to the way they think. 

We believe LighterLife is simply the best and most sustainable way to lose weight.

We’re looking for dedicated, passionate and motivated people, who want to make a good living helping people transform their lives. Are you driven by the desire to make a difference to people’s lives as well as your own? Do you crave financial security or a better work-life balance? Would you like all the independence of being your own boss, whilst running a profitable business? Do you have the passion to succeed?

If your answer is ‘YES’, we offer the best of both worlds – the security and resources of a large, well-established organisation plus the freedom of being self-employed and doing a job you enjoy. And what’s more, LighterLife is accredited as a Full Member of the British Franchise Association, which means you can be confident in the ethics and credibility of our brand and our Franchise package.

As a LighterLife Mentor you can…
• Work for yourself, with the support of an
established organisation.
• Run a franchise that provides high returns with low investment.
• Be rewarded both financially and emotionally.
• Earn according to the time you invest.
• Make a real difference and help to reshape attitudes as well as people.
• Work flexible hours to suit you – work the hours you want, when you want.
• Enhance your earning potential through
our recruitment and referral schemes.

To find out more email us: recruitment@lighterlife.com or call us: 01279 636988",1996,124,"Weight Loss, Weight Management, Cognitive behavioral theory and transactional analysis, Clinically proven, mindfulness",Harlow,United Kingdom,Essex,Harlow,United Kingdom,Essex
https://www.linkedin.com/in/annabellhiggs,Anna,Bell Higgs,https://i.closelyhq.com/smngoz1mqi721frvhg.b2b1631c.jpg,Partnerships Manager,Counterweight,United Kingdom,"Dietetics, Nutrition, Weight Management, Project Management, Nutrition Education, Motivational Interviewing, Behavioural Change, Clinical Nutrition, Training Delivery, Online Training, Mentoring, Evaluation, Programme Development, Critical Appraisal, Health Promotion, 2nd Dan Martial Arts (Sensei), Diabetes, Weight, Health Education, Diet Planning","Partnerships Manager at Counterweight, Counterweight Specialist at Counterweight Ltd., Counterweight Specialist at Robert Gordon University, Senior Dietitian at NHS Highland, Senior Dietitian at Community Rehab Team, Essex, Student Dietitian at The Whittington Hospital NHS Trust","King's College London, Culloden Academy",Partnerships Manager,Wellness and Fitness Services,"I’m the Partnership Manager at Counterweight and have worked with the team since 2008. Over that time, I’ve supported long-standing NHS contracts across England, Scotland and Wales, and helped bring in new business, especially as services have increasingly moved towards digital healthcare.

My background is as a specialist weight-management  and diabetes dietitian, with experience across prevention, management and remission pathways. I’ve spent most of my career working on behaviour change, motivational interviewing, and developing and implementing programmes that support people to improve their metabolic health. I’ve led NHS implementation for Counterweight and I am  co-founder of Counterweight-Plus, the programme used in the DiRECT trial which showed impressive Type 2 diabetes remission outcomes.

My current work spans diabetes services, wider metabolic health programmes, and wraparound support for people using weight-loss medication such as GLP-1s. I enjoy building strong relationships with clinical teams and commissioners and helping design services that are practical, evidence-based and accessible.

I’m passionate about improving access to effective, supportive weight-management and diabetes care, and making sure the services we deliver evolve with the needs of the people using them.",,,https://www.linkedin.com/company/counterweight,http://www.counterweight.org,"Counterweight provides evidence-based weight management programmes. The Counterweight Programmes were developed from research begun in 2000 involving a collaboration between leading academics at seven UK Universities. Research involved assessing the burden of overweight and obesity in the NHS, and development and evaluation of novel weight management programmes.

Our flagship weight loss programme has been clinically proven to help people achieve remission from Type II diabetes. We’re currently live in NHS clinics across the UK, and scaling quickly.",2000,28,"Weight loss, Weight management, Dietetics, Behaviour change, Diabetes remission, T2DM, Type-2 Diabetes, Diet, Lifestyle, Health, Longevity, NHS",London,United Kingdom,England,London,United Kingdom,England
https://www.linkedin.com/in/nicola-bonell-6247393b,Nicola,Bonell,https://i.closelyhq.com/smngoz4chmlruhhtv.16dee0c2.jpg,Psychotherapeutic Counsellor,Self-employed,United Kingdom,"Healthy Lifestyle, Interpersonal Skills, Facilitation, Behavioural Change, Counseling Psychology, Brain Injury, Child protection, Postnatal care, Mental Health, Child Development, Early Childhood Development, Child Protective Services, Postnatal support, Time Management, Management, Teamwork, Customer Service, Event Management, Communication, Event Planning","Psychotherapeutic Counsellor at Self-employed, Behaviour Change Specialist Adult Weight Managemet at MoreLife (UK) Ltd., Trainee Counsellor at Matrix College Of Counselling and Psychotherapy Ltd, Senior Hub Co-ordinator at Headway Cambridgeshire, Dementia Support Worker at Alzheimer's Society, Shift Manager at McDonald's, Head Housekeeper at Premier Inn, Waitress at Whitbread, Health Visitor at Cambridgeshire and Peterborough CCG","Middlesex University, University of Bedfordshire, Homerton School of Health Studies, University of Hertfordshire",Integrative Psychotherapeutic Counsellor ,,"🪴As a UKCP accredited psychotherapeutic counsellor I work within an integrative framework to provide a safe and holding space for my clients to explore their past, present and future. 

🪴I am very drawn to how our childhood and family of origin can shape us, with or without our awareness. I am also passionate about how we navigate changes in our lives, such a grief, family dynamics, parenthood and menopause. 

🪴I bring in an awareness of the body and how we can hold trauma. Within my framework I use my understanding of psychodynamic, humanistic and CBT approaches.

🪴However I am ultimately drawn to what is happening relationally and how that might link to my clients experience in the world.

🪴My counselling experience has been long-term and short-term counselling with clients in Cambridge and Peterborough. I completed my training hours in counselling at a low cost counselling service in Peterborough.  Where I obtained valuable experience in a wide range of presenting issues from domestic violence, CSA, SA, severe anxiety, postnatal depression, relationship breakdowns and grief, to name a few.

🪴I completed my BSc (Hons)  in Integrative Psychotherapeutic Counselling at Matrix College of Counselling and Psychotherapy in Wymondham, Norfolk, last year after completing my case study,  sitting my viva and completing over 250hrs in placement; with three years  academic study.

🪴My key  career experience areas are in health - paediatric nursing and health visiting, team leader and  management, hospitality and customer service. I hold BA (Hons) in Health Visiting and Diploma in Nursing specialising in Children’s Nursing.

🪴I am currently also working two days a week as a Health Trainer for Everyone Health/Healthy You. Providing one-to-one healthy lifestyle support.
I work with people to identify what lifestyle changes  would like to make, for example weight loss, physical activity, smoking cessation and alcohol reduction.  I support them and together we develop a personalised behaviour change plan so they can achieve their healthy lifestyle goals.

🪴I have availability at present. I have a room in Peterborough where I see clients in-person or online.

🪴Please see further details on Psychology Today, Counselling Directory and UKCP Register.
Please feel free to reach out about how to make the first steps to have counselling with me. I look forward to hearing from you.",,,,,,,,,,,,,,
https://www.linkedin.com/in/ann-mcclean-9894653a,ann,mcclean,,Owner,lighterlife,United Kingdom,,Owner at lighterlife,,"Owner, lighterlife",,,,,,,,,,,,,,,,
https://www.linkedin.com/in/simone-schroeder-b4bb0640,Simone,Schroeder,https://i.closelyhq.com/smngoz4da0tmb0bbb.c9e5bc6b.jpg,Patiëntenvertegenwoordiger,Weight Doctors,Netherlands,"Teamwork, Communicatie, Coaching, leidinggeven, flexibel, enthousiast, sportief, energiek, Sales, Management, Design, Styling","Patiëntenvertegenwoordiger at Weight Doctors, Zadel en gareelmaker at Simone’s Saddle Service, Ruitervitaal coach at Self-employed, Dierenartsenpraktijk at IVC Evidensia Nederland, Verkoopadviseur at Eye Wish Opticiens, Stijladviseur at Het atelier van Poels, Owner MOOI vastgoedstyling at MOOI vastgoedstyling, Stylist at Eye Wish, Styliste at Styliste Eye Wish, Beoordelaar claim ww art. 61/68 at UWVwerkbedrijf","One switch, Saddle proffesional, Syntra Antwerpen en Vlaams Brabant (Syntra AB), House of Kiki, Art of colors A’dam, Civas, Aov		Ondernemersdiploma, Maria Regina Venlo, Saddle professional, Zadel en gareelmaker","Patient Consulent.  Ruiter vitaal coach, mental coach ","Health, Wellness & Fitness","Experienced Owner with a demonstrated history of working in the real estate industry. Skilled in Sales, Easily Adaptable, Management, Design, and Styling. Strong business development professional graduated from House of Kiki.
Saddle proffessional 
Zadel en gareelmaker
Mentalcoach
Ruitervitaalcoach",,,https://www.linkedin.com/company/weight-doctors-worldwide,https://www.weight-doctors.de/,"Weight Doctors offers innovative minimally-invasive medical therapies to help people who suffer from a serious weight problem. Utilising advanced endoscopic technology, our treatments are able to temporarily or permanently reduce the size of the stomach without incisions or scars. Combining these low-risk therapies with a focus on nutrition, movement and mindset, Weight Doctors enable people to achieve effective and sustained weight loss. We support our patients in transforming their health for the long term, thereby minimising the risk of secondary diseases. 

Together with our expert team of board-certified surgeons and medical specialists, we're committed to continuous innovation in the field of medical weight management. 

Behind each successful weight loss story is the unwavering pre- and post treatment support from our patient coordinators, who accompany our patients throughout their weight loss journey.",,18,"weightmanagement, weightloss, medicalweightloss, pose, gastricballoon, bariatrics, health, excessweight, obesity",Dortmund,Germany,North Rhine-Westphalia,Dortmund,Germany,North Rhine-Westphalia
https://www.linkedin.com/in/grant-westermann-016529b,Grant,Westermann,,Digital Projects & Systems Manager,MoreLife (UK) Ltd.,United Kingdom,"Office 365 Administration, IT Security Policies & Procedures, Checkpoint Security, HSCN and SystmOne implementation, DTAC, NHS DSP Toolkit, Cyber Essentials PLUS, Synology DSM Configuration, Product Development, IT Management, Software Project Management, Egnyte Cloud Storage, Computer Hardware, Network Administration, System Administration, Technical Support, Hybrid Cloud Solutions, Management, Wireless Routers, Structured Cabling","Digital Projects & Systems Manager at MoreLife (UK) Ltd., Owner at Self employed",University of South Africa/Universiteit van Suid-Afrika,Product Development & IT Systems Management,Wellness and Fitness Services,,,,https://www.linkedin.com/company/morelife-uk,http://www.more-life.co.uk,"MoreLife is leading the way in tackling obesity in the UK. We deliver specialist weight management programmes to children, families and adults within healthcare, community & workplace settings. We also run MoreLife Camp, Europe’s longest-running weight loss camp for children (http://www.morelifecamp.com)

Established in 1999 by Paul Gately, Professor of Exercise and Obesity at Leeds Metropolitan University (now Leeds Beckett University), MoreLife has helped more than 8000 people to live more healthily.

We understand the complex nature of being overweight; the struggles and torment that individuals, and those close to them, experience every day. It’s with solid evidence-based studies and compassion that we, as a team, assist those who need help to achieve their weight and lifestyle goals.

Head Office is based in Leeds at the Leeds Beckett University Campus in Headingley. Our 150 strong team of experts and volunteers work around the country to support our customers’ journeys.",1999,97,"Community Weight Management Programmes, Residential Weight Management Programmes, Obesity Research & Expertise, Adult and Children's Services, Strategic Consulting in Obesity & Health, Weight Management Training, Specialist Corporate Programmes, Workplace Health, Stop Smoking Services, Active Wellbeing Programmes, NHS Healthchecks, Health and Wellness School Programmes",Leeds,United Kingdom,West Yorkshire,Leeds,United Kingdom,West Yorkshire
https://www.linkedin.com/in/yousaf-ahmad-00100240,Yousaf,Ahmad,https://i.closelyhq.com/smngoz3i7jadij26j.06ed8e29.jpg,Head of Technical Delivery,Reset Health,United Kingdom,"Web Project Management, Web Analytics, User Experience, Information Architecture, Account Management, CMS, Management, SEO, Google Analytics","Head of Technical Delivery at Reset Health, Director at Cross Cube Software, Project Director at Tribal Worldwide London, Head of Project Management at Investis, Account Manager and Project Manager at Webexpectations, Project Co-ordinator/Manager at 3G Media Solutions, Project Support Officer at Greater Manchester Broadband Project","University of Sunderland, St Annes RC High School, St Annes RC High School",Head of Technical Delivery at Reset Health,Wellness and Fitness Services,"A client focused team player with over 17 years experience managing multiple projects simultaneously in the digital space using Agile and Waterfall methodologies. Playing a lead role in driving projects and working closely with clients to understand their requirements. Projects managed include e-commerce websites, award winning large scale corporate websites, business crucial applications, data integrations and intranets for clients including Deloitte, ICAP, TNT Post, BAE Systems, Volkswagen and ArcelorMittal. Confident in stakeholder management, cross organisation negotiations and delivering presentations to all levels including end user training on a variety of systems (bespoke systems, SharePoint, Umbraco, Joomla, Magento).",,,https://www.linkedin.com/company/reset-health-clinic,https://www.resethealth.clinic/,"Helping patients manage obesity and Type 2 diabetes with our Roczen app.

Our team of specialist clinicians combine personalised care with innovative weight-loss therapies.

We integrate diagnostics, bespoke diet and lifestyle plans, prescription-only medications, 1:1 clinical care, dedicated mentors and community support all in one easy-to-use digital platform.",2020,61,"health, diabetes, Type 2 Diabetes, Obesity, lifestyle",London,United Kingdom,England,London,United Kingdom,England
https://www.linkedin.com/in/kelly-saunders-96b1a010,Kelly,Saunders,,Owner,LIGHTERLIFE,United Kingdom,,Owner at LIGHTERLIFE,,"Owner, LIGHTERLIFE","Health, Wellness & Fitness",,,,https://www.linkedin.com/company/lighterlife,https://www.lighterlife.com,"At LighterLife we’re passionate about helping people. With over 30 years' experience in weight loss and weight management programmes we are genuine experts in helping people change their lives. 

Unlike other weight loss programmes we're not just a diet, we’re also about change and we really do make a difference. Our unique approach allows us to help our clients understand their relationship with food and to make significant changes to the way they think. 

We believe LighterLife is simply the best and most sustainable way to lose weight.

We’re looking for dedicated, passionate and motivated people, who want to make a good living helping people transform their lives. Are you driven by the desire to make a difference to people’s lives as well as your own? Do you crave financial security or a better work-life balance? Would you like all the independence of being your own boss, whilst running a profitable business? Do you have the passion to succeed?

If your answer is ‘YES’, we offer the best of both worlds – the security and resources of a large, well-established organisation plus the freedom of being self-employed and doing a job you enjoy. And what’s more, LighterLife is accredited as a Full Member of the British Franchise Association, which means you can be confident in the ethics and credibility of our brand and our Franchise package.

As a LighterLife Mentor you can…
• Work for yourself, with the support of an
established organisation.
• Run a franchise that provides high returns with low investment.
• Be rewarded both financially and emotionally.
• Earn according to the time you invest.
• Make a real difference and help to reshape attitudes as well as people.
• Work flexible hours to suit you – work the hours you want, when you want.
• Enhance your earning potential through
our recruitment and referral schemes.

To find out more email us: recruitment@lighterlife.com or call us: 01279 636988",1996,124,"Weight Loss, Weight Management, Cognitive behavioral theory and transactional analysis, Clinically proven, mindfulness",Harlow,United Kingdom,Essex,Harlow,United Kingdom,Essex
https://www.linkedin.com/in/rochellecmorris,Rochelle,Morris,https://i.closelyhq.com/smngoz6rddmon8png.ade69546.jpg,Chief Product Officer,Reset Health,United Kingdom,"Key Performance Indicators, Leadership, Stakeholder Engagement, Business Process Improvement, Program Management, Change Management, Performance Management, Project Management, Strategy, Healthcare, Strategic Planning, Management, Business Strategy, Hospitals, PRINCE2, Business Development, Organizational Development, Performance Improvement, Governance, Stakeholder Management","Chief Product Officer at Reset Health, Chief Product Officer at Optum, Senior International Product Strategy Director at Wolters Kluwer Clinical Effectiveness, Director of Service Mobilisation at Optum International (UnitedHealth Group), Head of Healthcare Solutions at UnitedHealth UK, Associate Programme Director at United Health UK, Business Manager at Luton teaching Primary Care Trust, Quality Outcomes Framework (QOF) Assessor at Barnet Primary Care Trust, Programme Management Office Lead at Ealing, Hammersmith and Hounslow Health Authority (EHH), Project Manager at Macmillan Cancer Support","Lancaster University Management School, Leeds Beckett University",Chief Product Officer at Reset Health,Hospital & Health Care,"Healthcare specialist consultant with over 17 years sector knowledge. NHS senior management and director level experience covering acute care, primary care and community services. Extensive track record of product leadership, programme delivery, service mobilisation and strategic commissioning. Specific expertise includes product delivery, programme management, service mobilisation and delivery, integrated care, business processes, stakeholder engagement, commissioning. 

Specialties: 
•	Programme leadership
•	Integrated Care - review and delivery
•	Public sector commissioning
•	Stakeholder Engagement
•	Programme Management
•	Change Management & Service Review
•	Performance Management and Reporting
•	Business Process Improvement
•	High quality deliverer
•	Strong client relationship skills",,,https://www.linkedin.com/company/reset-health-clinic,https://www.resethealth.clinic/,"Helping patients manage obesity and Type 2 diabetes with our Roczen app.

Our team of specialist clinicians combine personalised care with innovative weight-loss therapies.

We integrate diagnostics, bespoke diet and lifestyle plans, prescription-only medications, 1:1 clinical care, dedicated mentors and community support all in one easy-to-use digital platform.",2020,61,"health, diabetes, Type 2 Diabetes, Obesity, lifestyle",London,United Kingdom,England,London,United Kingdom,England
https://www.linkedin.com/in/donna-earle-swaby-5a532212,Donna,Earle-Swaby,,Owner,LighterLife Hampstead,United Kingdom,,Owner at LighterLife Hampstead,,"Owner, LighterLife Hampstead",,,,,,,,,,,,,,,,
https://www.linkedin.com/in/dr-dorsa-kmecz-divsalar-31602543,Dr.Dorsa,kmecz divsalar,,Locum GP  ,HealthHero . Freelance,United Kingdom,"Microsoft Office, Microsoft Excel, Microsoft Word, PowerPoint, Research, Teamwork, Photoshop, Social Media, Public Speaking, C++, English, HTML, C","Locum GP   at HealthHero . Freelance, General Practitioner at Livi UK . Self-employed, Remote GP at Medicspot . Self-employed, GP at Westcotes Health Centre . Full-time, family medicine at Debreceni Egyetem . undefined, family medicine residency program at debreceni  egyetem . undefined, medical doctor at dermatology department . undefined","Debreceni Egyetem, Debreceni Egyetem, Debreceni Egyetem, Debreceni Egyetem, Debreceni Egyetem, Shahid Beheshti University of Medical Sciences",GP at westend medical practice,Hospitals and Health Care,,,,https://www.linkedin.com/company/healthhero,https://www.healthhero.com/,"HealthHero is a digital-first, end-to-end healthcare provider. We connect smart digital tools with gold-standard clinical expertise to enhance people’s whole health and optimise healthcare efficiency. Active in the UK, Ireland, France and Germany, HealthHero offers 5 million consultations annually and provides services to 30 million covered lives. Our mission is simplifying healthcare, improving lives. 
",,513,,London  ,United Kingdom,,London  ,United Kingdom,
https://www.linkedin.com/in/joanna-bruce-mbe-4796a412,Joanna,Bruce MBE,https://i.closelyhq.com/smngoz822gj44o9as.ecaa48c1.jpg,Clinical Director,"The Body Clinic, Leominster",United Kingdom,"Project Management, Community Development, Event Management, Change Management, Sustainability, Business Planning, Third Sector, Environmental Awareness, Staff Development, Social Enterprise, Training Delivery, Executive Coaching, Public Sector, Personal Development, Climate Change, Business Strategy, Strategy, Courses, Sustainable Development, Stakeholder Engagement","Clinical Director at The Body Clinic, Leominster, Licensed Acupuncturist at Marches Better Health Services, RGN - GAU (Frailty Assessment Unit) at Wye Valley NHS Trust, Founder & Trustee at The Lee Foundation, Board Trustee at THE BRIGHTSPACE FOUNDATION, Deputy Manager at The Garth Nursing Home, Director at Project Link Services CIC, Independent Governor at University of Worcester, Non Executive Director at Herefordshire Primary Care Trust, Non Executive Director at Herefordshire Health Authority","Institute of Leadership & Management, University of Brighton",Clinical Director at Bruce Howes Limited,,,,,,,,,,,,,,,,
https://www.linkedin.com/in/richard-tansley-75472414,Richard,Tansley,,"Director - Letting Go Ltd. Weight Management Counsellor, LighterLife Mullingar , Longford & Navan",LighterLife,Ireland,"Medical Devices, Negotiation, Operations Management, Contract Negotiation, Forecasting, Procurement, Management, Product Development, Account Management, New Business Development, Key Account Management, Supply Chain Management, Business Planning, Team Building, Project Management, Strategic Planning, Change Management, Strategy, Business Strategy, Contract Management","Director - Letting Go Ltd. Weight Management Counsellor, LighterLife Mullingar , Longford & Navan at LighterLife, Director at The Inedible Treat Co, Senior Buyer at St. James's Hospital Dublin","St Patrick's Cathedral Grammar School Dublin, St Patrick's Cathedral Choir School Dublin","Director, Letting Go Ltd - LighterLife Master Franchise Republic of Ireland.","Health, Wellness & Fitness","Experienced Counselor with a demonstrated history of working in the health wellness and fitness industry. Skilled in Negotiation, Budgeting, Business Planning, Operations Management, and Sales. Strong professional graduated from St Patrick's Cathedral Grammar School Dublin.",,,https://www.linkedin.com/company/lighterlife,https://www.lighterlife.com,"At LighterLife we’re passionate about helping people. With over 30 years' experience in weight loss and weight management programmes we are genuine experts in helping people change their lives. 

Unlike other weight loss programmes we're not just a diet, we’re also about change and we really do make a difference. Our unique approach allows us to help our clients understand their relationship with food and to make significant changes to the way they think. 

We believe LighterLife is simply the best and most sustainable way to lose weight.

We’re looking for dedicated, passionate and motivated people, who want to make a good living helping people transform their lives. Are you driven by the desire to make a difference to people’s lives as well as your own? Do you crave financial security or a better work-life balance? Would you like all the independence of being your own boss, whilst running a profitable business? Do you have the passion to succeed?

If your answer is ‘YES’, we offer the best of both worlds – the security and resources of a large, well-established organisation plus the freedom of being self-employed and doing a job you enjoy. And what’s more, LighterLife is accredited as a Full Member of the British Franchise Association, which means you can be confident in the ethics and credibility of our brand and our Franchise package.

As a LighterLife Mentor you can…
• Work for yourself, with the support of an
established organisation.
• Run a franchise that provides high returns with low investment.
• Be rewarded both financially and emotionally.
• Earn according to the time you invest.
• Make a real difference and help to reshape attitudes as well as people.
• Work flexible hours to suit you – work the hours you want, when you want.
• Enhance your earning potential through
our recruitment and referral schemes.

To find out more email us: recruitment@lighterlife.com or call us: 01279 636988",1996,124,"Weight Loss, Weight Management, Cognitive behavioral theory and transactional analysis, Clinically proven, mindfulness",Harlow,United Kingdom,Essex,Harlow,United Kingdom,Essex
https://www.linkedin.com/in/rebecca-ryan-1a42b444,Rebecca,Ryan,https://i.closelyhq.com/smngoz4er61radrma.94fd7a62.jpg,Head of Product,Reset Health,United Kingdom,"Product Requirements, Product Specification, Product Lifecycle Management, Defining Requirements, Business Model Innovation, Product Strategy, Market Analysis, Software as a Service (SaaS), Identifying New Opportunities, Go-to-Market Strategy, Competitive Analysis, Analytics, Illustrator, User Experience, Strategy, Creative Direction, Corporate Identity, Brand Development, Layout, Graphic Design","Head of Product at Reset Health, International Lead Technology Product & Strategy Manager at Wolters Kluwer Health, Product Manager at Advanced, Product Innovation Manager at Docman - Delivering Paper Free Care, Group Product Marketing Manager at Tunstall Healthcare (UK), Sales at Gucci, Accounts Assistant at AWI Group, Cash Administrator at Cadbury plc.","CIMA, Birmingham City University, Oxford & Cherwell Valley College",Product & Strategy Manager ,Wellness and Fitness Services,"A real creator at the forefront of innovation across health and social care.  Experience of delivering real outcomes for patients and organisations utilising digital and mobile platforms. A leader in the health field through identifying user requirements, analysing market trends and designing new product concepts whilst working closely with multi-disciplinary and varied stakeholders.  

Creative, positive with a strong commercial awareness, focused on achieving first class results. Will-do mentality, thrives on working in a fast paced and challenging environment to influence transformational market change. 

",,,https://www.linkedin.com/company/reset-health-clinic,https://www.resethealth.clinic/,"Helping patients manage obesity and Type 2 diabetes with our Roczen app.

Our team of specialist clinicians combine personalised care with innovative weight-loss therapies.

We integrate diagnostics, bespoke diet and lifestyle plans, prescription-only medications, 1:1 clinical care, dedicated mentors and community support all in one easy-to-use digital platform.",2020,61,"health, diabetes, Type 2 Diabetes, Obesity, lifestyle",London,United Kingdom,England,London,United Kingdom,England
https://www.linkedin.com/in/debi-johnson-0a893113,debi,johnson,,Owner,lighterlife,United Kingdom,"Personal Development, Stress, Lifestyle, Stress Management, Wellness, NLP, Self-esteem, Counseling Psychology, Wellness Coaching, Wellbeing, Small Business, Performance Improvement, Lifestyle Coaching, Group Therapy, Hypnotherapy, Confidence Building","Owner at lighterlife, Happily retired at Debi is now retired",,"Owner, lighterlife","Health, Wellness & Fitness",,,,https://www.linkedin.com/company/lighterlife,https://www.lighterlife.com,"At LighterLife we’re passionate about helping people. With over 30 years' experience in weight loss and weight management programmes we are genuine experts in helping people change their lives. 

Unlike other weight loss programmes we're not just a diet, we’re also about change and we really do make a difference. Our unique approach allows us to help our clients understand their relationship with food and to make significant changes to the way they think. 

We believe LighterLife is simply the best and most sustainable way to lose weight.

We’re looking for dedicated, passionate and motivated people, who want to make a good living helping people transform their lives. Are you driven by the desire to make a difference to people’s lives as well as your own? Do you crave financial security or a better work-life balance? Would you like all the independence of being your own boss, whilst running a profitable business? Do you have the passion to succeed?

If your answer is ‘YES’, we offer the best of both worlds – the security and resources of a large, well-established organisation plus the freedom of being self-employed and doing a job you enjoy. And what’s more, LighterLife is accredited as a Full Member of the British Franchise Association, which means you can be confident in the ethics and credibility of our brand and our Franchise package.

As a LighterLife Mentor you can…
• Work for yourself, with the support of an
established organisation.
• Run a franchise that provides high returns with low investment.
• Be rewarded both financially and emotionally.
• Earn according to the time you invest.
• Make a real difference and help to reshape attitudes as well as people.
• Work flexible hours to suit you – work the hours you want, when you want.
• Enhance your earning potential through
our recruitment and referral schemes.

To find out more email us: recruitment@lighterlife.com or call us: 01279 636988",1996,124,"Weight Loss, Weight Management, Cognitive behavioral theory and transactional analysis, Clinically proven, mindfulness",Harlow,United Kingdom,Essex,Harlow,United Kingdom,Essex
https://www.linkedin.com/in/maxine-phillips-smith-86859844,Maxine,Phillips-Smith,,Owner,"Lighterlife, Beverley, East Yorkshire",United Kingdom,,"Owner at Lighterlife, Beverley, East Yorkshire",,"Owner, Lighterlife, Beverley, East Yorkshire",,,,,,,,,,,,,,,,
https://www.linkedin.com/in/carol-graves-a0bbab14,Carol,Graves,https://i.closelyhq.com/smngozu7l4mq65ons.a687588a.jpg,Director,C Graves Weight Management Consultancy Ltd,United Kingdom,"Wellbeing, Strategy, Personal Development, Weight, Small Business, CBT, Wellness, Stress Management, Online Advertising, Management, Nutrition, Sales, Coaching, Weight Management, NLP, Counseling Psychology, Customer Service","Director at C Graves Weight Management Consultancy Ltd, Director at LighterLife, Operations Manager at Clerical Medical Investment Group (HBOS)",Fairfield High School For Girls,Director at LighterLife,,,,,,,,,,,,,,,,
https://www.linkedin.com/in/joana-rosado-7a4a4315,Joana,Rosado,https://i.closelyhq.com/smngoz3kf1ogogo0d.aa77cf64.jpg,Sales Representative & Nutrition Consultant,Pronokal,Portugal,"Science, Molecular Biology, Research, Statistics, Life Sciences, Lifesciences, Microbiology, Scientific Writing, Environmental Impact Assessment, Biochemistry, Cell Biology, Ecology, Taxonomy, Teaching, Microsoft Office, Sustainability","Sales Representative & Nutrition Consultant at Pronokal, Researcher at Universidade de Évora",,Sales Representative & Nutrition Consultant at Pronokal,Wellness and Fitness Services,,,,https://www.linkedin.com/company/pronokal,http://www.pronokal.com,"PronoKal Group is a multinational company specialising in medical weight-loss treatments based on comprehensive prorgammes involving an array of profesionals (doctors, dieticians-nutritionists, physical trainers, coaches, etc.).
The primary mission of the PronoKal Group is to offer effective solutions to help the patients to reach their weight-loss goal and maintain the results over time, thus enabling a better quality of life and greater sense of well-being, as well as to aid in the prevention of overweight and obesity.
It began its activities in 2004 with the launch in Spain of the PronoKal Method, the first medically supervised multidisciplinary treatment for weight loss based on the protein diet, which helped this company to become a reference model in this area. Currently, PronoKal Group has different medical treatments for weight loss and long-term maintenance, based on a protein diet, suited to different patient profiles (PronoKal Method, PnK Method, DiaproKal Method).
Since 2009, the expansion and internationalization process of the PronoKal Group has been consolidated: PronoKal Group® is now present in 15 countries, with three administrative headquarters in Europe (Geneva, Luxembourg and Barcelona). 
The success of our medical treatments is substantiated by 450,000 patients treated and 4,000 prescribing doctors who trust in the rigour and effectiveness of our methods. These figures make PronoKal Group the top company in our sector.
Since its inception, the company has committed itself to rigour and science, launching numerous studies to demonstrate the efficacy and safety of a Protein Diet versus a low calorie diet. So far over 15 studies have been conducted, half of which have been published and presented at international scientific meetings.",2004,307,"pérdida de peso, adelgazamiento, dieta, nutrición, salud, bienestar, dieta cetogénica, weight loss, diet, nutrition, health, wellness, ketogenic diet, pronokal",Barcelona,Spain,Catalunya,Barcelona,Spain,Catalunya
https://www.linkedin.com/in/thomas-van-der-zandt-430a8245,Thomas,van der Zandt,,Planning / Operations,Elysee Life,Netherlands,"Teamwork, Marketing Communications, Cooperation, Intercultural Communication, Business Administration","Planning / Operations at Elysee Life, International Sales at Signode Netherlands B.V.","Amsterdam University of Applied Sciences, Amsterdam University of Applied Sciences, Maurick College Vught",Planning / Operations at Elysee Life B.V.,Hospitals and Health Care,,,,https://www.linkedin.com/company/elysee-life,http://www.elyseelife.com,"At Elysee Life, we are fully committed to supporting you in achieving your personal health goals. We keep up with the latest medical and scientific developments in weight loss, including treatments with GLP-1 medication and support for lifestyle changes. Our dedicated professionals will guide you to your target weight and a new lifestyle, ensuring you maintain a sustainable healthy weight. 

At Elysee Life, we approach your well-being with dedication and expertise, and we are ready to assist you at every step towards your healthy weight and a long-lasting healthy life.",2022,23,"Lifestyle, Lifestyle interventions , Overweight, GLP-1, BMI, Medicine, Novo Nordisk, Eli Lilly, Loose Weight, Dietary, Health, Longevity, GLP-1/GIP, Doctor, Healthy aging, Amsterdam, London, Paris",Amsterdam,Netherlands,,Amsterdam,Netherlands,
https://www.linkedin.com/in/daniela-alves-aba63749,Daniela,Alves,https://i.closelyhq.com/smngoz500l5bef3lv.860f3a84.jpg,Principal Clinical Psychologist - Specialist Weight Management & Bariatric Surgery,Homerton Healthcare NHS Foundation Trust,United Kingdom,"Constructivist Grief Psychotherapy, Narrative Change in Psychotherapy, Clinical Psychology, Cognitive behavioral therapy, Process Research, Psychological Assessment, Psychological intervention with children and adolescents, Psychotherapy, Anxiety Disorders, Psychology, Mental Health, Counseling Psychology, Clinical Research, Teaching, Qualitative Research, Narrative Therapy, Therapists, CBT, Cognitive Behavioral Therapy (CBT)","Principal Clinical Psychologist - Specialist Weight Management & Bariatric Surgery at Homerton Healthcare NHS Foundation Trust, Consultant Clinical Psychologist - Complex Obesity Service at East Suffolk and North Essex NHS Foundation Trust, Clinical Psychologist at Reset Health, Clinical Psychologist - Obesity/Bariatric Surgery at Cleveland Clinic London, Specialist Clinical Psychologist in Complex Obesity and Bariatric Surgery | Obesity service at Guy's and St Thomas'​ NHS Foundation Trust, Clinical Psychologist - Bariatric Surgery Service | Tier 3 Imperial Weight Centre|St Mary’s Hospital at Imperial College Healthcare NHS Trust, Specialist Clinical Psychologist | Bariatric Surgery Service at Homerton University Hospital Foundation Trust, Researcher at University of Roehampton, Clinical Psychologist - Eating Disorders Service at West London Mental Health NHS Trust, Clinical Psychologist - Camden Adult Weight Management Service at Mytime Active","Universidade do Minho, Universidade do Minho",Consultant Clinical Psychologist in Complex Obesity and Bariatric Surgery - East Suffolk and North Essex NHS Foundation Trust | Principal Clinical Psychologist - Homerton Healthcare NHS Foundation Trust,Hospitals and Health Care,"PhD in Clinical Psychology
HCPC Registration as Practitioner Psychologist
Full member of the BPS division of Clinical Psychology",,,https://www.linkedin.com/company/homerton-healthcare-nhs-foundation-trust,http://www.homerton.nhs.uk,"Homerton Healthcare NHS Foundation Trust is an integrated care trust which provides hospital and community health services for Hackney, the City and surrounding communities.

The Trust provides a full range of adult, older people’s and children’s services across a range of acute and community specialties.
We run acute services from a single site: Homerton University Hospital, which has 400 beds spread across 11 adult inpatient wards, an intensive care unit, and maternity, paediatric and neonatal wards. There are three-day surgery theatres and six main operating theatres and the types of surgery performed include general surgery, trauma, orthopaedics, gynaecology, maxillofacial, urology and ear nose and throat (ENT).
Community services operate from over 60 partner sites in Hackney and the City of London,
and include sexual health, Locomotor rehabilitation services, school nursing and diabetes
eye screening. The Trust also provides continuing health care at the Mary Seacole Nursing
Home in Hoxton, east London.
A range of specialist care is offered in obstetrics and neonatology, foetal medicine, fertility,
HIV and sexual health, asthma and allergies, bariatric surgery and neurorehabilitation across
east London and beyond.",1986,2224,"Obstetrics & Neonatology, Fetal medicine, Community Health Services, Emergency Health Services, Fertility, HIV & Sexual health, Asthma & Allergies, Keyhole & bariatric surgery, Neuro-rehabilitation",Hackney,United Kingdom,London,Hackney,United Kingdom,London
https://www.linkedin.com/in/kevin-halborg-56194448,Kevin,Halborg ,https://i.closelyhq.com/smngoz38dr8vadvrm.5c7a4d0d.jpg,Director,Habitual Wealth,United Kingdom,"Change Management, International Culture, Corporate Social Responsibility, Information Operations, Government Liaison, Media Liaison, Military Liaison, Public Relations, Risk Management, Operational Risk Management, Counterterrorism, Leadership, Physical Security, Security Management, Security Training, Strategy, Security Operations, Risk Assessment, Government, Military","Director at Habitual Wealth, Associate Partner at St. James’s Place Wealth Management, Consultant, Security & Governance at Consultant , Protection Officer at UAE Government , Civil Affairs Director, Iraq at Aegis Defence Services Ltd, USF-I Divisional Liaison Officer (Tikrit, Northern Iraq) at Aegis Defence Services Ltd, Commando trained junior non commissioned officer at British Army","LIBF, The Open University, Institute of Directors (IoD)","I help founders build resilience, clarity and optionality.  Chartered Financial Adviser. ",,"Former Commando, husband to an Indian princess, father to future super heroes, with some unique lived experience. 

As a Chartered Qualified Financial Planner & Adviser with a specific military background, I bring a unique blend of strategic thinking and financial acumen to my supporting role to you. My career journey has taken me from serving in the military straight from school, to advising the US government in the Middle East, and now to guiding business owners through crucial financial decisions, and growth. 

With extensive experience in exit planning, I specialise in helping entrepreneurs navigate the complex journey of protecting their business, to growth and then transitioning out of their businesses, typically via sale. My approach combines rigorous financial analysis with a deep understanding of the personal and emotional aspects of business owners. I have a lived experience of the personal challenges of being a business owner, via family and friends, since the age of 10. 

My time as a US government adviser in the Middle East honed my skills in navigating complex situations and stakeholder management. This experience, coupled with my military background, has instilled in me a disciplined approach to problem-solving and a commitment to achieving optimal outcomes for my clients.

As a Chartered Qualified Financial Planner, I stay at the forefront of financial strategies and regulations, ensuring that my clients receive the most current and comprehensive advice. Whether it's managing financial risk, succession planning, wealth management, or strategic exit strategies, I'm dedicated to guiding business owners towards financial success and peace of mind.

I'm passionate about empowering entrepreneurs to make informed decisions that secure their financial future and legacy.


#Businessowners #Businesssale #exit #Businessprotection #Businessgrowth

Exit Strategies may include the referral to a service that is separate and distinct to those offered by St. James's Place.

Habitual Wealth Limited is an Appointed Representative of and represents only St. James's Place Wealth Management plc (which is authorised and regulated by the Financial Conduct Authority).
The 'St. James's Place Partnership' and the titles 'Partner' and 'Partner Practice' are marketing terms used to describe St. James's Place representatives.

SJP Approved 28/11/2024",,,,,,,,,,,,,,
https://www.linkedin.com/in/lorraine-addyman-274bab17,Lorraine,Addyman,,Owner,LighterLife Dundee,United Kingdom,,Owner at LighterLife Dundee,"Dunfermline High School, Camdean Primary School","Owner, LighterLife Dundee","Health, Wellness & Fitness",,,,https://www.linkedin.com/company/lighterlife,https://www.lighterlife.com,"At LighterLife we’re passionate about helping people. With over 30 years' experience in weight loss and weight management programmes we are genuine experts in helping people change their lives. 

Unlike other weight loss programmes we're not just a diet, we’re also about change and we really do make a difference. Our unique approach allows us to help our clients understand their relationship with food and to make significant changes to the way they think. 

We believe LighterLife is simply the best and most sustainable way to lose weight.

We’re looking for dedicated, passionate and motivated people, who want to make a good living helping people transform their lives. Are you driven by the desire to make a difference to people’s lives as well as your own? Do you crave financial security or a better work-life balance? Would you like all the independence of being your own boss, whilst running a profitable business? Do you have the passion to succeed?

If your answer is ‘YES’, we offer the best of both worlds – the security and resources of a large, well-established organisation plus the freedom of being self-employed and doing a job you enjoy. And what’s more, LighterLife is accredited as a Full Member of the British Franchise Association, which means you can be confident in the ethics and credibility of our brand and our Franchise package.

As a LighterLife Mentor you can…
• Work for yourself, with the support of an
established organisation.
• Run a franchise that provides high returns with low investment.
• Be rewarded both financially and emotionally.
• Earn according to the time you invest.
• Make a real difference and help to reshape attitudes as well as people.
• Work flexible hours to suit you – work the hours you want, when you want.
• Enhance your earning potential through
our recruitment and referral schemes.

To find out more email us: recruitment@lighterlife.com or call us: 01279 636988",1996,124,"Weight Loss, Weight Management, Cognitive behavioral theory and transactional analysis, Clinically proven, mindfulness",Harlow,United Kingdom,Essex,Harlow,United Kingdom,Essex
https://www.linkedin.com/in/angel-collins-91477518,Angel,Collins,https://i.closelyhq.com/smngoz1k9qfnpc8bn.55a456cb.jpg,Director,Lighterlife Wycombe,United Kingdom,,"Director at Lighterlife Wycombe, Partner at Hertfordshire Wedding Cars Ltd",,Director Lighterlife Wycombe,,,,,,,,,,,,,,,,
https://www.linkedin.com/in/paul-anthony-brown-04882948,Paul Anthony,Brown,https://i.closelyhq.com/smngoz59900q3lhk.459d83bc.jpg,Weight Loss Consultant,LighterLife,United Kingdom,"Online marketing, Team Building, Customer Service, Team Leadership, Microsoft Office, Excel, Word, Customer Relations, IT Solutions, Training & Development, Experience fund raiser, Entrepreneurship","Weight Loss Consultant at LighterLife, Network Coach/ Party Plan Organiser/Online retail Marketeer at Chrysalis Marketing at European Home Shopping, Travel Manager at Thomas Cook Group",Stamford College,Weight loss mentor,"Health, Wellness & Fitness",,,,https://www.linkedin.com/company/lighterlife,https://www.lighterlife.com,"At LighterLife we’re passionate about helping people. With over 30 years' experience in weight loss and weight management programmes we are genuine experts in helping people change their lives. 

Unlike other weight loss programmes we're not just a diet, we’re also about change and we really do make a difference. Our unique approach allows us to help our clients understand their relationship with food and to make significant changes to the way they think. 

We believe LighterLife is simply the best and most sustainable way to lose weight.

We’re looking for dedicated, passionate and motivated people, who want to make a good living helping people transform their lives. Are you driven by the desire to make a difference to people’s lives as well as your own? Do you crave financial security or a better work-life balance? Would you like all the independence of being your own boss, whilst running a profitable business? Do you have the passion to succeed?

If your answer is ‘YES’, we offer the best of both worlds – the security and resources of a large, well-established organisation plus the freedom of being self-employed and doing a job you enjoy. And what’s more, LighterLife is accredited as a Full Member of the British Franchise Association, which means you can be confident in the ethics and credibility of our brand and our Franchise package.

As a LighterLife Mentor you can…
• Work for yourself, with the support of an
established organisation.
• Run a franchise that provides high returns with low investment.
• Be rewarded both financially and emotionally.
• Earn according to the time you invest.
• Make a real difference and help to reshape attitudes as well as people.
• Work flexible hours to suit you – work the hours you want, when you want.
• Enhance your earning potential through
our recruitment and referral schemes.

To find out more email us: recruitment@lighterlife.com or call us: 01279 636988",1996,124,"Weight Loss, Weight Management, Cognitive behavioral theory and transactional analysis, Clinically proven, mindfulness",Harlow,United Kingdom,Essex,Harlow,United Kingdom,Essex
https://www.linkedin.com/in/anthony-hardley-3609244a,Anthony,Hardley,,Health Specialist,MoreLife (UK) Ltd.,United Kingdom,"Wellness, Nutrition, Microsoft Office, Fitness, Customer Service, Healthcare, Communication, Lifestyle Coaching, Nutritional Counseling, Nutrition Education, Wellness Coaching, English, Computer Literacy, Mentoring, Motivational Interviewing, Smoking Cessation, Nutrition Therapy, Facilitation, Learning mentor, Resourceful","Health Specialist at MoreLife (UK) Ltd., Health Trainer at Enfield and Haringey PCT, key worker at serviice care, Key Worker at Service care","city of westminister collge, Alpha International- CFEO, Barking College, Swallowfied All-Age",Health and Well-being Adviser at ReedMomenta,Wellness and Fitness Services,"I am a highly resourceful and proficient person with excellent communication and interpersonal skills. I am a quick leaner and ambitious. I work well as a individual or part of a team and can also use initiative to work unsupervise. I have the ability to relate to a diverse group of people, flexible and open to training possibilities to take on new challenges. 
I enjoy working with young people who are in a gang or at risk of joining a gang, a life-skill supporter for young people, mentor, working with aldult with depression, low motivation and self worth and visiting those who are in prison to encourage them to make life changing decision. 
",,,https://www.linkedin.com/company/morelife-uk,http://www.more-life.co.uk,"MoreLife is leading the way in tackling obesity in the UK. We deliver specialist weight management programmes to children, families and adults within healthcare, community & workplace settings. We also run MoreLife Camp, Europe’s longest-running weight loss camp for children (http://www.morelifecamp.com)

Established in 1999 by Paul Gately, Professor of Exercise and Obesity at Leeds Metropolitan University (now Leeds Beckett University), MoreLife has helped more than 8000 people to live more healthily.

We understand the complex nature of being overweight; the struggles and torment that individuals, and those close to them, experience every day. It’s with solid evidence-based studies and compassion that we, as a team, assist those who need help to achieve their weight and lifestyle goals.

Head Office is based in Leeds at the Leeds Beckett University Campus in Headingley. Our 150 strong team of experts and volunteers work around the country to support our customers’ journeys.",1999,97,"Community Weight Management Programmes, Residential Weight Management Programmes, Obesity Research & Expertise, Adult and Children's Services, Strategic Consulting in Obesity & Health, Weight Management Training, Specialist Corporate Programmes, Workplace Health, Stop Smoking Services, Active Wellbeing Programmes, NHS Healthchecks, Health and Wellness School Programmes",Leeds,United Kingdom,West Yorkshire,Leeds,United Kingdom,West Yorkshire
https://www.linkedin.com/in/paul-paine-75243b1a,Paul,Paine,,Owner,Lighterlife,United Kingdom,,Owner at Lighterlife,,"Owner, Lighterlife",,,,,,,,,,,,,,,,
https://www.linkedin.com/in/maxine-phillips-smith-b172a019,Maxine,Phillips-Smith,,Owner,LighterLife Counsellor,United Kingdom,,Owner at LighterLife Counsellor,,Owner at LighterLife Counsellor,,,,,,,,,,,,,,,,
https://www.linkedin.com/in/laura-milani-8102a519,Laura,Milani,https://i.closelyhq.com/smngoz7286b10e3lg.4e7c4370.jpg,Country Manager Italia,PronoKal Group,Italy,"Trade Marketing, Category Management, FMCG, Key Account Development, Sales Operations, Key Account Management, Merchandising, Analisi competitiva, Analisi di mercato, Brand management, Brand Management","Country Manager Italia at PronoKal Group, Italy Sales Head at Novartis Consumer Health, Head of Sales HealthCare at Reckitt Benckiser Italy",,Country Manager Italy - PronoKal Group,Wellness and Fitness Services,,,,https://www.linkedin.com/company/pronokal,http://www.pronokal.com,"PronoKal Group is a multinational company specialising in medical weight-loss treatments based on comprehensive prorgammes involving an array of profesionals (doctors, dieticians-nutritionists, physical trainers, coaches, etc.).
The primary mission of the PronoKal Group is to offer effective solutions to help the patients to reach their weight-loss goal and maintain the results over time, thus enabling a better quality of life and greater sense of well-being, as well as to aid in the prevention of overweight and obesity.
It began its activities in 2004 with the launch in Spain of the PronoKal Method, the first medically supervised multidisciplinary treatment for weight loss based on the protein diet, which helped this company to become a reference model in this area. Currently, PronoKal Group has different medical treatments for weight loss and long-term maintenance, based on a protein diet, suited to different patient profiles (PronoKal Method, PnK Method, DiaproKal Method).
Since 2009, the expansion and internationalization process of the PronoKal Group has been consolidated: PronoKal Group® is now present in 15 countries, with three administrative headquarters in Europe (Geneva, Luxembourg and Barcelona). 
The success of our medical treatments is substantiated by 450,000 patients treated and 4,000 prescribing doctors who trust in the rigour and effectiveness of our methods. These figures make PronoKal Group the top company in our sector.
Since its inception, the company has committed itself to rigour and science, launching numerous studies to demonstrate the efficacy and safety of a Protein Diet versus a low calorie diet. So far over 15 studies have been conducted, half of which have been published and presented at international scientific meetings.",2004,307,"pérdida de peso, adelgazamiento, dieta, nutrición, salud, bienestar, dieta cetogénica, weight loss, diet, nutrition, health, wellness, ketogenic diet, pronokal",Barcelona,Spain,Catalunya,Barcelona,Spain,Catalunya
https://www.linkedin.com/in/helen-litherland-6ab7b34a,Helen,Litherland,,Director,Lighterlife solihull,United Kingdom,,Director at Lighterlife solihull,,Director at Lighterlife solihull,,,,,,,,,,,,,,,,
https://www.linkedin.com/in/mikepallett,Mike,Pallett,https://i.closelyhq.com/smngoz4ukuetb76rd.186ce331.jpg,Chief Operating Officer,Archvale . Part-time,United Kingdom,"Fundraising, Startups, Mergers & Acquisitions (M&A), Entrepreneurial Operating System, Business Operations, Performance Management, Business Transformation, Culture Change, Organizational Culture, Organizational Structure, Facilitation, Business Strategy, Business Development, Strategy, Business Analysis, Project Management, Financial Modeling, Start-ups, Credit Derivatives, Derivatives","Chief Operating Officer at Archvale . Part-time, Fractional MD at MoonShot - Empowering people, transforming experiences. . Freelance, Chief Operating Officer at Medicspot . Part-time, Executive & Team Coach at Freelance . Self-employed, Chief Operating Officer at Surgease Innovations Ltd . Full-time, Director Of Operations at Kheiron Medical . undefined, Co-Founder & CEO at Cupris Health . undefined, Senior Associate Project Manager at JP Morgan Chase . undefined, Financial Engineer at First Derivatives . undefined","London Business School, Animas Centre for Coaching, University of Birmingham","Founder’s Right Hand | Bringing structure, clarity and leadership to founder-led businesses",Hospitals and Health Care,"I work with founders who are brilliant at what they do but struggling under the weight of running their business. I come in as their right hand, installing structure, clarity and rhythm so the business can function without them carrying it all. The result is a founder who can focus on what they're best at, and a business that actually runs. I've been on both sides of this. As a founder and as a leader in businesses from £0 to £60m, I know what it looks like when a business outgrows itself, and how to fix it. I work with the Entrepreneurial Operating System as my framework, bring a coaching lens to people and teams, and have a track record of turning chaos into clarity. I work best with kind businesses. Good people doing meaningful things, at the stage where things are working but the weight of it is getting heavy. If that sounds familiar, I'd love to talk.",,,https://www.linkedin.com/company/archvale,https://www.archvale.co.uk,"A future where all patients have access to comprehensive, coordinated and continuous care.",,25,"NHS, Primary Care, General Practice",London,United Kingdom,England,London,United Kingdom,England
https://www.linkedin.com/in/oliver-mcguinness-6001894a,Oliver,McGuinness,https://i.closelyhq.com/smngoz6pbsbo2h786.dc419c18.jpg,Chief Executive Officer,Reset Health,United Kingdom,"Claims Management, Operations Management, Contract Negotiation, Change Management, Project Management, Negotiation, Customer Service, Strategic Human Resources Leadership, Insurance, Risk Management, Performance Management, Account Management, Business Process Improvement, Management, New Business Development, Business Development, General Insurance, Strategy","Chief Executive Officer at Reset Health, Chief Executive Officer at RightIndem, Board Of Directors at Wondrwall Group, Mentor at Startupbootcamp, Product Development Director at Innovation Group Limited, Group Company Secretary at Imperial Consultants (Holdings) Ltd, Operational Development Manager at Imperial Consultants Ltd","Cranfield School of Management, Bury Grammar School, Lancaster University",Chief Executive Officer at Reset Health ,Wellness and Fitness Services,,,,https://www.linkedin.com/company/reset-health-clinic,https://www.resethealth.clinic/,"Helping patients manage obesity and Type 2 diabetes with our Roczen app.

Our team of specialist clinicians combine personalised care with innovative weight-loss therapies.

We integrate diagnostics, bespoke diet and lifestyle plans, prescription-only medications, 1:1 clinical care, dedicated mentors and community support all in one easy-to-use digital platform.",2020,61,"health, diabetes, Type 2 Diabetes, Obesity, lifestyle",London,United Kingdom,England,London,United Kingdom,England
https://www.linkedin.com/in/naomibrosnahan,Naomi,Brosnahan ,https://i.closelyhq.com/smngoz54ge7ucbndr.e9de1892.jpg,Chief Executive Officer,Counterweight,United Kingdom,"Registered Dietitian , Diabetes, Nutrition, Lifestyle, Healthcare, Fitness, Clinical Research, Dietetics, Medical Nutrition Therapy, Clinical Nutrition, Nutrition Education, Weight Management, IBS","Chief Executive Officer at Counterweight, Research Associate/ PhD Student at The University of Glasgow, Business Executive at Counterweight Ltd, Counterweight Specialist at Robert Gordon University, Dietitian at NHS Shetland, ICU, Surgical and Neurology Dietitian at Capital and Coast District Health Board","University of Glasgow, University of Otago, University of Otago, University of Glasgow, University of Glasgow","CEO @ Counterweight | Registered Dietitian, PhD",Wellness and Fitness Services,,,,https://www.linkedin.com/company/counterweight,http://www.counterweight.org,"Counterweight provides evidence-based weight management programmes. The Counterweight Programmes were developed from research begun in 2000 involving a collaboration between leading academics at seven UK Universities. Research involved assessing the burden of overweight and obesity in the NHS, and development and evaluation of novel weight management programmes.

Our flagship weight loss programme has been clinically proven to help people achieve remission from Type II diabetes. We’re currently live in NHS clinics across the UK, and scaling quickly.",2000,28,"Weight loss, Weight management, Dietetics, Behaviour change, Diabetes remission, T2DM, Type-2 Diabetes, Diet, Lifestyle, Health, Longevity, NHS",London,United Kingdom,England,London,United Kingdom,England
https://www.linkedin.com/in/karen-turmer-4412341b,Karen,Turmer,,Owner,LighterLife,United Kingdom,,Owner at LighterLife,,"Owner, LighterLife",,,,,,,,,,,,,,,,
https://www.linkedin.com/in/patricia-lyon-1189291a,Patricia,Lyon,,Owner,Lighterlife,United Kingdom,,Owner at Lighterlife,,"Owner, Lighterlife",,,,,,,,,,,,,,,,
https://www.linkedin.com/in/matilde-barroero-6691a321,Matilde,Barroero,,Head of Patient Service,SDM_Kalibra,Italy,"Nutrition Education, Communication, Analytical Skills, Empathy, Public Speaking, Laboratory Skills, Group Work, Problem Solving, Food Industry, Ricerca, Analisi molecolari e cellulari, Conservazione della biodiversità, Nutrition, Food Technology, Analisi dei dati, Analytical Chemistry, Quality Assurance, Project Planning, Microsoft Word, Microsoft Office","Head of Patient Service at SDM_Kalibra, Head of Patient Service - Italy at PronoKal Group, Atleta semiprofessionista cat. serie B2 at L’Alba Volley, Internship at Ferrero, Servizio Civile Nazionale at Centro Ricci ""La Ninna""​, Atleta professionista cat. serie B1 at Pallavolo Acqui Terme, Atleta professionista cat. serie B2 at Helvia Recina 2000, Atleta professionista cat. serie B2 at Ezzelina volley carinatese, Atleta professionista cat. serie B2 at Pallavolo Val Chisone, Atleta professionista cat. serie B2 at Sant'Orsola","Università degli Studi di Torino, Università degli Studi di Padova, Università degli Studi di Torino, Liceo Scientifico",Head of Patient Service at SDM_Kalibra,Retail,,,,https://www.linkedin.com/company/sdm-kalibra,https://kalibradiet.com/,"Kalibra® è un Metodo nutrizionale medicalizzato per la gestione del peso e il miglioramento della salute metabolica. Affianchiamo i Professionisti della Salute con programmi personalizzati, alimenti a fini medici speciali, integratori alimentari e un approccio basato sulle evidenze scientifiche.",,12,"Perdita di peso, dieta, nutrizione, salute, benessere, dieta chetogenica, weight loss, diet, nutrition, health, wellness, ketogenic diet, PronoKal ",Savigliano,Italy,Piemonte,Savigliano,Italy,Piemonte
https://www.linkedin.com/in/laura-newson-a0146a20,Laura,Newson,https://i.closelyhq.com/smngoz6sn6a0thm1o.d059e62e.jpg,Director of Partnerships and Propositions,Reset Health,United Kingdom,"Bid Writing, Project Bidding, Business Development, New Business Development, Project Management, Department for Work & Pensions, Ministry of Justice, Criminal Justice, Strategic Planning, ESF, Third Sector, Payment by Results, The Work Programme, Building Relationships, Stakeholder Engagement, Stakeholder Analysis, Market Research, Offenders, Unemployment, Welfare Reform","Director of Partnerships and Propositions at Reset Health, Head of National Partnerships and Bidding at Oviva, Associate Director of Business Development at Reed Wellbeing, Head of Bid Management at MSI Group Limited, Business Development Manager at City & County Healthcare Group, Business Development Manager at Nacro, Business Development Manager at Ingeus",The University of Nottingham,Director of Partnerships @ Reset Health,Wellness and Fitness Services,"At Reset Health, I work across strategy, partnerships and proposition development.I work with NHS, pharmaceutical and private-sector partners to identify opportunities, develop new models of care and turn them into services that are clinically credible, commercially sustainable and practical to deliver at scale.",,,https://www.linkedin.com/company/reset-health-clinic,https://www.resethealth.clinic/,"Helping patients manage obesity and Type 2 diabetes with our Roczen app.

Our team of specialist clinicians combine personalised care with innovative weight-loss therapies.

We integrate diagnostics, bespoke diet and lifestyle plans, prescription-only medications, 1:1 clinical care, dedicated mentors and community support all in one easy-to-use digital platform.",2020,61,"health, diabetes, Type 2 Diabetes, Obesity, lifestyle",London,United Kingdom,England,London,United Kingdom,England
https://www.linkedin.com/in/dr-sahira-dar-59801453,Dr Sahira,Dar,https://i.closelyhq.com/smngoz32on5970fuq.56fb16f0.jpg,Locum GP,Lanarkshire Medical Group . undefined,United Kingdom,"New Business Development, Alternative Medicine, Energy Healing, Neuro-Linguistic Programming (NLP), Lifestyle Coaching, Health & Wellness, Healthcare Improvement, Digital Health, Primary Care, Women's Health, Project Management, Therapeutic Areas, Healthcare, Communication Skills, Family Medicine, Clinical Research, Medical Education, Medicine, Mental Health, Internal Medicine","Locum GP at Lanarkshire Medical Group . undefined, General Practitioner at Medicspot . undefined, Blood and Organ Donation Team Lead at British Islamic Medical Association . undefined, General Practitioner at Simple Online Pharmacy, Complimentary/Lifestyle Medicine Practitioner at Pure remedy . Self-employed, General Practitioner at NHS Scotland . undefined, NLP Master Practioner at Mindoctor . undefined","University of Glasgow, Common Purpose",GP I President of the British Islamic Medical Association (BIMA) I Lifestyle Coach I Digital Doc I Chair of Vibrant Scottish Mosques I Honorary Senior Clinical Lecturer Glasgow University I Charity trustee,Medical Practice,"I am a portfolio GP working in Glasgow for the NHS and private sector.  Over the last few years I have worked extensively in the SA/Muslim community in various health education initiatives with various charitable and non profit organisations.  I have a special interest in Women's Health, Health inequalities (I am the senior adviser for the Blood and Organ Donation Team for the British Islamic Medical Association), Islamic Medical Ethics and Lifestyle Medicine.  During the pandemic I did local work raising awareness of COVID and then the vaccine programme as a BIMA representative collaborating with SG/Public Health. 
I am looking for a role or job where I can take these workshops further as there is a great need for health education in these communities as we realised with COVID - the message has to be tailored and cultural/faith aspects play a huge part.  

Here are some recent publications/work I have been involved with:
- Organ Donation and Religious Beliefs: Scottish Government
- Advising patients with existing conditions about fasting https://www.bmj.com/content/376/bmj-2020-063613
- Ramadan and Womens Health  https://bjgp.org/content/72/717/156.1?s=08
- Kidney Health in Ramadan  https://www.kidneyresearchuk.org/kidney-health-information/about-kidney-disease/ramadan/",,,https://www.linkedin.com/company/lanarkshire-medical-group,http://lanarkshiremedicalgroup.co.uk,,,9,,Glasgow,United Kingdom,,,,
https://www.linkedin.com/in/drzubairahmed,Dr Zubair,A.,https://i.closelyhq.com/smngoz7nu703qtudb.75e4fcd1.jpg,Founder & CEO,Medicspot,United Kingdom,"Leadership, Healthcare, Start-ups, Medicine, Real Estate, Real Estate Development, Direct Patient Care, Communication, Clinical Research, Investment Properties, Surgery","Founder & CEO at Medicspot, Medical Doctor - General Practitioner at UK National Health Service (NHS), Founder & Managing Director at Granite Valley Ltd","London Business School, University of Aberdeen","CEO/Founder Medicspot Group, General Practitioner, London Business School MBA",Hospitals and Health Care,,,,https://www.linkedin.com/company/medicspot,https://www.medicspot.co.uk/,"Your weight loss journey ends here. Put a stop to endless dieting with clinically-proven weight loss treatments that can bring real, lasting results. Check your eligibility now at www.medicspot.co.uk

",2016,32,"Weight Loss, Weight Management, Obesity Management, Digital Health, Telemedicine, Weight Loss Coaching, Online GP Consultations",London,United Kingdom,,London,United Kingdom,
https://www.linkedin.com/in/kosterkarlijn,Karlijn,Koster,,Team Lead Nederland,Weight Doctors Worldwide,Netherlands,"Dutch, English, Research, Microsoft Office, Teamwork, Sustainability, Social Media","Team Lead Nederland at Weight Doctors Worldwide, Patient Coordinator Weight Doctors Worldwide at Weight Doctors, Customer Care Specialist at BENU Nederland, Customer Care Specialist at VVV Nederland , Junior private label manager at Arla Foods , Zorgassistente at stichting QuaRijn, Life Science Acquisition Manager at AIESEC Wageningen at AIESEC the Netherlands","Maastricht University, Wageningen University & Research, Wageningen University & Research, Revius Lyceum Doorn",Team Lead Weight Doctors Nederland,,,,,,,,,,,,,,,,
https://www.linkedin.com/in/dawn-sheppard-371b0822,Dawn,Sheppard,,Owner,LighterLife Mexborough,United Kingdom,"Wellness, Nutrition, Wellbeing, Wellness Coaching, Lifestyle",Owner at LighterLife Mexborough,,"Owner, LighterLife Mexborough",,,,,,,,,,,,,,,,
https://www.linkedin.com/in/sperlingalexander,Alexander,Sperling,https://i.closelyhq.com/smngoz7ivtcu4am5t.787ca8e0.jpg,Solution Architect,Bürgerspital Wertheim gGmbH,Germany,"POS, IT-Infrastruktur, ERP, Teamführung, Teammanagement, Workshops, Kanban, Scrum, Prozessverbesserung, Projektmanagement, ERP-Implementierungen, Geschäftsprozesse, Performance Based Marketing, Google Analytics, SEO, Web Development, E-commerce, Usability, IT Management, Project Management","Solution Architect at Bürgerspital Wertheim gGmbH, Solution Architect at Weight Doctors, IT-Leiter at Spiele Max - Alles für deine Familie, Partner at Global intellect service, E-Commerce-Leiter at Talant Möbelhaus, E-commerce Projekt Manager https://robokassa.com at Robokassa, Projektmanager E-Commerce at Realauto, LLC, Praktikum e-commerce at B.O.R.O.Vertriebs- und Vermittlungs-GbR","State University of Management (SUM), Technische Universität Berlin, Kriegsmarinehochschule, St. Petersburg",IT & Medical IT Projects | Digital Transformation | Operations & Leadership,,,,,,,,,,,,,,,,
https://www.linkedin.com/in/pat-ashmore-668ab524,Pat,Ashmore,https://i.closelyhq.com/smngoz127jjplbkeu.f6665dc1.jpg,Owner,LighterLife,United Kingdom,"Personal Development, Wellbeing, Stress Management, Lifestyle, Wellness, Nutrition, Coaching, Stress, Counseling Psychology, New Business Development, Self-esteem, Business Planning, Entrepreneurship, Executive Coaching, Holistic Health, Hypnotherapy, Lifestyle Coaching, Wellness Coaching, Weight, Confidence Building","Owner at LighterLife, Weight Management Counsellor at LighterLife DERBY SOUTH & LONG EATON, Director at Total Building Response Ltd",Noel Baker Technical Grammar,Weight Management Consultant at LighterLife DERBY,"Health, Wellness & Fitness",,,,https://www.linkedin.com/company/lighterlife,https://www.lighterlife.com,"At LighterLife we’re passionate about helping people. With over 30 years' experience in weight loss and weight management programmes we are genuine experts in helping people change their lives. 

Unlike other weight loss programmes we're not just a diet, we’re also about change and we really do make a difference. Our unique approach allows us to help our clients understand their relationship with food and to make significant changes to the way they think. 

We believe LighterLife is simply the best and most sustainable way to lose weight.

We’re looking for dedicated, passionate and motivated people, who want to make a good living helping people transform their lives. Are you driven by the desire to make a difference to people’s lives as well as your own? Do you crave financial security or a better work-life balance? Would you like all the independence of being your own boss, whilst running a profitable business? Do you have the passion to succeed?

If your answer is ‘YES’, we offer the best of both worlds – the security and resources of a large, well-established organisation plus the freedom of being self-employed and doing a job you enjoy. And what’s more, LighterLife is accredited as a Full Member of the British Franchise Association, which means you can be confident in the ethics and credibility of our brand and our Franchise package.

As a LighterLife Mentor you can…
• Work for yourself, with the support of an
established organisation.
• Run a franchise that provides high returns with low investment.
• Be rewarded both financially and emotionally.
• Earn according to the time you invest.
• Make a real difference and help to reshape attitudes as well as people.
• Work flexible hours to suit you – work the hours you want, when you want.
• Enhance your earning potential through
our recruitment and referral schemes.

To find out more email us: recruitment@lighterlife.com or call us: 01279 636988",1996,124,"Weight Loss, Weight Management, Cognitive behavioral theory and transactional analysis, Clinically proven, mindfulness",Harlow,United Kingdom,Essex,Harlow,United Kingdom,Essex
https://www.linkedin.com/in/susan-brennan-09a48826,Susan,Brennan,https://i.closelyhq.com/smngoz57fqt4api2r.462ca41a.jpg,GP in Weight Management,MoreLife (UK) Ltd.,United Kingdom,"Pharmaceutical Industry, Medicine, Medical Education, Hospitals, Marketing Communications, Strategic Planning, Primary Care, Customer Service, Microsoft Office, Healthcare Management, Research, Internal Medicine, Emergency Medicine, Public Health, Healthcare Information Technology, Patient Safety, Treatment, Pediatrics","GP in Weight Management at MoreLife (UK) Ltd., Medical Adviser  at The Thalidomide Trust, General Practitioner at NHS, General Practitioner in Forensic Psychiatry at Rohallion Clinic ",The University of Manchester,Medical Adviser  at The Thalidomide Trust,Wellness and Fitness Services,"I'm a General Practitioner, qualified through the King's VTS Scheme in 2012, with a diverse portfolio career spanning primary care, specialist advisory roles, and weight management.

Since 2018, I have worked as a Medical Adviser for the Thalidomide Trust, providing clinical insight and support to individuals living with disabilities caused by thalidomide. This role has deepened my understanding of long-term condition management, complex care coordination, and patient advocacy.

In 2022, I expanded my practice into weight management, supporting patients in achieving sustainable lifestyle and metabolic health improvements. More recently, I joined the Rohallion Clinic at Murray Royal Hospital, contributing to multidisciplinary care for individuals with complex mental health needs.

My clinical interests include holistic patient care, chronic disease management, and the intersection between physical and mental health. I'm passionate about delivering person-centred care and working collaboratively across services to improve health outcomes",,,https://www.linkedin.com/company/morelife-uk,http://www.more-life.co.uk,"MoreLife is leading the way in tackling obesity in the UK. We deliver specialist weight management programmes to children, families and adults within healthcare, community & workplace settings. We also run MoreLife Camp, Europe’s longest-running weight loss camp for children (http://www.morelifecamp.com)

Established in 1999 by Paul Gately, Professor of Exercise and Obesity at Leeds Metropolitan University (now Leeds Beckett University), MoreLife has helped more than 8000 people to live more healthily.

We understand the complex nature of being overweight; the struggles and torment that individuals, and those close to them, experience every day. It’s with solid evidence-based studies and compassion that we, as a team, assist those who need help to achieve their weight and lifestyle goals.

Head Office is based in Leeds at the Leeds Beckett University Campus in Headingley. Our 150 strong team of experts and volunteers work around the country to support our customers’ journeys.",1999,97,"Community Weight Management Programmes, Residential Weight Management Programmes, Obesity Research & Expertise, Adult and Children's Services, Strategic Consulting in Obesity & Health, Weight Management Training, Specialist Corporate Programmes, Workplace Health, Stop Smoking Services, Active Wellbeing Programmes, NHS Healthchecks, Health and Wellness School Programmes",Leeds,United Kingdom,West Yorkshire,Leeds,United Kingdom,West Yorkshire
https://www.linkedin.com/in/chiaulingchow,Ling,Chow,https://i.closelyhq.com/smngoz1rhrjlf60i3o.ed5b0912.jpg,Operations Director,Reset Health,United Kingdom,"Project Management, Strategy, Management Consulting, Business Process Improvement, Research, Health analytics, Life Sciences, Microsoft Office, Business Analysis, Microsoft Excel, Consulting, Business Strategy","Operations Director at Reset Health, Operations Excellence Lead at Welbeck Health Partners, Management Consultant at PwC","University of Oxford, The Institute of Cancer Research",Operations Director at Reset Health,Wellness and Fitness Services,"I am an experienced healthcare leader with a proven track record in establishing scalable operations within brick-and-mortar and digital healthcare organisation, as well as in delivering successful change programmes in NHS and private providers. 

I am a versatile self-starter who is comfortable working in fast-paced environments involving complex networks of stakeholders. 

Equipped with advanced analytical skills, I am a firm believer in using evidence-based approaches to drive decision making. Often regarded as a “safe pair of hands” by my co-workers and clients, I count myself lucky to have worked with some truly inspiring healthcare professionals in my career so far and will continue to seek out opportunities that allow me to do so.",,,https://www.linkedin.com/company/reset-health-clinic,https://www.resethealth.clinic/,"Helping patients manage obesity and Type 2 diabetes with our Roczen app.

Our team of specialist clinicians combine personalised care with innovative weight-loss therapies.

We integrate diagnostics, bespoke diet and lifestyle plans, prescription-only medications, 1:1 clinical care, dedicated mentors and community support all in one easy-to-use digital platform.",2020,61,"health, diabetes, Type 2 Diabetes, Obesity, lifestyle",London,United Kingdom,England,London,United Kingdom,England
https://www.linkedin.com/in/tabithaprince,Tabitha,Prince,https://i.closelyhq.com/smngoz58fdg0e6gjo.99823e91.jpg,Owner,LighterLife,United Kingdom,"Customer Service, Lifestyle, Wellbeing, Entrepreneurship, Personal Development, Coaching, Wellness, Stress Management, Small Business","Owner at LighterLife, Recruitment consultant at Express Recruitment, National make-up manager at Olan Mills",,Giving you the tools and confidence to loss weight and keep it off for Life,"Health, Wellness & Fitness",,,,https://www.linkedin.com/company/lighterlife,https://www.lighterlife.com,"At LighterLife we’re passionate about helping people. With over 30 years' experience in weight loss and weight management programmes we are genuine experts in helping people change their lives. 

Unlike other weight loss programmes we're not just a diet, we’re also about change and we really do make a difference. Our unique approach allows us to help our clients understand their relationship with food and to make significant changes to the way they think. 

We believe LighterLife is simply the best and most sustainable way to lose weight.

We’re looking for dedicated, passionate and motivated people, who want to make a good living helping people transform their lives. Are you driven by the desire to make a difference to people’s lives as well as your own? Do you crave financial security or a better work-life balance? Would you like all the independence of being your own boss, whilst running a profitable business? Do you have the passion to succeed?

If your answer is ‘YES’, we offer the best of both worlds – the security and resources of a large, well-established organisation plus the freedom of being self-employed and doing a job you enjoy. And what’s more, LighterLife is accredited as a Full Member of the British Franchise Association, which means you can be confident in the ethics and credibility of our brand and our Franchise package.

As a LighterLife Mentor you can…
• Work for yourself, with the support of an
established organisation.
• Run a franchise that provides high returns with low investment.
• Be rewarded both financially and emotionally.
• Earn according to the time you invest.
• Make a real difference and help to reshape attitudes as well as people.
• Work flexible hours to suit you – work the hours you want, when you want.
• Enhance your earning potential through
our recruitment and referral schemes.

To find out more email us: recruitment@lighterlife.com or call us: 01279 636988",1996,124,"Weight Loss, Weight Management, Cognitive behavioral theory and transactional analysis, Clinically proven, mindfulness",Harlow,United Kingdom,Essex,Harlow,United Kingdom,Essex
https://www.linkedin.com/in/sarah-le-brocq-85b07a26,Sarah,Le Brocq,https://i.closelyhq.com/smngoz17kccgurqivg.5b4aac0d.jpg,Obesity Consultant,Perspectum Ltd,United Kingdom,"Pharmaceutical Sales, Market Access, Diabetes, Sales Effectiveness, Cardiology, Hospital Sales, Pharmaceutical Industry, Product Launch, Health Economics, Neurology, Rheumatology, Urology, Hospitals","Obesity Consultant at Perspectum Ltd, Public Affairs Consultant at Reset Health, Director at All About Obesity CIC, Lay Member at NICE - National Institute for Health and Care Excellence, Co-Founder at My Healthy Shift, Hospital Sales Specialist - Haematology at Roche, Charity Director at Obesity UK, Hep C Account Specialist at AbbVie, Charity Ambassador at HOOP (Helping Overcome Obesity Problems), Diabetes Account Manager at Janssen, Pharmaceutical Companies of Johnson and Johnson","Sheffield Hallam University, Jersey College For Girls","Policy & Science Leader Driving Change in Obesity Care | Obesity Advocate with Lived Experience | Founder, All About Obesity CIC | Entrepreneur",Medical Equipment Manufacturing,"Sarah Le Brocq is a recognised UK obesity advocate, combining a science background and lived experience of obesity with 16 + years working across the pharmaceutical industry and NHS. As Founder &amp; Director of All About Obesity CIC, she is committed to changing the narrative on obesity, advancing research, supporting policy reform and empowering people living with obesity to access evidence-based care and live free of stigma. She serves on multiple high-profile committees and advisory groups, and is regularly featured in media and professional forums on obesity policy, treatment and lived experience.",,,https://www.linkedin.com/company/perspectum-ltd,https://www.perspectum.com,"Perspectum's imaging solutions are safe, fast, and can offer more comprehensive diagnostics. We help doctors understand complex data and help deliver precision care to more patients. 

We believe the voice of the patient matters and that each case is unique. Our goal is to enable health care providers to tailor precision medicine to the needs of the individual.

",2012,275,"Medical Software Development, Medical image analysis, Medical Physics, Clinical trials, Multiparametric MRI",Oxford,United Kingdom,England,Oxford,United Kingdom,England
https://www.linkedin.com/in/ali-robbins-b4230728,Ali,Robbins,,Owner,lighterlife taunton,United Kingdom,,Owner at lighterlife taunton,,"Owner, lighterlife taunton",,,,,,,,,,,,,,,,
https://www.linkedin.com/in/dr-adam-barker-aca-5a256a57,Dr. Adam,Barker ACA,https://i.closelyhq.com/smngoz5s5bcg7781s.5b02fb8b.jpg,Chief Financial Officer,Reset Health,United Kingdom,"Microsoft Office, Microsoft Excel, Microsoft Word, PowerPoint, English, Windows, Research, Outlook, Teaching, HTML, Public Speaking, Health, Public Health, Epidemiology, Biochemistry, Leadership, Stata, Project Planning, Project Management, Project Coordination","Chief Financial Officer at Reset Health, Head of Healthcare Equity Research at Goodbody, Equity Research at Shore Capital, Finance scheme graduate at Bupa, Demonstrator on MPhil in Epidemiology at Medical Research Council, Personal Assistant to a Consultant in Health Protection at Health Protection Agency","The Chartered Institute for Securities & Investment (The CISI), ICAEW, University of Cambridge, University of Cambridge, University of Oxford, Deyes high school",Chief Financial Officer at Reset Health,Wellness and Fitness Services,"At Reset Health, we are on a mission to improve the healthy lifespan of people living with chronic conditions including overweight and obesity. 

I have experience of working in science, accounting, and the healthcare investment banking industry and I'm working hard to use those skills to advance our very important and ambitious mission. 

Please reach out to me if you would like to know more about our story.",,,https://www.linkedin.com/company/reset-health-clinic,https://www.resethealth.clinic/,"Helping patients manage obesity and Type 2 diabetes with our Roczen app.

Our team of specialist clinicians combine personalised care with innovative weight-loss therapies.

We integrate diagnostics, bespoke diet and lifestyle plans, prescription-only medications, 1:1 clinical care, dedicated mentors and community support all in one easy-to-use digital platform.",2020,61,"health, diabetes, Type 2 Diabetes, Obesity, lifestyle",London,United Kingdom,England,London,United Kingdom,England
https://www.linkedin.com/in/sharon-henshaw-6b6b5127,Sharon,Henshaw,,Owner,Lighterlife - Chesterfield,United Kingdom,"Lifestyle, NLP, Weight Management, Stress Management","Owner at Lighterlife - Chesterfield, Hospital Speciality Representative at Pfizer","Sheffield Hallam University, Netherhall School, Cambridge","Owner, Lighterlife - Chesterfield. Insightful weight management programme for a healthy body and happy mind",,,,,,,,,,,,,,,,
https://www.linkedin.com/in/georgia-apsitis-9730045a,Georgia,Apsitis,,Morelife Programme Co- ordinator - Wandsworth,MoreLife (UK) Ltd.,United Kingdom,"Weight Management, Nutrition, Project Management, Health, Higher Education, Research, Qualitative Research, Event Management, Social Media, Event Planning, Public Speaking, E-Learning, Microsoft Office, Project Planning",Morelife Programme Co- ordinator - Wandsworth at MoreLife (UK) Ltd.,"St Mary's University College, Twickenham, Notre Dame High School, Norwich",Programme Co- ordinator (Wandsworth) at MoreLife (UK) Ltd,Wellness and Fitness Services,,,,https://www.linkedin.com/company/morelife-uk,http://www.more-life.co.uk,"MoreLife is leading the way in tackling obesity in the UK. We deliver specialist weight management programmes to children, families and adults within healthcare, community & workplace settings. We also run MoreLife Camp, Europe’s longest-running weight loss camp for children (http://www.morelifecamp.com)

Established in 1999 by Paul Gately, Professor of Exercise and Obesity at Leeds Metropolitan University (now Leeds Beckett University), MoreLife has helped more than 8000 people to live more healthily.

We understand the complex nature of being overweight; the struggles and torment that individuals, and those close to them, experience every day. It’s with solid evidence-based studies and compassion that we, as a team, assist those who need help to achieve their weight and lifestyle goals.

Head Office is based in Leeds at the Leeds Beckett University Campus in Headingley. Our 150 strong team of experts and volunteers work around the country to support our customers’ journeys.",1999,97,"Community Weight Management Programmes, Residential Weight Management Programmes, Obesity Research & Expertise, Adult and Children's Services, Strategic Consulting in Obesity & Health, Weight Management Training, Specialist Corporate Programmes, Workplace Health, Stop Smoking Services, Active Wellbeing Programmes, NHS Healthchecks, Health and Wellness School Programmes",Leeds,United Kingdom,West Yorkshire,Leeds,United Kingdom,West Yorkshire
https://www.linkedin.com/in/natalie-bellis-3279a928,natalie,bellis,,Owner,LighterLife Billericay,United Kingdom,,Owner at LighterLife Billericay,,"Owner, LighterLife Billericay",,,,,,,,,,,,,,,,
https://www.linkedin.com/in/veronica-barry-0851012b,Veronica,Barry,https://i.closelyhq.com/smngoz54bgddbt9qi.05e79eac.jpg,Counsellor,LighterLife - Hereford,United Kingdom,,"Counsellor at LighterLife - Hereford, Owner at Post office Ross Peterstoe","Bishop Vaughan R C, Mayfield Road southhaam",Counsellor at LighterLife - Hereford,,,,,,,,,,,,,,,,
https://www.linkedin.com/in/bridget-egglesfield-0aa93329,Bridget,Egglesfield,,Owner,LighterLife Counsellor,United Kingdom,,"Owner at LighterLife Counsellor, Owner - Weight Management Counsellor at LighterLife Ltd",,"Owner, LighterLife Counsellor",,,,,,,,,,,,,,,,
https://www.linkedin.com/in/christine-render-5584522b,Christine,Render,,Programme Co-ordinator,MoreLife (UK) Ltd.,United Kingdom,,"Programme Co-ordinator at MoreLife (UK) Ltd., Personal Trainer at David Lloyd Leisure, Sports Therapist at Huddersfield Giants RLFC",The University of Huddersfield,Programme Co-ordinator at MoreLife (UK) Ltd,Wellness and Fitness Services,,,,https://www.linkedin.com/company/morelife-uk,http://www.more-life.co.uk,"MoreLife is leading the way in tackling obesity in the UK. We deliver specialist weight management programmes to children, families and adults within healthcare, community & workplace settings. We also run MoreLife Camp, Europe’s longest-running weight loss camp for children (http://www.morelifecamp.com)

Established in 1999 by Paul Gately, Professor of Exercise and Obesity at Leeds Metropolitan University (now Leeds Beckett University), MoreLife has helped more than 8000 people to live more healthily.

We understand the complex nature of being overweight; the struggles and torment that individuals, and those close to them, experience every day. It’s with solid evidence-based studies and compassion that we, as a team, assist those who need help to achieve their weight and lifestyle goals.

Head Office is based in Leeds at the Leeds Beckett University Campus in Headingley. Our 150 strong team of experts and volunteers work around the country to support our customers’ journeys.",1999,97,"Community Weight Management Programmes, Residential Weight Management Programmes, Obesity Research & Expertise, Adult and Children's Services, Strategic Consulting in Obesity & Health, Weight Management Training, Specialist Corporate Programmes, Workplace Health, Stop Smoking Services, Active Wellbeing Programmes, NHS Healthchecks, Health and Wellness School Programmes",Leeds,United Kingdom,West Yorkshire,Leeds,United Kingdom,West Yorkshire
https://www.linkedin.com/in/lighterlife-admin-77b01a60,LighterLife,Admin,https://i.closelyhq.com/smngoz5vsg1p3hb1c.0609777a.jpg,Weight loss and management,LighterLife,United Kingdom,"Personal Development, Social Media, Wellness, Nutrition, Lifestyle",Weight loss and management at LighterLife,,LighterLife,"Health, Wellness & Fitness","LighterLife's unique weight loss and management programmes have been helping people live a lighter life for over 30 years. And because we make weight loss simple, the LighterLife programme is remarkably easy to stick to. NO points watching, NO calorie counting, NO hassle. If you are one or more stone overweight, LighterLife Xpress is the way forward to a new, lighter you.

At LighterLife, we know that losing weight isn’t just about what you eat, but about your whole relationship with food. We’re even backed by top medical professionals and have been featured on the BBC. 
Mindfulness in the free Xpress Slimming Club meetings and CBT in our telephone groups offer you the chance to explore why you overeat, with the support and guidance of our Counsellors, Mentors and fellow LighterLife members.",,,https://www.linkedin.com/company/lighterlife,https://www.lighterlife.com,"At LighterLife we’re passionate about helping people. With over 30 years' experience in weight loss and weight management programmes we are genuine experts in helping people change their lives. 

Unlike other weight loss programmes we're not just a diet, we’re also about change and we really do make a difference. Our unique approach allows us to help our clients understand their relationship with food and to make significant changes to the way they think. 

We believe LighterLife is simply the best and most sustainable way to lose weight.

We’re looking for dedicated, passionate and motivated people, who want to make a good living helping people transform their lives. Are you driven by the desire to make a difference to people’s lives as well as your own? Do you crave financial security or a better work-life balance? Would you like all the independence of being your own boss, whilst running a profitable business? Do you have the passion to succeed?

If your answer is ‘YES’, we offer the best of both worlds – the security and resources of a large, well-established organisation plus the freedom of being self-employed and doing a job you enjoy. And what’s more, LighterLife is accredited as a Full Member of the British Franchise Association, which means you can be confident in the ethics and credibility of our brand and our Franchise package.

As a LighterLife Mentor you can…
• Work for yourself, with the support of an
established organisation.
• Run a franchise that provides high returns with low investment.
• Be rewarded both financially and emotionally.
• Earn according to the time you invest.
• Make a real difference and help to reshape attitudes as well as people.
• Work flexible hours to suit you – work the hours you want, when you want.
• Enhance your earning potential through
our recruitment and referral schemes.

To find out more email us: recruitment@lighterlife.com or call us: 01279 636988",1996,124,"Weight Loss, Weight Management, Cognitive behavioral theory and transactional analysis, Clinically proven, mindfulness",Harlow,United Kingdom,Essex,Harlow,United Kingdom,Essex
https://www.linkedin.com/in/juli-mey,Juli,Mey,https://i.closelyhq.com/smngoz2dq6kg7d23vg.39e42a13.jpg,"Tier 3 Practitioner Lead Sussex, GM, Essex",MoreLife (UK) Ltd.,United Kingdom,"Gym Operations Management , Staff Leadership and Training, Program Development, Health and Safety Compliance, Functional Fitness, Equipment Management , Accident and Incident Reporting, Sport Specific Agility Training, Budget and Finance Management, Staff Recruitment and Development, Strategic Planning and Execution, Customer Service Excellence, Facilities Management, Compliance and Risk Management , Supplier Relationship Management, Team Leadership and Motivation, Strategic Planning and Management, Member Care and Personalisation, Event Coordination and Project Management, Corporate Engagement and Presentation","Tier 3 Practitioner Lead Sussex, GM, Essex at MoreLife (UK) Ltd., Corrective Exercise Specialist, Health and Fitness Coach at Body & Soul Lifestyle, Chiropractic Assistant at Hope Spinal Wellness, General Manager at Everlast Gyms, Adult Weight Management Practitioner at Thrive Tribe, Health And Wellness Coordinator / Corrective Exercise Specialist at Caring Homes Group, Head Corrective Exercise Specialist/ Gym Manager at Core Wellness Centres, Personal Training Manager / Corrective Exercise Specialist at The Sports Village, Operations Manager/Deputy Club Manager at LA fitness UK, Customer Relations Manager at Engen","The Health Sciences Academy, Strength & Conditioning Education, Chichester College, College Guild of Graduates - Online Academies, National Academy of Sports Medicine (NASM), Future Fit Training, Reebok University Alliance, Sir Pierre van Ryneveld High School","Tier 3 Practitioner Lead @ MoreLife (UK) Ltd. | Leadership, Program Development",Wellness and Fitness Services,"With over 22 years of professional experience, I have committed my career to health, fitness, and wellbeing, currently serving as Practitioner Lead for MoreLife (UK) Ltd. I oversee a team of 22 practitioners delivering evidence-based Tier 3 Weight Management Services for individuals with complex obesity across Sussex, GM, and Essex. My role emphasises professional leadership, service quality, and collaborative efforts with clinical teams and NHS partners to ensure the safe and effective implementation of programs.  

Skilled in gym operations management, staff leadership, and program development, I am dedicated to promoting inclusive, healthy lifestyles through compassionate, person-centered approaches. My expertise in nutrition, corrective exercise, and behavioural change allows me to contribute to impactful, sustainable solutions that address both physical and emotional health challenges. I am driven by a commitment to improving lives and fostering wellbeing within diverse communities.",,,https://www.linkedin.com/company/morelife-uk,http://www.more-life.co.uk,"MoreLife is leading the way in tackling obesity in the UK. We deliver specialist weight management programmes to children, families and adults within healthcare, community & workplace settings. We also run MoreLife Camp, Europe’s longest-running weight loss camp for children (http://www.morelifecamp.com)

Established in 1999 by Paul Gately, Professor of Exercise and Obesity at Leeds Metropolitan University (now Leeds Beckett University), MoreLife has helped more than 8000 people to live more healthily.

We understand the complex nature of being overweight; the struggles and torment that individuals, and those close to them, experience every day. It’s with solid evidence-based studies and compassion that we, as a team, assist those who need help to achieve their weight and lifestyle goals.

Head Office is based in Leeds at the Leeds Beckett University Campus in Headingley. Our 150 strong team of experts and volunteers work around the country to support our customers’ journeys.",1999,97,"Community Weight Management Programmes, Residential Weight Management Programmes, Obesity Research & Expertise, Adult and Children's Services, Strategic Consulting in Obesity & Health, Weight Management Training, Specialist Corporate Programmes, Workplace Health, Stop Smoking Services, Active Wellbeing Programmes, NHS Healthchecks, Health and Wellness School Programmes",Leeds,United Kingdom,West Yorkshire,Leeds,United Kingdom,West Yorkshire
https://www.linkedin.com/in/alexander-p-glaeser-a2027530,Alexander P,Glaeser,,Managing Partner & Group CEO,CGCE Group,Germany,"Unternehmensführung, Change Management, Turnaround-Management, Strategic Management, Leadership, Key Account Management, Sales, Marketing Management, Restructuring, Start-ups, Innovation Management, Business Development","Managing Partner & Group CEO at CGCE Group, Director & Managing Partner at Klinik am Seestern, Geschäftsführender Gesellschafter at Bürgerspital Wertheim gGmbH, Director & Managing Partner at QUOLE Medisch Centrum Waalre, Founder & Managing Partner at Weight Doctors, Managing Partner at Alster-Klinik Hamburg GmbH, Founder & Managing Partner at Westfalenklinik Fachklinik für Plastische und Ästhetische Chirurgie GmbH, Founder & Managing Partner at Hair Doctors - Premium-Haartransplantation aus Deutschland, Operations Manager, C-Level Restructuring Executive at Palero Capital GmbH, Managing Director / COO at Spiele Max GmbH","University of Mannheim, University of Sydney", Transforming people into the most #beautiful version of themselves,,,,,,,,,,,,,,,,
https://www.linkedin.com/in/nadine-heywood-5a1a8712a,Nadine,Heywood,https://i.closelyhq.com/smngoz6sifh7d9057.5f797753.jpg,Lead Therapist,MoreLife (UK) Ltd.,United Kingdom,"Customer Service, Management, Personal Development, Team Leadership, Training, Team Building, Relaxation Techniques","Lead Therapist at MoreLife (UK) Ltd., Centre Manager/ Counsellor at LighterLife, Care Coordinator/ Trainer at NIGHTINGALES UK LIMITED, Counsellor at People Asset Management Ltd",Warrington collegiate,Qualified therapist with a passion for health and well being.,Wellness and Fitness Services,"A highly motivated Councillor, being a registered member of BACP since 2003 and working towards accreditation, having experience in both private and corporate settings.

Having built up a specialist private counselling practice for either one to one or couple counselling, focusing on mental health, bereavement and relationships. having the ability to work in a time pressured and sometimes stressful environment, both as part of a team or alone, by prioritising my workload and meeting strict deadlines as and when required.

With more than 20 years experience in Cognitive Behavioural Therapy (CTBT) working with mental health issues such as stress management, anxiety, depression abuse, addition and trauma.  Empowering clients to take control of their own health and well being within a safe environment, ensuring they themselves address their mental health problems and focus on finding a solution.",,,https://www.linkedin.com/company/morelife-uk,http://www.more-life.co.uk,"MoreLife is leading the way in tackling obesity in the UK. We deliver specialist weight management programmes to children, families and adults within healthcare, community & workplace settings. We also run MoreLife Camp, Europe’s longest-running weight loss camp for children (http://www.morelifecamp.com)

Established in 1999 by Paul Gately, Professor of Exercise and Obesity at Leeds Metropolitan University (now Leeds Beckett University), MoreLife has helped more than 8000 people to live more healthily.

We understand the complex nature of being overweight; the struggles and torment that individuals, and those close to them, experience every day. It’s with solid evidence-based studies and compassion that we, as a team, assist those who need help to achieve their weight and lifestyle goals.

Head Office is based in Leeds at the Leeds Beckett University Campus in Headingley. Our 150 strong team of experts and volunteers work around the country to support our customers’ journeys.",1999,97,"Community Weight Management Programmes, Residential Weight Management Programmes, Obesity Research & Expertise, Adult and Children's Services, Strategic Consulting in Obesity & Health, Weight Management Training, Specialist Corporate Programmes, Workplace Health, Stop Smoking Services, Active Wellbeing Programmes, NHS Healthchecks, Health and Wellness School Programmes",Leeds,United Kingdom,West Yorkshire,Leeds,United Kingdom,West Yorkshire
https://www.linkedin.com/in/natalie-cowie-b15182121,Natalie,Cowie,,Head of Finance,LighterLife,United Kingdom,"Strategic Planning, Budgeting, Financial Analysis, Financial Reporting, Financial Planning, Financial Modeling, Data Analysis, Financial Accounting, Leadership, Business Strategy","Head of Finance at LighterLife, Finance Business Analyst at G4S, Financial Planning and Analysis Manager at LighterLife",The Chartered Institute of Management Accountants,--,"Health, Wellness & Fitness","A commercially astute finance leader with over 20 years of senior leadership experience across finance, FP&amp;A, governance, compliance and operational strategy. A proven track record of partnering with Boards to drive profitable growth, strengthen financial control and deliver high quality insight to support decision making.I am highly credible, detail driven and pragmatic, with strong people leadership skills and the ability to translate complex financial data into clear, actionable strategy. Known for integrity, calm decision making under pressure and building high performing, engaged teams.",,,https://www.linkedin.com/company/lighterlife,https://www.lighterlife.com,"At LighterLife we’re passionate about helping people. With over 30 years' experience in weight loss and weight management programmes we are genuine experts in helping people change their lives. 

Unlike other weight loss programmes we're not just a diet, we’re also about change and we really do make a difference. Our unique approach allows us to help our clients understand their relationship with food and to make significant changes to the way they think. 

We believe LighterLife is simply the best and most sustainable way to lose weight.

We’re looking for dedicated, passionate and motivated people, who want to make a good living helping people transform their lives. Are you driven by the desire to make a difference to people’s lives as well as your own? Do you crave financial security or a better work-life balance? Would you like all the independence of being your own boss, whilst running a profitable business? Do you have the passion to succeed?

If your answer is ‘YES’, we offer the best of both worlds – the security and resources of a large, well-established organisation plus the freedom of being self-employed and doing a job you enjoy. And what’s more, LighterLife is accredited as a Full Member of the British Franchise Association, which means you can be confident in the ethics and credibility of our brand and our Franchise package.

As a LighterLife Mentor you can…
• Work for yourself, with the support of an
established organisation.
• Run a franchise that provides high returns with low investment.
• Be rewarded both financially and emotionally.
• Earn according to the time you invest.
• Make a real difference and help to reshape attitudes as well as people.
• Work flexible hours to suit you – work the hours you want, when you want.
• Enhance your earning potential through
our recruitment and referral schemes.

To find out more email us: recruitment@lighterlife.com or call us: 01279 636988",1996,124,"Weight Loss, Weight Management, Cognitive behavioral theory and transactional analysis, Clinically proven, mindfulness",Harlow,United Kingdom,Essex,Harlow,United Kingdom,Essex
https://www.linkedin.com/in/dr-med-oliver-scheffel-846170123,Dr. med. Oliver,Scheffel,,Chefarzt bariatrische Chirurgie und Endoskopie der weight doctors Nationalklinik Wertheim,Weight Doctors,Germany,"Adipositas und metabolische Chirurgie, Endoskopische Diagnostik und Therapie, Minimalinvasive Chirurgie, Klinische Forschung, Vortäge, Klinik, Chirurgie, Krankenhäuser, Gesundheitspflege","Chefarzt bariatrische Chirurgie und Endoskopie der weight doctors Nationalklinik Wertheim at Weight Doctors, Ärztliche Leitung, Klinik für Adipositaschirurgie und metabolische Chirurgie at Sana Kliniken, Facharzt, Klinik für Chirurgie, Spezialisierung Adipositaschirurgie at Krankenhaus Sachsenhausen, Assistenzarzt, Klinik für Allgemein-, Viszeral- und Thoraxchirurgie  at Asklepios, Assistenzarzt, Klinik für Allgemein-, Viszeral-, Thorax- und Gefäßchirurgie at Klinikum Meiningen Gmbh",Goethe University Frankfurt,Chefarzt bariatrische Chirurgie und Endoskopie weight-doctors Nationalklinik im Bürgerspital Wertheim,"Health, Wellness & Fitness",,,,https://www.linkedin.com/company/weight-doctors-worldwide,https://www.weight-doctors.de/,"Weight Doctors offers innovative minimally-invasive medical therapies to help people who suffer from a serious weight problem. Utilising advanced endoscopic technology, our treatments are able to temporarily or permanently reduce the size of the stomach without incisions or scars. Combining these low-risk therapies with a focus on nutrition, movement and mindset, Weight Doctors enable people to achieve effective and sustained weight loss. We support our patients in transforming their health for the long term, thereby minimising the risk of secondary diseases. 

Together with our expert team of board-certified surgeons and medical specialists, we're committed to continuous innovation in the field of medical weight management. 

Behind each successful weight loss story is the unwavering pre- and post treatment support from our patient coordinators, who accompany our patients throughout their weight loss journey.",,18,"weightmanagement, weightloss, medicalweightloss, pose, gastricballoon, bariatrics, health, excessweight, obesity",Dortmund,Germany,North Rhine-Westphalia,Dortmund,Germany,North Rhine-Westphalia
https://www.linkedin.com/in/idalia-stach-anutr-4b7b04122,Idalia,Stach (ANutr),https://i.closelyhq.com/smngoz3eaacrrbqf1.411321d4.jpg,Nutritionist,Counterweight,United Kingdom,"Afn, Accounting, Advertising, Nails, Hair Cutting, Hair Styling, Hair Extensions, Hair Coloring, Hair Straightening, Hair Care, Gel Nails, Acrylic, Waxing, Nutrition, Chair Massage, Shellac, Makeup Artistry, Cosmetology, Nail Care, Receptionist Duties","Nutritionist at Counterweight, Nutritionist at North Lanarkshire Council, Home Economics Teacher at Glasgow City Council, Student Teacher at South Lanarkshire Council, Beauty Therapist and Hairdresser at Art of Beauty, Beauty Therapist at BEAUTY IN THE CITY, GLASGOW, Beauty Therapist at Usa Nails, Fitness Instructor and Nutritionist at Fitness Center","University of Strathclyde, University of Glasgow, Wroclaw University of Environmental and Life Sciences","Teacher, Nutritionist, Beautician and Hairdresser ",Wellness and Fitness Services,"A qualified food and health technology teacher and nutritionist. 

Experienced Beauty Therapist with a demonstrated history of working in the cosmetics industry.",,,https://www.linkedin.com/company/counterweight,http://www.counterweight.org,"Counterweight provides evidence-based weight management programmes. The Counterweight Programmes were developed from research begun in 2000 involving a collaboration between leading academics at seven UK Universities. Research involved assessing the burden of overweight and obesity in the NHS, and development and evaluation of novel weight management programmes.

Our flagship weight loss programme has been clinically proven to help people achieve remission from Type II diabetes. We’re currently live in NHS clinics across the UK, and scaling quickly.",2000,28,"Weight loss, Weight management, Dietetics, Behaviour change, Diabetes remission, T2DM, Type-2 Diabetes, Diet, Lifestyle, Health, Longevity, NHS",London,United Kingdom,England,London,United Kingdom,England
https://www.linkedin.com/in/maxim-drobonoh,Maxim,D.,https://i.closelyhq.com/smngoz6cc8d0r3fe3.809f9689.jpg,Chief Executive Officer,MaxyLogic,Estonia,"react native, Healthcare apps, Mobile App Development , UI/UX Design, Cross-Platform App Solutions, Backend Development (Firebase & AWS), Project Leadership, Flutter, iOS Development, Web Development, Back-End Web Development, Mobile Application Development, Android Development, Java, RESTful WebServices, Android sdk, Design Patterns","Chief Executive Officer at MaxyLogic, Technical Consultant at Chainformation, Technical Consultant at Counterweight, Mobile Application Developer at FLYERBEE AG, Android Engineer at Technorely, Android Developer at Red Carlos Studio","Kyiv National University of Technologies and Design (KNUTD), Kyiv National Economic University","Building AI Assistants for Healthcare: Secure, Private & Integrated with Internal Systems | CEO @Maxylogic",Information Technology & Services,"I help Healthcare companies build high-quality, custom applications that simplify complex workflows, improve patient and client experiences, and drive business growth. With expertise in React Native, Flutter, and cross-platform development, I lead teams that deliver scalable, secure, and user-friendly mobile and web apps tailored to your industry’s unique needs.Whether it’s a telehealth platform, finance management tool, or internal enterprise solution, I partner with companies to turn ideas into efficient, fully functional digital products.If you’re looking for a reliable development partner to build custom apps for Healthcare, feel free to reach out, I enjoy solving complex problems with elegant technology solutions.",,,https://www.linkedin.com/company/maxylogic,https://maxylogic.com,"MaxyLogic was founded with the idea to provide the best-matching quality software development solution for start-ups and SMEs. Yet, we believe that our approach and agility give us an advantage that allows us to service large enterprises at high standards. 

We think that every business case with a careful and thoughtful approach can develop into a thriving business.",2019,9,,Warszawa,Poland,Masovian Voivodeship,Warszawa,Poland,Masovian Voivodeship
https://www.linkedin.com/in/georgina-walsh-33b4b5127,Georgina,Walsh,https://i.closelyhq.com/smngoz7urpa5ugk1s.28d1734f.jpg,Therapist,LighterLife,United Kingdom,"EMDR, Accounting, Interpersonal Skills, Mental Health Counseling, Cognitive Behavioral Therapy (CBT), Mentoring, Life Coaching, Psychotherapy, Organization Skills, Crisis Intervention, Communication, Therapeutic Crisis Intervention, Conflict Resolution, Psychological Assessment, Advertising, Business Analysis, T A , C B T , Long term weight managment , Havening ","Therapist at LighterLife, Therapist at Self-employed, Therapeutic Counsellor  at Inevitable Therapies, Nudge Education Practitioner at Nudge Education Limited, School Counsellor at SWaNS CIC, Marketing Manager at Smarter Home 4u","prenton high school for girls, Wirral Grammar , wirral Grammar High School For Girls",MBACP Accredited Therapist LighterLife | Supporting Emotional Well-being,"Health, Wellness & Fitness","Experienced MBACP Accredited Therapist  with a demonstrated history of working in the health wellness and fitness industry. Skilled in Coaching, Team Building, Leadership, Self-esteem, and Public Speaking. Strong sales professional .Recently trained in EMDR &amp; Qualified . ",,,https://www.linkedin.com/company/lighterlife,https://www.lighterlife.com,"At LighterLife we’re passionate about helping people. With over 30 years' experience in weight loss and weight management programmes we are genuine experts in helping people change their lives. 

Unlike other weight loss programmes we're not just a diet, we’re also about change and we really do make a difference. Our unique approach allows us to help our clients understand their relationship with food and to make significant changes to the way they think. 

We believe LighterLife is simply the best and most sustainable way to lose weight.

We’re looking for dedicated, passionate and motivated people, who want to make a good living helping people transform their lives. Are you driven by the desire to make a difference to people’s lives as well as your own? Do you crave financial security or a better work-life balance? Would you like all the independence of being your own boss, whilst running a profitable business? Do you have the passion to succeed?

If your answer is ‘YES’, we offer the best of both worlds – the security and resources of a large, well-established organisation plus the freedom of being self-employed and doing a job you enjoy. And what’s more, LighterLife is accredited as a Full Member of the British Franchise Association, which means you can be confident in the ethics and credibility of our brand and our Franchise package.

As a LighterLife Mentor you can…
• Work for yourself, with the support of an
established organisation.
• Run a franchise that provides high returns with low investment.
• Be rewarded both financially and emotionally.
• Earn according to the time you invest.
• Make a real difference and help to reshape attitudes as well as people.
• Work flexible hours to suit you – work the hours you want, when you want.
• Enhance your earning potential through
our recruitment and referral schemes.

To find out more email us: recruitment@lighterlife.com or call us: 01279 636988",1996,124,"Weight Loss, Weight Management, Cognitive behavioral theory and transactional analysis, Clinically proven, mindfulness",Harlow,United Kingdom,Essex,Harlow,United Kingdom,Essex
https://www.linkedin.com/in/thomas-godec-38239476,Thomas,Godec,https://i.closelyhq.com/smngoz5erbn7a8do3.ce4ac213.jpg,Director of Data Science & Clinical Intelligence,Reset Health,United Kingdom,,"Director of Data Science & Clinical Intelligence at Reset Health, Director of Statistics & Data Science at Closed Loop Medicine, Senior Clinical Trials Statistician  at Queen Mary's University of London, Research Fellow in Medical Statistics at London School of Hygiene and Tropical Medicine, U. of London, Medical Statistician at Medical Research Council's Clinical Trials Unit at UCL","London School of Hygiene and Tropical Medicine, U. of London, London School of Hygiene and Tropical Medicine, U. of London",Director of Data Science & Clinical Intelligence,Wellness and Fitness Services,,,,https://www.linkedin.com/company/reset-health-clinic,https://www.resethealth.clinic/,"Helping patients manage obesity and Type 2 diabetes with our Roczen app.

Our team of specialist clinicians combine personalised care with innovative weight-loss therapies.

We integrate diagnostics, bespoke diet and lifestyle plans, prescription-only medications, 1:1 clinical care, dedicated mentors and community support all in one easy-to-use digital platform.",2020,61,"health, diabetes, Type 2 Diabetes, Obesity, lifestyle",London,United Kingdom,England,London,United Kingdom,England
https://www.linkedin.com/in/juliana-louro-87a4b3a7,Juliana,Louro,https://i.closelyhq.com/smngozrm6v3sqbs1s.c5a0213c.jpg,Medical Doctor,INEM,Portugal,"Acupuncture, Anaesthetics, Teaching, Healthcare, Clinical Research, Hospitals, Medical Education, Medicine, Emergency Medicine, Microsoft Office, Microsoft Excel, Medical Terminology, Anesthesiology, Post Anesthesia Care, Regional Anesthesia, Cuidados da saúde, Formação médica, Hospitais, Investigações clínicas, Medicina de emergência","Medical Doctor at INEM, Medical Doctor at Hospital de Braga, Medical Doctor at Pronokal, Professor at Academia da Especialidade, Medical Doctor at Centro Hospitalar São João","Universidade de Coimbra, Hospital de Braga, Hospital de Braga, Universidade do Minho, Universidade do Minho",Anaesthesiologist In Hospital de Braga,Hospital & Health Care,,,,https://www.linkedin.com/company/inem,http://www.inem.pt,"The National Institute of Emergency Medicine (INEM) is the Ministry of Health organisation responsible for coordinating the Integrated Medical Emergency System in mainland Portugal, so as to provide the victims of accidents and sudden illness with swift and effective health care.

INEM’s main tasks are to provide care in loco, to provide transport by ambulance to an appropriate hospital and to act as a link between the different organisations involved in the system.

Called into action by the national emergency number (112), INEM is able to offer an appropriate and effective response to medical emergencies at any time of day or night.",1981,2219,Pre-hospital emergency,Lisboa,Portugal,,Lisboa,Portugal,
https://www.linkedin.com/in/charlotte-van-vracem-8b6277aa,charlotte,van vracem,,Sales Manager Protein Benelux- jurist,Pronokal,Belgium,"Sales Management, Event Management, Social Media, Social Networking, Public Relations, Management, Criminal Law, Family Law, Medical Devices","Sales Manager Protein Benelux- jurist at Pronokal, Lawyer at elegis",Ghent University,Sales Manager- jurist at Pronokal,Wellness and Fitness Services,,,,https://www.linkedin.com/company/pronokal,http://www.pronokal.com,"PronoKal Group is a multinational company specialising in medical weight-loss treatments based on comprehensive prorgammes involving an array of profesionals (doctors, dieticians-nutritionists, physical trainers, coaches, etc.).
The primary mission of the PronoKal Group is to offer effective solutions to help the patients to reach their weight-loss goal and maintain the results over time, thus enabling a better quality of life and greater sense of well-being, as well as to aid in the prevention of overweight and obesity.
It began its activities in 2004 with the launch in Spain of the PronoKal Method, the first medically supervised multidisciplinary treatment for weight loss based on the protein diet, which helped this company to become a reference model in this area. Currently, PronoKal Group has different medical treatments for weight loss and long-term maintenance, based on a protein diet, suited to different patient profiles (PronoKal Method, PnK Method, DiaproKal Method).
Since 2009, the expansion and internationalization process of the PronoKal Group has been consolidated: PronoKal Group® is now present in 15 countries, with three administrative headquarters in Europe (Geneva, Luxembourg and Barcelona). 
The success of our medical treatments is substantiated by 450,000 patients treated and 4,000 prescribing doctors who trust in the rigour and effectiveness of our methods. These figures make PronoKal Group the top company in our sector.
Since its inception, the company has committed itself to rigour and science, launching numerous studies to demonstrate the efficacy and safety of a Protein Diet versus a low calorie diet. So far over 15 studies have been conducted, half of which have been published and presented at international scientific meetings.",2004,307,"pérdida de peso, adelgazamiento, dieta, nutrición, salud, bienestar, dieta cetogénica, weight loss, diet, nutrition, health, wellness, ketogenic diet, pronokal",Barcelona,Spain,Catalunya,Barcelona,Spain,Catalunya
https://www.linkedin.com/in/philip-bazire-883a44ab,Philip,Bazire,https://i.closelyhq.com/smngoz1391eutvl5s8.1ad091b9.jpg,Medical Director at PronoKal UK,PronoKal Group,United Kingdom,"Weight Management, Obesity Treatment, Weight Loss Programs, metabolic health, Metabolic Syndrome, Nutrición deportiva, Nutrición médica, Medicina estética, Inglés, Traducción, Servicio de atención al cliente, Microsoft Office, Microsoft Excel, Planificación estratégica, Investigación y desarrollo, Estrategia de mercadotecnia","Medical Director at PronoKal UK at PronoKal Group, Medical Director and practising doctor in Clínica Estemédic at Estemedic, Translator at Freelance translator, Medical Doctor at Jarama Race Course (RACE)","UCL, La Rioja International University (La Rioja, Spain), Complutense University of Madrid, Salamanca University, Universidad Autónoma de Madrid / La Paz Hospital, Madrid, Spain","Medical Director, PronoKal UK",Wellness and Fitness Services,"After studying medicine at UCH, London, I worked as a resident in surgery, internal medicine and neurology before moving to Spain. There I trained in general and digestive tract surgery at La Paz Hospital in Madrid.
Working in private practice, I came into contact on many occasions with patients with weight-management issues and subsequently undertook a Masters in aesthetic medicine and nutrition, concentrating thereafter on health through lifestyle and diet. This is where I came into contact with the PronoKal medically controlled weight-loss programme. After seeing the success of the method in my patients, I readily accepted PronoKal's proposal to relaunch their method in the UK and started as the UK Country Manager in January 2018.
Wishing to concentrate on the clinical side of the business, I changed roles to act on a consultancy basis as the Medical Director of PronoKal UK and set up my own clinics (Harley Street, London, and Edgbaston, Birmingham), where I see patients for weight control and nutrition and lifestyle management.",,,https://www.linkedin.com/company/pronokal,http://www.pronokal.com,"PronoKal Group is a multinational company specialising in medical weight-loss treatments based on comprehensive prorgammes involving an array of profesionals (doctors, dieticians-nutritionists, physical trainers, coaches, etc.).
The primary mission of the PronoKal Group is to offer effective solutions to help the patients to reach their weight-loss goal and maintain the results over time, thus enabling a better quality of life and greater sense of well-being, as well as to aid in the prevention of overweight and obesity.
It began its activities in 2004 with the launch in Spain of the PronoKal Method, the first medically supervised multidisciplinary treatment for weight loss based on the protein diet, which helped this company to become a reference model in this area. Currently, PronoKal Group has different medical treatments for weight loss and long-term maintenance, based on a protein diet, suited to different patient profiles (PronoKal Method, PnK Method, DiaproKal Method).
Since 2009, the expansion and internationalization process of the PronoKal Group has been consolidated: PronoKal Group® is now present in 15 countries, with three administrative headquarters in Europe (Geneva, Luxembourg and Barcelona). 
The success of our medical treatments is substantiated by 450,000 patients treated and 4,000 prescribing doctors who trust in the rigour and effectiveness of our methods. These figures make PronoKal Group the top company in our sector.
Since its inception, the company has committed itself to rigour and science, launching numerous studies to demonstrate the efficacy and safety of a Protein Diet versus a low calorie diet. So far over 15 studies have been conducted, half of which have been published and presented at international scientific meetings.",2004,307,"pérdida de peso, adelgazamiento, dieta, nutrición, salud, bienestar, dieta cetogénica, weight loss, diet, nutrition, health, wellness, ketogenic diet, pronokal",Barcelona,Spain,Catalunya,Barcelona,Spain,Catalunya
https://www.linkedin.com/in/benedekszulyovszky,Benedek,Szulyovszky,,AI Consultant,Reset Health,Hungary,,"AI Consultant at Reset Health, AI Consultant at Meliora Health, Staff Machine Learning Reseacher at Healios, MLOps engineer at Safi, Machine Learning Software Engineer at Babylon Health, Machine Learning Consultant at Career Break, Robotics Software Engineer at Accelerated Dynamics, Junior R&D engineer at Uniwheel, Visiting Research Scholar - AI algorithm development at Robotics Institute, School of Computer Science, Carnegie Mellon University, Intern at LMS, A Siemens Business","Carnegie Mellon University, MCI | The Entrepreneurial School®, Budapest University of Technology and Economics",AI Research & Development,Wellness and Fitness Services,,,,https://www.linkedin.com/company/reset-health-clinic,https://www.resethealth.clinic/,"Helping patients manage obesity and Type 2 diabetes with our Roczen app.

Our team of specialist clinicians combine personalised care with innovative weight-loss therapies.

We integrate diagnostics, bespoke diet and lifestyle plans, prescription-only medications, 1:1 clinical care, dedicated mentors and community support all in one easy-to-use digital platform.",2020,61,"health, diabetes, Type 2 Diabetes, Obesity, lifestyle",London,United Kingdom,England,London,United Kingdom,England
https://www.linkedin.com/in/angelina-spathopoulou-301435b0,Angelina,Spathopoulou,https://i.closelyhq.com/smngoz7mbjuahr8im.d6b8d0dc.jpg,Adult Weight Management Nutritionist,MoreLife (UK) Ltd.,United Kingdom,"Proactive self-starter with a genuine passion for health, fitness and wellbeing, Strong organisation and attention to detail, Content creation and messaging to support engagement and consistency, Clear and engaging communication across different audiences, Strong understanding of customer behaviour in nutrition, fitness and lifestyle, Clear, practical communication of complex information, Safeguarding awareness and risk identification, Multidisciplinary team collaboration, Person-centred, empathetic care for complex physical and manetal health needs, GLP-1 patient support alongside lifestyle interventions, Tier 2 & Tier 3 weight management, nutrition and habit formation, Strong communication and stakeholder collaboration skills, Strong organisational and time management skills, Data analysis and evidence-based decision making, Nutrition-focused ingredient selection and functionality awareness, Product development process awareness (concept to feasibility), Creative Problem Solving, Health Promotion, Public Health, Nutrtition Consultation in Health & Disease","Adult Weight Management Nutritionist at MoreLife (UK) Ltd., Designer for GROW Meat Free Cafe (Sustainable Nutrition) at MetMUnch, Civil Engineer at AECOM, Blog writer at MetMUnch, Educational event on Rainbow Diet at MetMUnch, Assistant Engineer in Sustainability & Wellbeing at AFL Architects, Modern Building Design Researcher - Professional Placement for MSc Research Dissertation at AFL Architects","The Manchester Metropolitan University, University of Bath, Democritus University of Thrace - (D.U.Th.)",Nutritionist ANutr | UKSCA Strength & Conditioning Trainer | Health & Fitness Professional | Consumer Insight,Wellness and Fitness Services,,,,https://www.linkedin.com/company/morelife-uk,http://www.more-life.co.uk,"MoreLife is leading the way in tackling obesity in the UK. We deliver specialist weight management programmes to children, families and adults within healthcare, community & workplace settings. We also run MoreLife Camp, Europe’s longest-running weight loss camp for children (http://www.morelifecamp.com)

Established in 1999 by Paul Gately, Professor of Exercise and Obesity at Leeds Metropolitan University (now Leeds Beckett University), MoreLife has helped more than 8000 people to live more healthily.

We understand the complex nature of being overweight; the struggles and torment that individuals, and those close to them, experience every day. It’s with solid evidence-based studies and compassion that we, as a team, assist those who need help to achieve their weight and lifestyle goals.

Head Office is based in Leeds at the Leeds Beckett University Campus in Headingley. Our 150 strong team of experts and volunteers work around the country to support our customers’ journeys.",1999,97,"Community Weight Management Programmes, Residential Weight Management Programmes, Obesity Research & Expertise, Adult and Children's Services, Strategic Consulting in Obesity & Health, Weight Management Training, Specialist Corporate Programmes, Workplace Health, Stop Smoking Services, Active Wellbeing Programmes, NHS Healthchecks, Health and Wellness School Programmes",Leeds,United Kingdom,West Yorkshire,Leeds,United Kingdom,West Yorkshire
https://www.linkedin.com/in/sally-harris-139a7981,Sally,Harris,https://i.closelyhq.com/smngoz4ueg9git02n.725626f0.jpg,Weight Management Counsellor,LighterLife - Telford,United Kingdom,,Weight Management Counsellor at LighterLife - Telford,,Weight Management Counsellor at LighterLife - Telford,,,,,,,,,,,,,,,,
https://www.linkedin.com/in/laurensien,Lauren,Sien,,Governance Lead,Reset Health,United Kingdom,"Analytical Skills, Medicines Information, Clinical Governance, Pharmacology, Clinical Monitoring, Pharmaceutical Industry, Clinical Research, Healthcare, Formulation, Risk Management, Risk Assessment, Healthcare Management, Public Health, Health Education, Patient Safety, Patient Education, Performance Management, Project Planning, Project Management, Quality Improvement","Governance Lead at Reset Health, Clinical Governance Manager  at Doccla, Clinical Governance Lead at Numan, Clinical Services Manager - Pharmacy at The London Independent Hospital, Senior Pharmacist - Medicines, Advisory and Governance at Imperial College Healthcare NHS Trust, Clinical Pharmacist at Medway NHS Foundation Trust, Pre-registration Pharmacist at The Queen Elizabeth Hospital King's Lynn NHS Foundation Trust, Research Project Intern at Gamlen Tableting Limited","King's College London, UCL",Governance Lead,Wellness and Fitness Services,,,,https://www.linkedin.com/company/reset-health-clinic,https://www.resethealth.clinic/,"Helping patients manage obesity and Type 2 diabetes with our Roczen app.

Our team of specialist clinicians combine personalised care with innovative weight-loss therapies.

We integrate diagnostics, bespoke diet and lifestyle plans, prescription-only medications, 1:1 clinical care, dedicated mentors and community support all in one easy-to-use digital platform.",2020,61,"health, diabetes, Type 2 Diabetes, Obesity, lifestyle",London,United Kingdom,England,London,United Kingdom,England
https://www.linkedin.com/in/lorraine-kessock-philip-87435083,Lorraine,Kessock-Philip,,LighterLife Counsellor,LighterLife - Brentwood & Ongar,United Kingdom,,LighterLife Counsellor at LighterLife - Brentwood & Ongar,CHINGFORD SENIOR SCHOOL NEVIN DRIVE,LighterLife Counsellor,,,,,,,,,,,,,,,,
https://www.linkedin.com/in/alexandra-ioakim,Alexandra,Gläser,https://i.closelyhq.com/smngoz4f4e2b4knrm.ec584f0e.jpg,Director & Managing Partner,QUOLE Medisch Centrum Waalre,Germany,"HR processes, HR Policies, HR Consulting, Organizational Design, Compensation & Benefits, Human Resources, Start-ups, Project Coordination, Pensions, Change Management, Employment Law, HR Management, Benefits Administration, Agile Methodologies, Microsoft Excel, Employee Engagement, Communication, Employee Relations, Global Mobility, Job grading","Director & Managing Partner at QUOLE Medisch Centrum Waalre, VP International Operations at Weight Doctors, Sabbatical at Sabbatical, Advisory HR Business Partner & EMEA Benefits Manager at Pivotal Software, Inc., Senior HR Manager at Freeletics, Consultant - HR Management, Transactions & Reward at PwC, Consultant - Employment Taxes at EY, Junior Accountant at Sattouts Accounting Services, Intern - Global Mobility / Employment Taxes at EY",University of Sydney,VP International Operations at Weight Doctors,Hospitals and Health Care,,,,https://www.linkedin.com/company/medisch-centrum-waalre,http://www.medischcentrumwaalre.com,"QUOLE Medisch Centrum Waalre is een IMSZ (Instelling voor Medisch Specialistische Zorg) voor verzekerde en onverzekerde medisch specialistische zorg. Ervaren medisch specialisten verrichten planbare, laagcomplexe behandelingen die in één dag met eventueel één overnachting kunnen worden uitgevoerd. 

Specialismen: Orthopedie - Plastische Chirurgie - Dermatologie - Algemene Chirurgie - (Cosmetische) Gynaecologie. 

Korte wachttijden - Persoonlijke zorg - Vertrouwde omgeving - Ervaren specialisten - ZKN Kwaliteitskeurmerk.",2006,22,"Orthopedie, Dermatologie, Plastische chirurgie, Algemene chirurgie, (Cosmetische) Gynaecologie",Waalre,Netherlands,,Waalre,Netherlands,
https://www.linkedin.com/in/laurenrockliffe,Dr Lauren,"Rockliffe (PhD, CPsychol)",https://i.closelyhq.com/smngoz4tf0b74mibi.f089dbe4.jpg,Company Director,Exchange Health,United Kingdom,"Quantitative Research, Teaching, Interdisciplinary Collaboration, Psychological Assessment, Management, Group Therapy, Qualitative Research, Training Delivery, Psychotherapy, Business Marketing, Business Development, Service Evaluation, Service Development, Supervisory Skills, Training, Research Skills, Behavioral Intervention, Writing, Healthcare Consulting, Health Psychology","Company Director at Exchange Health, Health Psychologist at MoreLife (UK) Ltd., Company Director at Bloomwell Pregnancy, Senior Bariatric Psychologist at East Suffolk and North Essex NHS Foundation Trust, Health Psychologist  at Everyone Health, Graduate Teaching Assistant at The University of Manchester, Research Assistant at University College London, Clinical Research Associate at Queen Mary University of London","British Psychological Society, The University of Manchester, University of Bath, University of Portsmouth",Chartered Health Psychologist,Government Administration,,,,https://www.linkedin.com/company/exchangehealth,https://www.exchangehealth.co.uk,"Exchange Health provides psychology-led behaviour change training, reflective practice, and support for healthcare practitioners - designed and delivered by a Chartered Health Psychologist with current, ongoing clinical practice.

Most clinical training focuses more on the ‘what’ than the ‘how’ - leaving practitioners clinically knowledgeable, but less well equipped for the conversations that actually drive change.

That’s where Exchange Health comes in. We bridge the gap between behavioural science and clinical practice, translating evidence-based approaches into practical skills, while creating space for practitioners to reflect on and develop their own practice.

Through training and reflective practice, we help healthcare practitioners build the skills, confidence, and insight needed to have more effective conversations, navigate challenges, and deliver care that supports meaningful change. Everything we teach is grounded in real clinical experience, not just theory.

We currently offer online and in-person behaviour change training, alongside reflective practice sessions for groups and individuals.

Get in touch to find out how Exchange Health can support your team.",,1,"Training, Behaviour change, Behavioural science, Health Psychology, Reflective practice, Professional support, Healthcare, CPD, Continuing Professional Development, Health Practitioners, Lifestyle change, Workshops, Seminars , Bespoke training, Health Psychologist, Psychology-led, Evidence-based, Motivational Interviewing, Behaviour change training, Training for Health Practitioners, Reflective practice groups",London,United Kingdom,,London,United Kingdom,
https://www.linkedin.com/in/racheldreycroft,Rachel,Dreycroft,https://i.closelyhq.com/smngoz2snfiba9jn5.5d95cc9e.jpg,Product Manager,Reset Health,United Kingdom,"User Experience (UX), Agile Project Management, Jira, Playwright, Product Road Mapping, Product Strategy, Product Management, Testing, Python, Data Analysis, Research Skills, Presentation Skills, JavaScript, React, Java, SQL, Cloud Security, Cloud Computing, Microsoft Azure, Microsoft Defender","Product Manager at Reset Health, Product Manager at Savient Limited, Cloud Security Engineer at EDF (UK), Doctoral Researcher (PhD) at The University of Sheffield, Engineering Summer Intern at Watkins Payne Sunbury (London), Travel Content & Support Assistant (seasonal part-time during university summer breaks) at Croatian Villa Holidays","The University of Sheffield, The University of Sheffield",Product Manager PhD MEng | Product Manager | Helping businesses scale through user-centred product strategy & AI,Wellness and Fitness Services,"I've spent much of my career thinking about one question: how do we best build technology that genuinely helps people?Long before I worked on digital products and user experiences, I was researching skin treatments as part of my PhD in Mechanical Engineering, specialising in tribology — the study of friction and wear. My work combined scientific analysis with insights from patients living with skin conditions, helping me understand something that's stayed with me throughout my career: the real world rarely looks like the assumptions we make in a lab, meeting room, or roadmap.Since then, I've been passionate about bringing the voice of the end user into every stage of product development.I combine a research-led, analytical mindset with a deep curiosity about human behaviour. I enjoy uncovering unmet needs, identifying where experiences fall short, and turning insights into strategies, roadmaps, and products that create meaningful value for both users and businesses.Today, I'm intrigued by what AI makes possible. Not just smarter products, but more proactive, intuitive experiences that anticipate user needs, remove friction, and help organisations scale without losing sight of the end users..The best products don't just work — they understand people. That's what I've always been interested in building, and it's what I will continue to build.",,,https://www.linkedin.com/company/reset-health-clinic,https://www.resethealth.clinic/,"Helping patients manage obesity and Type 2 diabetes with our Roczen app.

Our team of specialist clinicians combine personalised care with innovative weight-loss therapies.

We integrate diagnostics, bespoke diet and lifestyle plans, prescription-only medications, 1:1 clinical care, dedicated mentors and community support all in one easy-to-use digital platform.",2020,61,"health, diabetes, Type 2 Diabetes, Obesity, lifestyle",London,United Kingdom,England,London,United Kingdom,England
https://www.linkedin.com/in/alasdair-yorke-b19ab390,Alasdair,Yorke,https://i.closelyhq.com/smngoz4m15727j2nb.3e83a5b5.jpg,Lead Front End Developer,Reset Health,United Kingdom,"JavaScript, React.js, React Native, Programming, Android Development, iOS Development, CSS, HTML, ActionScript, jQuery, Python (Programming Language), SASS, PhoneGap, Redux.js, Web Development, Node.js, MongoDB, IntelliJ IDEA, Git, HTML5","Lead Front End Developer at Reset Health, Freelance Developer at Freelance, Front End Developer at Block3 Group, Front End Developer at Eclectic Media Network",,Lead Front End Developer,Wellness and Fitness Services,,,,https://www.linkedin.com/company/reset-health-clinic,https://www.resethealth.clinic/,"Helping patients manage obesity and Type 2 diabetes with our Roczen app.

Our team of specialist clinicians combine personalised care with innovative weight-loss therapies.

We integrate diagnostics, bespoke diet and lifestyle plans, prescription-only medications, 1:1 clinical care, dedicated mentors and community support all in one easy-to-use digital platform.",2020,61,"health, diabetes, Type 2 Diabetes, Obesity, lifestyle",London,United Kingdom,England,London,United Kingdom,England
https://www.linkedin.com/in/ciara-cook,Ciara,Cook,https://i.closelyhq.com/smngoz74q2dq5jbl3.c530d199.jpg,Head of Programmes and Clinical Operations,Reset Health,United Kingdom,"Project Teams, External Relationships, Multitasking, Strategy Consulting, Cross-functional Coordination, Strategic Alliances, Vendor Management, Strategic Initiatives, Strategic Planning, Leadership Development, Stakeholder Management, Grant Proposals, Partnership Development, Partner Engagement, Strategic Partnerships, Business Development, Business Relationship Management, Revenue Generation, Team Leadership, Account Management","Head of Programmes and Clinical Operations at Reset Health, Program Manager at Closed Loop Medicine, Program Manager at NICE - National Institute for Health and Care Excellence, Program Director at Etymax Translations Ltd, Fundraiser at The Footsteps Fund, Senior Mentor at NCS - National Citizen Service Trust, Retail Assistant at Buckingham Palace Summer Opening","University of Leeds, University of Leeds, The Latymer School ",Head of Ops | Healthtech | AI and digital health,Wellness and Fitness Services,"Head of Programmes &amp; Clinical Ops at Reset Health. Using smart technology and people to transform outcomes for patients living with chronic conditions. Formerly:Managed programmes at Closed Loop Medicine - bringing to market world-leading dose-optimisation software as a medical device. Developed the AI and Digital Regulations Service - a multi-agency advisory service from NICE, CQC, HRA and MHRA aiming to streamline the AI and digital regulatory pathway, enabling the development and widespread adoption of safe, innovative, value-adding technologies in health and social care.Masters graduate from the University of Leeds with 1st Class BA in Russian and Arabic.",,,https://www.linkedin.com/company/reset-health-clinic,https://www.resethealth.clinic/,"Helping patients manage obesity and Type 2 diabetes with our Roczen app.

Our team of specialist clinicians combine personalised care with innovative weight-loss therapies.

We integrate diagnostics, bespoke diet and lifestyle plans, prescription-only medications, 1:1 clinical care, dedicated mentors and community support all in one easy-to-use digital platform.",2020,61,"health, diabetes, Type 2 Diabetes, Obesity, lifestyle",London,United Kingdom,England,London,United Kingdom,England
https://www.linkedin.com/in/emily-costelloe-07019697,Emily,Costelloe,https://i.closelyhq.com/smngoz78s2o7m1uhh.f67564f4.jpg,Practitioner Manager,MoreLife (UK) Ltd.,United Kingdom,"Healthcare, Sports, Wellness, Fitness, Nutrition, Health Promotion, Coaching, Weight Management","Practitioner Manager at MoreLife (UK) Ltd., Sports and Remedial Soft Tissue Therapist at Sports and Remedial Soft Tissue Therapist, Senior Healthy Lifestyle Facilitator at King's College Hospital NHS Foundation Trust, Soft Tissue Therapist at Welling United F.C., Health Advisor at Bupa","The London School of Sports Massage, University of Lincoln",Practitioner Manager at MoreLife (UK) Ltd.,Wellness and Fitness Services,"Experienced Sports Specialist with a demonstrated history of working in the sports industry. Skilled in Health Promotion, Coaching, Sports, Healthcare, and Weight Management.",,,https://www.linkedin.com/company/morelife-uk,http://www.more-life.co.uk,"MoreLife is leading the way in tackling obesity in the UK. We deliver specialist weight management programmes to children, families and adults within healthcare, community & workplace settings. We also run MoreLife Camp, Europe’s longest-running weight loss camp for children (http://www.morelifecamp.com)

Established in 1999 by Paul Gately, Professor of Exercise and Obesity at Leeds Metropolitan University (now Leeds Beckett University), MoreLife has helped more than 8000 people to live more healthily.

We understand the complex nature of being overweight; the struggles and torment that individuals, and those close to them, experience every day. It’s with solid evidence-based studies and compassion that we, as a team, assist those who need help to achieve their weight and lifestyle goals.

Head Office is based in Leeds at the Leeds Beckett University Campus in Headingley. Our 150 strong team of experts and volunteers work around the country to support our customers’ journeys.",1999,97,"Community Weight Management Programmes, Residential Weight Management Programmes, Obesity Research & Expertise, Adult and Children's Services, Strategic Consulting in Obesity & Health, Weight Management Training, Specialist Corporate Programmes, Workplace Health, Stop Smoking Services, Active Wellbeing Programmes, NHS Healthchecks, Health and Wellness School Programmes",Leeds,United Kingdom,West Yorkshire,Leeds,United Kingdom,West Yorkshire
https://www.linkedin.com/in/jessicaravenscroft,Jessie,Ravenscroft,,Director of Strategic Delivery,Reset Health,United Kingdom,"Change Management, Product Development, Communication, Manufacturing, Team Leadership, Pharmacovigilance, Continuous Improvement, ISO 13485, Good Manufacturing Practice (GMP), Medical Devices, Engineering, Project Management, Cross-functional Team Leadership, Research, Matlab, Solidworks, Management, Teamwork, Time Management, Customer Service","Director of Strategic Delivery at Reset Health, Associate Director Strategy & Delivery at Closed Loop Medicine, Senior Project Manager at Abbott, General Manager at Hanbury Arms Pub","University of Oxford, City of London School for Girls",Programme Leadership & Strategic Operations | Digital Health & Med Tech,Wellness and Fitness Services,"Leading delivery from concept to launch, with project management expertise across digital health product launches and large-scale medical device manufacturing.
Bringing a technical background and structured Abbott training to develop successful programmes, strategic partnerships and operational processes for a med tech startup.",,,https://www.linkedin.com/company/reset-health-clinic,https://www.resethealth.clinic/,"Helping patients manage obesity and Type 2 diabetes with our Roczen app.

Our team of specialist clinicians combine personalised care with innovative weight-loss therapies.

We integrate diagnostics, bespoke diet and lifestyle plans, prescription-only medications, 1:1 clinical care, dedicated mentors and community support all in one easy-to-use digital platform.",2020,61,"health, diabetes, Type 2 Diabetes, Obesity, lifestyle",London,United Kingdom,England,London,United Kingdom,England
https://www.linkedin.com/in/lyn-obeney-24524799,Lyn,Obeney,,Accounts Assitant,LighterLife UK Limited,United Kingdom,Customer Service,"Accounts Assitant at LighterLife UK Limited, Accounts Assitant at Orien Contracts Limited, Accounts Assistant at Travelocity",Birchwood High School,Accounts Assitant at LighterLife UK Limited,,,,,,,,,,,,,,,,
https://www.linkedin.com/in/nazila-bahrami-3aa048110,Nazila,Bahrami,https://i.closelyhq.com/smngoz4s45nuo3u8b.67c35269.jpg,Nutritionist,Counterweight,United Kingdom,,Nutritionist at Counterweight,"CNM College of Naturopathic Medicine, University of Westminster","BANT registered nutritionist, BA(Hons), DipCNM, MBANT, CNHC ",Wellness and Fitness Services,"BANT Registered, Nutritionist, BA (Hons), DipCNM, MBANT, RCNHC",,,https://www.linkedin.com/company/counterweight,http://www.counterweight.org,"Counterweight provides evidence-based weight management programmes. The Counterweight Programmes were developed from research begun in 2000 involving a collaboration between leading academics at seven UK Universities. Research involved assessing the burden of overweight and obesity in the NHS, and development and evaluation of novel weight management programmes.

Our flagship weight loss programme has been clinically proven to help people achieve remission from Type II diabetes. We’re currently live in NHS clinics across the UK, and scaling quickly.",2000,28,"Weight loss, Weight management, Dietetics, Behaviour change, Diabetes remission, T2DM, Type-2 Diabetes, Diet, Lifestyle, Health, Longevity, NHS",London,United Kingdom,England,London,United Kingdom,England
https://www.linkedin.com/in/nikki-cook-938694a1,nikki,cook,,weight management counsellor,LighterLife,United Kingdom,,weight management counsellor at LighterLife,,weight management counsellor at LighterLife,"Health, Wellness & Fitness",,,,https://www.linkedin.com/company/lighterlife,https://www.lighterlife.com,"At LighterLife we’re passionate about helping people. With over 30 years' experience in weight loss and weight management programmes we are genuine experts in helping people change their lives. 

Unlike other weight loss programmes we're not just a diet, we’re also about change and we really do make a difference. Our unique approach allows us to help our clients understand their relationship with food and to make significant changes to the way they think. 

We believe LighterLife is simply the best and most sustainable way to lose weight.

We’re looking for dedicated, passionate and motivated people, who want to make a good living helping people transform their lives. Are you driven by the desire to make a difference to people’s lives as well as your own? Do you crave financial security or a better work-life balance? Would you like all the independence of being your own boss, whilst running a profitable business? Do you have the passion to succeed?

If your answer is ‘YES’, we offer the best of both worlds – the security and resources of a large, well-established organisation plus the freedom of being self-employed and doing a job you enjoy. And what’s more, LighterLife is accredited as a Full Member of the British Franchise Association, which means you can be confident in the ethics and credibility of our brand and our Franchise package.

As a LighterLife Mentor you can…
• Work for yourself, with the support of an
established organisation.
• Run a franchise that provides high returns with low investment.
• Be rewarded both financially and emotionally.
• Earn according to the time you invest.
• Make a real difference and help to reshape attitudes as well as people.
• Work flexible hours to suit you – work the hours you want, when you want.
• Enhance your earning potential through
our recruitment and referral schemes.

To find out more email us: recruitment@lighterlife.com or call us: 01279 636988",1996,124,"Weight Loss, Weight Management, Cognitive behavioral theory and transactional analysis, Clinically proven, mindfulness",Harlow,United Kingdom,Essex,Harlow,United Kingdom,Essex
https://www.linkedin.com/in/debbie-kennedy-6546a2111,Debbie,Kennedy,,Weight Management Counsellor,LighterLife Mansfield,United Kingdom,,Weight Management Counsellor at LighterLife Mansfield,,--,,,,,,,,,,,,,,,,
https://www.linkedin.com/in/lindsay-pilgrim,Lindsay,Pilgrim M.Ost ,https://i.closelyhq.com/smngoz6kn8s1a140v.935d1434.jpg,Founder,Reset Health & Wellbeing Services LTD,United Kingdom,,"Founder at Reset Health & Wellbeing Services LTD, Founder at Reset Therapy, Proprietor at LP Mobile Fitness & Well-being Therapies, Registered Massage Therapist at Qualified","Plymouth Marjon University, Nailsea School, Weston College, Weston College","Osteopathy • Acupuncture • Massage 
*Create the possibility of optimal health*",,- Osteopath physician- Massage therapist- Personal trainer - Dry needling/acupuntureReset at the CLINIC and at the OFFICE!#happierhealthierpeople #resettherapy,,,,,,,,,,,,,,
https://www.linkedin.com/in/lahode-brigitta-b04315a4,Lahode,Brigitta,https://i.closelyhq.com/smngoz6p1thpc0b0p.fede1254.jpg,CEO,Weight Doctors GmbH,Germany,,"CEO at Weight Doctors GmbH, Business Unit Director Hair & Weight at Medical One GmbH",,CEO bei Weight Doctors GmbH,,,,,,,,,,,,,,,,
https://www.linkedin.com/in/pipyoung,Pip,Young,https://i.closelyhq.com/smngoz2jquca15mn0g.9c2c6a58.jpg,Head Of Engineering,Habitual,United Kingdom,"Software Development, Internet of Things (IoT), React Native, Computer Vision, Programming, Machine Learning, Debugging, Physics, Mathematics, Chemistry, Research, Science, Statistics, Python (Programming Language), JavaScript, C++, Microsoft Azure, Vue.js, PostgreSQL, Firebase","Head Of Engineering at Habitual, Software Engineer at Matchbox Mobile, Software Developer at CGG, Phd Student at University of Surrey, IT helpdesk advisor and trainer at University of Sussex","University of Sussex, University of Surrey",Head of Engineering at Habitual,Hospitals and Health Care,"Head of Engineering at Habitual currently working predominantly on our backend systems and security and building a great engineering team! 

We provide digital weight loss programmes at scale by helping patients make lasting change to their nutritional, physical, and mental health. We combine evidence-based nutritional strategies and medical weight loss products with digital therapeutics to be our patients’ lifelong partner in the journey to living longer, healthier, and happier.

At Habitual we use Javascript across the stack (Express, React, Node, React Native) making it really easy to jump in and make a difference without major context switching. As a fledgling team there's nothing set in stone, so joining now gives a great opportunity to both shape the team and there's plenty of scope for personal growth and progression. 

Get in touch if you want to grab a coffee and chat more about what's happening over at Habitual!",,,https://www.linkedin.com/company/tryhabitual,https://www.tryhabitual.com/,"We started Habitual with a clear purpose: to help individuals achieve lasting weight loss and better health through science-backed programs. But we soon realised that it was never really about the number on the scale. It's about the cumulative impact of our daily choices—the small, powerful habits that shape our wellbeing. The world we live in makes it building healthy habits a challenge for all of us, whether or not we're on a weight loss journey.  We are building a world where health is not just a goal, but a habit.",2019,27,,London,United Kingdom,London,London,United Kingdom,London
https://www.linkedin.com/in/oliver-lyons-5351311a5,Oliver ,Lyons,https://i.closelyhq.com/smngoz78t73gmb46l.1e697b3f.jpg,Adult Weight Management Practitioner ,MoreLife (UK) Ltd.,United Kingdom,"Education and SEND Support, Coaching and Communication, Physical Activity and Programme Design, Behaviour Change and Obesity Management","Adult Weight Management Practitioner  at MoreLife (UK) Ltd., Trainee PE Teacher at Ark Globe Academy and Forest Gate Community School (PGCE Placements), UEA Venue Staff at UEA Students'​ Union, PE Teaching Assistant at Edmonton County School, Customer Service Sales Assistant at Next, SEND Teaching Assistant and Mentor at Edmonton County School, Kitchen Porter and Waiter at Farnham United Reformed Church Spire Cafe","University of Greenwich, University of East Anglia, Nicholas Breakspear Catholic School, St Michael's Catholic High School- Watford","Adult Weight Management Practitioner | Qualified PE Teacher (PGCE, BSc) | Level 3 Personal Trainer and Level 2 Fitness Coach",Wellness and Fitness Services,"Adult Weight Management Practitioner at MoreLife UK, specialising in evidence‑based behavioural change, obesity management and inclusive coaching for adults across Camden and Islington. Responsible for delivering multi‑component programmes integrating physical activity support, healthy‑eating guidance, motivational interviewing and structured behaviour‑change strategies.Qualified Level 3 Personal Trainer with a BSc/PGCE in Physical Education and over five years’ voluntary coaching experience across youth (11–18) and adult (19–62) populations, with skills in strength, mobility and hypertrophy programme design, technique‑focused coaching and progression‑based planning. Teaching and SEND mentoring experience supports the creation of inclusive, confidence‑building environments for individuals with diverse learning needs. Hold a Level 4 qualification in Nutrition for Weight Management and Athletic Performance and completing the Level 4 Developing Physical Activity Habits for Clients with Obesity specialism to strengthen support for higher‑needs populations through tailored programme design and sustainable lifestyle change.A performing‑arts background in dance, songwriting, singing and theatre contributes to an engaging coaching style and an interest in integrating expressive movement and musicality with physical activity to enhance confidence, enjoyment and long‑term engagement. Committed to supporting individuals in improving movement quality, building strength and developing sustainable habits that enhance health, confidence and overall quality of life.",,,https://www.linkedin.com/company/morelife-uk,http://www.more-life.co.uk,"MoreLife is leading the way in tackling obesity in the UK. We deliver specialist weight management programmes to children, families and adults within healthcare, community & workplace settings. We also run MoreLife Camp, Europe’s longest-running weight loss camp for children (http://www.morelifecamp.com)

Established in 1999 by Paul Gately, Professor of Exercise and Obesity at Leeds Metropolitan University (now Leeds Beckett University), MoreLife has helped more than 8000 people to live more healthily.

We understand the complex nature of being overweight; the struggles and torment that individuals, and those close to them, experience every day. It’s with solid evidence-based studies and compassion that we, as a team, assist those who need help to achieve their weight and lifestyle goals.

Head Office is based in Leeds at the Leeds Beckett University Campus in Headingley. Our 150 strong team of experts and volunteers work around the country to support our customers’ journeys.",1999,97,"Community Weight Management Programmes, Residential Weight Management Programmes, Obesity Research & Expertise, Adult and Children's Services, Strategic Consulting in Obesity & Health, Weight Management Training, Specialist Corporate Programmes, Workplace Health, Stop Smoking Services, Active Wellbeing Programmes, NHS Healthchecks, Health and Wellness School Programmes",Leeds,United Kingdom,West Yorkshire,Leeds,United Kingdom,West Yorkshire
https://www.linkedin.com/in/georgia-miller-849a291a4,Georgia,Miller,https://i.closelyhq.com/smngozj8diekfql4c.9b56145a.jpg,Service Manager,MoreLife (UK) Ltd.,United Kingdom,"Level 4 Obesity Exercise Instructor, FaME Instructor, Pulmonary Rehabilitation, Cardiac Rehabilitation, Dance","Service Manager at MoreLife (UK) Ltd., Personal Trainer at GLM Fitness, Operations Manager at Everyone Health, Fitness Coach at Buckinghamshire New University",Buckinghamshire New University,Service Manager at Healthy You,Wellness and Fitness Services,,,,https://www.linkedin.com/company/morelife-uk,http://www.more-life.co.uk,"MoreLife is leading the way in tackling obesity in the UK. We deliver specialist weight management programmes to children, families and adults within healthcare, community & workplace settings. We also run MoreLife Camp, Europe’s longest-running weight loss camp for children (http://www.morelifecamp.com)

Established in 1999 by Paul Gately, Professor of Exercise and Obesity at Leeds Metropolitan University (now Leeds Beckett University), MoreLife has helped more than 8000 people to live more healthily.

We understand the complex nature of being overweight; the struggles and torment that individuals, and those close to them, experience every day. It’s with solid evidence-based studies and compassion that we, as a team, assist those who need help to achieve their weight and lifestyle goals.

Head Office is based in Leeds at the Leeds Beckett University Campus in Headingley. Our 150 strong team of experts and volunteers work around the country to support our customers’ journeys.",1999,97,"Community Weight Management Programmes, Residential Weight Management Programmes, Obesity Research & Expertise, Adult and Children's Services, Strategic Consulting in Obesity & Health, Weight Management Training, Specialist Corporate Programmes, Workplace Health, Stop Smoking Services, Active Wellbeing Programmes, NHS Healthchecks, Health and Wellness School Programmes",Leeds,United Kingdom,West Yorkshire,Leeds,United Kingdom,West Yorkshire
https://www.linkedin.com/in/cordell-jopson-724b301a2,Cordell,Jopson,https://i.closelyhq.com/smngoz3takpp9327d.c54d24e3.jpg,Head of Engineering,Medicspot,United Kingdom,"C#, TypeScript, SQL, Agile Methodologies, Software Development, React.js, JavaScript, Python (Programming Language), Git, ASP.NET, C++, Vue.js","Head of Engineering at Medicspot, Software Engineer at Agile Clarity, Software Engineer at Agile Clarity, Deputy General Manager at The Glendeveor","University of Oxford, Hereford Sixth Form College",Head of Engineering at Medicspot,Hospitals and Health Care,,,,https://www.linkedin.com/company/medicspot,https://www.medicspot.co.uk/,"Your weight loss journey ends here. Put a stop to endless dieting with clinically-proven weight loss treatments that can bring real, lasting results. Check your eligibility now at www.medicspot.co.uk

",2016,32,"Weight Loss, Weight Management, Obesity Management, Digital Health, Telemedicine, Weight Loss Coaching, Online GP Consultations",London,United Kingdom,,London,United Kingdom,
https://www.linkedin.com/in/phebe-oyinkansola-alabi-5683481a3,Phebe Oyinkansola,Alabi,https://i.closelyhq.com/smngoz1v27afrm1pl8.6defe59a.jpg,Health and Wellbeing Practitioner (Adult Weight Management ),MoreLife (UK) Ltd.,United Kingdom,"Presentation Skills, Organization Skills, Client Relations, Planning, Nutrition Education, Weight Loss Coaching, Behavioural Change, Active Listening, Motivational Speaking, Nutrition, Nutritional Counseling, Child Nutrition, Infant Nutrition, Communication, Strategic Communications, Interpersonal Communication, Human Nutrition, Team Leadership, Microsoft Excel, Microsoft Word","Health and Wellbeing Practitioner (Adult Weight Management ) at MoreLife (UK) Ltd., Health Improvement Practitioner at Zest (Sheffield), Research Assistant at Sheffield Hallam University","Sheffield Hallam University, Ladoke Akintola University of Technology",ANutr || Health and Wellbeing Coach || Nutrition || Public Health || Fitness || Food ,Wellness and Fitness Services,,,,https://www.linkedin.com/company/morelife-uk,http://www.more-life.co.uk,"MoreLife is leading the way in tackling obesity in the UK. We deliver specialist weight management programmes to children, families and adults within healthcare, community & workplace settings. We also run MoreLife Camp, Europe’s longest-running weight loss camp for children (http://www.morelifecamp.com)

Established in 1999 by Paul Gately, Professor of Exercise and Obesity at Leeds Metropolitan University (now Leeds Beckett University), MoreLife has helped more than 8000 people to live more healthily.

We understand the complex nature of being overweight; the struggles and torment that individuals, and those close to them, experience every day. It’s with solid evidence-based studies and compassion that we, as a team, assist those who need help to achieve their weight and lifestyle goals.

Head Office is based in Leeds at the Leeds Beckett University Campus in Headingley. Our 150 strong team of experts and volunteers work around the country to support our customers’ journeys.",1999,97,"Community Weight Management Programmes, Residential Weight Management Programmes, Obesity Research & Expertise, Adult and Children's Services, Strategic Consulting in Obesity & Health, Weight Management Training, Specialist Corporate Programmes, Workplace Health, Stop Smoking Services, Active Wellbeing Programmes, NHS Healthchecks, Health and Wellness School Programmes",Leeds,United Kingdom,West Yorkshire,Leeds,United Kingdom,West Yorkshire
https://www.linkedin.com/in/tina-horsnell-625341193,Tina,Horsnell,https://i.closelyhq.com/smngoz6hargahikut.f8315c26.jpg,Director of Business Development,LighterLife,United Kingdom,,Director of Business Development at LighterLife,,Director of Business Development,"Health, Wellness & Fitness",,,,https://www.linkedin.com/company/lighterlife,https://www.lighterlife.com,"At LighterLife we’re passionate about helping people. With over 30 years' experience in weight loss and weight management programmes we are genuine experts in helping people change their lives. 

Unlike other weight loss programmes we're not just a diet, we’re also about change and we really do make a difference. Our unique approach allows us to help our clients understand their relationship with food and to make significant changes to the way they think. 

We believe LighterLife is simply the best and most sustainable way to lose weight.

We’re looking for dedicated, passionate and motivated people, who want to make a good living helping people transform their lives. Are you driven by the desire to make a difference to people’s lives as well as your own? Do you crave financial security or a better work-life balance? Would you like all the independence of being your own boss, whilst running a profitable business? Do you have the passion to succeed?

If your answer is ‘YES’, we offer the best of both worlds – the security and resources of a large, well-established organisation plus the freedom of being self-employed and doing a job you enjoy. And what’s more, LighterLife is accredited as a Full Member of the British Franchise Association, which means you can be confident in the ethics and credibility of our brand and our Franchise package.

As a LighterLife Mentor you can…
• Work for yourself, with the support of an
established organisation.
• Run a franchise that provides high returns with low investment.
• Be rewarded both financially and emotionally.
• Earn according to the time you invest.
• Make a real difference and help to reshape attitudes as well as people.
• Work flexible hours to suit you – work the hours you want, when you want.
• Enhance your earning potential through
our recruitment and referral schemes.

To find out more email us: recruitment@lighterlife.com or call us: 01279 636988",1996,124,"Weight Loss, Weight Management, Cognitive behavioral theory and transactional analysis, Clinically proven, mindfulness",Harlow,United Kingdom,Essex,Harlow,United Kingdom,Essex
https://www.linkedin.com/in/dr-george-sanders-0a4429193,Dr George,Sanders,https://i.closelyhq.com/smngoz1onngob6vpt.a4d6a0f8.jpg,"Head of Systems Implementation, Evaluation & Innovation",MoreLife (UK) Ltd.,United Kingdom,"Obesity Prevention, Policy & Research, Whole Systems Approaches, Consultancy Services, Weight Management & Wellbeing, Research, Program Evaluation, Data Analysis, Sports, Strength Training, Lecturing, Public Speaking, Health Promotion, Health Program Planning, Program Development, Behavioural Change, Public Health Research, IBM SPSS Statistics, Microsoft Office, Academic Writing, Qualitative & Quantitative Research Methodologies","Head of Systems Implementation, Evaluation & Innovation at MoreLife (UK) Ltd., Senior Research Fellow in Public Health and Obesity at Leeds Beckett University, Postdoctoral Research Fellow at Leeds Beckett University","Durham University, Loughborough University, Edge Hill University, Loughborough University, Loughborough University","Head of Systems Implementation, Evaluation & Innovation, Morelife
Senior Research Fellow in Public Health and Obesity, Leeds Beckett University",Wellness and Fitness Services,"Head of Systems Implementation, Evaluation & Innovation, Morelife.

George Sanders leads whole systems approach implementation, evaluation & innovation consultancy at Morelife. After completing undergraduate & masters degrees at Durham and Loughborough Universities, respectively, his academic career started at Edge Hill University where he completed a Sport England funded PhD. He then progressed his academic career further at Leeds Beckett University where across 5 years he was appointed a senior research fellow in public health & obesity and was a weight management & wellbeing theme lead for Leeds Beckett Universities Obesity Institute. As a mixed methods researcher, George has extensive expertise in both quantitative & qualitative data collection, analysis & evaluation. His main consultancy & research interests & current work are focused on implementing & evaluating whole systems approaches to obesity within national & international public, private & third sector organisations. His presented & published work has, and continues to be, shared at national and international conferences.",,,https://www.linkedin.com/company/morelife-uk,http://www.more-life.co.uk,"MoreLife is leading the way in tackling obesity in the UK. We deliver specialist weight management programmes to children, families and adults within healthcare, community & workplace settings. We also run MoreLife Camp, Europe’s longest-running weight loss camp for children (http://www.morelifecamp.com)

Established in 1999 by Paul Gately, Professor of Exercise and Obesity at Leeds Metropolitan University (now Leeds Beckett University), MoreLife has helped more than 8000 people to live more healthily.

We understand the complex nature of being overweight; the struggles and torment that individuals, and those close to them, experience every day. It’s with solid evidence-based studies and compassion that we, as a team, assist those who need help to achieve their weight and lifestyle goals.

Head Office is based in Leeds at the Leeds Beckett University Campus in Headingley. Our 150 strong team of experts and volunteers work around the country to support our customers’ journeys.",1999,97,"Community Weight Management Programmes, Residential Weight Management Programmes, Obesity Research & Expertise, Adult and Children's Services, Strategic Consulting in Obesity & Health, Weight Management Training, Specialist Corporate Programmes, Workplace Health, Stop Smoking Services, Active Wellbeing Programmes, NHS Healthchecks, Health and Wellness School Programmes",Leeds,United Kingdom,West Yorkshire,Leeds,United Kingdom,West Yorkshire
https://www.linkedin.com/in/deborah-evans-27a2bb1a1,Deborah,Evans,https://i.closelyhq.com/smngoz6n19pl3ivoq.83c7337f.jpg,Metabolic Health Lead,Reset Health,United Kingdom,"Information Governance, Customer Experience, German, Financial Reporting, Teaching, Mental Health Advocacy, Social Housing, Public Speaking, Program Management, Numerical Analysis, Service Delivery, Exercise Physiology, Interpersonal Communication, Public Health Education, Report Writing, CRM Databases, Communication, Grant Research, Reporting & Analysis, Numeracy","Metabolic Health Lead at Reset Health, Exercise Therapist at G-FITNESS LIMITED, Senior Delivery Team Leader at Xyla Health & Wellbeing, Health and Wellbeing Coach at REED MOMENTA LIMITED, Operations Manager at NEW GENERATION CHURCH TRUST, Door of Hope Project Manager at Keychange Charity, Supported Housing Manager and Support Worker at EAVES HOUSING FOR WOMEN LIMITED, Support Worker at The Marylebone Project, Freelance English Teacher at Various Language Schools","London South Bank University, The University of Manchester, The University of Manchester",Charity and Non-Profit Sector Manager,Wellness and Fitness Services,"""Seasoned and Self-Assured Manager with Over Two Decades of Expertise in Charitable and Non-Profit Organisations""Passionate about driving community and individual transformation, I offer extensive experience in leadership and project management within the non profit sector. My expertise includes navigating the Grant writing process, securing funding for impactful initiatives, and effectively project managing their implementation. With a foundation in operations and a robust analytical skill set derived from a Mathematics degree, I am adept at leveraging data to showcase impact and drive positive change. Holding an MSc in Management in Civil Society further enhances my ability to navigate the complexities of the non-profit sector. I am a committed professional, poised to drive positive change and deliver sustainable impact.",,,https://www.linkedin.com/company/reset-health-clinic,https://www.resethealth.clinic/,"Helping patients manage obesity and Type 2 diabetes with our Roczen app.

Our team of specialist clinicians combine personalised care with innovative weight-loss therapies.

We integrate diagnostics, bespoke diet and lifestyle plans, prescription-only medications, 1:1 clinical care, dedicated mentors and community support all in one easy-to-use digital platform.",2020,61,"health, diabetes, Type 2 Diabetes, Obesity, lifestyle",London,United Kingdom,England,London,United Kingdom,England
https://www.linkedin.com/in/suki-sabine-693109162,Suki,Sabine,https://i.closelyhq.com/smngoz43gavut3qeq.59e63f06.jpg,Adult Weight Management Practitioner,MoreLife (UK) Ltd.,United Kingdom,,"Adult Weight Management Practitioner at MoreLife (UK) Ltd., Nutritional Therapist at Self-employed, Health Adviser at Sussex Medical Chambers, Digital Asset Manager at The Interior Archive","CNM College of Naturopathic Medicine, Goldsmiths, University of London",Registered Nutritionist / Helping Clients & Organizations Optimize Health & Wellbeing Through Evidence-Based Nutrition,Wellness and Fitness Services,"I'm a nutritional therapist with a passion for health and wellbeing, and helping empower people with the knowledge and tools to take charge of their own health. A confident, self-motivated people person with excellent interpersonal and communication skills and a wealth of transferable skills gained in a diverse career in the visual media and mental health sectors.",,,https://www.linkedin.com/company/morelife-uk,http://www.more-life.co.uk,"MoreLife is leading the way in tackling obesity in the UK. We deliver specialist weight management programmes to children, families and adults within healthcare, community & workplace settings. We also run MoreLife Camp, Europe’s longest-running weight loss camp for children (http://www.morelifecamp.com)

Established in 1999 by Paul Gately, Professor of Exercise and Obesity at Leeds Metropolitan University (now Leeds Beckett University), MoreLife has helped more than 8000 people to live more healthily.

We understand the complex nature of being overweight; the struggles and torment that individuals, and those close to them, experience every day. It’s with solid evidence-based studies and compassion that we, as a team, assist those who need help to achieve their weight and lifestyle goals.

Head Office is based in Leeds at the Leeds Beckett University Campus in Headingley. Our 150 strong team of experts and volunteers work around the country to support our customers’ journeys.",1999,97,"Community Weight Management Programmes, Residential Weight Management Programmes, Obesity Research & Expertise, Adult and Children's Services, Strategic Consulting in Obesity & Health, Weight Management Training, Specialist Corporate Programmes, Workplace Health, Stop Smoking Services, Active Wellbeing Programmes, NHS Healthchecks, Health and Wellness School Programmes",Leeds,United Kingdom,West Yorkshire,Leeds,United Kingdom,West Yorkshire
https://www.linkedin.com/in/annaalla,Anna,Alla,https://i.closelyhq.com/smngoz40i15f145gc.0b6fa357.jpg,Adult Weight Management Practitioner,MoreLife (UK) Ltd.,United Kingdom,"Motivational Interviewing, Stakeholder Engagement, Academic Research, Public Health Research, Community Mental Health, Behavioural Change, Behavioral Interviewing, Sports Nutrition, Weight Training, Weight Management, Weight Loss Coaching, Educational Research, Institutional Research, SPSS Statistics, Qualitative Research, Laboratory Skills, Higher Education Research, Project Management, DE&I, mental health ","Adult Weight Management Practitioner at MoreLife (UK) Ltd., Registered Nutritionist | Behavioural Change Health Coach at Voy, Postgraduate Researcher – Public & Mental Health at King's College London, Undergraduate Student Researcher at University of Greenwich","King's College London, University of Greenwich, BRITISH ASSOCIATION FOR NUTRITION & LIFESTYLE MEDICINE, The College of Haringey, Enfield and North East London",AfN Registered Associate Nutritionist (ANutr) | Behaviour Change Specialist | Public Mental Health Researcher | Specialising in Neurodivergency & Emotional Eating,Wellness and Fitness Services,"Associate Registered Nutritionist (AfN) and Public Health Researcher (MSc) specialising in sustainable lifestyle interventions, with expertise in ADHD-informed coaching and emotional eating support. Experienced in translating research into practical, client-centred programmes across digital, corporate, and community settings. Skilled in behaviour change psychology, personalised habit design, and public health evaluation. Committed to evidence-led, holistic approaches that drive lasting health and wellbeing outcomes.Currently working at Voy, delivering evidence-based weight management and GLP-1 support through digital platforms. Experienced in providing compassionate, person-centred coaching, supporting clients with behaviour change, plateau management, calorie awareness, emotional eating patterns, and ADHD-related challenges affecting consistency and self-regulation.My research explores the relationships between dietary behaviours, ecosystems, and public health, with a particular focus on improving outcomes for diverse and underserved communities. My MSc research investigated how social and self-identity influence anxiety and depression outcomes among ethnic and cultural minority youth accessing UK mental health services.Alongside clinical practice, I have a strong background in research coordination, data analysis, survey design, and project management using SPSS and R. I regularly contribute to programme development, clinical guidance, and coaching frameworks, translating research evidence into practical, scalable interventions.I have delivered wellness workshops, personalised nutrition programmes, and health promotion initiatives across corporate, community, and digital healthcare settings, including roles at Apple and Peloton. My work with organisations such as Healthwatch Greenwich and The Food Chain reflects a continued commitment to community engagement and public health improvement.Driven by a compassionate, holistic, and evidence-led approach, I combine research, coaching, and systems thinking to deliver meaningful, sustainable improvements in health and wellbeing.",,,https://www.linkedin.com/company/morelife-uk,http://www.more-life.co.uk,"MoreLife is leading the way in tackling obesity in the UK. We deliver specialist weight management programmes to children, families and adults within healthcare, community & workplace settings. We also run MoreLife Camp, Europe’s longest-running weight loss camp for children (http://www.morelifecamp.com)

Established in 1999 by Paul Gately, Professor of Exercise and Obesity at Leeds Metropolitan University (now Leeds Beckett University), MoreLife has helped more than 8000 people to live more healthily.

We understand the complex nature of being overweight; the struggles and torment that individuals, and those close to them, experience every day. It’s with solid evidence-based studies and compassion that we, as a team, assist those who need help to achieve their weight and lifestyle goals.

Head Office is based in Leeds at the Leeds Beckett University Campus in Headingley. Our 150 strong team of experts and volunteers work around the country to support our customers’ journeys.",1999,97,"Community Weight Management Programmes, Residential Weight Management Programmes, Obesity Research & Expertise, Adult and Children's Services, Strategic Consulting in Obesity & Health, Weight Management Training, Specialist Corporate Programmes, Workplace Health, Stop Smoking Services, Active Wellbeing Programmes, NHS Healthchecks, Health and Wellness School Programmes",Leeds,United Kingdom,West Yorkshire,Leeds,United Kingdom,West Yorkshire
https://www.linkedin.com/in/elien-laseure-a56419165,Elien,Laseure,https://i.closelyhq.com/smngoz1l02tt2k4fi.c1dec55f.jpg,Sales Area Manager,PronoKal Group,Netherlands,"Management, Sales, Languages: dutch, english, spanish, french, german, Cultureel bewustzijn, Public speaking","Sales Area Manager at PronoKal Group, Diëtist at Fysiomins",Katholieke Hogeschool Brugge-Oostende,--,Wellness and Fitness Services,,,,https://www.linkedin.com/company/pronokal,http://www.pronokal.com,"PronoKal Group is a multinational company specialising in medical weight-loss treatments based on comprehensive prorgammes involving an array of profesionals (doctors, dieticians-nutritionists, physical trainers, coaches, etc.).
The primary mission of the PronoKal Group is to offer effective solutions to help the patients to reach their weight-loss goal and maintain the results over time, thus enabling a better quality of life and greater sense of well-being, as well as to aid in the prevention of overweight and obesity.
It began its activities in 2004 with the launch in Spain of the PronoKal Method, the first medically supervised multidisciplinary treatment for weight loss based on the protein diet, which helped this company to become a reference model in this area. Currently, PronoKal Group has different medical treatments for weight loss and long-term maintenance, based on a protein diet, suited to different patient profiles (PronoKal Method, PnK Method, DiaproKal Method).
Since 2009, the expansion and internationalization process of the PronoKal Group has been consolidated: PronoKal Group® is now present in 15 countries, with three administrative headquarters in Europe (Geneva, Luxembourg and Barcelona). 
The success of our medical treatments is substantiated by 450,000 patients treated and 4,000 prescribing doctors who trust in the rigour and effectiveness of our methods. These figures make PronoKal Group the top company in our sector.
Since its inception, the company has committed itself to rigour and science, launching numerous studies to demonstrate the efficacy and safety of a Protein Diet versus a low calorie diet. So far over 15 studies have been conducted, half of which have been published and presented at international scientific meetings.",2004,307,"pérdida de peso, adelgazamiento, dieta, nutrición, salud, bienestar, dieta cetogénica, weight loss, diet, nutrition, health, wellness, ketogenic diet, pronokal",Barcelona,Spain,Catalunya,Barcelona,Spain,Catalunya
https://www.linkedin.com/in/keisha-c-84b940168,Keisha,C.,,Specialist Weight Management Dietitian,MoreLife (UK) Ltd.,United Kingdom,"Communication, Recruiting, Mentoring, Teamwork, Weight Management, Group Classes","Specialist Weight Management Dietitian at MoreLife (UK) Ltd., Children & Young Person’s Dietitian at Family Action, Obesity Specialist Dietitian at Guy's and St Thomas'​ NHS Foundation Trust, Obesity and Bariatric Dietitian at Luton and Dunstable University Hospital","Coventry University, University of Wales Institute Cardiff",Specialist Dietitian,Wellness and Fitness Services,,,,https://www.linkedin.com/company/morelife-uk,http://www.more-life.co.uk,"MoreLife is leading the way in tackling obesity in the UK. We deliver specialist weight management programmes to children, families and adults within healthcare, community & workplace settings. We also run MoreLife Camp, Europe’s longest-running weight loss camp for children (http://www.morelifecamp.com)

Established in 1999 by Paul Gately, Professor of Exercise and Obesity at Leeds Metropolitan University (now Leeds Beckett University), MoreLife has helped more than 8000 people to live more healthily.

We understand the complex nature of being overweight; the struggles and torment that individuals, and those close to them, experience every day. It’s with solid evidence-based studies and compassion that we, as a team, assist those who need help to achieve their weight and lifestyle goals.

Head Office is based in Leeds at the Leeds Beckett University Campus in Headingley. Our 150 strong team of experts and volunteers work around the country to support our customers’ journeys.",1999,97,"Community Weight Management Programmes, Residential Weight Management Programmes, Obesity Research & Expertise, Adult and Children's Services, Strategic Consulting in Obesity & Health, Weight Management Training, Specialist Corporate Programmes, Workplace Health, Stop Smoking Services, Active Wellbeing Programmes, NHS Healthchecks, Health and Wellness School Programmes",Leeds,United Kingdom,West Yorkshire,Leeds,United Kingdom,West Yorkshire
https://www.linkedin.com/in/emily-milne-93a778169,Emily,Milne,https://i.closelyhq.com/smngoz5invlhr80ar.865c006a.jpg,Business Owner,Habitual Café and Bakehouse LTD,United Kingdom,"HTML, Cascading Style Sheets (CSS), JavaScript, Go (Programming Language), Git, Bash, Node.js, SQL, Redis, pastry, Chocolate, Molecular Gastronomy, Menu Development, Flavors","Business Owner at Habitual Café and Bakehouse LTD, Pastry Chef at Panoramic 34",west kirby grammar school,Aspiring Software Developer,,"Aspiring Software Developer aiming to make a career change from hospitality. 
I hope to enroll in an apprenticeship to further my skills and understanding of software development and work with inspiring and experienced professionals with a goal to dive into a  rewarding career path",,,,,,,,,,,,,,
https://www.linkedin.com/in/dr-laura-falvey-134306176,Dr Laura,Falvey,https://i.closelyhq.com/smngoz4fks666vil4.90fd1201.jpg,Executive Clinical Director,Reset Health,United Kingdom,"Stakeholder Engagement, Public Speaking, Research Skills, Digital Health, Obesity Research, Project Leadership, Incident Management, Healthcare, Management, Growth Strategies, Clinical Pathways, Clinical Leadership, Medicine, Patient Safety, Incident Response, Compassionate Engagement, Systems Approach, Otolaryngology, Pediatrics, Obesity","Executive Clinical Director at Reset Health, GP Speciality Trainee at NHS England, Medical Senior House Officer  at NHS","King's College London, King's College London",Reimagining Obesity Care | Clinical Leader & Speaker | Driving Innovation in Integrated NHS Digital Health,Wellness and Fitness Services,"I believe obesity care can - and must - be better.

I help reimagine how we treat metabolic disease by designing clinically-safe, digitally-enabled care pathways rooted in evidence and equity.

Using my background as a NHS doctor, I now shape strategy and innovation at the intersection of healthcare and technology. At Reset Health and Roczen, I’ve led the development of pioneering, patient-centred interventions for people living with obesity and type 2 diabetes - helping bridge the gap between digital innovation and human impact.

💡 My expertise spans:

- Leading clinical strategy for digital health and obesity services
- The intersection of clinical and corporate in healthcare organisations
- Designing and scaling digital care pathways 
- Embedding clinical governance, safety, and DCB compliance into tech-enabled models
- Driving partnerships with providers, NHS trusts, academic institutions and life science organisations
- Speaking on obesity, digital innovation, and care redesign across health systems

I’m privileged to work with brilliant teams transforming care for underserved populations. If you're building something to change healthcare for good - let’s connect.",,,https://www.linkedin.com/company/reset-health-clinic,https://www.resethealth.clinic/,"Helping patients manage obesity and Type 2 diabetes with our Roczen app.

Our team of specialist clinicians combine personalised care with innovative weight-loss therapies.

We integrate diagnostics, bespoke diet and lifestyle plans, prescription-only medications, 1:1 clinical care, dedicated mentors and community support all in one easy-to-use digital platform.",2020,61,"health, diabetes, Type 2 Diabetes, Obesity, lifestyle",London,United Kingdom,England,London,United Kingdom,England
https://www.linkedin.com/in/grace-bajo-anutr-5bb864178,Grace,Bajo ANutr,https://i.closelyhq.com/smngoz387pgobrad4.7acbb859.jpg,Adult Weight Management Practitioner,MoreLife (UK) Ltd.,United Kingdom,"Leadership, Communication, Time Management, Event Planning, Event Management, Nutrition, Obesity Prevention, Health Promotion, Public Health, Food Microbiology, Customer Service, Social Media, Creativity Skills, weight management","Adult Weight Management Practitioner at MoreLife (UK) Ltd., Client Services at OneLife Suffolk, Customer Assistant at Domino's, Personal Support Worker at GREEN ROSE CARE LIMITED, Food Safety Auditor (HACCP) placement at Summer Harvest Ltd, Cooking  Instructor (Nutrition) placement at Edge Hill University Campus Life Cook","Edge Hill University, Glassgow Caledonian University","ANutr, MSc, Weight Management",Wellness and Fitness Services,"MSc holder, with years of experience in adult care and weight management. My aim is to continue health promotion on a larger scale and help deliver nutritional education to individuals, promoting quality health through healthy foods, advice, mindfulness and fun activities.

Actively looking to work in relevant areas; Public Nutrition, Weight management Practitioner, Nutritionist, Health and wellbeing.",,,https://www.linkedin.com/company/morelife-uk,http://www.more-life.co.uk,"MoreLife is leading the way in tackling obesity in the UK. We deliver specialist weight management programmes to children, families and adults within healthcare, community & workplace settings. We also run MoreLife Camp, Europe’s longest-running weight loss camp for children (http://www.morelifecamp.com)

Established in 1999 by Paul Gately, Professor of Exercise and Obesity at Leeds Metropolitan University (now Leeds Beckett University), MoreLife has helped more than 8000 people to live more healthily.

We understand the complex nature of being overweight; the struggles and torment that individuals, and those close to them, experience every day. It’s with solid evidence-based studies and compassion that we, as a team, assist those who need help to achieve their weight and lifestyle goals.

Head Office is based in Leeds at the Leeds Beckett University Campus in Headingley. Our 150 strong team of experts and volunteers work around the country to support our customers’ journeys.",1999,97,"Community Weight Management Programmes, Residential Weight Management Programmes, Obesity Research & Expertise, Adult and Children's Services, Strategic Consulting in Obesity & Health, Weight Management Training, Specialist Corporate Programmes, Workplace Health, Stop Smoking Services, Active Wellbeing Programmes, NHS Healthchecks, Health and Wellness School Programmes",Leeds,United Kingdom,West Yorkshire,Leeds,United Kingdom,West Yorkshire
https://www.linkedin.com/in/aiszabrandys,Aisza,Brandys,https://i.closelyhq.com/smngoz20khdgsksltg.af762c7a.jpg,Founder | AI Strategy Consultant,A-Brand,Netherlands,"Product Strategy, AI Implementation, Large Language Models (LLMs), Business Analysis, Growth Strategies, Team Leadership, Marketing Analytics, Artificial Intelligence (AI), AI Strategy, Prompt Engineering, Generative AI, Business Transformation, Workflow Automation, AI/SEO Strategy, Global Content Strategy, Multilingual Content Optimization, Analytics & Reporting, Real Estate & Insurance Marketing, Editing, Blockchain & Fintech Writing","Founder | AI Strategy Consultant at A-Brand, AI & Digital Strategy Specialist at Elysee Life, Founder | Quantum Transducer at Quantum Transducer | quantumtransducer.org, Public Relations Manager at BitSky.pl, Editor at Cyfrowa Ekonomia, AI Workflow & Marketing Automation Specialist at Just Amazing BV, Marketing Manager | SEO & Digital Growth at Domek-Group",Uniwersytet Opolski,AI Strategy Consultant | Business Transformation | Generative AI | AI Implementation | Workflow Automation | SEO & GEO,Hospitals and Health Care,"I help organisations turn AI from an idea into practical business solutions. My work focuses on designing AI-powered workflows, optimising business processes, and implementing Generative AI solutions that improve operational efficiency, customer experience, and business growth. Over the past several years I've worked across AI strategy, workflow automation, SEO, GEO, marketing automation, digital transformation, and business analysis. I enjoy translating complex business challenges into practical AI solutions that people actually use. I have experience designing AI-assisted customer journeys, prompt engineering frameworks, conversational AI workflows, and automation systems powered by Large Language Models (LLMs), while collaborating with business stakeholders, developers, and cross-functional teams. My experience spans startups, SMEs, healthcare, fintech, marketing, and international digital projects across multiple European markets. Areas of expertise: • AI Strategy • Business Transformation • AI Implementation • Workflow Automation • Prompt Engineering • Business Analysis • Marketing Automation • SEO &amp; GEO • Digital Growth Strategy • Customer Journey Optimisation I'm always interested in connecting with people working on AI, digital transformation, business innovation, and emerging technologies.",,,https://www.linkedin.com/company/elysee-life,http://www.elyseelife.com,"At Elysee Life, we are fully committed to supporting you in achieving your personal health goals. We keep up with the latest medical and scientific developments in weight loss, including treatments with GLP-1 medication and support for lifestyle changes. Our dedicated professionals will guide you to your target weight and a new lifestyle, ensuring you maintain a sustainable healthy weight. 

At Elysee Life, we approach your well-being with dedication and expertise, and we are ready to assist you at every step towards your healthy weight and a long-lasting healthy life.",2022,23,"Lifestyle, Lifestyle interventions , Overweight, GLP-1, BMI, Medicine, Novo Nordisk, Eli Lilly, Loose Weight, Dietary, Health, Longevity, GLP-1/GIP, Doctor, Healthy aging, Amsterdam, London, Paris",Amsterdam,Netherlands,,Amsterdam,Netherlands,
https://www.linkedin.com/in/elliottsilver,Elliott,Silver,https://i.closelyhq.com/smngoz6o7vuna44e1.37c56ca5.jpg,Head of Strategy and Operations,Habitual,United Kingdom,"Optimizely, Early-Stage Startups, Venture Capital, Commercial Due Diligence, Go-to-Market Strategy, Management Consulting, Strategy Consulting, Product Strategy, Pricing Strategy, Product Road Mapping, A/B Testing, Customer Relationship Management (CRM), Enterprise Resource Planning (ERP), Tableau, NetSuite, Product Management, Project Management, Leadership, User Story Mapping, Jira","Head of Strategy and Operations at Habitual, Strategy and M&A Consultant at Monitor Deloitte, Product Manager at Sight Diagnostics",University of Nottingham,Head of Strategy & Operations @ Habitual | Ex-Monitor Deloitte,Hospitals and Health Care,"🚀 Chief of Staff to the CEO and Head of Strategy and Operations at a HealthTech startup, delivering impact across product, strategy, operations, fundraising, investor relations, business development and supply chain.Previously...💼 Strategy consultant at Monitor Deloitte, with advisory experience in the public, supply chain &amp; logistics, life science, biotech and healthcare sectors. Project experience includes product strategy, new market entry strategy, innovation strategy and innovation op model.👨🏽‍💻 Product manager at a MedTech startup, with exposure to sales, operations, data analytics, strategy, tech transformation and business development.I am...📊 Rigorous and data-driven, highly skilled communicator, and committed team member. Strong interest in disruptive technology with a focus on innovation and ventures.☕️ Always open to have a chat / coffee!",,,https://www.linkedin.com/company/tryhabitual,https://www.tryhabitual.com/,"We started Habitual with a clear purpose: to help individuals achieve lasting weight loss and better health through science-backed programs. But we soon realised that it was never really about the number on the scale. It's about the cumulative impact of our daily choices—the small, powerful habits that shape our wellbeing. The world we live in makes it building healthy habits a challenge for all of us, whether or not we're on a weight loss journey.  We are building a world where health is not just a goal, but a habit.",2019,27,,London,United Kingdom,London,London,United Kingdom,London
https://www.linkedin.com/in/chad-haefele-727044151,Chad,Haefele,https://i.closelyhq.com/smngoz6i4bpqnmmmi.594f3af2.jpg,Child Healthy Lifesyle Practioner,MoreLife (UK) Ltd.,United Kingdom,"Safeguarding, Child Welfare, Marketing, Fundraising, Community Development, Public Relations, Business Development, Time Management, Teamwork, Attention to Detail, Customer Support, Complaint Investigations, Complaints, Negotiation, Analytical Skills, Contact Centers, Client Contact, Sales, Administrative Assistance, Sports Science","Child Healthy Lifesyle Practioner at MoreLife (UK) Ltd., Factory Worker at Turnstar Systems (Pty) Ltd, Customer Solutions Specialist at Capita, Contact Center Agent at Engage Services , Looking for Job Opportunities at N/A, Product Support Specialist at Raging River Trading (Pty) Ltd, Administrative Assistant at DJ Coaching, Head of Sport at Torah Academy","University of Pretoria, Bryanston High School",Working Hard,Wellness and Fitness Services,"Currently working as a Children’s Healthy Lifestyle Practitioner at MoreLife

5 months experience at Capita Complaints department on behalf of Samsung

6 months experience in Debt collection call centre at Engage Services Ltd

Product specialist for Raging River and Osiris trading for 2 years with 3 months call centre/contact Centre experience

I have 5 years experience in Sports retail sales, as well as 4 years of first aid experience. I have 4 years of Sports coaching experience in Hockey and Cricket respectively. I have successfully coached Heronbridge High School U15 hockey team to win the Boden hockey tournament. I have a level 1 Hockey Coaching course, level 1 CSA Cricket Coaching course and a level 1 First Aid course.",,,https://www.linkedin.com/company/morelife-uk,http://www.more-life.co.uk,"MoreLife is leading the way in tackling obesity in the UK. We deliver specialist weight management programmes to children, families and adults within healthcare, community & workplace settings. We also run MoreLife Camp, Europe’s longest-running weight loss camp for children (http://www.morelifecamp.com)

Established in 1999 by Paul Gately, Professor of Exercise and Obesity at Leeds Metropolitan University (now Leeds Beckett University), MoreLife has helped more than 8000 people to live more healthily.

We understand the complex nature of being overweight; the struggles and torment that individuals, and those close to them, experience every day. It’s with solid evidence-based studies and compassion that we, as a team, assist those who need help to achieve their weight and lifestyle goals.

Head Office is based in Leeds at the Leeds Beckett University Campus in Headingley. Our 150 strong team of experts and volunteers work around the country to support our customers’ journeys.",1999,97,"Community Weight Management Programmes, Residential Weight Management Programmes, Obesity Research & Expertise, Adult and Children's Services, Strategic Consulting in Obesity & Health, Weight Management Training, Specialist Corporate Programmes, Workplace Health, Stop Smoking Services, Active Wellbeing Programmes, NHS Healthchecks, Health and Wellness School Programmes",Leeds,United Kingdom,West Yorkshire,Leeds,United Kingdom,West Yorkshire
https://www.linkedin.com/in/evan-robertson-anutr-2b2a1714b,Evan,Robertson ANutr,https://i.closelyhq.com/smngoz795s85h7ksh.9865607e.jpg,Children's Healthy Lifestyle Practitioner,MoreLife (UK) Ltd.,United Kingdom,"Behavioural Change, Nutrition, Client Development, Working With Children, Diet Planning, Social Media, Fitness Instruction, Sports Science, Sports Analytics, Human Nutrition, Health Promotion, Administration, Biochemistry, Food Analysis, Nutritional Analysis, Nutritional Counseling, Personal Training, Microsoft Office, Presentation Skills, Physical Activity Testing",Children's Healthy Lifestyle Practitioner at MoreLife (UK) Ltd.,"The Manchester Metropolitan University, Wrexham University, Coleg Cambria, Coleg Cambria, Yale-NUS College",Children’s Healthy Lifestyle Practitioner,Wellness and Fitness Services,"I’m a highly passionate and registered nutritionist with a solid foundation of sports and exercise sciences and experience in the fitness industry. Having recently graduated with a master’s degree in human nutrition, I am now working at MoreLife as a Children's Healthy Lifestyle Practitioner.",,,https://www.linkedin.com/company/morelife-uk,http://www.more-life.co.uk,"MoreLife is leading the way in tackling obesity in the UK. We deliver specialist weight management programmes to children, families and adults within healthcare, community & workplace settings. We also run MoreLife Camp, Europe’s longest-running weight loss camp for children (http://www.morelifecamp.com)

Established in 1999 by Paul Gately, Professor of Exercise and Obesity at Leeds Metropolitan University (now Leeds Beckett University), MoreLife has helped more than 8000 people to live more healthily.

We understand the complex nature of being overweight; the struggles and torment that individuals, and those close to them, experience every day. It’s with solid evidence-based studies and compassion that we, as a team, assist those who need help to achieve their weight and lifestyle goals.

Head Office is based in Leeds at the Leeds Beckett University Campus in Headingley. Our 150 strong team of experts and volunteers work around the country to support our customers’ journeys.",1999,97,"Community Weight Management Programmes, Residential Weight Management Programmes, Obesity Research & Expertise, Adult and Children's Services, Strategic Consulting in Obesity & Health, Weight Management Training, Specialist Corporate Programmes, Workplace Health, Stop Smoking Services, Active Wellbeing Programmes, NHS Healthchecks, Health and Wellness School Programmes",Leeds,United Kingdom,West Yorkshire,Leeds,United Kingdom,West Yorkshire
https://www.linkedin.com/in/sophie-edwards-b59225187,Sophie,Edwards,https://i.closelyhq.com/smngoz36m2tmuc0klg.bd85bb1e.jpg,Chief Operating Officer,MoreLife (UK) Ltd.,United Kingdom,"Acceptance & Commitment Therapy, Cognitive Behavioral Therapy (CBT), Qualitative Research, Data Analysis, Mindfulness, Procurement, Contract Management, Childhood Obesity, Mental Health, Weight Management","Chief Operating Officer at MoreLife (UK) Ltd., Health Coach at MoreLife (UK) Ltd.","Goldsmiths, University of London, London Metropolitan University",COO at MoreLife (UK) Ltd.,Wellness and Fitness Services,"I am a Chief Operating Officer and Chartered Psychologist with over 15 years’ experience in health services, combining clinical expertise with strategic leadership to deliver scalable, high-impact care. My background in psychology underpins my approach to operational excellence, ensuring services are not only efficient, but evidence-based, person-centred, and outcomes-driven. I have extensive experience across weight management, drug and alcohol support, and smoking cessation, alongside working with individuals with complex needs including severe mental illness, eating disorders, and learning disabilities. As the Nominated Individual for CQC at MoreLife, I lead on clinical governance and service innovation, driving the development of safe, effective, and forward-thinking healthcare models. I work closely with public health teams and ICBs to design and deliver services aligned to population need, including pioneering new treatment pathways and embedding emerging research into real-world practice. I have been instrumental in introducing GLP-1 medication into clinical services and developing a novel binge eating support pathway, both of which have gained recognition at national and international conferences and have been adopted more widely across the UK. I am passionate about transforming healthcare systems through innovation, collaboration, and strong governance, creating services that deliver meaningful, lasting change.",,,https://www.linkedin.com/company/morelife-uk,http://www.more-life.co.uk,"MoreLife is leading the way in tackling obesity in the UK. We deliver specialist weight management programmes to children, families and adults within healthcare, community & workplace settings. We also run MoreLife Camp, Europe’s longest-running weight loss camp for children (http://www.morelifecamp.com)

Established in 1999 by Paul Gately, Professor of Exercise and Obesity at Leeds Metropolitan University (now Leeds Beckett University), MoreLife has helped more than 8000 people to live more healthily.

We understand the complex nature of being overweight; the struggles and torment that individuals, and those close to them, experience every day. It’s with solid evidence-based studies and compassion that we, as a team, assist those who need help to achieve their weight and lifestyle goals.

Head Office is based in Leeds at the Leeds Beckett University Campus in Headingley. Our 150 strong team of experts and volunteers work around the country to support our customers’ journeys.",1999,97,"Community Weight Management Programmes, Residential Weight Management Programmes, Obesity Research & Expertise, Adult and Children's Services, Strategic Consulting in Obesity & Health, Weight Management Training, Specialist Corporate Programmes, Workplace Health, Stop Smoking Services, Active Wellbeing Programmes, NHS Healthchecks, Health and Wellness School Programmes",Leeds,United Kingdom,West Yorkshire,Leeds,United Kingdom,West Yorkshire
https://www.linkedin.com/in/roselle-herring-800182156,Roselle,Herring,,Consultant Diabetes and Endocrinologist,Essex Endocrine Clinic,United Kingdom,"Clinical Research, Diabetes, Endocrinology, healthcare professional education, Medical Education, Research, Medical Management, Leadership","Consultant Diabetes and Endocrinologist at Essex Endocrine Clinic, Consultant Endocrinologist at MoreLife (UK) Ltd., Consultant Diabetes and Endocrinologist at Mid and South Essex NHS Foundation Trust, Director at Rose Diabetes Ltd, Visiting Researcher at University of Surrey, Clinical Director Diabetes and Endocrinologist at Royal Surrey NHS Foundation Trust, Clinical Lead for Diabetes for KSS Clinical Network at KSS, Clinical Diabetes Lead at Surrey Heartlands STP","Royal College of Physicians (London), University of Surrey, University of Warwick, St Bartholmews and the Royal London Medical School",Consultant Endocrinologist ,,"I have over 15 years' experience of clinical practice and research, and have held senior leadership roles at the Royal Surrey County Hospital NHS Trust.

I have developed accredited structured education programmes for patients and healthcare professionals - which have been recognised and applied internationally.  

I have also set up and lead successful cross disciplinary teams including physicians and nursing staff; through mentoring, coaching and creating a supportive and inclusive environment I have enjoyed developing the next generation of clinicians.

Experience: Management and Leadership
- As Chief of Service for Access and Medicine, I supported the Chief Executive to ensure high quality day to day leadership and management of the division, including the achievement of performance targets and transformation of services. 

Experience: Clinical 

Diabetes and Endocrinology clinical care
- I have expertise in specialist fields including diabetes renal disease, pancreatic diabetes, diabetes technology, diabetes in pregnancy, community diabetes, pituitary disorders, testosterone deficiency and thyroid nodules. 

Innovation in inpatient diabetes care 
- I have led a Trust-wide inpatient diabetes service redesign which led to early identification and surveillance of everyone in hospital with diabetes, personalised care plans, development of inpatient guidelines, auditing of inpatient HARMS, improved clinical coding.

STP / ICS and KSS Diabetes Work stream – Clinical Lead
- I have lead a comprehensive accredited clinical education programme for all HCPs, commissioning a STP wide LCS to improve national diabetes outcomes and developing clinical networks to improve clinical outcomes for hard to reach populations such as prisons, care homes. 

Experience: Medical Education
- Clinical lecturer at University of Surrey 

Clinical Research
- I have a unique research portfolio having led a number of investigator led research studies using stable isotopes to understand human physiology and pathophysiology.
- I have been a principal investigator and co-investigator in a number of large multi-centre clinical trials involving insulin, GLP-1, SGLT2 inhibitor and growth hormone pharmacotherapy.",,,,,,,,,,,,,,
https://www.linkedin.com/in/anjal-panamparambil-saji-141708155,ANJAL,PANAMPARAMBIL SAJI,https://i.closelyhq.com/smngoz3e2g1ekt9odg.b61b5840.jpg,Behavior Change Specialist,MoreLife (UK) Ltd.,United Kingdom,"Pharmacotherapy, Public Health Education, Motivational Interviewing, English, Client Assessment, Continuing Professional Development, Clinical Assessment, Clinical Skills, Clinical Services, Group Workshops, Cost Reduction, Receptionist Duties, Child Health, Cultural Awareness, Positive Behavior Support, Consultations, Cognitive Behavioral Therapy (CBT), Communication, Collaboration in Healthcare, Monitoring Progress","Behavior Change Specialist at MoreLife (UK) Ltd., Smoking Cessation practitioner  at Everyone Health, Activities Coordinator at Multi-ACTIVE, Worker at  ","University of Northampton, JIPMER, Jawahar Navodaya Vidyalaya - JNV, Jawaharlal Institute Of Postgraduate Medical Education And Research (JIPMER)",Behavior Change Specialist | Smoking Cessation (NCSCT Certified) | MoreLife,Wellness and Fitness Services,,,,https://www.linkedin.com/company/morelife-uk,http://www.more-life.co.uk,"MoreLife is leading the way in tackling obesity in the UK. We deliver specialist weight management programmes to children, families and adults within healthcare, community & workplace settings. We also run MoreLife Camp, Europe’s longest-running weight loss camp for children (http://www.morelifecamp.com)

Established in 1999 by Paul Gately, Professor of Exercise and Obesity at Leeds Metropolitan University (now Leeds Beckett University), MoreLife has helped more than 8000 people to live more healthily.

We understand the complex nature of being overweight; the struggles and torment that individuals, and those close to them, experience every day. It’s with solid evidence-based studies and compassion that we, as a team, assist those who need help to achieve their weight and lifestyle goals.

Head Office is based in Leeds at the Leeds Beckett University Campus in Headingley. Our 150 strong team of experts and volunteers work around the country to support our customers’ journeys.",1999,97,"Community Weight Management Programmes, Residential Weight Management Programmes, Obesity Research & Expertise, Adult and Children's Services, Strategic Consulting in Obesity & Health, Weight Management Training, Specialist Corporate Programmes, Workplace Health, Stop Smoking Services, Active Wellbeing Programmes, NHS Healthchecks, Health and Wellness School Programmes",Leeds,United Kingdom,West Yorkshire,Leeds,United Kingdom,West Yorkshire
https://www.linkedin.com/in/ben-truett-36a339157,Ben,Truett,https://i.closelyhq.com/smngoz57g2dhj801k.22fd3586.jpg,Partnership and Engagement officer,MoreLife (UK) Ltd.,United Kingdom,"Microsoft Office, Leadership, Teamwork, First Aid, Communication, Safeguarding, Coaching, Sports Science, Microsoft Excel, Microsoft Word, Microsoft PowerPoint, Research, Public Speaking, Time Management, Team Leadership, Data Analysis","Partnership and Engagement officer at MoreLife (UK) Ltd., Physical Activity Locality Coordinator  at South Cambridgeshire District Council, Health and Wellbeing Coach at Xyla Health & Wellbeing, Social Secretary at Coventry University Football Club, Bar Waiter at 'The Pheasant' Pub, Team Specialist at SPJ event specialists, Paper Deliverer at The Royston Crow",Coventry University,Partnership and Engagement Officer,Wellness and Fitness Services,"I consider myself to be determined. This can be summed up by my long-standing commitment to projects, career roles and sport environments. My work environments have provided me with project management skills, presentation and public speaking skills, as well as a caring approach to support people and make a difference. One skill that helps to underpin this is careful and considerate planning, from writing Risk Assessments, managing finances, organisation of project delivery, to the finalisation of a project and writing a report. The recent career role has shown I can manage multiple programmes simultaneously, often with conflicting deadlines, and more importantly, ensuring positive results to those service. Good listening and communication skills is paramount to my success, with a collaborative approach in mind to make a difference. I am passionate about supporting people to live healthy and active lifestyles and proactively seek opportunities to advance this goal. My flexible approach, positive ‘can-do’ attitude, and willingness to embrace new challenges, demonstrate my commitment to delivering results and taking on new projects.",,,https://www.linkedin.com/company/morelife-uk,http://www.more-life.co.uk,"MoreLife is leading the way in tackling obesity in the UK. We deliver specialist weight management programmes to children, families and adults within healthcare, community & workplace settings. We also run MoreLife Camp, Europe’s longest-running weight loss camp for children (http://www.morelifecamp.com)

Established in 1999 by Paul Gately, Professor of Exercise and Obesity at Leeds Metropolitan University (now Leeds Beckett University), MoreLife has helped more than 8000 people to live more healthily.

We understand the complex nature of being overweight; the struggles and torment that individuals, and those close to them, experience every day. It’s with solid evidence-based studies and compassion that we, as a team, assist those who need help to achieve their weight and lifestyle goals.

Head Office is based in Leeds at the Leeds Beckett University Campus in Headingley. Our 150 strong team of experts and volunteers work around the country to support our customers’ journeys.",1999,97,"Community Weight Management Programmes, Residential Weight Management Programmes, Obesity Research & Expertise, Adult and Children's Services, Strategic Consulting in Obesity & Health, Weight Management Training, Specialist Corporate Programmes, Workplace Health, Stop Smoking Services, Active Wellbeing Programmes, NHS Healthchecks, Health and Wellness School Programmes",Leeds,United Kingdom,West Yorkshire,Leeds,United Kingdom,West Yorkshire
https://www.linkedin.com/in/emily-saunders-sport,Emily,Ryan (previously Saunders),https://i.closelyhq.com/smngoz3rshfh72ifs.4b7ebb04.jpg,Adult Weight Management Practitioner,MoreLife (UK) Ltd.,United Kingdom,"Leadership, Organised, Reliable, Time Management, Customer Service, Team work, Microsoft Office","Adult Weight Management Practitioner at MoreLife (UK) Ltd., Performance Nutritionist at British University Taekwon-Do League BUTL, Test Centre Assistant at Evolve, Performance Nutrition Intern at Loughborough Sport, Recreational Assistant at GLL, Assistant Sports Scientist and Nutritionist at British Swimming, Level 2 Diving Coach at Beaumont Diving Academy","Loughborough University, University of Portsmouth, Beaumont School, St Albans, Hertfordshire",Associate Nutritionist (ANutr) currently working as a Tier 3 Weight Management Practitioner at MoreLife (UK) Ltd.,Wellness and Fitness Services,"Having graduated from Loughborough University with an MSc in Sport and Exercise Nutrition, I am a registered sports nutritionist currently working with MoreLife as a Nutritional Support Practitioner. Here I support the delivery of a Tier 3 Adult Weight Management Programme.",,,https://www.linkedin.com/company/morelife-uk,http://www.more-life.co.uk,"MoreLife is leading the way in tackling obesity in the UK. We deliver specialist weight management programmes to children, families and adults within healthcare, community & workplace settings. We also run MoreLife Camp, Europe’s longest-running weight loss camp for children (http://www.morelifecamp.com)

Established in 1999 by Paul Gately, Professor of Exercise and Obesity at Leeds Metropolitan University (now Leeds Beckett University), MoreLife has helped more than 8000 people to live more healthily.

We understand the complex nature of being overweight; the struggles and torment that individuals, and those close to them, experience every day. It’s with solid evidence-based studies and compassion that we, as a team, assist those who need help to achieve their weight and lifestyle goals.

Head Office is based in Leeds at the Leeds Beckett University Campus in Headingley. Our 150 strong team of experts and volunteers work around the country to support our customers’ journeys.",1999,97,"Community Weight Management Programmes, Residential Weight Management Programmes, Obesity Research & Expertise, Adult and Children's Services, Strategic Consulting in Obesity & Health, Weight Management Training, Specialist Corporate Programmes, Workplace Health, Stop Smoking Services, Active Wellbeing Programmes, NHS Healthchecks, Health and Wellness School Programmes",Leeds,United Kingdom,West Yorkshire,Leeds,United Kingdom,West Yorkshire
https://www.linkedin.com/in/marinda-zuidweg,Marinda,Zuidweg,https://i.closelyhq.com/smngozpj6e4nglof8.9929725b.jpg,Junior data-analyst,Elysee Life - Medical Weight Loss,Netherlands,"R, SAS-programmering, Epidemiologie, SAS, Nederlands, Voeding, Engels, Onderzoek, SPSS","Junior data-analyst at Elysee Life - Medical Weight Loss, Onderzoeksassistent at Maastricht UMC+, stagiar onderzoek at Department of Social Medicine Maastricht university , Stagiair at Alliantie Voeding in de Zorg","Maastricht University, Wageningen University & Research, Wageningen University & Research","MSc Epidemiologist | Nutritional Scientist | Data Analyst (R, SAS, SPSS) | Focus on Impactful Clinical Research",,"As a recently graduated MSc Epidemiologist with a foundation in Nutritional Sciences, I am actively seeking a Junior Researcher position where I can apply my advanced analytical skills and expertise with complex health data. I am driven by the goal of contributing to scientific research that makes a tangible impact on public health and clarifies the vital link between lifestyle and clinical outcomes.

My strength lies in translating complex quantitative findings into clear, actionable insights. Key competencies include:

- Advanced Statistical Analysis: Expert in statistical methods and data processing, proficient in the software packages R, SAS, and SPSS (including SAS Base Programming Certification).

- Large-Scale Data Management: Successfully conducted quantitative analysis on extensive datasets (N=2500) concerning physical behavior and Type 2 Diabetes, utilizing complex accelerometry data.

- Research Design & Execution: Experienced in applying epidemiological methods for observational studies and trials, including current involvement in clinical research at Maastricht UMC+ (monitoring blood flow during cardiac procedures).

- Scientific Communication: Proven ability to produce academic reports and effectively present findings to both specialized and non-specialized audiences.

I am a motivated, quick-learning professional ready to step into evidence-based health solutions. Looking for a data-driven researcher to strengthen your team? Please connect to discuss opportunities!",,,,,,,,,,,,,,
https://www.linkedin.com/in/sean-patrick-mcgowan-a3b114248,Sean-Patrick,McGowan,,Graduate Commercial Associate,Reset Health,United Kingdom,,Graduate Commercial Associate at Reset Health,"University of York, Millfield School",Graduate Commercial Associate @ Reset Health,Wellness and Fitness Services,,,,https://www.linkedin.com/company/reset-health-clinic,https://www.resethealth.clinic/,"Helping patients manage obesity and Type 2 diabetes with our Roczen app.

Our team of specialist clinicians combine personalised care with innovative weight-loss therapies.

We integrate diagnostics, bespoke diet and lifestyle plans, prescription-only medications, 1:1 clinical care, dedicated mentors and community support all in one easy-to-use digital platform.",2020,61,"health, diabetes, Type 2 Diabetes, Obesity, lifestyle",London,United Kingdom,England,London,United Kingdom,England
https://www.linkedin.com/in/dr-sarah-oldfield-5a8505253,Dr Sarah,Oldfield,https://i.closelyhq.com/smngoz7uopuf2a89u.1f548b42.jpg,Metabolic health doctor,Reset Health,United Kingdom,"Lifestyle Coaching, Lifestyle Management, Family Medicine, Holistic Health","Metabolic health doctor at Reset Health, General Practitioner at NHS, General Practitioner at Livi UK, General Practitioner at Modality Partnership, Trailblazer Fellowship- Lifestyle Medicine at Health Education England","University of Birmingham, The University of Manchester, The University of Manchester",Metabolic health doctor,Wellness and Fitness Services,"I am an enthusiastic and ambitious NHS GP and Metabolic health doctor for Roczen.  I have a passion for lifestyles based medicine, and recently completed a lifestyle medicine core accreditation. This promotes the focus of chronic disease management on lifestyle and dietary factors, taking on a holistic approach evaluating personal patient factors such as; social isolation, sleep deprivation, stress, sedentary behaviours and substance misuse. I am SCOPE certified in obesity management by the World Obesity Federation and an advocate for people living with obesity. Combining this with my clinical knowledge, consulting capability and organisation skills I am able to deliver holistic and efficient high quality clinical care.

.",,,https://www.linkedin.com/company/reset-health-clinic,https://www.resethealth.clinic/,"Helping patients manage obesity and Type 2 diabetes with our Roczen app.

Our team of specialist clinicians combine personalised care with innovative weight-loss therapies.

We integrate diagnostics, bespoke diet and lifestyle plans, prescription-only medications, 1:1 clinical care, dedicated mentors and community support all in one easy-to-use digital platform.",2020,61,"health, diabetes, Type 2 Diabetes, Obesity, lifestyle",London,United Kingdom,England,London,United Kingdom,England
https://www.linkedin.com/in/saira-mashru-31a2b11b0,Saira,Mashru,https://i.closelyhq.com/smngoz5ha2fd3o79m.580eb0c2.jpg,Nutritionist,Saira Nutrition,United Kingdom,"Nutrition, Data Management, Working With Children, Budgeting, Event Planning, Microsoft Word, Microsoft PowerPoint, Microsoft Excel, Public speaking, Communication, Organization Skills, Teamwork, Leadership, Time Management, Diet planning, dance, piano","Nutritionist at Saira Nutrition, Adult Weight Management Practitioner at MoreLife (UK) Ltd., Nutritionist at BeeZee Bodies, Nutrition Intern at Planet Nourish, Placement 1  at Bromley Healthcare CIC Ltd, Dispensing assistant at Signature Pharmacy, Waitress at Carlton Lounge, Shadowing a dietitian at Springburn Health Centre, Shadowing a dietitian  at Royal London Hospital , Shadowing a podiatrist  at FOOTSCOPE LIMITED","King's College London, RMS for Girls",Award-Winning Registered Nutritionist (Public Health) & Lifestyle Coach | 12 Week Weight Loss Programme | Corporate Talks & Media,Government Administration,"I help you live a healthier, happier life - without telling you what to do. Everyone’s journey is different, so I focus on guiding, supporting, and empowering you to make choices that work for your life. I help you understand what drives your food habits, identify barriers, and create routines that actually fit your lifestyle, so you can enjoy food, feel confident, and have more energy for what matters most.

I take an evidence-based, non-diet approach, specialising in weight management and sustainable lifestyle changes. Whether your goal is more energy to play with your kids, confidence for a night out, or simply feeling healthier, I work closely with you to align your habits with your values.

I graduated from King’s College London with First Class Honours in 2021 and am a Registered Associate Nutritionist with the Association for Nutrition (AfN). I can work with you 1:1, in groups, and in corporate settings. I also host workshops, webinars, wellbeing events, and my podcast, Nourish and Flourish, features inspiring guests from a DJ to an actress.

Before nutrition, I was a performer, dancing at EuroDisney, the O2, and Her Majesty’s Theatre - a chapter of my life that taught me creativity, resilience, and joy, which I bring to everything I do today.

If you would like support on your health journey or are interested in collaborating, feel free to reach out - I would love to connect.",,,https://www.linkedin.com/company/saira-nutrition,sairanutrition.co.uk,"Saira takes an evidence-based, non-diet approach to empowering individuals to improve their lifestyles, whilst still enjoying the foods they love. Saira specialises in healthy eating and weight management for children, families and adults, enabling them to develop long-term, sustainable healthy habits.",2024,1,"nutrition, health, lifestyle, healthy eating",,,,,,
https://www.linkedin.com/in/alex-salvaggio-msc-senr-525a91222,Alex,"Salvaggio MSc, SENr",https://i.closelyhq.com/smngoz5kdpego11qe.d0aea52e.jpg,Tier 3 Nutritionist,MoreLife (UK) Ltd.,United Kingdom,"Team Leadership, Communication, Coaching, Public Speaking, Teaching","Tier 3 Nutritionist at MoreLife (UK) Ltd., Tier 2 Nutritionist + Physical Activity Specialist at Everyone Health, Placement Student at Nutrition X, Performance Nutritionist at West Ham United Foundation, Reference Officer at CHECKSEARCH HOUSING LTD, Placement Student at Oxford United Football Club, The Letchworth Club Gym at Darwin Wellness","Oxford Brookes University, University of Worcester, The Highfield School",Nutritionist at MoreLife,Wellness and Fitness Services,,,,https://www.linkedin.com/company/morelife-uk,http://www.more-life.co.uk,"MoreLife is leading the way in tackling obesity in the UK. We deliver specialist weight management programmes to children, families and adults within healthcare, community & workplace settings. We also run MoreLife Camp, Europe’s longest-running weight loss camp for children (http://www.morelifecamp.com)

Established in 1999 by Paul Gately, Professor of Exercise and Obesity at Leeds Metropolitan University (now Leeds Beckett University), MoreLife has helped more than 8000 people to live more healthily.

We understand the complex nature of being overweight; the struggles and torment that individuals, and those close to them, experience every day. It’s with solid evidence-based studies and compassion that we, as a team, assist those who need help to achieve their weight and lifestyle goals.

Head Office is based in Leeds at the Leeds Beckett University Campus in Headingley. Our 150 strong team of experts and volunteers work around the country to support our customers’ journeys.",1999,97,"Community Weight Management Programmes, Residential Weight Management Programmes, Obesity Research & Expertise, Adult and Children's Services, Strategic Consulting in Obesity & Health, Weight Management Training, Specialist Corporate Programmes, Workplace Health, Stop Smoking Services, Active Wellbeing Programmes, NHS Healthchecks, Health and Wellness School Programmes",Leeds,United Kingdom,West Yorkshire,Leeds,United Kingdom,West Yorkshire
https://www.linkedin.com/in/bhavini-shah-8255bb1b2,Bhavini,Shah,https://i.closelyhq.com/smngoz73af8cv3rie.5b48be17.jpg,General Practitioner,LloydsPharmacy . Part-time,United Kingdom,,"General Practitioner at LloydsPharmacy . Part-time, General Practitioner at NHS . undefined, General Practitioner at Medicspot . Part-time, Medical Aesthetician at skinox . undefined","UCL, UCL",GP | Women’s Health | Preventative & Cardiometabolic Health | Menopause Care | Sexual & Reproductive Health | MRCGP DFSRH DRCOG,Pharmaceutical Manufacturing,,,,https://www.linkedin.com/company/lloydspharmacy,http://www.lloydspharmacy.com,"At LloydsPharmacy, part of Hallo Healthcare Group, a leading healthcare company, we strive to break boundaries, challenge the status quo and support the changing healthcare industry. We are committed to offering the best advice and service to our patients, customers and employees.

It’s not just about dispensing medicines. Our holistic approach includes offering private consultations and medicine use reviews, and delivering free screening services as part of the national diabetes prevention programme, among many other things. This makes us the first port of call for customers who can’t get in to see their GP.

We’re also revolutionising pharmacy in the UK in a number of different ways. For example, our innovative new healthcare centres allow patients to receive nurse-led infusions and injection treatments closer to home. We have also introduced prescription automated assembly solutions (PAS), which free up pharmacists to spend more one-to-one time with patients by taking repeat dispensing out of community pharmacies.

Your career with us:
There are so many different directions you could go in at LloydsPharmacy. We also provide outpatient dispensing services in hospitals and other pharmacy services to care homes, mental health facilities and prisons. To support you on your journey, we carry out regular performance reviews and have a range of learning options available, including both management and clinical training programmes. We may also be able to offer you relocation assistance, depending on where you’re going to be based.

To find out more about our opportunities follow us @LloydsPharmacyCareers on Instagram and Facebook.
",,1875,"Pharmacy Chain, Healthcare Provider, Community Pharmacy",Coventry,United Kingdom,England,Coventry,United Kingdom,England
https://www.linkedin.com/in/matthew-buckley-a895631b4,Matthew,Buckley,https://i.closelyhq.com/smngoz33uvrmg7d0e.44ca8262.jpg,Service Lead,MoreLife (UK) Ltd.,United Kingdom,,Service Lead at MoreLife (UK) Ltd.,"University of the West of England, Sheffield Hallam University, Sheffield Hallam University",Trainee Health Psychologist & Adult Weight Management Service Lead,Wellness and Fitness Services,,,,https://www.linkedin.com/company/morelife-uk,http://www.more-life.co.uk,"MoreLife is leading the way in tackling obesity in the UK. We deliver specialist weight management programmes to children, families and adults within healthcare, community & workplace settings. We also run MoreLife Camp, Europe’s longest-running weight loss camp for children (http://www.morelifecamp.com)

Established in 1999 by Paul Gately, Professor of Exercise and Obesity at Leeds Metropolitan University (now Leeds Beckett University), MoreLife has helped more than 8000 people to live more healthily.

We understand the complex nature of being overweight; the struggles and torment that individuals, and those close to them, experience every day. It’s with solid evidence-based studies and compassion that we, as a team, assist those who need help to achieve their weight and lifestyle goals.

Head Office is based in Leeds at the Leeds Beckett University Campus in Headingley. Our 150 strong team of experts and volunteers work around the country to support our customers’ journeys.",1999,97,"Community Weight Management Programmes, Residential Weight Management Programmes, Obesity Research & Expertise, Adult and Children's Services, Strategic Consulting in Obesity & Health, Weight Management Training, Specialist Corporate Programmes, Workplace Health, Stop Smoking Services, Active Wellbeing Programmes, NHS Healthchecks, Health and Wellness School Programmes",Leeds,United Kingdom,West Yorkshire,Leeds,United Kingdom,West Yorkshire
https://www.linkedin.com/in/phoebeorango,Phoebe,Orango MSc ANutr,,Tier 3 Adult Weight Management Practitioner - Sussex,MoreLife (UK) Ltd.,United Kingdom,"Motivational Interviewing, Behavioral Change Interventions, Evidence Based Nutrition Knowledge, Health Policy and Systems, Health and Health Inequalities, Eating and Weight Disorders, Sports and Exercise Nutrition, Nutrition in Health and Disease, Health Systems, Global Health, Health Policy, Policy Research, Hazard Analysis and Critical Control Points (HACCP), Working With Children, Weight Management, Public Health, Health Promotion, Quantitative Research, Social Determinants Of Health, Human Nutrition","Tier 3 Adult Weight Management Practitioner - Sussex at MoreLife (UK) Ltd., Registered Associate Nutritionist  at Fibz NutriFit, Tier 3 Adult Weight Management Nutritionist at Everyone Health, Nutrition Research Assistant Intern - Human Nutrition Research Centre, at Newcastle University, Head Chef/Culinary Professional at Various Restaurants & Hotels | UK","Newcastle University, Origym, Newcastle University",AfN Registered Associate Nutritionist (ANutr) | Public Health | Tier 3 Adult Weight Management Practitioner .,Wellness and Fitness Services,"I am an Associate Nutritionist (ANutr) with the Association for Nutrition (AfN), working in adult weight management and behaviour change.My work combines evidence-informed nutrition with behavioural science to support adults in building sustainable habits around food, movement and overall health. I have experience delivering structured weight management programmes and one-to-one support for adults with more complex weight-related health needs, including individuals preparing for or considering onward pathways such as weight-loss medication and bariatric surgery.I work within multidisciplinary settings alongside dietitians, psychologists and wider health professionals to support joined-up, person-centred care and long-term outcomes.My culinary background gives me a food-first approach to nutrition, helping translate evidence into realistic meals, routines and practical skills that support long-term metabolic health and sustainable changes in body composition.",,,https://www.linkedin.com/company/morelife-uk,http://www.more-life.co.uk,"MoreLife is leading the way in tackling obesity in the UK. We deliver specialist weight management programmes to children, families and adults within healthcare, community & workplace settings. We also run MoreLife Camp, Europe’s longest-running weight loss camp for children (http://www.morelifecamp.com)

Established in 1999 by Paul Gately, Professor of Exercise and Obesity at Leeds Metropolitan University (now Leeds Beckett University), MoreLife has helped more than 8000 people to live more healthily.

We understand the complex nature of being overweight; the struggles and torment that individuals, and those close to them, experience every day. It’s with solid evidence-based studies and compassion that we, as a team, assist those who need help to achieve their weight and lifestyle goals.

Head Office is based in Leeds at the Leeds Beckett University Campus in Headingley. Our 150 strong team of experts and volunteers work around the country to support our customers’ journeys.",1999,97,"Community Weight Management Programmes, Residential Weight Management Programmes, Obesity Research & Expertise, Adult and Children's Services, Strategic Consulting in Obesity & Health, Weight Management Training, Specialist Corporate Programmes, Workplace Health, Stop Smoking Services, Active Wellbeing Programmes, NHS Healthchecks, Health and Wellness School Programmes",Leeds,United Kingdom,West Yorkshire,Leeds,United Kingdom,West Yorkshire
https://www.linkedin.com/in/alaa-adwan-b4588b229,Alaa,Adwan,,Service Lead and Practitioner,MoreLife (UK) Ltd.,United Kingdom,"Quantitative Research, Statistical Data Analysis, Programme Delivery, Nutrition Education, Nutrition Assessment, Clinical Administration, Telephone Triage, Scientific Communications, Research Skills","Service Lead and Practitioner at MoreLife (UK) Ltd., Dietetic Assistant at Bolton NHS Foundation Trust, Scientific Writer at Centre for Social Development",University of Aberdeen,Registered Associate Nutritionist (ANutr),Wellness and Fitness Services,,,,https://www.linkedin.com/company/morelife-uk,http://www.more-life.co.uk,"MoreLife is leading the way in tackling obesity in the UK. We deliver specialist weight management programmes to children, families and adults within healthcare, community & workplace settings. We also run MoreLife Camp, Europe’s longest-running weight loss camp for children (http://www.morelifecamp.com)

Established in 1999 by Paul Gately, Professor of Exercise and Obesity at Leeds Metropolitan University (now Leeds Beckett University), MoreLife has helped more than 8000 people to live more healthily.

We understand the complex nature of being overweight; the struggles and torment that individuals, and those close to them, experience every day. It’s with solid evidence-based studies and compassion that we, as a team, assist those who need help to achieve their weight and lifestyle goals.

Head Office is based in Leeds at the Leeds Beckett University Campus in Headingley. Our 150 strong team of experts and volunteers work around the country to support our customers’ journeys.",1999,97,"Community Weight Management Programmes, Residential Weight Management Programmes, Obesity Research & Expertise, Adult and Children's Services, Strategic Consulting in Obesity & Health, Weight Management Training, Specialist Corporate Programmes, Workplace Health, Stop Smoking Services, Active Wellbeing Programmes, NHS Healthchecks, Health and Wellness School Programmes",Leeds,United Kingdom,West Yorkshire,Leeds,United Kingdom,West Yorkshire
https://www.linkedin.com/in/julie-hearn,Julie,H.,https://i.closelyhq.com/smngoz3gl9d7g0prjg.528c0ef6.jpg,Smoking Cessation Practitioner,MoreLife (UK) Ltd.,United Kingdom,"Skilled Multi-tasker, Microsoft Applications, Clear Communications, Administration, Coaching, English, Email Management, Customer-Focused Service, Microsoft Outlook, Skill Development, Passionate about Work, Key Performance Indicators, Attention to Detail, Workload Prioritization, Performance Motivation, Computer Literacy, Customer Service Management, Build Strong Relationships, Coaching & Mentoring, Training","Smoking Cessation Practitioner at MoreLife (UK) Ltd., Claims Specialist at UCM Global, Smoking Cessation Lead at OneLife Suffolk at OneLife Suffolk, Team Leader at LV= General Insurance","Suffolk College, Centre of Excellence, Suffolk College, Suffolk College, Suffolk College, Suffolk College, Thurleston High School, NCSCT, Chartered Insurance Institute",Smoking Cessation Practitioner. Helping people improve their Health and Wellbeing by stopping smoking. ,Wellness and Fitness Services,"Interested in and now working in the Wellbeing field with qualifications in Smoking Cessation, Healthcare, Equality and Diversity and various therapies including Meridian Psychotherapy (EFT), Reflexology and Aromatherapy. 

Experienced Team Lead with a demonstrated history of working in the insurance industry. Skilled in Coaching, Soft Skills, Communication, Presentations, Systems Thinking, and Insurance. 

A reliable and trusted manager with experience supporting work across multiple contracts nationally. 

Experienced in team management with an emphasis in coaching, support, and development. Passionate about Diversity & Inclusion and able to adapt to various industries such as Wellness, Customer Service, Education & Instruction, and Insurance.",,,https://www.linkedin.com/company/morelife-uk,http://www.more-life.co.uk,"MoreLife is leading the way in tackling obesity in the UK. We deliver specialist weight management programmes to children, families and adults within healthcare, community & workplace settings. We also run MoreLife Camp, Europe’s longest-running weight loss camp for children (http://www.morelifecamp.com)

Established in 1999 by Paul Gately, Professor of Exercise and Obesity at Leeds Metropolitan University (now Leeds Beckett University), MoreLife has helped more than 8000 people to live more healthily.

We understand the complex nature of being overweight; the struggles and torment that individuals, and those close to them, experience every day. It’s with solid evidence-based studies and compassion that we, as a team, assist those who need help to achieve their weight and lifestyle goals.

Head Office is based in Leeds at the Leeds Beckett University Campus in Headingley. Our 150 strong team of experts and volunteers work around the country to support our customers’ journeys.",1999,97,"Community Weight Management Programmes, Residential Weight Management Programmes, Obesity Research & Expertise, Adult and Children's Services, Strategic Consulting in Obesity & Health, Weight Management Training, Specialist Corporate Programmes, Workplace Health, Stop Smoking Services, Active Wellbeing Programmes, NHS Healthchecks, Health and Wellness School Programmes",Leeds,United Kingdom,West Yorkshire,Leeds,United Kingdom,West Yorkshire
https://www.linkedin.com/in/olivia-potter-62999b232,Olivia,Potter,https://i.closelyhq.com/smngoz4gs36n9fo5m.52ddb3cb.jpg,Dietetic associate practitioner,MoreLife (UK) Ltd.,United Kingdom,"English, Communication, Research, Retail, Retail Sales, Retail Operations, Sales, Problem Solving, Teamwork, Analytical Skills, Presentation Skills, Customer Experience, Leadership","Dietetic associate practitioner at MoreLife (UK) Ltd., Sales Associate at Reiss","The Manchester Metropolitan University, The Manchester Metropolitan University",BSc (hons) Sports Exercise and Nutrition graduate ,Wellness and Fitness Services,"Experienced Salesperson with a demonstrated history of working in the retail industry. Skilled in Analytical Skills, Retail, Sales, Communication, and Retail Sales. Strong sales professional with a Bachelor's degree focused in Sport and Exercise Nutrition from The Manchester Metropolitan University. 

Currently employed as a Dietetic Associate Practitioner in helping clients have a better understanding of their nutritional requirements and reach the steps for a healthier, happier lifestyle.",,,https://www.linkedin.com/company/morelife-uk,http://www.more-life.co.uk,"MoreLife is leading the way in tackling obesity in the UK. We deliver specialist weight management programmes to children, families and adults within healthcare, community & workplace settings. We also run MoreLife Camp, Europe’s longest-running weight loss camp for children (http://www.morelifecamp.com)

Established in 1999 by Paul Gately, Professor of Exercise and Obesity at Leeds Metropolitan University (now Leeds Beckett University), MoreLife has helped more than 8000 people to live more healthily.

We understand the complex nature of being overweight; the struggles and torment that individuals, and those close to them, experience every day. It’s with solid evidence-based studies and compassion that we, as a team, assist those who need help to achieve their weight and lifestyle goals.

Head Office is based in Leeds at the Leeds Beckett University Campus in Headingley. Our 150 strong team of experts and volunteers work around the country to support our customers’ journeys.",1999,97,"Community Weight Management Programmes, Residential Weight Management Programmes, Obesity Research & Expertise, Adult and Children's Services, Strategic Consulting in Obesity & Health, Weight Management Training, Specialist Corporate Programmes, Workplace Health, Stop Smoking Services, Active Wellbeing Programmes, NHS Healthchecks, Health and Wellness School Programmes",Leeds,United Kingdom,West Yorkshire,Leeds,United Kingdom,West Yorkshire
https://www.linkedin.com/in/areesha-r-b4809b204,Areesha,R.,,Adults Weight Management Practitioner,MoreLife (UK) Ltd.,United Kingdom,"Critical Thinking, Adaptability, Time Management, Problem Solving, Negotiation, Product Knowledge, Communication, Customer Service, Organization Skills, Motivational Interviewing, Cultural Competency, Large Group Facilitation, Public Health Education, Client Communication","Adults Weight Management Practitioner at MoreLife (UK) Ltd., Weight Management Practitioner at Zest (Sheffield), Sales Associate at TK MAXX",Sheffield Hallam University,"Results-driven Weight Management Practitioner known for implementing evidence-based approaches to address obesity and related health issues, resulting in improved client outcomes and long-term success.",Wellness and Fitness Services,,,,https://www.linkedin.com/company/morelife-uk,http://www.more-life.co.uk,"MoreLife is leading the way in tackling obesity in the UK. We deliver specialist weight management programmes to children, families and adults within healthcare, community & workplace settings. We also run MoreLife Camp, Europe’s longest-running weight loss camp for children (http://www.morelifecamp.com)

Established in 1999 by Paul Gately, Professor of Exercise and Obesity at Leeds Metropolitan University (now Leeds Beckett University), MoreLife has helped more than 8000 people to live more healthily.

We understand the complex nature of being overweight; the struggles and torment that individuals, and those close to them, experience every day. It’s with solid evidence-based studies and compassion that we, as a team, assist those who need help to achieve their weight and lifestyle goals.

Head Office is based in Leeds at the Leeds Beckett University Campus in Headingley. Our 150 strong team of experts and volunteers work around the country to support our customers’ journeys.",1999,97,"Community Weight Management Programmes, Residential Weight Management Programmes, Obesity Research & Expertise, Adult and Children's Services, Strategic Consulting in Obesity & Health, Weight Management Training, Specialist Corporate Programmes, Workplace Health, Stop Smoking Services, Active Wellbeing Programmes, NHS Healthchecks, Health and Wellness School Programmes",Leeds,United Kingdom,West Yorkshire,Leeds,United Kingdom,West Yorkshire
https://www.linkedin.com/in/luana-howes-660ba5204,Luana,Howes,https://i.closelyhq.com/smngoz57311anv9h9.11608b34.jpg,Managing Director ,The Body Clinic Leominster ,United Kingdom,,Managing Director  at The Body Clinic Leominster ,,Managing Director  at The Body Clinic Leominster ,,,,,,,,,,,,,,,,
https://www.linkedin.com/in/eltrent-summers-192a6a236,Eltrent,Summers,,Client Services,MoreLife (UK) Ltd.,United Kingdom,"Customer Service, Problem Solving, Understanding, Working With Clients, Communication, Sports Nutrition, Nutrition, Human Nutrition, Dietary Supplements, Exercise Prescription",Client Services at MoreLife (UK) Ltd.,The Manchester Metropolitan University,Sport and Exercise Nutrition Grad looking for my next step,Wellness and Fitness Services,,,,https://www.linkedin.com/company/morelife-uk,http://www.more-life.co.uk,"MoreLife is leading the way in tackling obesity in the UK. We deliver specialist weight management programmes to children, families and adults within healthcare, community & workplace settings. We also run MoreLife Camp, Europe’s longest-running weight loss camp for children (http://www.morelifecamp.com)

Established in 1999 by Paul Gately, Professor of Exercise and Obesity at Leeds Metropolitan University (now Leeds Beckett University), MoreLife has helped more than 8000 people to live more healthily.

We understand the complex nature of being overweight; the struggles and torment that individuals, and those close to them, experience every day. It’s with solid evidence-based studies and compassion that we, as a team, assist those who need help to achieve their weight and lifestyle goals.

Head Office is based in Leeds at the Leeds Beckett University Campus in Headingley. Our 150 strong team of experts and volunteers work around the country to support our customers’ journeys.",1999,97,"Community Weight Management Programmes, Residential Weight Management Programmes, Obesity Research & Expertise, Adult and Children's Services, Strategic Consulting in Obesity & Health, Weight Management Training, Specialist Corporate Programmes, Workplace Health, Stop Smoking Services, Active Wellbeing Programmes, NHS Healthchecks, Health and Wellness School Programmes",Leeds,United Kingdom,West Yorkshire,Leeds,United Kingdom,West Yorkshire
https://www.linkedin.com/in/brad-redding-5b6210237,Brad,Redding,https://i.closelyhq.com/smngoz2rjkqt1tc2mg.da69a138.jpg,Founder,RESET Health Bar,United Kingdom,"Start-up Ventures, Early Stage Ventures, Business Ownership, Start-ups Management, Start-up Leadership, Personal Chef Services, Management Consulting, New Restaurant Openings, Restaurant Management, Culinary Arts","Founder at RESET Health Bar, Chef Founder at Chefs Table, Founder at BradleyReddingCo",,Chef Founder & operator of: •RESET Health Bar - Chefs Table Restaurant • No.42 Wine Bar • Bradley Redding events & consultancy,,"Brad Redding
Chef & Founder of:

Chef’s Table Restaurant, No.42 Wine Bar, and Bradley Redding Events & Consultancy.  

As the chef and owner of multiple successful ventures, I’ve been privileged to combine my passion for exceptional cuisine and hospitality with innovative dining experiences. My professional journey includes:

Chef’s Table Restaurant (West Malling)
Owner & Chef Patron

	•	Leading a Michelin Guide-recognized fine dining establishment with a focus on farm-to-table cuisine, zero-waste menus, and sustainability.
	•	Curating bespoke tasting menus, often highlighting seasonal and local produce, while providing an intimate dining experience for just 12 guests.

Bradley Redding Events
Founder & Creative Director

	•	Conceptualizing and executing unique, high-end culinary events in diverse venues, such as wineries and private estates, from 14-course tasting evenings to wine maker dinners, all showcasing my commitment to sustainable, farm-sourced ingredients.
	•	Overseeing every detail, from menu design to venue selection, delivering personalized, unforgettable dining experiences.

No.42 Wine Bar
Owner & Operator

	•	Launching a contemporary wine bar in Kent, offering curated wine selections paired with small plates, creating an approachable yet refined wine and food experience for our guests.
	•	Focusing on local and sustainable produce, creating a relaxed but upscale environment for wine lovers.

Bradley Redding Consultancy
Consultant & Private Chef

	•	Providing restaurant consultancy services, drawing on years of experience at Michelin-starred establishments, to help other businesses achieve excellence in their culinary offerings and operations.
	•	Offering exclusive private chef services, crafting bespoke menus for intimate events and private dining, highlighting seasonal, locally-sourced ingredients.",,,,,,,,,,,,,,
https://www.linkedin.com/in/dr-claudia-ashton-332922237,Dr Claudia,Ashton,https://i.closelyhq.com/smngoz7lc2pjsn1o.b6d0b8a1.jpg,Head of Clinical Services,Reset Health,United Kingdom,"Health Economics, Financial Analysis, Project Management, Human Resources (HR), Data Analysis, Strategy, Marketing, Product Development, Operations Management, Family Medicine, Good Clinical Practice (GCP), Team Leadership, Management, Cross-team Collaboration, Clinical Supervision, Clinical Pathways, Weight Management, Obesity Treatment, Obesity Prevention, Obesity","Head of Clinical Services at Reset Health, General Practitioner at Blithehale Centre, GP Registrar at North East London VTS, Neurosurgery national training programme ST1 at West Midlands Deanery, Academic Foundation Programme at University of Oxford, Clinical Trial Manager, unit for Social and Community Psychiatry at Queen Mary University of London","UCL, Chartered Management Institute, North East London GP VTS, Queen Mary University of London, The University of Manchester",Head of Clinical Services | Senior Clinical Leader in High-Growth Digital Health | GP | CMgr | EMBA Candidate at UCL GBSH,Wellness and Fitness Services,"Senior clinical leader in digital health with responsibility for scaling regulated services in a high-growth environment. I work at the intersection of clinical governance, service design and cross-functional delivery, building safe, scalable operating models that enable sustainable growth. ",,,https://www.linkedin.com/company/reset-health-clinic,https://www.resethealth.clinic/,"Helping patients manage obesity and Type 2 diabetes with our Roczen app.

Our team of specialist clinicians combine personalised care with innovative weight-loss therapies.

We integrate diagnostics, bespoke diet and lifestyle plans, prescription-only medications, 1:1 clinical care, dedicated mentors and community support all in one easy-to-use digital platform.",2020,61,"health, diabetes, Type 2 Diabetes, Obesity, lifestyle",London,United Kingdom,England,London,United Kingdom,England
https://www.linkedin.com/in/cherie-trutwein-anutr-696106262,Cherie,Trutwein (ANutr),https://i.closelyhq.com/smngoz4tmnefrdhjf.abf0658f.jpg,Health Advisor,MoreLife (UK) Ltd.,United Kingdom,"Empathy, proactive, Sociable, Communication, Weight Management, Food Handling, Teamwork, Behavioral insight to nutrition, Nutrition Assessment, Attentive listenener and good communcation, Time Management, Client/customer rapport, Problem solving - handling situations accordingly, Attentive, Team Building, Childcare, Nutrition Education","Health Advisor at MoreLife (UK) Ltd., Community Champion (Nutritionist Volunteer) at Diabetes UK, Nutritionist (sessional) at Food For Purpose FFP CIC, Childcare Practitioner at The Kings Road Nursery, Nutritionist (Volunteer) at Guy's and St Thomas'​ NHS Foundation Trust","St Mary’s University, Twickenham, Ascend Training, St Mary’s University, Twickenham",Registered Associate Nutritionist,Wellness and Fitness Services,"My ambition as a nutritionist is to educate and support individuals to become their healthiest selves. In my roles I have provided tailored health coaching, nutrition education sessions, nutritional meal plans with clients and patients from BAME communities, vulnerable groups, obesity and related conditions, adopting a patient centred approach for nutritional support and care. 

I have had over 6 years experience working in an early years setting with children and I played a vital role in supporting the weaning process, infant feeding and guiding children to build healthy eating habits. I am aware of how important adequate child nutrition is for development. 

I myself have both polycystic ovary syndrome and endometriosis and experience the challenges that hormonal imbalances can have on weight and emotional well-being. I have therefore applied my nutritional knowledge to further educate myself and specialise my practise to tailor how with the appropriate nutrition can aid in balancing women's hormones and the symptoms of conditions such as PCOS can be managed, and I am eager to share and support women through this transition. I have a holistic approach and understand food as a tool for fuel and health for our bodies.",,,https://www.linkedin.com/company/morelife-uk,http://www.more-life.co.uk,"MoreLife is leading the way in tackling obesity in the UK. We deliver specialist weight management programmes to children, families and adults within healthcare, community & workplace settings. We also run MoreLife Camp, Europe’s longest-running weight loss camp for children (http://www.morelifecamp.com)

Established in 1999 by Paul Gately, Professor of Exercise and Obesity at Leeds Metropolitan University (now Leeds Beckett University), MoreLife has helped more than 8000 people to live more healthily.

We understand the complex nature of being overweight; the struggles and torment that individuals, and those close to them, experience every day. It’s with solid evidence-based studies and compassion that we, as a team, assist those who need help to achieve their weight and lifestyle goals.

Head Office is based in Leeds at the Leeds Beckett University Campus in Headingley. Our 150 strong team of experts and volunteers work around the country to support our customers’ journeys.",1999,97,"Community Weight Management Programmes, Residential Weight Management Programmes, Obesity Research & Expertise, Adult and Children's Services, Strategic Consulting in Obesity & Health, Weight Management Training, Specialist Corporate Programmes, Workplace Health, Stop Smoking Services, Active Wellbeing Programmes, NHS Healthchecks, Health and Wellness School Programmes",Leeds,United Kingdom,West Yorkshire,Leeds,United Kingdom,West Yorkshire
https://www.linkedin.com/in/sandra-undefined-970625293,Sandra,undefined,,Weight Management Consultant,LighterLife Aberdeen & Shire with Sandra,United Kingdom,,"Weight Management Consultant at LighterLife Aberdeen & Shire with Sandra, Weight Loss Consultant at Lighterlife Aberdeen and Shire with Sandra",,Weight Loss Consultant at LighterLife Aberdeen and Shire with Sandra,,,,,,,,,,,,,,,,
https://www.linkedin.com/in/thomas-curtis-844271263,Thomas,Curtis,,Head of Clinical Development,Reset Health,United Kingdom,"Clinical Strategy, Patient Care, Digital Health, Strategic Initiatives, CQC, Data Collection, Report Preparation, Presentations, Clinical Outcomes, Medical Directors, Medical Devices, Nonprofit Organizations, Clinical Supervision, Regulatory Submissions, Medical Affairs, Electronic Health Records (EHR), Primary Care, Healthcare, Regulatory Compliance, Clinical Development","Head of Clinical Development at Reset Health, Clinical Head of Obesity at MANUAL, UK Medical Lead at Oviva, Non Executive Director at Suffolk GP Federation","UCL, The Open University, Cardiff University / Prifysgol Caerdydd","Head of Clinical Development @ Reset Health |

GP | Bariatric Physician | Digital Medicine",Wellness and Fitness Services,,,,https://www.linkedin.com/company/reset-health-clinic,https://www.resethealth.clinic/,"Helping patients manage obesity and Type 2 diabetes with our Roczen app.

Our team of specialist clinicians combine personalised care with innovative weight-loss therapies.

We integrate diagnostics, bespoke diet and lifestyle plans, prescription-only medications, 1:1 clinical care, dedicated mentors and community support all in one easy-to-use digital platform.",2020,61,"health, diabetes, Type 2 Diabetes, Obesity, lifestyle",London,United Kingdom,England,London,United Kingdom,England
https://www.linkedin.com/in/david-wong-a24658297,David,Wong,https://i.closelyhq.com/smngoz152p729r6krg.d2c719a4.jpg,Executive Chairman,Reset Health,United Kingdom,,Executive Chairman at Reset Health,,--,Wellness and Fitness Services,,,,https://www.linkedin.com/company/reset-health-clinic,https://www.resethealth.clinic/,"Helping patients manage obesity and Type 2 diabetes with our Roczen app.

Our team of specialist clinicians combine personalised care with innovative weight-loss therapies.

We integrate diagnostics, bespoke diet and lifestyle plans, prescription-only medications, 1:1 clinical care, dedicated mentors and community support all in one easy-to-use digital platform.",2020,61,"health, diabetes, Type 2 Diabetes, Obesity, lifestyle",London,United Kingdom,England,London,United Kingdom,England
https://www.linkedin.com/in/rebecca-tessier-60b13b272,Rebecca,Tessier,https://i.closelyhq.com/smngoz7snqvc15nc3.27c2a72b.jpg,Patient Operations Lead,Habitual,United Kingdom,"Customer Service, Customer Satisfaction, Video Editing, Social Media Strategy, Social Media Management, Social Media Content Creation, Paid Social Media, Business Insights, Content Creation, Creative Strategy, Canva, SEO Copywriting, Facebook Ads, Google Analytics, Captions","Patient Operations Lead at Habitual, Customer Champion/Cat Expert at KatKin, Social Media Manager at Newton Wood, Campaign Manager at Socially Tuned","Goldsmiths, University of London, University of Southern California, Sorbonne Université",Customer Operations Associate at Habitual,Hospitals and Health Care,"Creative and open communicator with a passion for connecting with people and conveying information in a captivating way. Experience in content curation/creation, customer service, and community management. Driven to do more with less and make a lasting impact through storytelling.",,,https://www.linkedin.com/company/tryhabitual,https://www.tryhabitual.com/,"We started Habitual with a clear purpose: to help individuals achieve lasting weight loss and better health through science-backed programs. But we soon realised that it was never really about the number on the scale. It's about the cumulative impact of our daily choices—the small, powerful habits that shape our wellbeing. The world we live in makes it building healthy habits a challenge for all of us, whether or not we're on a weight loss journey.  We are building a world where health is not just a goal, but a habit.",2019,27,,London,United Kingdom,London,London,United Kingdom,London
https://www.linkedin.com/in/abimbola-loye-091614281,Abimbola,Loye,https://i.closelyhq.com/smngoz56csudp1318.28a5bdcd.jpg,Professional midwifery Advocate,North West Anglia NHS Foundation Trust,United Kingdom,"NRT Education, Public Health Nursing, Group Therapy, Focus Groups, Pharmaceutics, Multidisciplinary, Applied Behavior Analysis, A-EQUIP, Practice Development, Mental Health Counseling, Triage Nursing, Midwife advocate, Leadership Development, Teamwork, BSOTS, Healthcare, Equality & Diversity, Multitasking, Time Management, Behavioral Health","Professional midwifery Advocate at North West Anglia NHS Foundation Trust, Behavior Specialist | NSCST at MoreLife (UK) Ltd., Snr Triage midwife at Nwaft, Public health midwife at Everyones health, Midwife at The Hillingdon Hospitals NHS Foundation Trust","University of Bedfordshire, Birmingham City University",Snr Triage Midwife | EDI Rep | Public Health Midwife | Behavioral specialist/ NSCST  ,Hospitals and Health Care,,,,https://www.linkedin.com/company/nwangliaft,http://www.nwangliaft.nhs.uk,"North West Anglia NHS Foundation Trust was formed on 1 April 2017 and oversees the running of Hinchingbrooke Hospital, Peterborough City Hospital and Stamford and Rutland Hospital.

To get in touch, please call the Communications Team on 01733 678025 or email: nwangliaft.communications@nhs.net",2017,1815,,Peterborough,United Kingdom,Cambs,Peterborough,United Kingdom,Cambs
https://www.linkedin.com/in/evie-comber-0a7a14282,Evie,Comber,https://i.closelyhq.com/smngoz2rjeghgls3t.b7936301.jpg,Weight Management Practitioner,MoreLife (UK) Ltd.,United Kingdom,"Creative Problem Solving, Natural Fertility, Active Listening, Naturopathic Lifestyle Counseling, Individual Counselling, Naturopathy, Community Organizing, Allergy Prevention, Emotion Regulation, Meal Planning, Project Management, Team Facilitation, Leadership, Operations Management, Personal Assistance, Organic Products, Creativity and Innovation, Business Development, Budgeting, Management","Weight Management Practitioner at MoreLife (UK) Ltd., Sales Representative at Riverford Organic Farmers, Rehabilitation Support Worker at Brainkind, Group Therapy Assistant at The Ashdown Hub, Caregiver at Private, Retail Sales Supervisor at OLD PLAW HATCH FARM LIMITED, Chef at The Chai Wallah, Project Manager at Wingsong Sanctuary , Childcare Provider at Private, Hostel Manager at Hekerua Lodge Backpackers","Natural Healthcare College, The Gestalt Centre, Sackville School, Sackville School",Adult Weight Management Practitioner | Health & Wellbeing Advocate | Naturopathic Nutritional Therapy Student,Wellness and Fitness Services,"I empower people and communities to make healthy choices with a commitment to inspiring accountability and building better services as a form of preventative care. In my career, I have prioritised on-the-ground experience where I've learned first-hand how to evoke real growth. I have skills in eliciting and understanding peoples health and wellbeing motivations so that growth is user-led. I have worked closely with people with: acquired brain injuries, neurodivergence’s, eating disorders, obesity, cardiovascular disease, and with the general public.The backbone of my work is in my training to become a Naturopathic Nutritional Therapist at the Natural Healthcare College. In 2024, I graduated from The Gestalt Centre with a Certificate in Humanistic Counselling Skills and I have professional experience in Safeguarding Adults and Motivational Interviewing. Combining my experience and qualifications, I have acquired great skill in:• Building rapport and trust• Active listening• Initiating self-motivation• Non-judgmentalism • Facilitation• Community Engagement ",,,https://www.linkedin.com/company/morelife-uk,http://www.more-life.co.uk,"MoreLife is leading the way in tackling obesity in the UK. We deliver specialist weight management programmes to children, families and adults within healthcare, community & workplace settings. We also run MoreLife Camp, Europe’s longest-running weight loss camp for children (http://www.morelifecamp.com)

Established in 1999 by Paul Gately, Professor of Exercise and Obesity at Leeds Metropolitan University (now Leeds Beckett University), MoreLife has helped more than 8000 people to live more healthily.

We understand the complex nature of being overweight; the struggles and torment that individuals, and those close to them, experience every day. It’s with solid evidence-based studies and compassion that we, as a team, assist those who need help to achieve their weight and lifestyle goals.

Head Office is based in Leeds at the Leeds Beckett University Campus in Headingley. Our 150 strong team of experts and volunteers work around the country to support our customers’ journeys.",1999,97,"Community Weight Management Programmes, Residential Weight Management Programmes, Obesity Research & Expertise, Adult and Children's Services, Strategic Consulting in Obesity & Health, Weight Management Training, Specialist Corporate Programmes, Workplace Health, Stop Smoking Services, Active Wellbeing Programmes, NHS Healthchecks, Health and Wellness School Programmes",Leeds,United Kingdom,West Yorkshire,Leeds,United Kingdom,West Yorkshire
https://www.linkedin.com/in/richard-ruff-21953a28a,Richard,Ruff,https://i.closelyhq.com/smngoz12bkqd9fv5h.b9d8e45c.jpg,Behavioural change specialist,MoreLife (UK) Ltd.,United Kingdom,"Public Health, Customer Support, Operating Systems, Data Analytics, Lifestyle Coaching","Behavioural change specialist at MoreLife (UK) Ltd., Health Coach at Everyone Health",,Health Coach at Healthy You,Wellness and Fitness Services,,,,https://www.linkedin.com/company/morelife-uk,http://www.more-life.co.uk,"MoreLife is leading the way in tackling obesity in the UK. We deliver specialist weight management programmes to children, families and adults within healthcare, community & workplace settings. We also run MoreLife Camp, Europe’s longest-running weight loss camp for children (http://www.morelifecamp.com)

Established in 1999 by Paul Gately, Professor of Exercise and Obesity at Leeds Metropolitan University (now Leeds Beckett University), MoreLife has helped more than 8000 people to live more healthily.

We understand the complex nature of being overweight; the struggles and torment that individuals, and those close to them, experience every day. It’s with solid evidence-based studies and compassion that we, as a team, assist those who need help to achieve their weight and lifestyle goals.

Head Office is based in Leeds at the Leeds Beckett University Campus in Headingley. Our 150 strong team of experts and volunteers work around the country to support our customers’ journeys.",1999,97,"Community Weight Management Programmes, Residential Weight Management Programmes, Obesity Research & Expertise, Adult and Children's Services, Strategic Consulting in Obesity & Health, Weight Management Training, Specialist Corporate Programmes, Workplace Health, Stop Smoking Services, Active Wellbeing Programmes, NHS Healthchecks, Health and Wellness School Programmes",Leeds,United Kingdom,West Yorkshire,Leeds,United Kingdom,West Yorkshire
https://www.linkedin.com/in/kharsen-newton-59774431a,Kharsen,Newton,https://i.closelyhq.com/smngoz12el8o0kb6mo.f59a461a.jpg,Bartender,Habitual Ventures,United Kingdom,"Attention to Detail, Reliability, Adaptability, Organization Skills, Teamwork, Creativity, Communication, Problem Solving, Decision-Making","Bartender at Habitual Ventures, Store Stocker at Sainsbury's",,--,,"I am a motivated and hardworking person who is eager to start my professional career through an apprenticeship. I am passionate about learning new skills, gaining hands-on experience, and developing my knowledge in a real working environment.I pride myself on being reliable, adaptable, and willing to take on new challenges. Through my education and personal experiences, I have developed strong communication, teamwork, problem-solving, and time-management skills. I enjoy working with others, but I am also confident working independently and taking responsibility for my tasks.I am currently seeking apprenticeship opportunities where I can continue to learn, contribute to a team, and build a successful long-term career. I am committed to continuous improvement and excited about the opportunity to apply my skills while gaining valuable industry experience.I am always open to connecting with professionals, employers, and organisations who can support my career development and help me grow within my chosen field.",,,,,,,,,,,,,,
https://www.linkedin.com/in/swetlana-zitzer-68133435b,Swetlana,Zitzer,,Director Patientenmanagement ,Weight Doctors,Germany,,"Director Patientenmanagement  at Weight Doctors, Betriebsdirektorin (COO) at Westfalenklinik - Fachklinik für Plastische und Ästhetische Chirurgie ",,Betriebsdirektorin (COO) bei Westfalenklinik - Fachklinik für Plastische und Ästhetische Chirurgie GmbH,"Health, Wellness & Fitness",,,,https://www.linkedin.com/company/weight-doctors-worldwide,https://www.weight-doctors.de/,"Weight Doctors offers innovative minimally-invasive medical therapies to help people who suffer from a serious weight problem. Utilising advanced endoscopic technology, our treatments are able to temporarily or permanently reduce the size of the stomach without incisions or scars. Combining these low-risk therapies with a focus on nutrition, movement and mindset, Weight Doctors enable people to achieve effective and sustained weight loss. We support our patients in transforming their health for the long term, thereby minimising the risk of secondary diseases. 

Together with our expert team of board-certified surgeons and medical specialists, we're committed to continuous innovation in the field of medical weight management. 

Behind each successful weight loss story is the unwavering pre- and post treatment support from our patient coordinators, who accompany our patients throughout their weight loss journey.",,18,"weightmanagement, weightloss, medicalweightloss, pose, gastricballoon, bariatrics, health, excessweight, obesity",Dortmund,Germany,North Rhine-Westphalia,Dortmund,Germany,North Rhine-Westphalia
https://www.linkedin.com/in/amy-broadhurst-1a2611375,Amy,Broadhurst,https://i.closelyhq.com/smngoz4s0ivpd0f71.d1b51582.jpg,Client Services Lead - Sussex & Hounslow (Healthy Hounslow),MoreLife (UK) Ltd.,United Kingdom,"Risk Assessment, Employee Engagement, KPI Implementation, Management, KPI Reporting, Lone working training, Safeguarding, Health and Safety Training, Information Governance, Document Management, Software Project Management, Collaborative Solutions, Workflow Management, Organization Skills, Goal Setting, Calendar Planning, Increase Productivity, Project Planning, Forecasting, Cryptographic hash functions","Client Services Lead - Sussex & Hounslow (Healthy Hounslow) at MoreLife (UK) Ltd., Subject Matter Expert at Accenture, Customer Service Agent at Wescot Credit Services Limited, Junior and Families Activities Team Lead at Virgin Active","Sheffield Hallam University, The Sheffield College, Newfield Secondary School, Sheffield Hallam University",Client Services Lead | Morelife x Voy | People Manager,Wellness and Fitness Services,"Results driven Operations Team Leader and Client Services Lead with over 6 years of experience driving operational excellence, talent development, and strategic cross functional collaboration within service led corporate environments. Proven track record in performance management, KPI tracking, process optimisation, and risk mitigation. Skilled in employee engagement, structured 1:1 coaching, and change management to consistently deliver SLA compliance and business growth objectives.",,,https://www.linkedin.com/company/morelife-uk,http://www.more-life.co.uk,"MoreLife is leading the way in tackling obesity in the UK. We deliver specialist weight management programmes to children, families and adults within healthcare, community & workplace settings. We also run MoreLife Camp, Europe’s longest-running weight loss camp for children (http://www.morelifecamp.com)

Established in 1999 by Paul Gately, Professor of Exercise and Obesity at Leeds Metropolitan University (now Leeds Beckett University), MoreLife has helped more than 8000 people to live more healthily.

We understand the complex nature of being overweight; the struggles and torment that individuals, and those close to them, experience every day. It’s with solid evidence-based studies and compassion that we, as a team, assist those who need help to achieve their weight and lifestyle goals.

Head Office is based in Leeds at the Leeds Beckett University Campus in Headingley. Our 150 strong team of experts and volunteers work around the country to support our customers’ journeys.",1999,97,"Community Weight Management Programmes, Residential Weight Management Programmes, Obesity Research & Expertise, Adult and Children's Services, Strategic Consulting in Obesity & Health, Weight Management Training, Specialist Corporate Programmes, Workplace Health, Stop Smoking Services, Active Wellbeing Programmes, NHS Healthchecks, Health and Wellness School Programmes",Leeds,United Kingdom,West Yorkshire,Leeds,United Kingdom,West Yorkshire
https://www.linkedin.com/in/nicole-poldervaart-2a00b3410,Nicole,Poldervaart,https://i.closelyhq.com/smngoz3116889ni7ng.443fd390.jpg,Senior klantmanager,Elysee Life - Medical Weight Loss,Netherlands,,Senior klantmanager at Elysee Life - Medical Weight Loss,,Senior klantmanager bij Elysee Life - Medical Weight Loss,Hospitals and Health Care,,,,https://www.linkedin.com/company/elysee-life,http://www.elyseelife.com,"At Elysee Life, we are fully committed to supporting you in achieving your personal health goals. We keep up with the latest medical and scientific developments in weight loss, including treatments with GLP-1 medication and support for lifestyle changes. Our dedicated professionals will guide you to your target weight and a new lifestyle, ensuring you maintain a sustainable healthy weight. 

At Elysee Life, we approach your well-being with dedication and expertise, and we are ready to assist you at every step towards your healthy weight and a long-lasting healthy life.",2022,23,"Lifestyle, Lifestyle interventions , Overweight, GLP-1, BMI, Medicine, Novo Nordisk, Eli Lilly, Loose Weight, Dietary, Health, Longevity, GLP-1/GIP, Doctor, Healthy aging, Amsterdam, London, Paris",Amsterdam,Netherlands,,Amsterdam,Netherlands,
https://www.linkedin.com/in/meena-yates-8774923b2,Meena,Yates,https://i.closelyhq.com/smngoz5e8v5ed24g4.fcdc8429.jpg,Client Services Advisor,MoreLife (UK) Ltd.,United Kingdom,"Record Maintenance, Document Management, Records Management, Administration, Complaint Management, Microsoft Excel, SharePoint, Microsoft Outlook, Data Entry, Customer Relationship Management (CRM), Administrative Organization, EMIS, Microsoft Office, Confidentiality, Teamwork, Handle Multiple Priorities, Skilled Multi-tasker, Easily Adaptable, Problem Solving, Self-Management","Client Services Advisor at MoreLife (UK) Ltd., Customer Service Specialist at The Range, Customer Assistant at Morrisons, Medication Dispenser at Abbey Medical Practice, Office Associate at Asda, Customer Service Advisor at Volvo Trucks","New College Swindon, New College Swindon, Buttercups Training, Buttercups Training, Reed Courses, Reed Courses, Free Courses, Free Courses",Remote Administrator | Customer Support | Records & CRM Administration,Wellness and Fitness Services,"Highly organised administrative and customer support professional with 15+ years' experience across healthcare, automotive and retail environments.  Experienced in records management, CRM systems, customer communication, confidential information handling and data accuracy.  Proficient in Microsoft Office, Excel, Outlook, SharePoint and EMIS. Seeking a remote administration or customer support role where strong organisational and communication skills can add value.",,,https://www.linkedin.com/company/morelife-uk,http://www.more-life.co.uk,"MoreLife is leading the way in tackling obesity in the UK. We deliver specialist weight management programmes to children, families and adults within healthcare, community & workplace settings. We also run MoreLife Camp, Europe’s longest-running weight loss camp for children (http://www.morelifecamp.com)

Established in 1999 by Paul Gately, Professor of Exercise and Obesity at Leeds Metropolitan University (now Leeds Beckett University), MoreLife has helped more than 8000 people to live more healthily.

We understand the complex nature of being overweight; the struggles and torment that individuals, and those close to them, experience every day. It’s with solid evidence-based studies and compassion that we, as a team, assist those who need help to achieve their weight and lifestyle goals.

Head Office is based in Leeds at the Leeds Beckett University Campus in Headingley. Our 150 strong team of experts and volunteers work around the country to support our customers’ journeys.",1999,97,"Community Weight Management Programmes, Residential Weight Management Programmes, Obesity Research & Expertise, Adult and Children's Services, Strategic Consulting in Obesity & Health, Weight Management Training, Specialist Corporate Programmes, Workplace Health, Stop Smoking Services, Active Wellbeing Programmes, NHS Healthchecks, Health and Wellness School Programmes",Leeds,United Kingdom,West Yorkshire,Leeds,United Kingdom,West Yorkshire
