apollo_id,first_name,last_name_obfuscated,title,apollo_org,domain,company_name,last_refreshed_at,status
57ddb17aa6da987b65e5e718,Philippe,Mo***r,Dirigeant RNPC Marseille 12,Réseau RNPC Officiel,rnpc.fr,RNPC,2026-09-16T04:08:48.000+00:00,in-sales-nav
6021755e395b920001d9954b,Remy,Le***d,Founding President,Réseau RNPC Officiel,rnpc.fr,RNPC,2026-09-16T03:50:28.000+00:00,candidate
60fb67d57d57bf00018cd54f,Nicolas,De***l,Operations Manager,Réseau RNPC Officiel,rnpc.fr,RNPC,2026-09-07T01:24:33.000+00:00,candidate
6050d02bcf5ac6000141c0f6,Thibault,Le***d,Responsable Développement Franchise,Réseau RNPC Officiel,rnpc.fr,RNPC,2026-09-12T19:59:19.000+00:00,candidate
66f7eabfeee1360001a7ace2,Damien,Ca***t,General Manager,Réseau RNPC Officiel,rnpc.fr,RNPC,2026-09-07T05:26:50.000+00:00,candidate
54a245377468693fda6fa21b,Patricia,Bu***e,Directrice Centre RNPC Perpignan,Réseau RNPC Officiel,rnpc.fr,RNPC,2026-09-09T04:25:26.000+00:00,candidate
6a338d98f7fab00001d87b69,Laura,Im***n,Franchisée RNPC Lyon,Réseau RNPC Officiel,rnpc.fr,RNPC,2026-09-05T06:54:39.000+00:00,candidate
637f99b613e0ab0001fe6140,Julien,Ma***n,Directeur de Centre RNPC Orléans,Réseau RNPC Officiel,rnpc.fr,RNPC,2026-09-07T23:46:40.000+00:00,candidate
54a5db3d7468693b8ccd91ae,Camille,Ch***t,Dietitian,Réseau RNPC Officiel,rnpc.fr,RNPC,2026-09-08T09:09:38.000+00:00,candidate
54eba97174686943116fc608,Nicolas,Ch***r,Dirigeant Centre RNPC de Reims,Réseau RNPC Officiel,rnpc.fr,RNPC,2026-08-24T23:32:24.000+00:00,in-sales-nav
54a613d17468692cf04802c0,Fabrice,Al***s,Dirigeant des Centres RNPC de Gréasque et La Ciotat,Réseau RNPC Officiel,rnpc.fr,RNPC,2026-09-13T08:39:33.000+00:00,candidate
54a76f357468696829012e34,Sophie,Pr***r,Chef D'entreprise Centre RNPC,Réseau RNPC Officiel,rnpc.fr,RNPC,2026-09-07T01:05:41.000+00:00,candidate
5cca433ef651258e54200023,Christian,Ja***z,Diététicien Clinique,Réseau RNPC Officiel,rnpc.fr,RNPC,2026-09-07T02:42:50.000+00:00,candidate
55c3fc017369642078b81100,Louis,D,Directeur de Centre RNPC,Réseau RNPC Officiel,rnpc.fr,RNPC,2026-09-05T05:39:54.000+00:00,in-sales-nav
6226342d7fda5f0001b4f834,Delphine,Sa***e,Directrice Centre RNPC,Réseau RNPC Officiel,rnpc.fr,RNPC,2026-08-19T21:57:09.000+00:00,candidate
5fdb8e35b7a6be00019aa829,Lea,De***e,Dietitian,Réseau RNPC Officiel,rnpc.fr,RNPC,2026-09-13T08:45:25.000+00:00,candidate
5e7c76696d44a100012ecbf3,Carole,Bo***t,Directrice de Centre RNPC,Réseau RNPC Officiel,rnpc.fr,RNPC,2026-09-12T12:23:51.000+00:00,candidate
54a6307674686938ac6d54c9,Baudry,Ma***e,Directeur du Centre RNPC Versailles,Réseau RNPC Officiel,rnpc.fr,RNPC,2026-09-07T07:26:10.000+00:00,candidate
66f836bceee1360001bee702,Carla,Fe***a,Community Manager,Réseau RNPC Officiel,rnpc.fr,RNPC,2026-09-12T15:35:10.000+00:00,candidate
61a5a721d2a0dd00014b5042,Alix,Me***t,Dietitian,Réseau RNPC Officiel,rnpc.fr,RNPC,2026-09-09T20:06:43.000+00:00,candidate
69f5d6a64c86090001552878,Clara,De***r,Dietitian-nutritionist,Réseau RNPC Officiel,rnpc.fr,RNPC,2026-09-07T03:07:03.000+00:00,candidate
5ff0fe8debbdc1000131b44c,Celine,Te***u,Director,Réseau RNPC Officiel,rnpc.fr,RNPC,2026-09-10T13:18:55.000+00:00,candidate
697c61b40fff0d000158f6d2,Manon,Ge***n,Dietitian,Réseau RNPC Officiel,rnpc.fr,RNPC,2026-09-12T00:54:38.000+00:00,candidate
5ad41a9da6da986834453f0d,Stephanie,Go***s,Dietitian,Réseau RNPC Officiel,rnpc.fr,RNPC,2026-09-12T15:19:32.000+00:00,candidate
62ea75e8597522000134f1a5,Claire,Jo***n,Dietitian,Réseau RNPC Officiel,rnpc.fr,RNPC,2026-09-12T13:17:13.000+00:00,candidate
60f0150c40cc46000117abb3,Gilles,Ol***r,Directeur Centre,Réseau RNPC Officiel,rnpc.fr,RNPC,2026-09-07T05:36:28.000+00:00,candidate
613acf45e865d500018c159b,Amelie,De***e,Dietitian,Réseau RNPC Officiel,rnpc.fr,RNPC,2026-09-08T19:59:15.000+00:00,candidate
57e1cb86a6da98572faf8d6a,Delphine,Th***y,Entrepreneur,Réseau RNPC Officiel,rnpc.fr,RNPC,2026-10-02T09:31:44.696+00:00,in-sales-nav
65829a20acb6b60001411389,Elodie,Re***t,Dietitian,Réseau RNPC Officiel,rnpc.fr,RNPC,2026-07-27T03:29:23.000+00:00,candidate
6433ea51b36a950001e87f62,Romain,Cr***l,Diététicien et Directeur de Centre,Réseau RNPC Officiel,rnpc.fr,RNPC,2026-09-12T14:33:01.000+00:00,candidate
616d550157ad3e00017ecf1b,Lea,Fr***s,Directrice et Diététicienne,Réseau RNPC Officiel,rnpc.fr,RNPC,2026-09-10T10:54:13.000+00:00,candidate
65d6e5063325030001ec5c1d,Pauline,Sa***n,Director,Réseau RNPC Officiel,rnpc.fr,RNPC,2026-09-05T15:24:14.000+00:00,candidate
54c28b0b7468697af71e04a7,Eve,Co***n,Dietitian Nutritionist,Réseau RNPC Officiel,rnpc.fr,RNPC,2026-09-07T19:51:21.000+00:00,candidate
54a241327468693a7e01351a,Christophe,Wa***t,,Réseau RNPC Officiel,rnpc.fr,RNPC,2025-12-29T16:19:11.040+00:00,candidate
60fb4757c2f68300013bfff7,Veronique,De***d,Manager,Réseau RNPC Officiel,rnpc.fr,RNPC,2026-06-10T15:05:19.000+00:00,candidate
660e4e295547c8000735ea43,Stephanie,Ma***h,Chargée des Relations Médicales,Réseau RNPC Officiel,rnpc.fr,RNPC,2026-09-12T16:09:31.000+00:00,candidate
54a81a9f7468696829d87d60,Carole,Se***i,Directrice du Centre Rnpc Paris 15,Réseau RNPC Officiel,rnpc.fr,RNPC,2026-09-16T03:55:00.000+00:00,candidate
57e0f0e9a6da987d9c45812e,Charlotte,Br***l,Dietitian Nutritionist,Réseau RNPC Officiel,rnpc.fr,RNPC,2026-09-07T02:09:40.000+00:00,candidate
671b2182d1b637000193a095,Julie,Va***e,Dietitian-nutritionist,Réseau RNPC Officiel,rnpc.fr,RNPC,2026-09-24T05:35:51.463+00:00,candidate
697712dbe1c1c40001935ac5,Sandrine,Ch***n,Formation Franchisée RNPC NICE Ouest,Réseau RNPC Officiel,rnpc.fr,RNPC,2026-09-24T04:54:17.000+00:00,candidate
5e7095d86a9edf0001faa2c7,Chantal,Va***t,Directrice de Centre RNPC,Réseau RNPC Officiel,rnpc.fr,RNPC,2026-09-12T03:54:35.000+00:00,candidate
62c92924a6de190001d67d8c,Julie,Du***y,Dietitian,Réseau RNPC Officiel,rnpc.fr,RNPC,2026-09-08T02:06:53.000+00:00,candidate
6951e40aa6f391000180c423,Patrick,Ga***e,General Manager,Réseau RNPC Officiel,rnpc.fr,RNPC,2026-09-07T01:05:33.000+00:00,candidate
6723219c80f4200001eca41f,Veronique,Gr***t,Dietitian,Réseau RNPC Officiel,rnpc.fr,RNPC,2026-07-10T20:43:29.000+00:00,candidate
5570abc673696418e8cc3b00,Odile,Fa***e,Scientific Project Manager,Réseau RNPC Officiel,rnpc.fr,RNPC,2026-09-09T10:10:27.000+00:00,candidate
57d3c268a6da985386b67003,Christine,Fr***d,Entrepreneur,Réseau RNPC Officiel,rnpc.fr,RNPC,2026-07-11T06:59:48.000+00:00,in-sales-nav
5de3d3960139ef000131271a,Arnaud,Bl***e,Manager de Zone sud est,Réseau RNPC Officiel,rnpc.fr,RNPC,2026-09-10T14:30:44.000+00:00,candidate
613b17c944dbe90001885374,Mathilde,Gi***d,Dietitian,Réseau RNPC Officiel,rnpc.fr,RNPC,2026-09-12T14:31:34.000+00:00,candidate
6582ac84584a310001fae206,Thomas,He***e,Entrepreneur,Réseau RNPC Officiel,rnpc.fr,RNPC,2026-09-07T01:19:29.000+00:00,candidate
5f0af94c882f590001712ca0,Dominique,Br***a,Directeur des Centres RNPC d'Agen et Villeneuve sur Lot,Réseau RNPC Officiel,rnpc.fr,RNPC,2026-09-10T12:11:44.000+00:00,candidate
6480a1e1247b39000164523d,Justine,De***z,Directrice de Centre,Réseau RNPC Officiel,rnpc.fr,RNPC,2026-09-07T03:09:21.000+00:00,in-sales-nav
5f4bf3b13e4b55000140aef3,Pauline,Ma***z,Directrice du Centre RNPC,Réseau RNPC Officiel,rnpc.fr,RNPC,2026-09-07T02:43:35.000+00:00,candidate
5e8097f9e9351e0001c0b08a,Mickael,Ro***r,IT Developer,Réseau RNPC Officiel,rnpc.fr,RNPC,2026-09-10T08:04:31.000+00:00,candidate
57da653da6da984ab7c3af6c,Laurent,De***e,Dirigeant de Centre,Réseau RNPC Officiel,rnpc.fr,RNPC,2026-09-07T07:32:36.000+00:00,in-sales-nav
67c4f6db56d9880001874d3b,Pascal,Ra***r,Directeur des Centres RNPC de Boujan sur Libron et de Montpellier Lattes,Réseau RNPC Officiel,rnpc.fr,RNPC,2026-09-10T11:39:23.000+00:00,candidate
61690ebcc6560f0001a73a34,Centre,Me***c,Centre RNPC Mérignac - Directeur,Réseau RNPC Officiel,rnpc.fr,RNPC,2026-09-07T05:21:45.000+00:00,candidate
54a8b2737468692d1c55f003,Paul,Ca***s,Directeur de Centre,Réseau RNPC Officiel,rnpc.fr,RNPC,2026-09-07T16:43:27.000+00:00,in-sales-nav
65ca1b2488cbab00010107ad,Maelle,Bry,Dietitian,Réseau RNPC Officiel,rnpc.fr,RNPC,2026-09-10T10:58:04.000+00:00,candidate
672c727a4796ed0001d6ba11,Pauline,Ro***r,Dietitian,Réseau RNPC Officiel,rnpc.fr,RNPC,2026-07-27T04:06:58.000+00:00,candidate
5da2fa8df65125202ba2358e,Alexandre,Ge***n,Directeur de Centre Diététique,Réseau RNPC Officiel,rnpc.fr,RNPC,2026-09-07T02:45:28.000+00:00,candidate
6102770b179ea400011c22a2,Elise,Mi***t,Dietitian,Réseau RNPC Officiel,rnpc.fr,RNPC,2026-09-10T06:41:32.000+00:00,candidate
66ee5716624efa00018162af,Fanny,Pe***s,Dietitian,Réseau RNPC Officiel,rnpc.fr,RNPC,2026-09-22T06:52:55.000+00:00,candidate
642c039cc34bbb000140203e,Lisa,Le***y,Dietitian,Réseau RNPC Officiel,rnpc.fr,RNPC,2026-09-10T12:57:18.000+00:00,candidate
6167e85e5e0cdb000157f611,Leonie,De***y,Dietitian,Réseau RNPC Officiel,rnpc.fr,RNPC,2026-09-10T12:40:32.000+00:00,candidate
5de858acdc8f310001470b22,David,Bo***f,Business Leader,Réseau RNPC Officiel,rnpc.fr,RNPC,2026-09-12T01:05:54.000+00:00,candidate
6167e1f79cda5b00019a33fd,Charlotte,St***m,Responsable Centre RNPC Quimper,Réseau RNPC Officiel,rnpc.fr,RNPC,2026-09-13T10:28:16.000+00:00,candidate
642d63599be2d60001c77c46,Elodie,La***o,Responsable et Diétticienne Centre RNPC de Voiron,Réseau RNPC Officiel,rnpc.fr,RNPC,2026-09-10T10:42:07.000+00:00,candidate
6072f7d5a4b5790001ee85b8,Elisa,Ar***u,Dietitian,Réseau RNPC Officiel,rnpc.fr,RNPC,2026-09-12T11:07:22.000+00:00,candidate
642c1dbb189ef1000122335a,Anais,Ja***y,Dietitian,Réseau RNPC Officiel,rnpc.fr,RNPC,2026-09-13T09:27:27.000+00:00,candidate
6520fb32d196ca0001afd1a4,Alex,Mo***n,Diététicien-Nutritionniste D.E,Réseau RNPC Officiel,rnpc.fr,RNPC,2026-09-10T07:18:28.000+00:00,candidate
57d7cc04a6da980a46b8d640,Flavie,Di***e,Dietitian,Réseau RNPC Officiel,rnpc.fr,RNPC,2026-09-13T10:05:54.000+00:00,candidate
54a4103c74686938ac2cc729,Hannane,Lo***n,Dietéticienne Nutritionniste D.E.,Réseau RNPC Officiel,rnpc.fr,RNPC,2026-09-08T09:47:37.000+00:00,candidate
642462c01c0df800012e4ee8,Lyse,Go***t,Dietitian,Réseau RNPC Officiel,rnpc.fr,RNPC,2026-09-12T11:18:32.000+00:00,candidate
69982f0de5eece0001162f37,Sabrina,Ka***l,Chargée D’études de Marché,Réseau RNPC Officiel,rnpc.fr,RNPC,2026-07-11T17:44:09.000+00:00,candidate
66f8045deee1360001b01dac,Margaux,Gi***a,Dietitian,Réseau RNPC Officiel,rnpc.fr,RNPC,2026-09-12T15:02:43.000+00:00,candidate
612a832d412c41000179337f,Laetitia,B,Dietitian,Réseau RNPC Officiel,rnpc.fr,RNPC,2026-09-10T08:47:02.000+00:00,candidate
642d6d0f856e590001db26ab,Natacha,Ro***s,Directrice de Centre RNPC,Réseau RNPC Officiel,rnpc.fr,RNPC,2026-09-07T01:08:52.000+00:00,candidate
68c658d340faab00019fbf8a,Chloe,Fo***t,Dietitian,Réseau RNPC Officiel,rnpc.fr,RNPC,2026-09-10T06:51:02.000+00:00,candidate
66ee685db4518b0001306b81,Lucie,Ga***t,Dietitian,Réseau RNPC Officiel,rnpc.fr,RNPC,2026-09-09T20:28:18.000+00:00,candidate
63542ada9568c20001e4e26f,Marine,Ma***n,Diététicienne D.E,Réseau RNPC Officiel,rnpc.fr,RNPC,2026-09-08T23:22:51.000+00:00,candidate
612a4aef41f1360001afdfb9,Charlotte,Bo***t,Dietitian,Réseau RNPC Officiel,rnpc.fr,RNPC,2026-09-13T10:18:36.000+00:00,candidate
66ee5c02a7cd6a0001d3a4f0,Olivier,Bon,Responsable Centre RNPC,Réseau RNPC Officiel,rnpc.fr,RNPC,2026-09-13T09:21:19.000+00:00,candidate
665d38d037a6e3000161d220,Zoe,Be***h,Dietitian,Réseau RNPC Officiel,rnpc.fr,RNPC,2026-09-09T13:22:20.000+00:00,candidate
5fe4598fc018ff00012a3c2b,Francois,Pr***r,Commercial,Réseau RNPC Officiel,rnpc.fr,RNPC,2026-09-09T16:16:05.000+00:00,candidate
683d38013aae100001de410e,Lea,Ge***e,Dietitian,Réseau RNPC Officiel,rnpc.fr,RNPC,2026-09-10T15:33:50.000+00:00,candidate
69dadbebc21f58000154c8ba,Sarah,Ch***r,Dietitian,Réseau RNPC Officiel,rnpc.fr,RNPC,2026-09-15T08:11:10.000+00:00,candidate
6992ded4dc5de100013142d3,Marie-Lou,Da***t,Dietitian,Réseau RNPC Officiel,rnpc.fr,RNPC,2026-09-07T04:46:54.000+00:00,candidate
642c26cf4786680001e84bed,Valentine,Me***c,Dietitian,Réseau RNPC Officiel,rnpc.fr,RNPC,2026-07-27T02:47:01.000+00:00,candidate
61995cfbf9fce000011966b3,Estelle,Du***t,Diététicienne - Nutritionniste,Réseau RNPC Officiel,rnpc.fr,RNPC,2026-09-12T20:09:16.000+00:00,candidate
6110fca417ca5c00018ac05c,Nathalia,Lo***z,Responsable Communications,Réseau RNPC Officiel,rnpc.fr,RNPC,2026-09-24T06:17:46.000+00:00,candidate
55708c607369642693c60200,Daniel,Ro***d,Network Facilitator,Réseau RNPC Officiel,rnpc.fr,RNPC,2026-09-12T11:48:09.000+00:00,candidate
69982ab3ac4982000162b344,Mathilde,Ba***y,Dietitian,Réseau RNPC Officiel,rnpc.fr,RNPC,2026-09-07T03:10:14.000+00:00,candidate
61b83c0bb949520001af0493,Bruno,Tr***e,Directeur Centre RNPC Cholet,Réseau RNPC Officiel,rnpc.fr,RNPC,2026-08-13T15:14:05.000+00:00,candidate
66ee6c7351f2cf0001877e76,Robin,Ma***y,Dietitian,Réseau RNPC Officiel,rnpc.fr,RNPC,2026-09-13T07:48:03.000+00:00,candidate
66fe983fc742310001f472bb,Magali,Pa***n,Coordinatrice de Projets Direction Générale,Réseau RNPC Officiel,rnpc.fr,RNPC,2026-09-09T13:23:06.000+00:00,candidate
662d9b66108d3c0007177248,Emeline,He***l,Dietitian,Réseau RNPC Officiel,rnpc.fr,RNPC,2026-09-12T13:08:14.000+00:00,candidate
66ee78af2871ba000196f712,Elodie,Ch***i,Dietitian,Réseau RNPC Officiel,rnpc.fr,RNPC,2026-09-12T09:59:11.000+00:00,candidate
55708f8373696466d7052300,Marjolaine,De***n,Dietitian,Réseau RNPC Officiel,rnpc.fr,RNPC,2026-09-12T09:00:50.000+00:00,candidate
624d200768e1e800010fdcb1,Marine,Tr***a,Dietitian,Réseau RNPC Officiel,rnpc.fr,RNPC,2026-09-10T10:08:21.000+00:00,candidate
614eb9c1d16121000106f7aa,Sandrine,Kh***r,Chargée de Formations,Réseau RNPC Officiel,rnpc.fr,RNPC,2026-09-12T20:16:50.000+00:00,candidate
667a44436f0bb900019a8210,Pierre,Be***s,Head of Information Technology,dietplus,dietplus.fr,Dietplus,2026-09-22T05:09:00.000+00:00,candidate
5d6e8315a3ae6110fb31111d,Nabila,Be***e,Training Officer,dietplus,dietplus.fr,Dietplus,2026-09-07T09:25:44.000+00:00,candidate
66f76da09e9ea00001b74047,Valerie,Ge***s,Directrice Marketing et Communication,dietplus,dietplus.fr,Dietplus,2026-09-07T05:31:32.000+00:00,candidate
66f80a11eee1360001b1bf17,Hernan,Ri***s,Creative Marketing and Retail Director (Creative Brand Director),dietplus,dietplus.fr,Dietplus,2026-09-10T21:13:03.000+00:00,candidate
66fc41b6e7579f00017ffc01,Philippe,La***r,President,dietplus,dietplus.fr,Dietplus,2026-09-08T12:11:34.000+00:00,candidate
6263f121ed15f500016a4e65,Nicolas,Gr***r,Responsable Régional - Développement et Animation Réseau Franchise,dietplus,dietplus.fr,Dietplus,2026-09-12T07:30:33.000+00:00,candidate
5fbfc2d66b280b0001dd3682,Nicolas,Pe***t,Assistant Marketing et Commercial,dietplus,dietplus.fr,Dietplus,2026-08-24T14:04:21.000+00:00,candidate
67b854f84f46da0001777425,Jacques,Ley,General Manager,dietplus,dietplus.fr,Dietplus,2026-09-08T02:08:55.000+00:00,candidate
57d7931ba6da980a16bc0010,Isil,Ce***z,Responsable du Service Accompagnement Réseau,dietplus,dietplus.fr,Dietplus,2026-09-12T11:18:50.000+00:00,candidate
5d6bb6fe80f93ed6c00d79e0,Carole,Ca***i,Coach en Rééquilibrage Alimentaire Dietplus,dietplus,dietplus.fr,Dietplus,2026-09-07T08:01:40.000+00:00,candidate
6815a4ced4226e0001317cb9,Valery,Le***s,Coach En Rééquilibrage Alimentaire,dietplus,dietplus.fr,Dietplus,2026-09-13T07:30:14.000+00:00,candidate
565fcd1da6da9810c20008f9,Chrystele,Ga***d,Gerante Magasin Dietplus,dietplus,dietplus.fr,Dietplus,2026-09-08T15:58:14.000+00:00,candidate
62d83b2ebc4ac70001f27589,Morgane,Sc***a,Project Coordinator,dietplus,dietplus.fr,Dietplus,2026-10-03T00:48:34.117+00:00,candidate
60fb5a1f2457cb000101a995,Lucile,So***e,Responsable Développement et Animation Réseau Dietplus,dietplus,dietplus.fr,Dietplus,2026-09-04T04:05:58.000+00:00,candidate
620f1b1c4f148a0001419450,Isabelle,Ga***r,Store Manager,dietplus,dietplus.fr,Dietplus,2026-08-23T19:27:31.866+00:00,candidate
5d66c87080f93e36ba50d350,Hadrien,Lo***u,Content Manager,dietplus,dietplus.fr,Dietplus,2026-09-24T04:47:08.000+00:00,candidate
57e12a3ca6da987d64965cc6,Frederic,Co***x,Responsable Achats et Logistique,dietplus,dietplus.fr,Dietplus,2026-09-12T09:50:29.000+00:00,candidate
5571130d7369640775bf0100,Damien,Au***r,Responsable Régional Ouest,dietplus,dietplus.fr,Dietplus,2026-08-06T02:42:05.409+00:00,candidate
57d46f54a6da9853ce976660,Ingrid,Hi***u,Gérante du Centre de Cholet,dietplus,dietplus.fr,Dietplus,2026-08-30T14:38:46.248+00:00,candidate
5f530fdb2be67b000149b41c,Thibault,Ja***s,Responsable Développement & Performance Réseau - Franchise Business Manager Nord / Est,dietplus,dietplus.fr,Dietplus,2026-09-07T04:58:21.000+00:00,candidate
54a47fd87468692cf0dc344c,Christophe,De***e,Responsable Formation et Projet,dietplus,dietplus.fr,Dietplus,2026-09-09T18:46:27.000+00:00,candidate
5f54f00ed997a80001ea0329,Arnaud,Vi***n,Responsable Regional / Animaton et Développement de Réseau de Franchise,dietplus,dietplus.fr,Dietplus,2026-08-16T16:03:31.723+00:00,candidate
66eed607cde1e7000142b3a9,Dietplus,La***e,Franchisée,dietplus,dietplus.fr,Dietplus,2026-09-09T15:57:17.000+00:00,candidate
57e1f326a6da9808fefa6cef,Catherine,Gu***c,Coach Dietplus,dietplus,dietplus.fr,Dietplus,2026-09-12T18:34:21.466+00:00,candidate
5d669d3380f93e3390497f4c,Maryline,He***t,Coach en Nutrition,dietplus,dietplus.fr,Dietplus,2026-09-23T11:45:10.000+00:00,candidate
665c5e27460c08000100677c,Adrien,Jo***y,Data Analyst,dietplus,dietplus.fr,Dietplus,2026-09-12T13:57:27.000+00:00,candidate
5f0df12290b9dd0001a1f4b6,Carole,Me***r,Lawyer,dietplus,dietplus.fr,Dietplus,2026-08-19T01:21:35.000+00:00,candidate
60cd513003b84200017c21a6,Jeanne,Gu***i,,dietplus,dietplus.fr,Dietplus,2026-01-21T10:20:31.741+00:00,in-sales-nav
67e7b9f629981f00013ac766,Veronique,Vi***l,Coach en Diététique,dietplus,dietplus.fr,Dietplus,2026-09-04T12:23:39.000+00:00,candidate
6061a624d5833900019329bb,Bernard,So***e,Sales Manager,dietplus,dietplus.fr,Dietplus,2026-09-20T21:49:30.000+00:00,candidate
6356696d1de23900010842ce,Joana,Ca***o,Assistante Administrative/ Chargé de Recouvrement,dietplus,dietplus.fr,Dietplus,2026-06-29T13:34:29.000+00:00,candidate
643145c68c7fd4000163c6e6,Marie,Ke***h,Accountant,dietplus,dietplus.fr,Dietplus,2026-09-09T13:15:43.000+00:00,candidate
66f9326a9901a200019af2e1,Yannick,Ro***n,Growth Consultant,dietplus,dietplus.fr,Dietplus,2026-09-08T08:11:55.000+00:00,candidate
6167c9b4cfa3bd00013ccfdb,Emmanuel,Co***l,Coordinateur de Développement de Projets,dietplus,dietplus.fr,Dietplus,2026-09-06T19:34:44.000+00:00,candidate
57d85311a6da98784fc42ba3,Tiphanie,Ra***z,Dietitian,dietplus,dietplus.fr,Dietplus,2026-08-29T16:16:07.698+00:00,candidate
5effcf1a201a5d0001961ada,Olaf,La***r,Responsable Marketing de Croissance,dietplus,dietplus.fr,Dietplus,2026-09-08T01:30:49.000+00:00,candidate
5d2bb66880f93e506ee4fe74,Deborah,Ko***k,Responsable Communications,dietplus,dietplus.fr,Dietplus,2026-09-06T08:44:10.000+00:00,candidate
54a532df7468693676d7ba84,Valerie,Ma***e,Specialiste Produits,dietplus,dietplus.fr,Dietplus,2025-12-01T12:27:25.784+00:00,candidate
54c28e0e7468697af7dcc5a8,Herve,Co***t,Administrator,dietplus,dietplus.fr,Dietplus,2026-09-08T07:13:56.000+00:00,candidate
5570913d736964261e023500,Benjamin,Ho***i,Business Leader,dietplus,dietplus.fr,Dietplus,2026-09-07T08:17:18.000+00:00,in-sales-nav
613a0a54e88544000111670f,Sophie,Br***q,Manager,dietplus,dietplus.fr,Dietplus,2026-06-29T11:19:35.000+00:00,candidate
65186d4e5f4b8d000142be76,Virginie,Po***r,Franchisée Dietplus,dietplus,dietplus.fr,Dietplus,2026-01-23T08:22:18.548+00:00,candidate
5f4e1291fddd94000156f6a7,Virginie,Die,Coach en Rééquilibrage Alimentaire,dietplus,dietplus.fr,Dietplus,2026-06-10T08:32:28.000+00:00,candidate
61a5bd301153750001d38827,Catalina,To***s,⚖️Coaching Especializado en Equilibrio Alimentario,dietplus,dietplus.fr,Dietplus,2026-09-07T18:48:29.000+00:00,candidate
54a3faaf7468692fa2026022,Arnaud,Co***n,Conseiller Nutritionniste,dietplus,dietplus.fr,Dietplus,2026-09-08T07:14:07.000+00:00,candidate
54a7978174686968290a0143,Jean,Ho***n,President of Scientific Council Dietplus Group,dietplus,dietplus.fr,Dietplus,2026-08-30T10:47:37.593+00:00,candidate
57e03c5ca6da980de3696145,Veronique,Sc***l,Chef d Entreprise et Coach en Nutrition,dietplus,dietplus.fr,Dietplus,2026-09-12T17:12:52.000+00:00,candidate
695af81e207c4f0001646fd7,Sophie,Lo***r,,dietplus,dietplus.fr,Dietplus,2026-01-21T10:20:31.737+00:00,in-sales-nav
57d95acca6da987292836e24,Yvette,Be***n,Store Manager,dietplus,dietplus.fr,Dietplus,2026-09-12T19:47:21.000+00:00,candidate
60c3ee4e3993380001e32b44,Cedric,Ro***t,Coach en Rééquilibrage Alimentaire,dietplus,dietplus.fr,Dietplus,2026-07-05T06:32:28.000+00:00,candidate
54abaf247468692ca1890906,Gaelle,Av***e,CEO,dietplus,dietplus.fr,Dietplus,2026-04-30T02:38:53.767+00:00,in-sales-nav
5f709edc1b065e0001c3c492,Oscar,Th***y,Coach en Rééquilibrage Alimentaire,dietplus,dietplus.fr,Dietplus,2026-06-26T16:38:27.000+00:00,candidate
642e9e1e8cb7430001cedcd4,Nicolas,Du***s,Gérant et Coach en Nutrition Dietplus Montigny Le Bretonneux,dietplus,dietplus.fr,Dietplus,2026-08-25T15:34:27.175+00:00,candidate
57d50a1ea6da985386c28b1a,Elsa,Sc***z,Cheffe D'entreprise - Coaching en Rééquilibrage Alimentaire,dietplus,dietplus.fr,Dietplus,2026-09-19T21:39:28.000+00:00,candidate
612868daf2596700012de1b1,Gislaine,Bo***n,Formatrice Dietplus et Coach Diplômé,dietplus,dietplus.fr,Dietplus,2026-09-13T20:15:55.000+00:00,candidate
62ea69ae9a021c0001e989fe,Julie,De***x,Coach en Rééquilibrage Alimentaire,dietplus,dietplus.fr,Dietplus,2026-09-21T09:26:03.000+00:00,candidate
57df7f49a6da980b5c779754,Sandrine,Me***s,Coach en Rééquilibrage Alimentaire,dietplus,dietplus.fr,Dietplus,2026-09-12T10:57:55.000+00:00,candidate
683b124449c13a000108944d,Patricia,Di***h,"Coach Dietplus, Spécialiste du Rééquilibrage Alimentaire",dietplus,dietplus.fr,Dietplus,2026-09-07T18:29:33.000+00:00,candidate
61217f174dc1cb0001b43b02,Chrystelle,Bo***a,Coach Dietplus Spécialisé en Réequilibrage Alimentaire,dietplus,dietplus.fr,Dietplus,2026-09-08T02:32:24.000+00:00,candidate
61679e615282d40001cb54e3,Dorothee,Bl***t,Coach en Rééquilibrage Alimentaire,dietplus,dietplus.fr,Dietplus,2026-09-08T00:19:10.000+00:00,candidate
57d33f43a6da9865a04fa041,Laurent,Ju***n,Gerant SAS LJL DIET,dietplus,dietplus.fr,Dietplus,2026-09-21T10:10:43.000+00:00,candidate
61d7db199aa81c000145b889,Elise,Ch***s,Coach en Rééquilibrage Alimentaire,dietplus,dietplus.fr,Dietplus,2026-08-25T00:48:37.512+00:00,candidate
57dba5aca6da986893a1fc4c,Laura,Cr***i,Gérante - Centre Coaching en Rééquilibrage Alimentaire,dietplus,dietplus.fr,Dietplus,2026-09-24T05:13:09.000+00:00,candidate
6531324ae602060001662ac4,Corinne,Vl***k,Coach en Rééquilibrage Alimentaire,dietplus,dietplus.fr,Dietplus,2026-08-13T01:34:54.000+00:00,candidate
619f3c95c628170001f81104,Emmanuelle,Ib***z,Coach en Rééquilibrage Alimentaire,dietplus,dietplus.fr,Dietplus,2026-08-15T12:35:27.000+00:00,candidate
5d4c9ad9f65125ee62198185,Aurelie,Qu***n,Dirigeante-Gérante Franchise Chez Dietplus,dietplus,dietplus.fr,Dietplus,2026-09-07T02:44:17.000+00:00,candidate
60c6a3f32c1e6d00017d8831,Natacha,Va***x,Directora General España,dietplus,dietplus.fr,Dietplus,2026-09-08T01:28:03.000+00:00,in-sales-nav
55714dd27369645845f85f00,Jean-Louis,No***s,Business Leader,dietplus,dietplus.fr,Dietplus,2026-09-07T04:05:50.000+00:00,candidate
670a76ea83564e0001cbd4e0,Dietplus,Mo***x,,dietplus,dietplus.fr,Dietplus,2026-01-21T10:20:31.740+00:00,candidate
679f7127e4f1200001ef8c80,Karine,Du***t,Coach en Rééquilibrage Alimentaire,dietplus,dietplus.fr,Dietplus,2026-09-22T04:24:58.000+00:00,candidate
5c306008a3ae614a114e596b,Louis,Sa***o,Manager,dietplus,dietplus.fr,Dietplus,2026-09-12T16:59:21.000+00:00,candidate
6517d929c3c87e00013ab6bb,Stephanie,Ca***e,,dietplus,dietplus.fr,Dietplus,2026-10-02T22:31:49.373+00:00,candidate
6129c68ed594f600014dc569,Sergine,Or***c,Coach Detplus,dietplus,dietplus.fr,Dietplus,2026-09-09T18:49:26.000+00:00,candidate
614d69c7b0454f000197096c,Durieu,Na***e,Coach en Rééquilibrage Alimentaire,dietplus,dietplus.fr,Dietplus,2026-08-23T03:53:55.099+00:00,candidate
57df907fa6da980b2644329e,Frederique,Gu***t,Coach en Rééquilibrage Alimentaire,dietplus,dietplus.fr,Dietplus,2026-09-12T07:11:47.000+00:00,candidate
6721afff2c19c40001875467,Helene,Be***d,,dietplus,dietplus.fr,Dietplus,2026-01-21T10:20:31.741+00:00,candidate
6765380f3dd841000144293d,Nathalie,Pe***n,CEO,dietplus,dietplus.fr,Dietplus,2026-09-12T14:24:34.000+00:00,in-sales-nav
57d956f0a6da98729bd33cc4,Assistante,An***n,Assistant,dietplus,dietplus.fr,Dietplus,2026-06-30T17:30:13.000+00:00,candidate
5640ff4aa6da982ac5002665,Dietplus,Fr***e,Dietplus,dietplus,dietplus.fr,Dietplus,2026-09-09T12:48:39.000+00:00,candidate
6150774c7d4e5b000192b966,Laetitia,Me***l,Coach en Diététique,dietplus,dietplus.fr,Dietplus,2026-08-16T03:54:56.000+00:00,candidate
57e01e00a6da980af97de4b4,Duguay,Ce***e,Manager,dietplus,dietplus.fr,Dietplus,2026-09-23T12:02:12.000+00:00,candidate
54a7968074686975f8c15d43,Laetitia,Po***x,,dietplus,dietplus.fr,Dietplus,2026-01-21T10:20:31.745+00:00,candidate
5e870cd17ded310001eb3a9d,Valerie,G,Coach en Rééquilibrage Alimentaire,dietplus,dietplus.fr,Dietplus,2026-09-12T14:40:56.000+00:00,candidate
67cdf2ec0d242300014e3753,Cathy,Po***t,Assistante Commerciale Développement,dietplus,dietplus.fr,Dietplus,2026-08-26T14:53:57.776+00:00,candidate
6167dc1f04da8d00012ed458,Sabrina,Le***e,Business Leader,dietplus,dietplus.fr,Dietplus,2026-10-03T09:57:35.387+00:00,candidate
57ddd289a6da987b0d8d7a1d,Fabienne,Pl***n,Coach en Réequilibrage Alimentaire,dietplus,dietplus.fr,Dietplus,2026-09-13T19:53:23.000+00:00,candidate
5d635989f6512518e6989c27,Audrey,Pa***n,Shopkeeper,dietplus,dietplus.fr,Dietplus,2026-09-19T00:21:31.000+00:00,candidate
613a001f8c340c00017a51f8,Isabelle,Pa***t,,dietplus,dietplus.fr,Dietplus,2026-04-26T21:42:54.225+00:00,candidate
57d9633ba6da9872729da9ee,Florence,Ch***t,Gérante et Conseillère Nutritionniste,dietplus,dietplus.fr,Dietplus,2026-09-09T13:22:39.000+00:00,candidate
615074f4f19b25000105173a,Dietplus,Jo***n,Coach en Rééquilibrage Alimentaire,dietplus,dietplus.fr,Dietplus,2026-08-13T17:56:37.000+00:00,candidate
64258e50c4a19b0001932acd,Anais,Se***a,Coach Dietplus,dietplus,dietplus.fr,Dietplus,2026-09-09T09:06:45.000+00:00,candidate
635565a97e386b000198df17,Lara,Tr***x,Animatrice Réseau France Belgique,dietplus,dietplus.fr,Dietplus,2026-08-13T17:59:19.000+00:00,candidate
57d482bba6da9853b6a91061,Virginie,Al***n,,dietplus,dietplus.fr,Dietplus,2026-08-17T02:29:52.822+00:00,candidate
635992d752e1950001cd87cb,Nathalie,Da***d,,dietplus,dietplus.fr,Dietplus,2026-01-21T10:20:31.741+00:00,candidate
68f734214c8f35000118134b,Emilie,Ha***e,Coach en Nutrition Dietplus,dietplus,dietplus.fr,Dietplus,2026-08-16T18:04:53.000+00:00,candidate
615289ba6ff45e0001379e84,Ombeline,A,Coach en Rééquilibrage Alimentaire,dietplus,dietplus.fr,Dietplus,2026-09-12T14:11:07.000+00:00,candidate
5e7677571603020001779624,Fabien,Ro***d,Gérent,dietplus,dietplus.fr,Dietplus,2026-07-01T15:00:44.000+00:00,in-sales-nav
6481afa77f4d5f0001308310,Stephan,Gi***t,Store Manager,dietplus,dietplus.fr,Dietplus,2026-09-22T11:52:28.000+00:00,candidate
54c291f27468691639438fa9,Nathalie,Do***e,CEO,dietplus,dietplus.fr,Dietplus,2026-08-30T19:56:14.047+00:00,candidate
66ee505eb4518b0001288c3c,Sylvie,La***t,Coach en Reequilibrage Alimentaire et Bien Etre,dietplus,dietplus.fr,Dietplus,2026-09-24T05:04:22.000+00:00,candidate
616a5f82fc4be200013f579a,Frederic,Ju***n,Directeur Général France et Belgique,NATURHOUSE France,naturhouse.fr,Naturhouse France,2026-09-08T09:45:55.000+00:00,candidate
60d1cdc5d574c00001c1ce07,Christophe,Ban,Directeur Commercial Nord Réseau Franchise,NATURHOUSE France,naturhouse.fr,Naturhouse France,2026-09-12T05:42:55.000+00:00,candidate
66f67d348bcef40001314707,Aurelie,Vi***e,Responsable Communication & Marketing Digital,NATURHOUSE France,naturhouse.fr,Naturhouse France,2026-09-15T03:47:49.797+00:00,candidate
64a9a08484f4270001824d6d,Molka,Fr***j,Déléguée Technique et Commerciale,NATURHOUSE France,naturhouse.fr,Naturhouse France,2026-09-08T09:28:15.000+00:00,candidate
57d44083a6da98537eced5a3,Julien,Sa***i,Gérant Multi Franchisé,NATURHOUSE France,naturhouse.fr,Naturhouse France,2026-09-08T10:27:07.000+00:00,candidate
54a394407468693676858a03,Amelie,Co***e,Dietitian,NATURHOUSE France,naturhouse.fr,Naturhouse France,2026-07-08T06:31:19.000+00:00,candidate
57e12b1ca6da987d68a4920a,Manon,Fr***g,Technicienne en Nutrition,NATURHOUSE France,naturhouse.fr,Naturhouse France,2026-09-23T04:30:31.455+00:00,candidate
614e9517fd4a680001bfb9ea,Alexan,Ca***a,Gérant Centre Naturhouse,NATURHOUSE France,naturhouse.fr,Naturhouse France,2026-09-09T15:42:47.000+00:00,candidate
54a73ca174686965d992c721,Olivier,Bo***t,Responsable Régional Grand Nord,NATURHOUSE France,naturhouse.fr,Naturhouse France,2026-09-23T10:23:03.000+00:00,candidate
61507abfa56a1600016a34bc,Carine,Be***s,Responsable de Zone Grand Rhône,NATURHOUSE France,naturhouse.fr,Naturhouse France,2026-09-04T03:43:52.000+00:00,candidate
57d8bbd8a6da98726a9469d1,Delphine,Mi***n,Regional Manager,NATURHOUSE France,naturhouse.fr,Naturhouse France,2026-10-03T11:26:50.471+00:00,candidate
5ac12a0ca6da98cee1e5f90c,Marion,Ay***e,Gérante - Diététicienne Naturhouse GAP,NATURHOUSE France,naturhouse.fr,Naturhouse France,2026-09-14T03:55:48.269+00:00,candidate
57d9bbe9a6da987fb1aa1c36,Caroline,Le***e,Diététicienne-Nutritionniste Franchisée,NATURHOUSE France,naturhouse.fr,Naturhouse France,2026-09-13T07:35:58.000+00:00,candidate
5e887180eeb8ab0001eba217,Melissa,En***r,"Animatrice Technique, Diététicienne",NATURHOUSE France,naturhouse.fr,Naturhouse France,2026-08-27T07:59:35.954+00:00,candidate
5e8c7561aef1ea00011fb0e7,Justine,Fe***r,Chef D'entreprise // Diététicienne,NATURHOUSE France,naturhouse.fr,Naturhouse France,2026-08-22T10:44:28.912+00:00,candidate
66f80ccbeee1360001b29de1,Christel,Xi***o,Responsable Marketing,NATURHOUSE France,naturhouse.fr,Naturhouse France,2026-09-08T00:15:04.000+00:00,candidate
57dff122a6da980b414ce8ae,Melanie,Se***n,Diététicien agréé,NATURHOUSE France,naturhouse.fr,Naturhouse France,2026-09-07T12:47:20.608+00:00,candidate
613866d9b3ac4200014a80b4,Pauline,Jo***n,Diététicienne Nutritionniste Chez Naturhouse,NATURHOUSE France,naturhouse.fr,Naturhouse France,2026-09-09T03:37:43.000+00:00,candidate
6430267e5b15120001715afa,Angelique,Ma***i,Gérante Diététicienne,NATURHOUSE France,naturhouse.fr,Naturhouse France,2026-09-12T07:19:55.000+00:00,candidate
634a3f1a299d8500013121b5,Nawel,Ta***t,Gerante Naturhouse,NATURHOUSE France,naturhouse.fr,Naturhouse France,2026-09-08T13:37:11.000+00:00,in-sales-nav
6168fcd1a769960001e9f84d,Marine,Di***e,Manager,NATURHOUSE France,naturhouse.fr,Naturhouse France,2026-09-19T21:40:09.000+00:00,candidate
55708d5e73696425b2210e00,Cynthia,Pi***d,Main Manager,NATURHOUSE France,naturhouse.fr,Naturhouse France,2026-09-12T03:52:10.000+00:00,in-sales-nav
61693f64d7b88d0001871c90,Naturhouse,L'***n,Diététienne Gérante,NATURHOUSE France,naturhouse.fr,Naturhouse France,2026-09-08T12:42:22.000+00:00,candidate
54a47acb7468693b8cd8894a,Charlotte,Be***r,Franchisée Naturhouse,NATURHOUSE France,naturhouse.fr,Naturhouse France,2026-09-24T05:37:03.000+00:00,candidate
54c2161074686916391ae776,Sandrine,Ba***s,Manager,NATURHOUSE France,naturhouse.fr,Naturhouse France,2026-08-23T12:06:42.334+00:00,in-sales-nav
62ea625e30afeb00012098fe,Sandrine,Kh***i,Franchise,NATURHOUSE France,naturhouse.fr,Naturhouse France,2026-09-23T09:54:05.000+00:00,candidate
5f065609898bad000177bba7,Alisee,Sa***n,Dietitian,NATURHOUSE France,naturhouse.fr,Naturhouse France,2026-09-17T23:51:13.000+00:00,candidate
5d614088f65125f68d4c23cd,Cindy,Co***t,Franchisée Independante,NATURHOUSE France,naturhouse.fr,Naturhouse France,2026-09-09T10:52:13.000+00:00,candidate
67f0bd9dddf5480001911ea6,Camille,Co***t,Dietitian,NATURHOUSE France,naturhouse.fr,Naturhouse France,2026-08-14T06:48:05.000+00:00,candidate
642ebbdccb35c400017680a7,Vanessa,Vo***r,Coach en Diététique,NATURHOUSE France,naturhouse.fr,Naturhouse France,2026-09-12T01:29:10.000+00:00,candidate
57dd3bb6a6da987b4d941275,Laure,Ga***t,Dietitian-nutritionist,NATURHOUSE France,naturhouse.fr,Naturhouse France,2026-09-24T06:14:24.000+00:00,candidate
642c06047297a500014a44b8,Elora,Po***l,Dietitian,NATURHOUSE France,naturhouse.fr,Naturhouse France,2026-09-25T19:17:23.432+00:00,candidate
6199475f9c134e000145ca13,Sarah,Ma***s,Dietitian,NATURHOUSE France,naturhouse.fr,Naturhouse France,2026-09-12T01:20:01.000+00:00,candidate
5de0a5c18bbb5a0001c84401,Camille,Po***s,,NATURHOUSE France,naturhouse.fr,Naturhouse France,2025-11-21T14:49:57.248+00:00,candidate
5f66db3d31aebc0001ece24e,Emilie,Be***n,Diététicienne - Nutritionniste,NATURHOUSE France,naturhouse.fr,Naturhouse France,2026-09-12T01:35:36.000+00:00,candidate
57d321eca6da9865e025c10f,Cedric,Au***l,Logistics Manager,NATURHOUSE France,naturhouse.fr,Naturhouse France,2026-09-10T10:01:12.000+00:00,candidate
57d9afb8a6da987292874f23,Leila,Hi***r,Gerante Franchisée et Technicienne de Nutrition Naturhouse,NATURHOUSE France,naturhouse.fr,Naturhouse France,2026-09-09T00:34:43.000+00:00,candidate
66524c7fd5419d0001aea7f1,Sixtine,Vi***l,Dietitian,NATURHOUSE France,naturhouse.fr,Naturhouse France,2026-09-08T14:38:57.000+00:00,candidate
5cc67565a3ae6141bde66e32,Joelle,Mo***u,Dietitian,NATURHOUSE France,naturhouse.fr,Naturhouse France,2026-09-09T17:47:38.000+00:00,candidate
54a8bb02746869339927dd04,Charlotte,Ol***r,Diététicienne-nutritionniste D.E. Gérante du Centre Naturhouse Lyon 3 Montchat,NATURHOUSE France,naturhouse.fr,Naturhouse France,2026-09-08T08:39:23.000+00:00,candidate
6167c18f96dc50000164e094,Pauline,Fe***r,Dietitian,NATURHOUSE France,naturhouse.fr,Naturhouse France,2026-09-08T23:11:52.000+00:00,candidate
685bd177114aab00018a9969,Ludivine,Ta***e,Franchise,NATURHOUSE France,naturhouse.fr,Naturhouse France,2026-09-09T03:47:49.000+00:00,candidate
5e6c8f6173806400011db41d,Celine,Ro***r,Multifranchisée Indépendante,NATURHOUSE France,naturhouse.fr,Naturhouse France,2026-09-09T14:26:17.000+00:00,candidate
635960f67f6a440001c8d3a8,Lisa,Le***e,Intern,NATURHOUSE France,naturhouse.fr,Naturhouse France,2026-07-30T05:26:11.000+00:00,candidate
614d8e5f20f75100010a56e9,Lexane,De***t,Franchisée,NATURHOUSE France,naturhouse.fr,Naturhouse France,2026-09-14T06:12:14.000+00:00,candidate
68490ccd1de28d0001a22eab,Pamela,Rm,Dietitian,NATURHOUSE France,naturhouse.fr,Naturhouse France,2026-06-26T16:22:18.000+00:00,candidate
653b495fb92dd600014a21d9,Manon,Be***r,Dietitian,NATURHOUSE France,naturhouse.fr,Naturhouse France,2026-08-14T09:13:09.000+00:00,candidate
615d1d719d004c00019e08e0,Ines,Fi***i,Diététicienne Franchisée,NATURHOUSE France,naturhouse.fr,Naturhouse France,2026-08-13T01:24:42.000+00:00,candidate
6742b0b05339c100018acd3a,Cindy,Ca***a,Diététicienne Indépendante,NATURHOUSE France,naturhouse.fr,Naturhouse France,2026-08-22T07:38:39.302+00:00,candidate
57d62fb6a6da9805ef6272cf,Viviane,Co***a,Sales Manager,NATURHOUSE France,naturhouse.fr,Naturhouse France,2026-08-13T20:56:58.000+00:00,candidate
614d462f58b19d000119b207,Deborah,Le***s,Dietitian,NATURHOUSE France,naturhouse.fr,Naturhouse France,2026-09-12T02:50:03.000+00:00,candidate
695b6dd39428640001876a2e,Lea,Ma***y,Dietitian,NATURHOUSE France,naturhouse.fr,Naturhouse France,2026-07-09T08:33:29.000+00:00,candidate
5e61ca21ee689a0001a49def,Celine,Pe***n,Franchise,NATURHOUSE France,naturhouse.fr,Naturhouse France,2026-09-22T10:21:04.000+00:00,candidate
565662b7a6da984de1015404,Margaret,Au***t,Dietitian Nutritionist,NATURHOUSE France,naturhouse.fr,Naturhouse France,2026-09-12T18:02:17.000+00:00,candidate
67017e6bda5b3a0001c69152,Mathilde,Me***a,Dietitian,NATURHOUSE France,naturhouse.fr,Naturhouse France,2026-09-19T13:45:21.000+00:00,candidate
6954ea1964158f0001016bd7,Leia,Ch***t,Dietitian,NATURHOUSE France,naturhouse.fr,Naturhouse France,2026-07-03T23:14:20.000+00:00,candidate
69b799cc4215120001a0ca58,Alice,Ra***l,Diététicienne- Nutritionniste,NATURHOUSE France,naturhouse.fr,Naturhouse France,2026-08-16T18:52:25.000+00:00,candidate
601db823bc549f00018dd146,Sylvain,St***i,Dietitian,NATURHOUSE France,naturhouse.fr,Naturhouse France,2026-09-10T08:39:38.000+00:00,candidate
64248037dd19ef0001639c66,Helena,Va***a,Diététicienne Gérante,NATURHOUSE France,naturhouse.fr,Naturhouse France,2026-10-02T02:54:40.001+00:00,candidate
67484577c9182a00017ffe0f,Pauline,Be***y,Animatrice Réseau Région EST,NATURHOUSE France,naturhouse.fr,Naturhouse France,2026-09-12T20:37:54.000+00:00,candidate
68f4abcd9cf44e0001456cb0,Sterenn,Fo***e,Dietitian,NATURHOUSE France,naturhouse.fr,Naturhouse France,2026-08-26T13:00:11.708+00:00,candidate
672353bef4267b0001375c37,Armel,Ba***e,Nutritionniste,NATURHOUSE France,naturhouse.fr,Naturhouse France,2026-07-14T21:41:08.000+00:00,candidate
643002512c904e00018121c9,Corinne,Lu***n,Dietitian,NATURHOUSE France,naturhouse.fr,Naturhouse France,2026-09-10T13:53:48.000+00:00,candidate
6954b0c663f93c000169deb0,Cynthia,Bo***h,Dietitian Nutritionist,NATURHOUSE France,naturhouse.fr,Naturhouse France,2026-07-04T00:04:09.000+00:00,candidate
62e34dfa21b81f0001242b6c,Auxane,Ko***l,Gérante Franchisée,NATURHOUSE France,naturhouse.fr,Naturhouse France,2026-09-29T15:02:57.232+00:00,candidate
5ddd48ec6b725b000193ca2a,Aude,Ba***d,Naturopathe et Technicienne en Nutrition,NATURHOUSE France,naturhouse.fr,Naturhouse France,2026-09-13T09:18:15.000+00:00,candidate
60d332df720e98000152320c,Lorann,Go***u,Dietitian,NATURHOUSE France,naturhouse.fr,Naturhouse France,2026-09-21T10:24:50.000+00:00,candidate
6719c087f6015a0001b9d3b8,Tiffany,Le***e,Franchise,NATURHOUSE France,naturhouse.fr,Naturhouse France,2026-09-12T08:54:30.000+00:00,candidate
675027ec9e9804000159ef12,Coline,Bo***s,Dietitian,NATURHOUSE France,naturhouse.fr,Naturhouse France,2026-09-22T11:36:53.000+00:00,candidate
69230e54eae8c90001dc4b76,Clara,Ma***r,Dietitian Nutritionist,NATURHOUSE France,naturhouse.fr,Naturhouse France,2026-09-15T08:13:23.000+00:00,candidate
57d9ec6ea6da9875f4924521,Fanny,La***l,Diététicien agréé,NATURHOUSE France,naturhouse.fr,Naturhouse France,2026-09-12T11:49:55.000+00:00,candidate
635293ebad10d9000176ea15,Faustine,Bo***r,Dietitian,NATURHOUSE France,naturhouse.fr,Naturhouse France,2026-09-09T03:32:13.000+00:00,candidate
6199022481d8420001476667,Berengere,Ko***k,Dietitian,NATURHOUSE France,naturhouse.fr,Naturhouse France,2026-09-08T17:03:17.000+00:00,candidate
671b23f9b4a42d000101300a,Oceane,Mo***u,Dietitian,NATURHOUSE France,naturhouse.fr,Naturhouse France,2026-09-09T03:15:53.000+00:00,candidate
635285f97f3c8c00018f10f6,Aurelie,Ti***e,Référente Technique Diététicienne Naturhouse,NATURHOUSE France,naturhouse.fr,Naturhouse France,2026-09-12T18:44:03.000+00:00,candidate
68539ea56fb96200013206cd,Laurine,Ba***e,Dietitian,NATURHOUSE France,naturhouse.fr,Naturhouse France,2026-09-12T18:48:09.000+00:00,candidate
6359755c8c5dbd0001b18b78,Delphine,Vi***l,Dietitian,NATURHOUSE France,naturhouse.fr,Naturhouse France,2026-06-05T13:26:45.000+00:00,candidate
648fca5e5a162e0001840caa,Fanny,Pr***s,Franchisé Naturhouse - Centre Diététique,NATURHOUSE France,naturhouse.fr,Naturhouse France,2026-09-12T05:51:08.000+00:00,candidate
642419b657de070001c34bf2,Mathea,Fr***i,Dietitian,NATURHOUSE France,naturhouse.fr,Naturhouse France,2026-09-24T05:02:51.000+00:00,candidate
5c49416f80f93ee8296a4266,Alexandra,Ch***s,Dietitian,NATURHOUSE France,naturhouse.fr,Naturhouse France,2026-09-16T03:04:18.000+00:00,candidate
66eec60ecde1e700013d23fe,Laura,Da***z,Diététicien agréé,NATURHOUSE France,naturhouse.fr,Naturhouse France,2026-09-09T02:47:53.000+00:00,candidate
642aed757ad89900012db2c4,Justine,Ha***y,Franchisée Diététicienne Naturhouse France,NATURHOUSE France,naturhouse.fr,Naturhouse France,2026-09-04T09:37:01.516+00:00,candidate
63314a4b02a02900018194e1,Coralie,Ma***n,Franchise,NATURHOUSE France,naturhouse.fr,Naturhouse France,2026-09-09T03:10:46.000+00:00,candidate
6737213be5b0a20001e8d7cf,Joffrey,Pe***e,Gérant de Centre,NATURHOUSE France,naturhouse.fr,Naturhouse France,2026-08-15T12:23:08.000+00:00,in-sales-nav
642ae07624730200010bb832,Delphine,Ch***s,Dietitian,NATURHOUSE France,naturhouse.fr,Naturhouse France,2026-09-29T17:41:08.547+00:00,candidate
635a01f351ab2b00017e869d,Sarah,Bo***d,Dietitian,NATURHOUSE France,naturhouse.fr,Naturhouse France,2026-09-07T04:37:12.118+00:00,candidate
63f503e98fa4fb000165b27f,Blanca,Pa***s,Dietitian,NATURHOUSE France,naturhouse.fr,Naturhouse France,2026-09-08T10:46:40.000+00:00,candidate
68a589064fd1eb00016991fc,Anabel,Ba***r,Diététicienne Conseiller,NATURHOUSE France,naturhouse.fr,Naturhouse France,2026-09-09T20:56:57.000+00:00,candidate
66a6e085d17db00001dd21c3,Thais,Va***r,Dietitian,NATURHOUSE France,naturhouse.fr,Naturhouse France,2026-09-08T11:50:42.000+00:00,candidate
64314a5cf7ce2600012da84a,Coralie,Fa***i,Dietitian Nutritionist,NATURHOUSE France,naturhouse.fr,Naturhouse France,2026-09-08T18:40:29.000+00:00,candidate
62ea3fb73db5ae0001cb14fe,Aurelie,Gh***i,Dietitian,NATURHOUSE France,naturhouse.fr,Naturhouse France,2026-09-25T06:23:55.549+00:00,candidate
6866289a63728e0001ad1385,Pauline,Fa***i,Dietitian Nutritionist,NATURHOUSE France,naturhouse.fr,Naturhouse France,2026-09-10T13:25:27.000+00:00,candidate
67249d3d4597050001702f42,Helene,Gu***u,Dietitian,NATURHOUSE France,naturhouse.fr,Naturhouse France,2026-08-27T15:42:03.628+00:00,candidate
67146fdd158d450001b15dbb,Marta,No***a,CEO & Managing Director,NUTRIADAPT - Nutrition & Beauty Clinic,nutriadapt.cz,NUTRIADAPT,2026-10-01T21:53:55.000+00:00,in-sales-nav
6741b0a0b12f0600015b14cd,Vaclav,Va***k,Vedoucí Projektový Manažer,NUTRIADAPT - Nutrition & Beauty Clinic,nutriadapt.cz,NUTRIADAPT,2026-09-05T16:59:15.000+00:00,candidate
66c56dbd02a4f2000102f68e,Marek,So***a,Supervizor Franchisové sítě,NUTRIADAPT - Nutrition & Beauty Clinic,nutriadapt.cz,NUTRIADAPT,2026-07-27T17:42:09.348+00:00,candidate
54c29ce17468697af7f48db0,Josef,Hu***a,Inovátor,NUTRIADAPT - Nutrition & Beauty Clinic,nutriadapt.cz,NUTRIADAPT,2026-07-09T05:24:46.000+00:00,candidate
57db633aa6da985e88e59ab3,Ondrej,Me***a,Marketingový Ředitel,NUTRIADAPT - Nutrition & Beauty Clinic,nutriadapt.cz,NUTRIADAPT,2026-09-07T14:51:49.000+00:00,candidate
673ac7b21b288400012da641,Matej,No***k,Webový Specialista,NUTRIADAPT - Nutrition & Beauty Clinic,nutriadapt.cz,NUTRIADAPT,2026-08-14T07:00:13.000+00:00,candidate
57d3af14a6da9853ee8fee44,Katarina,Ch***a,Nutrition Specialist,NUTRIADAPT - Nutrition & Beauty Clinic,nutriadapt.cz,NUTRIADAPT,2026-09-12T01:05:29.000+00:00,candidate
6422c0364e19800001d3147a,Alzbeta,Hr***a,Nutriční Specialista,NUTRIADAPT - Nutrition & Beauty Clinic,nutriadapt.cz,NUTRIADAPT,2026-09-08T08:59:18.000+00:00,candidate
64244cdb895f3000017d642d,Daniel,Hu***a,"Majitel, Manažer Poradny",NUTRIADAPT - Nutrition & Beauty Clinic,nutriadapt.cz,NUTRIADAPT,2026-09-09T07:06:48.000+00:00,candidate
67013e9dfc59b00001740705,Romana,Re***a,Výživový Poradce,NUTRIADAPT - Nutrition & Beauty Clinic,nutriadapt.cz,NUTRIADAPT,2026-09-08T23:46:11.000+00:00,candidate
54a4c9f17468692fa243cb63,Ondrej,Ny***t,Člen Vědecko-lékařské Rady,NUTRIADAPT - Nutrition & Beauty Clinic,nutriadapt.cz,NUTRIADAPT,2026-09-04T13:22:22.000+00:00,candidate
671b14632968d200010e1fe9,Magdalena,Ve***a,Výživový Specialista,NUTRIADAPT - Nutrition & Beauty Clinic,nutriadapt.cz,NUTRIADAPT,2026-09-07T12:10:54.000+00:00,candidate
635520a484a7da0001629343,Michaela,Ab***a,Manažer/Majitel Poradny,NUTRIADAPT - Nutrition & Beauty Clinic,nutriadapt.cz,NUTRIADAPT,2026-08-14T14:48:30.000+00:00,candidate
67028ec2a084530001b942ac,Pavlina,De***a,Owner,NUTRIADAPT - Nutrition & Beauty Clinic,nutriadapt.cz,NUTRIADAPT,2026-09-07T02:57:14.000+00:00,candidate
57e0d357a6da987d64946fd7,Katerina,Si***a,Výživový Poradce,NUTRIADAPT - Nutrition & Beauty Clinic,nutriadapt.cz,NUTRIADAPT,2026-09-09T03:15:21.000+00:00,candidate
57e1b671a6da985707e2110a,Karol,Ko***y,Manager,NUTRIADAPT - Nutrition & Beauty Clinic,nutriadapt.cz,NUTRIADAPT,2026-06-21T22:24:37.852+00:00,candidate
57da2f35a6da985b37c9bd0a,Michal,Ve***u,Performance Marketing Specialist,NUTRIADAPT - Nutrition & Beauty Clinic,nutriadapt.cz,NUTRIADAPT,2026-09-07T10:48:56.000+00:00,candidate
6867613739d20c0001dc3009,Jurinova,Re***a,Výživový Poradce,NUTRIADAPT - Nutrition & Beauty Clinic,nutriadapt.cz,NUTRIADAPT,2026-07-25T17:17:03.000+00:00,candidate
67221353bccdb10001e6d020,Romana,Kr***a,Majitel Franšízovýc Poraden Nutradapt - Weigh Management Clinic,NUTRIADAPT - Nutrition & Beauty Clinic,nutriadapt.cz,NUTRIADAPT,2026-06-29T10:15:34.000+00:00,candidate
67012831222a810001409a46,Vendula,Ma***a,Nutrition Specialist,NUTRIADAPT - Nutrition & Beauty Clinic,nutriadapt.cz,NUTRIADAPT,2026-09-08T17:08:06.000+00:00,candidate
665fdee753da340001c8f831,Martina,Ka***a,Nutriční Specialista,NUTRIADAPT - Nutrition & Beauty Clinic,nutriadapt.cz,NUTRIADAPT,2026-09-12T14:00:37.000+00:00,candidate
642573e64da955000197393c,Natali,Sv***a,Nutriční Specialista,NUTRIADAPT - Nutrition & Beauty Clinic,nutriadapt.cz,NUTRIADAPT,2026-09-12T07:44:00.000+00:00,candidate
66d2bfbdc126b90001c5fdfc,Miroslava,De***a,Nutriční Specialista Nutriadapt,NUTRIADAPT - Nutrition & Beauty Clinic,nutriadapt.cz,NUTRIADAPT,2026-09-12T04:13:37.000+00:00,candidate
66d2b83935ced90001ffd18f,Jakub,Po***y,Nutriční Specialista,NUTRIADAPT - Nutrition & Beauty Clinic,nutriadapt.cz,NUTRIADAPT,2026-06-30T03:50:14.000+00:00,candidate
6520ec09008df30001f32525,Barbora,Ga***a,Manažer Pobočky,NUTRIADAPT - Nutrition & Beauty Clinic,nutriadapt.cz,NUTRIADAPT,2026-09-04T17:55:24.000+00:00,candidate
69f851fa06201800015ca5bc,Aneta,Pa***a,Asistentka Recepce,NUTRIADAPT - Nutrition & Beauty Clinic,nutriadapt.cz,NUTRIADAPT,2026-09-24T04:51:33.000+00:00,candidate
67691f62fafd670001fb8117,Katerina,Pa***a,Manager,NUTRIADAPT - Nutrition & Beauty Clinic,nutriadapt.cz,NUTRIADAPT,2026-09-10T12:40:50.000+00:00,candidate
6704f1cbf15e8a0001fceda2,Lucie,Va***a,Assistant,NUTRIADAPT - Nutrition & Beauty Clinic,nutriadapt.cz,NUTRIADAPT,2026-09-09T15:17:06.000+00:00,candidate
57d521f6a6da9853f546b1bc,Lubos,Pa***n,Company Owner,NUTRIADAPT - Nutrition & Beauty Clinic,nutriadapt.cz,NUTRIADAPT,2026-09-09T19:20:19.000+00:00,candidate
6796907c95b51f0001c2ed06,Lenka,Bo***a,Majitelka Kliniky Nutriadapt Hradec Králové - Weight Management Clinic,NUTRIADAPT - Nutrition & Beauty Clinic,nutriadapt.cz,NUTRIADAPT,2026-08-14T08:15:17.000+00:00,candidate
68c4f2d5ad211d00011842d8,Bohuna,Ho***a,Nutriční Specialista,NUTRIADAPT - Nutrition & Beauty Clinic,nutriadapt.cz,NUTRIADAPT,2026-07-26T22:51:05.000+00:00,candidate
67209e9033a3f600017f02b4,Kristina,Ha***a,Administrative Assistant,NUTRIADAPT - Nutrition & Beauty Clinic,nutriadapt.cz,NUTRIADAPT,2026-09-09T08:52:40.000+00:00,candidate
64298a39877911000145077f,Michaela,Ja***a,Administrative Assistant,NUTRIADAPT - Nutrition & Beauty Clinic,nutriadapt.cz,NUTRIADAPT,2026-09-12T03:34:37.000+00:00,candidate
687bb138672b8e00013430c4,Dana,Ce***a,Assistant,NUTRIADAPT - Nutrition & Beauty Clinic,nutriadapt.cz,NUTRIADAPT,2026-09-09T07:19:48.000+00:00,candidate
613acbce45f41c0001423cf3,Pavlina,Ur***a,Sales Assistant,NUTRIADAPT - Nutrition & Beauty Clinic,nutriadapt.cz,NUTRIADAPT,2026-07-17T04:45:27.000+00:00,candidate
60cd8d9145bc2f00013dcb38,Eveline,Me***s,Marketing & Communications Manager,Cambridge Weight Plan Benelux BV,1op1dieet.nl,Het 1 op 1 Dieet,2026-09-10T19:03:34.000+00:00,candidate
55714fb67369642c4dbb7400,Monica,Da***i,Regional Manager,Cambridge Weight Plan Benelux BV,1op1dieet.nl,Het 1 op 1 Dieet,2026-08-16T16:00:31.000+00:00,candidate
54a426d274686938ac43e830,Dick,Va***n,Manager Logistiek,Cambridge Weight Plan Benelux BV,1op1dieet.nl,Het 1 op 1 Dieet,2026-07-01T17:08:55.892+00:00,candidate
54a70e107468696de7671711,Henk,Ol***r,Algemeen Directeur (CEO),Cambridge Weight Plan Benelux BV,1op1dieet.nl,Het 1 op 1 Dieet,2026-10-02T01:36:47.907+00:00,candidate
5b63c5e4f874f769207084b1,Margareth,Be***s,Regiomanager/trainer,Cambridge Weight Plan Benelux BV,1op1dieet.nl,Het 1 op 1 Dieet,2026-07-14T14:30:13.000+00:00,candidate
5d3f288af6512575ec3b1a1b,Barbara,Vos,Inkoper / Product Manager,Cambridge Weight Plan Benelux BV,1op1dieet.nl,Het 1 op 1 Dieet,2026-09-12T16:02:32.000+00:00,candidate
5e65538272f8820001745837,Kelly,Bl***m,Coördinator Office en Directie Ondersteuning,Cambridge Weight Plan Benelux BV,1op1dieet.nl,Het 1 op 1 Dieet,2026-08-23T08:42:03.000+00:00,candidate
5f5fc738de63880001fb8d8c,Ines,Sc***r,Social Media Marketer,Cambridge Weight Plan Benelux BV,1op1dieet.nl,Het 1 op 1 Dieet,2026-07-27T02:34:14.000+00:00,candidate
57db7e5ba6da9868574a82c0,Yven,Lu***k,Technisch Support Medewerker,Cambridge Weight Plan Benelux BV,1op1dieet.nl,Het 1 op 1 Dieet,2026-09-12T01:32:29.000+00:00,candidate
54a4f67f7468692cf096af71,Diny,Va***t,Leefstijlcoach en Consulent van het 1 op 1 Dieet,Cambridge Weight Plan Benelux BV,1op1dieet.nl,Het 1 op 1 Dieet,2026-08-31T21:54:14.663+00:00,candidate
54a7f0df7468696b7fc51458,Marieke,Va***r,Consultant,Cambridge Weight Plan Benelux BV,1op1dieet.nl,Het 1 op 1 Dieet,2026-09-19T00:24:32.000+00:00,candidate
54a544677468693442895b8a,Ans,Va***t,The 1:1 Diet Consulent,Cambridge Weight Plan Benelux BV,1op1dieet.nl,Het 1 op 1 Dieet,2026-07-27T02:32:48.000+00:00,candidate
5b89538c324d444a7be1bc5e,Hilda,Hu***n,Cambridge Weight Plan Consulente,Cambridge Weight Plan Benelux BV,1op1dieet.nl,Het 1 op 1 Dieet,2026-09-12T20:43:29.000+00:00,candidate
54a59e8f7468693b8ceb0d9e,Danielle,Ge***s,Graphic Designer,Cambridge Weight Plan Benelux BV,1op1dieet.nl,Het 1 op 1 Dieet,2026-09-12T11:27:25.000+00:00,candidate
54a1ee5e7468695475379216,Tabitha,Wit,HBO- Voedingsdeskundige,Cambridge Weight Plan Benelux BV,1op1dieet.nl,Het 1 op 1 Dieet,2026-09-12T10:25:36.000+00:00,candidate
54a608a874686938ac30e9bc,Linda,Sc***e,Consulent Voor Afvallen en Gewichtsbeheersing,Cambridge Weight Plan Benelux BV,1op1dieet.nl,Het 1 op 1 Dieet,2026-09-12T15:48:14.000+00:00,candidate
57e1f84da6da9808c63f42ce,Wilmy,Ev***s,Consulente 1:1 Diet,Cambridge Weight Plan Benelux BV,1op1dieet.nl,Het 1 op 1 Dieet,2026-09-19T13:32:33.000+00:00,candidate
54aa72ea7468690630419a05,Yvonne,Ke***e,Onafhankelijke Cambridge Consulente,Cambridge Weight Plan Benelux BV,1op1dieet.nl,Het 1 op 1 Dieet,2026-09-29T23:08:04.918+00:00,candidate
5e5f3a1b2d01c40001c0d9b5,Petra,Ma***y,Consulent Voor Afvallen en Gewichtsbeheersing,Cambridge Weight Plan Benelux BV,1op1dieet.nl,Het 1 op 1 Dieet,2026-09-08T13:40:10.000+00:00,candidate
54a2f60374686930c2b4594a,Irene,Pr***s,Onafhankelijk Consulent,Cambridge Weight Plan Benelux BV,1op1dieet.nl,Het 1 op 1 Dieet,2026-09-10T15:27:04.000+00:00,candidate
54a9a7e974686930ad67da15,Kevin,Wit,Consultant,Cambridge Weight Plan Benelux BV,1op1dieet.nl,Het 1 op 1 Dieet,2026-09-12T17:26:43.000+00:00,candidate
6323068dc1cf950001b2cffb,Anja,Ve***d,Gewichtsverliesconsultant,Cambridge Weight Plan Benelux BV,1op1dieet.nl,Het 1 op 1 Dieet,2026-07-25T08:01:18.000+00:00,candidate
57dd3998a6da987ae8c8e526,Anne,Bu***n,Cambridge Weight Plan Consulente,Cambridge Weight Plan Benelux BV,1op1dieet.nl,Het 1 op 1 Dieet,2026-09-23T10:26:22.000+00:00,candidate
6612ad1c1c09e2000717bedc,Lucia,Bo***r,Health Coach/ Wellness Coach/success Coach,Cambridge Weight Plan Benelux BV,1op1dieet.nl,Het 1 op 1 Dieet,2026-09-04T11:38:35.000+00:00,candidate
54a40ccb74686938acc4a928,Charlotte,Ga***l,Owner,Cambridge Weight Plan Benelux BV,1op1dieet.nl,Het 1 op 1 Dieet,2026-09-07T10:35:12.000+00:00,in-sales-nav
650ab1d6711f5c00016949fb,Bianca,Va***t,Graphic Designer,Cambridge Weight Plan Benelux BV,1op1dieet.nl,Het 1 op 1 Dieet,2026-09-12T03:52:42.000+00:00,candidate
5d482dfd80f93e1b298283c8,Gert,Ju***s,Onafhankelijke Consulent,Cambridge Weight Plan Benelux BV,1op1dieet.nl,Het 1 op 1 Dieet,2026-08-16T19:45:39.000+00:00,candidate
62396be6bab27d000103fad4,Christel,Vr***s,Consultant,Cambridge Weight Plan Benelux BV,1op1dieet.nl,Het 1 op 1 Dieet,2026-08-14T15:41:23.000+00:00,candidate
60bf08896beedc0001d7b6d6,Susanne,Gi***s,Consulente van het 1 op1 Dieet,Cambridge Weight Plan Benelux BV,1op1dieet.nl,Het 1 op 1 Dieet,2026-07-05T06:33:58.000+00:00,candidate
642c0100090ef1000104a4f1,Mariska,Gi***n,Cambridgeweightplan Consulent,Cambridge Weight Plan Benelux BV,1op1dieet.nl,Het 1 op 1 Dieet,2026-08-14T18:04:32.000+00:00,candidate
54a313577468693fdab83b52,Christi,Me***k,Eigenaar Het 1 op 1 Dieet Christi Kuiper Coevorden Klazienaveen Sleen én Online,Cambridge Weight Plan Benelux BV,1op1dieet.nl,Het 1 op 1 Dieet,2026-09-21T05:57:50.000+00:00,candidate
5d5bd6ab80f93ec826ef3fe9,Carla,Vi***s,Zelfstandig Ondernemer @ Cambridge Praktijk Carla Visschers,Cambridge Weight Plan Benelux BV,1op1dieet.nl,Het 1 op 1 Dieet,2026-09-13T20:30:25.000+00:00,candidate
54a3c7027468692fa2bd0912,Tanja,Hi***s,Consultant,Cambridge Weight Plan Benelux BV,1op1dieet.nl,Het 1 op 1 Dieet,2026-07-22T01:06:28.000+00:00,candidate
5d4d440c80f93e55e24d7598,Afvalleninmtricht,Ma***e,Cambridge Weight Plan Consulente,Cambridge Weight Plan Benelux BV,1op1dieet.nl,Het 1 op 1 Dieet,2026-09-12T02:22:25.000+00:00,candidate
6355216167c80400010dc750,Hanaa,Ali,Administrative Assistant,Cambridge Weight Plan Benelux BV,1op1dieet.nl,Het 1 op 1 Dieet,2026-05-25T15:34:01.000+00:00,candidate
663c50248dde3200014f522d,Sofia,St***a,Dietitian,Cambridge Weight Plan Benelux BV,1op1dieet.nl,Het 1 op 1 Dieet,2026-07-25T10:48:24.000+00:00,candidate
57df44a3a6da980b024c1bba,Danny,Fe***a,Logistics Employee,Cambridge Weight Plan Benelux BV,1op1dieet.nl,Het 1 op 1 Dieet,2026-09-13T09:42:28.000+00:00,candidate
54aacbe47468692366a2551a,Maurice,Ve***p,Manager Cambridge Bewegen,Cambridge Weight Plan Benelux BV,1op1dieet.nl,Het 1 op 1 Dieet,2026-07-25T07:50:44.000+00:00,candidate
6419fe044768100001d6c753,Joyce,Va***n,Consultant,Cambridge Weight Plan Benelux BV,1op1dieet.nl,Het 1 op 1 Dieet,2026-09-12T01:18:47.000+00:00,candidate
54a4b9ab746869344209b35e,Machteld,Dr***n,Cambridgelifecoachmachteld,Cambridge Weight Plan Benelux BV,1op1dieet.nl,Het 1 op 1 Dieet,2026-09-10T14:06:04.000+00:00,candidate
54a7630f74686965d935eb2f,Gerda,Wi***l,Consultant / Consulent,Cambridge Weight Plan Benelux BV,1op1dieet.nl,Het 1 op 1 Dieet,2026-09-30T14:53:12.310+00:00,candidate
54a21af37468692e7149550d,Abdulmannan,Im***z,Center Accountant,Cambridge Weight Plan Benelux BV,1op1dieet.nl,Het 1 op 1 Dieet,2026-05-25T12:54:06.000+00:00,candidate
54a3a09f746869320953f905,Annemarie,Ku***r,Eigenaar Onafhankelijk Bedrijf,Cambridge Weight Plan Benelux BV,1op1dieet.nl,Het 1 op 1 Dieet,2026-09-12T09:23:53.000+00:00,candidate
54a41ede7468693b8cb6ed2d,Mirjam,Wi***l,Cambridge Consulente,Cambridge Weight Plan Benelux BV,1op1dieet.nl,Het 1 op 1 Dieet,2026-10-01T04:40:55.093+00:00,candidate
57df85f0a6da980ad8f1ce7a,Nada,Am***a,Dietician,Cambridge Weight Plan Benelux BV,1op1dieet.nl,Het 1 op 1 Dieet,2026-10-02T14:48:24.274+00:00,candidate
63491a90d3c43500015549da,Trainingen,Ca***e,Management Assistant,Cambridge Weight Plan Benelux BV,1op1dieet.nl,Het 1 op 1 Dieet,2026-09-10T06:43:52.000+00:00,candidate
5f4befe449e9150001eda97a,Stephanie,Mi***n,HR Development Manager,Laboratorios YSONUT,ysonut.es,Laboratorios YSONUT,2026-09-14T16:04:30.000+00:00,candidate
57d59b04a6da985386c6e385,Paola,Ga***i,Gerente de Compras y Logística,Laboratorios YSONUT,ysonut.es,Laboratorios YSONUT,2026-09-26T07:58:41.000+00:00,candidate
649bdeabd2e4670001017f00,Angeles,De***o,Senior Brand Manager Latam,Laboratorios YSONUT,ysonut.es,Laboratorios YSONUT,2026-09-08T06:16:58.000+00:00,candidate
54ec0b6674686943113c3e44,Luis,Ja***e,Responsable Operativo Área IT,Laboratorios YSONUT,ysonut.es,Laboratorios YSONUT,2026-09-08T18:05:53.162+00:00,candidate
610cf3d4c5d9e10001e643ae,Pedro,Mo***s,Director Financiero & IT Corporativo,Laboratorios YSONUT,ysonut.es,Laboratorios YSONUT,2026-09-08T06:10:22.000+00:00,candidate
61873237c78660000104284a,Manuela,Ba***o,Area Manager,Laboratorios YSONUT,ysonut.es,Laboratorios YSONUT,2026-10-01T06:47:13.925+00:00,candidate
68062ff713aa8f00018f3acd,Marc,Sa***n,Chairman and CEO,Laboratorios YSONUT,ysonut.es,Laboratorios YSONUT,2026-09-12T17:15:55.000+00:00,in-sales-nav
679892c5c6c2a200014459a9,Nazarena,Nu***z,Trade Marketing Specialist,Laboratorios YSONUT,ysonut.es,Laboratorios YSONUT,2026-09-27T14:19:14.593+00:00,candidate
6719fb77ecc94300014d4330,Juan,Vi***s,National Key Account Manager,Laboratorios YSONUT,ysonut.es,Laboratorios YSONUT,2026-08-09T04:48:32.000+00:00,candidate
6719b8066f0f4500019f5802,Celia,Ca***e,Brand Manager,Laboratorios YSONUT,ysonut.es,Laboratorios YSONUT,2026-09-08T10:01:44.000+00:00,candidate
5e64aa9c05fe6300018180dd,Juan,Al***o,HR. Generalist,Laboratorios YSONUT,ysonut.es,Laboratorios YSONUT,2026-09-12T20:44:35.000+00:00,candidate
5aaca2c9a6da98c3f8cf9435,Oscar,Pe***a,Business Medical Manager,Laboratorios YSONUT,ysonut.es,Laboratorios YSONUT,2026-08-15T15:25:16.000+00:00,candidate
5b34f7daa6da98b2a6deee33,Miriam,Ma***n,APM,Laboratorios YSONUT,ysonut.es,Laboratorios YSONUT,2026-09-23T18:06:45.414+00:00,candidate
63b6e68d90ff080001758bec,Rene,Ga***a,Commercial Representative,Laboratorios YSONUT,ysonut.es,Laboratorios YSONUT,2026-08-15T12:56:54.000+00:00,candidate
54a3333a7468693cdd8fd75b,Julia,La***i,Gerente Operacional Argentina,Laboratorios YSONUT,ysonut.es,Laboratorios YSONUT,2026-08-28T12:33:48.395+00:00,candidate
54a1c04a746869547595a20d,Alejandra,Ba***t,Gerencia Corporativa SAC & Club Ysovip,Laboratorios YSONUT,ysonut.es,Laboratorios YSONUT,2026-09-08T09:38:58.000+00:00,candidate
58a72ec3f65125cfdaa731bd,Vivienne,Lu,Head of Finance-West Europe,Laboratorios YSONUT,ysonut.es,Laboratorios YSONUT,2026-10-01T00:56:26.114+00:00,candidate
57e0ce41a6da987d74d35154,Oceane,Th***t,Brand Manager,Laboratorios YSONUT,ysonut.es,Laboratorios YSONUT,2026-09-07T23:35:22.319+00:00,candidate
5e787876f88fb900013df69a,Romane,De***t,Social Media & Influencer Marketing Manager,Laboratorios YSONUT,ysonut.es,Laboratorios YSONUT,2026-09-19T00:52:57.000+00:00,candidate
5bc51461a3ae610d12cce704,Jose,Ro***n,Responsable de Formación,Laboratorios YSONUT,ysonut.es,Laboratorios YSONUT,2026-09-23T10:05:28.000+00:00,candidate
54a5b7957468693b8c09baa2,Simon,Da***n,Marketing Digital,Laboratorios YSONUT,ysonut.es,Laboratorios YSONUT,2026-09-05T12:37:03.000+00:00,candidate
60be0e0b7f65800001da5971,Jose,Ca***o,Departamento Médico,Laboratorios YSONUT,ysonut.es,Laboratorios YSONUT,2026-09-10T11:20:55.000+00:00,candidate
619733ca111f800001115b65,Mercedes,Ga***a,Commercial Manager,Laboratorios YSONUT,ysonut.es,Laboratorios YSONUT,2026-09-17T08:11:08.000+00:00,candidate
54a6e4767468696b7fe5c301,Johanne,St***k,Responsable Commerciale Grand est,Laboratorios YSONUT,ysonut.es,Laboratorios YSONUT,2026-09-21T10:16:22.000+00:00,candidate
57d8c3a3a6da98723a14b46f,Lourdes,Do***o,Eventos y Academia Ysonut,Laboratorios YSONUT,ysonut.es,Laboratorios YSONUT,2026-09-08T10:23:21.000+00:00,candidate
54a77be474686965d9ee3c39,Luis,Re***s,Accounting Technician,Laboratorios YSONUT,ysonut.es,Laboratorios YSONUT,2026-07-25T12:56:27.000+00:00,candidate
5dc4350e3681820001533a7c,Jeremy,Bo***l,Formateur France,Laboratorios YSONUT,ysonut.es,Laboratorios YSONUT,2026-09-13T09:49:47.000+00:00,candidate
5ad5de20a6da986824ce47ed,Astrid,Ro***z,Business Development and Sales,Laboratorios YSONUT,ysonut.es,Laboratorios YSONUT,2026-09-25T00:25:45.008+00:00,candidate
54a608bd74686932099303bd,Sandra,Ca***a,Head of Legal Department – Grupo Ysonut,Laboratorios YSONUT,ysonut.es,Laboratorios YSONUT,2026-09-04T17:22:47.000+00:00,candidate
61a1c1ac73064b00016e9109,Leady,Vi***a,Delgado Comercial Gto/Ags/Slp,Laboratorios YSONUT,ysonut.es,Laboratorios YSONUT,2026-09-07T12:28:11.398+00:00,candidate
60be0d8c43f8600001ea2ec3,Blas,Sa***z,Manager,Laboratorios YSONUT,ysonut.es,Laboratorios YSONUT,2026-08-24T08:41:45.000+00:00,candidate
671870fcb34e1600013d5227,Claudia,Lo***o,Brand Manager JR Francophone,Laboratorios YSONUT,ysonut.es,Laboratorios YSONUT,2026-09-12T17:33:32.000+00:00,candidate
658405e2b8f36e0001f1cfef,Karen,Al***e,Consultor de Almacén de Datos de Inteligencia Empresarial,Laboratorios YSONUT,ysonut.es,Laboratorios YSONUT,2026-09-08T07:15:01.000+00:00,candidate
5d511fc580f93e38067b8b3b,Alexandra,Ju***s,Sales Manager,Laboratorios YSONUT,ysonut.es,Laboratorios YSONUT,2026-09-20T10:46:15.000+00:00,candidate
6704ea5a85b2670001749a2b,Micaela,Fl***s,Responsable de Servicio a Clientes,Laboratorios YSONUT,ysonut.es,Laboratorios YSONUT,2026-08-23T09:27:07.000+00:00,candidate
5571476973696457b7982600,Anne-Sophie,He***z,Responsable Atención al Cliente,Laboratorios YSONUT,ysonut.es,Laboratorios YSONUT,2026-09-29T00:10:30.322+00:00,candidate
62c8c77f0730bb0001f7887b,Javier,Di***z,Responsable Departamento Tesorería,Laboratorios YSONUT,ysonut.es,Laboratorios YSONUT,2026-09-08T14:19:29.000+00:00,candidate
68ca5887b7de820001f08cd6,Emilia,To***s,Coordinador Laboral & RR.HH. Latam,Laboratorios YSONUT,ysonut.es,Laboratorios YSONUT,2026-09-13T01:09:11.000+00:00,candidate
67c80703f7060a0001a9b474,Natalia,Ca***l,Controller Coorp. y Responsable de Adm. y Finanzas Argentina,Laboratorios YSONUT,ysonut.es,Laboratorios YSONUT,2026-04-20T11:18:20.518+00:00,candidate
60cf5f3d3b54050001b78f9a,Maria,Fi***l,Medical Visiting Representative,Laboratorios YSONUT,ysonut.es,Laboratorios YSONUT,2026-09-08T17:46:08.000+00:00,candidate
636d22060e51bd00013473db,Coraline,Co***n,Chargé de Développement de Produit Nutraceutique (R&D),Laboratorios YSONUT,ysonut.es,Laboratorios YSONUT,2026-09-23T05:27:57.000+00:00,candidate
66c9522a65ab430001b31d09,Gina,Lo***z,Responsable Espacio Ysonut Barcelona,Laboratorios YSONUT,ysonut.es,Laboratorios YSONUT,2026-08-29T20:11:14.248+00:00,candidate
54aaafd67468692366dc0013,Valerie,Ze***u,Sector Manager,Laboratorios YSONUT,ysonut.es,Laboratorios YSONUT,2026-08-23T08:46:57.147+00:00,candidate
643017c650a70300019cd0fd,Fatima,No***a,Responsable Punto de Venta Dietista Laboratorios Ysonut Madrid,Laboratorios YSONUT,ysonut.es,Laboratorios YSONUT,2026-09-09T04:39:24.000+00:00,candidate
6353d57d84268d0001c89e7a,Eleonore,Cr***n,Customer Service Representative,Laboratorios YSONUT,ysonut.es,Laboratorios YSONUT,2026-08-27T14:06:17.299+00:00,candidate
62680243b7850f00014da744,Juan,Me***z,Accounting Administrator,Laboratorios YSONUT,ysonut.es,Laboratorios YSONUT,2026-09-05T13:32:35.000+00:00,candidate
61939c6afe65950001a43c0f,Frederic,De***x,Département Commercial,Laboratorios YSONUT,ysonut.es,Laboratorios YSONUT,2026-09-22T00:53:55.527+00:00,candidate
63527488e7235f0001305799,Imene,Ab***t,Responsable Support Technique,Laboratorios YSONUT,ysonut.es,Laboratorios YSONUT,2026-09-07T20:31:56.000+00:00,candidate
6168f952274d390001ff22dd,Agustina,Sa***n,Departamento de SAC Comercial - Analista Comercial,Laboratorios YSONUT,ysonut.es,Laboratorios YSONUT,2026-09-20T10:23:33.000+00:00,candidate
666634fc9df0ea000189f9f6,Marilina,Sc***o,Lic en Nutricion,Laboratorios YSONUT,ysonut.es,Laboratorios YSONUT,2026-09-07T20:11:46.000+00:00,candidate
64ec8442971d160001163774,Maribel,Sa***z,Responsable Departamento Administración,Laboratorios YSONUT,ysonut.es,Laboratorios YSONUT,2026-10-03T15:20:11.916+00:00,candidate
57d91052a6da9872625f647c,Eva,Bo***a,Event Management,Laboratorios YSONUT,ysonut.es,Laboratorios YSONUT,2026-08-14T15:01:08.000+00:00,candidate
610aafdde1a3d800018da0a1,Marie-Pierre,So***a,Global Marketing Director,Laboratorios YSONUT,ysonut.es,Laboratorios YSONUT,2026-09-20T08:52:30.000+00:00,candidate
6353f414296a5f00015a8704,Maria,Bu***o,Medical Visiting Representative,Laboratorios YSONUT,ysonut.es,Laboratorios YSONUT,2026-08-14T14:20:39.000+00:00,candidate
6379067623ee2a000144290c,Elea,La***e,HR Manager,Laboratorios YSONUT,ysonut.es,Laboratorios YSONUT,2026-09-08T11:40:37.000+00:00,candidate
616915616484050001f9966e,Mercedes,Ma***n,Visitadora Medica y Farmacias,Laboratorios YSONUT,ysonut.es,Laboratorios YSONUT,2026-09-10T06:57:55.000+00:00,candidate
64d6aa78be72000001a35ba4,Ronald,Ca***o,Administrative Assistant,Laboratorios YSONUT,ysonut.es,Laboratorios YSONUT,2026-09-12T09:01:30.000+00:00,candidate
5e5ba527aa9fd20001f70d4f,Joana,Al***o,Area Sales Manager | Medical and Pharmaceutical Representative,Laboratorios YSONUT,ysonut.es,Laboratorios YSONUT,2026-09-04T03:46:51.000+00:00,candidate
6665ac1c06c07900014bb5dc,Sol,Pa***k,Commercial,Laboratorios YSONUT,ysonut.es,Laboratorios YSONUT,2026-09-21T12:33:41.000+00:00,candidate
57d41d2ea6da9853becd9cb4,Laura,Ca***e,Nutritionist,Laboratorios YSONUT,ysonut.es,Laboratorios YSONUT,2026-09-17T20:54:51.000+00:00,candidate
674ce3419f6066000140c0ac,Maria,Vo***a,Lic Nutricion/apm,Laboratorios YSONUT,ysonut.es,Laboratorios YSONUT,2026-07-06T20:03:44.000+00:00,candidate
5f0f556384eebb0001527ee5,Adrian,Ve***a,APM,Laboratorios YSONUT,ysonut.es,Laboratorios YSONUT,2026-07-05T00:52:24.000+00:00,candidate
64241a828c26e700017058ad,Fernando,Ma***z,Delegado Comercial Mixto Visita Médica y Farmacia,Laboratorios YSONUT,ysonut.es,Laboratorios YSONUT,2026-09-13T21:04:17.000+00:00,candidate
5e814cd79cb439000144ef49,Julieta,Ir***t,Commercial Agent,Laboratorios YSONUT,ysonut.es,Laboratorios YSONUT,2026-09-20T10:18:40.000+00:00,candidate
627229ca27cf5100010b2d59,Maria,Ri***s,Commercial Representative,Laboratorios YSONUT,ysonut.es,Laboratorios YSONUT,2026-07-25T17:56:44.000+00:00,candidate
5d6a219a80f93ea660d41de0,Andrea,Si***n,Creative Designer,Laboratorios YSONUT,ysonut.es,Laboratorios YSONUT,2026-09-24T06:37:29.000+00:00,candidate
66a8611eace43500018a8f39,Khalil,Ch***d,Product Manager,Laboratorios YSONUT,ysonut.es,Laboratorios YSONUT,2026-08-23T06:40:13.000+00:00,candidate
61a5a7f904bf6f000147eabb,Mariana,Ar***a,Commercial Coordinator,Laboratorios YSONUT,ysonut.es,Laboratorios YSONUT,2026-09-08T07:38:19.000+00:00,candidate
6430050bcfcce100014e5cc7,Toni,Ri***o,Sales Specialist,Laboratorios YSONUT,ysonut.es,Laboratorios YSONUT,2026-09-10T09:04:18.000+00:00,candidate
66ab50aefaf9290001c4a4ed,Andrea,L,Brand Manager Junior & Marketing Digital,Laboratorios YSONUT,ysonut.es,Laboratorios YSONUT,2026-09-08T06:08:15.000+00:00,candidate
5b2bee3ca6da986447c083c1,Rocio,Ma***z,Profesional Nutricionista de Ysonut Argentina,Laboratorios YSONUT,ysonut.es,Laboratorios YSONUT,2026-08-19T03:32:49.000+00:00,candidate
57e0dff8a6da987d94b1d229,Jose,Ma***o,Delegado Visita Mixta Farmacéutica,Laboratorios YSONUT,ysonut.es,Laboratorios YSONUT,2026-09-12T15:29:03.000+00:00,candidate
57d435e6a6da9853765420c8,Candice,Ga***t,Customers & Sales Support,Laboratorios YSONUT,ysonut.es,Laboratorios YSONUT,2026-06-24T03:14:03.619+00:00,candidate
69dc140048a5980001899bdd,Susana,He***z,Account Manager,Laboratorios YSONUT,ysonut.es,Laboratorios YSONUT,2026-09-15T07:19:49.000+00:00,candidate
5e7d429c0446790001bf6e7d,Ruben,Av***r,Dirección Operativa México,Laboratorios YSONUT,ysonut.es,Laboratorios YSONUT,2026-09-13T01:48:03.000+00:00,candidate
5f69d6a5336d6600019433c5,Fernando,Be***s,Medical Visiting Representative,Laboratorios YSONUT,ysonut.es,Laboratorios YSONUT,2026-09-22T10:31:26.000+00:00,candidate
60be0e0b41210c000120ee02,Xavier,Ad***r,Delegado de Visita Medica,Laboratorios YSONUT,ysonut.es,Laboratorios YSONUT,2026-09-23T04:49:06.000+00:00,candidate
54a32af07468693318ce0f59,Maria,Tr***o,Lic. Nutrición,Laboratorios YSONUT,ysonut.es,Laboratorios YSONUT,2026-09-17T20:44:21.000+00:00,candidate
6738617681f96f0001cb73a2,Coline,Gu***y,Operadora Servicio Atención Cliente Francofonía,Laboratorios YSONUT,ysonut.es,Laboratorios YSONUT,2026-08-14T07:27:45.000+00:00,candidate
5d68a062a3ae615e1cf1ed22,Ana,Fo***a,SAC,Laboratorios YSONUT,ysonut.es,Laboratorios YSONUT,2026-09-23T11:37:22.000+00:00,candidate
57df84e8a6da980b6589cec3,Athena,Sa***o,Commercial Assistant,Laboratorios YSONUT,ysonut.es,Laboratorios YSONUT,2026-09-12T13:54:18.000+00:00,candidate
5e7a81406926f50001d330a7,Jose,Ma***z,Delegado Comercial Ysonut,Laboratorios YSONUT,ysonut.es,Laboratorios YSONUT,2026-08-15T15:51:58.000+00:00,candidate
61ea547a4486b700016bc418,Laurita,Ga***a,,Laboratorios YSONUT,ysonut.es,Laboratorios YSONUT,2026-02-04T23:45:32.175+00:00,candidate
563288a7a6da9828180021eb,Dunia,Ma***a,Representante Superior de Ventas,Laboratorios YSONUT,ysonut.es,Laboratorios YSONUT,2026-09-07T20:25:05.000+00:00,candidate
5e66f50e12903c0001ede32f,Ezequiel,Fe***t,Medical Representative,Laboratorios YSONUT,ysonut.es,Laboratorios YSONUT,2026-09-20T10:21:16.000+00:00,candidate
57d5c27ba6da98537edb823d,Valerie,Ch***u,Research and Development Manager,Laboratorios YSONUT,ysonut.es,Laboratorios YSONUT,2026-07-08T05:42:50.000+00:00,candidate
66ab2f5505bc7c000198c08a,Alfonso,He***a,Store Manager,Laboratorios YSONUT,ysonut.es,Laboratorios YSONUT,2026-09-09T04:26:41.190+00:00,candidate
57e09b1da6da981c458ee1d2,Manuel,Ci***s,Warehouse Assistant,Laboratorios YSONUT,ysonut.es,Laboratorios YSONUT,2026-09-30T11:17:12.000+00:00,candidate
57de1872a6da987b65e7579f,Ale,Go***z,Medical Representative,Laboratorios YSONUT,ysonut.es,Laboratorios YSONUT,2026-08-19T11:42:07.000+00:00,candidate
60c2c1531915da0001aafcbf,Raquel,Sa***o,Pharmaceutical Sales Representative,Laboratorios YSONUT,ysonut.es,Laboratorios YSONUT,2026-08-27T02:37:51.458+00:00,candidate
66c8025b27a6180001290d56,Ivan,Ve***a,Depto.Marketing y Comunicación,Laboratorios YSONUT,ysonut.es,Laboratorios YSONUT,2026-09-05T04:38:45.958+00:00,candidate
64ece56e947f4b00014e8044,Noelia,Mu***z,Customer Service,Laboratorios YSONUT,ysonut.es,Laboratorios YSONUT,2026-07-05T17:13:01.000+00:00,candidate
57df58bda6da980add3227b4,Silvia,Sa***s,Controller Economico,Laboratorios YSONUT,ysonut.es,Laboratorios YSONUT,2026-09-16T04:09:06.000+00:00,candidate
5e7d392e01494d0001b3b865,Melanie,We***r,APM,Laboratorios YSONUT,ysonut.es,Laboratorios YSONUT,2026-09-28T13:16:48.020+00:00,candidate
66ee53d69221d0000129362f,Veronica,L,Logistics,Laboratorios YSONUT,ysonut.es,Laboratorios YSONUT,2026-08-16T16:51:57.000+00:00,candidate
63864af3f1ff0f0001997a6e,Juliana,Ca***h,Nutritionist,Laboratorios YSONUT,ysonut.es,Laboratorios YSONUT,2026-09-25T21:31:31.000+00:00,candidate
54a72c9f7468696829d9251c,Nuria,Bl***o,Dietitian,Laboratorios YSONUT,ysonut.es,Laboratorios YSONUT,2026-09-12T08:44:52.000+00:00,candidate
61668661c3d65f00012c0129,Carolina,Po***s,APM y Lic. en Nutrición,Laboratorios YSONUT,ysonut.es,Laboratorios YSONUT,2026-09-11T23:47:51.112+00:00,candidate
54a951da746869334a24b711,Valerie,No***t,Responsable Commercial Laboratoire Ysonut,Laboratorios YSONUT,ysonut.es,Laboratorios YSONUT,2026-08-31T22:15:41.384+00:00,candidate
60be0ecb68bce90001fafdea,Yannis,Se***s,Responsable Comercial Ysonut - Belgique et Grand-duché du Lux.,Laboratorios YSONUT,ysonut.es,Laboratorios YSONUT,2026-09-11T03:21:17.000+00:00,candidate
60b9c0ce2abe580001797c98,Cherry,Wi***s,CEO,Metabolic Balance®,metabolic-balance.com,Metabolic Balance,2026-09-26T07:34:36.903+00:00,candidate
54aa19397468692d1c58a71c,Marilyn,Fr***n,Coach,Metabolic Balance®,metabolic-balance.com,Metabolic Balance,2026-08-12T05:31:02.936+00:00,candidate
5c6ed1b0a3ae619efc786693,Lisa,Sc***k,Metabolic Balance Coach,Metabolic Balance®,metabolic-balance.com,Metabolic Balance,2026-09-06T09:39:16.000+00:00,candidate
5d431ecaf651252f911e7e01,Sylvia,Eg***l,Director of Coaching & Education,Metabolic Balance®,metabolic-balance.com,Metabolic Balance,2026-09-18T10:53:16.000+00:00,candidate
606a94828c8a0000013d8305,Karen,Py***e,CEO at Metabolic Balance United Kingdom and Ireland,Metabolic Balance®,metabolic-balance.com,Metabolic Balance,2026-09-29T20:31:39.000+00:00,candidate
54ebba3e746869444cbe4b17,Jehan,Lu***o,Metabolic Balance,Metabolic Balance®,metabolic-balance.com,Metabolic Balance,2026-08-24T11:59:57.000+00:00,candidate
56315679a6da9832e3003ecc,Shelina,Me***a,,Metabolic Balance®,metabolic-balance.com,Metabolic Balance,2026-01-16T17:38:22.746+00:00,candidate
5de87a4ec49845000163f624,Karen,Jo***s,Metabolic Balance Coach,Metabolic Balance®,metabolic-balance.com,Metabolic Balance,2026-08-13T14:51:57.000+00:00,candidate
679eb2eba20d540001f43839,Lilia,Fl***s,Coach Certificada de Metabolic Balance,Metabolic Balance®,metabolic-balance.com,Metabolic Balance,2026-09-15T19:35:24.000+00:00,candidate
624d85f988654f0001493724,Daniela,La***i,Responsible,Metabolic Balance®,metabolic-balance.com,Metabolic Balance,2026-09-25T09:19:54.704+00:00,candidate
557095f073696426e4a86300,Dana,Ma***a,,Metabolic Balance®,metabolic-balance.com,Metabolic Balance,2026-01-16T17:38:22.737+00:00,candidate
57e1f52aa6da9808fefa78fc,Arzu,Oz***n,Doktor Metabolic Balance Temsilcisi &GAPS Practitioner,Metabolic Balance®,metabolic-balance.com,Metabolic Balance,2026-08-15T11:50:00.000+00:00,candidate
55708f887369643ea63d0e00,Pam,Te***l,Certified Metabolic Balance® Coach,Metabolic Balance®,metabolic-balance.com,Metabolic Balance,2026-08-11T01:30:24.000+00:00,candidate
613aed6ed821200001cf676b,Carrie,Pr***t,Certified Coach,Metabolic Balance®,metabolic-balance.com,Metabolic Balance,2026-09-23T18:20:43.000+00:00,candidate
68f3708e82331e00010fc2f3,Philip,Ch***y,Health Coach,Metabolic Balance®,metabolic-balance.com,Metabolic Balance,2026-08-09T08:09:41.000+00:00,candidate
68d4b2f4aa7f79000103b327,Volodimir,Ga***k,Teacher Training (ITT),Metabolic Balance®,metabolic-balance.com,Metabolic Balance,2026-08-24T08:45:52.000+00:00,candidate
54a3942d7468692cf0ff8203,Ute,Se***r,"Metabolic Balance-The Original, Owner",Metabolic Balance®,metabolic-balance.com,Metabolic Balance,2026-09-27T19:48:23.448+00:00,candidate
54a2ca1474686935bee3bf3c,Sylvain,De***s,Certified Metabolic Balance Coach,Metabolic Balance®,metabolic-balance.com,Metabolic Balance,2026-07-09T03:24:01.000+00:00,candidate
57d7779ba6da984fb24c1ad1,Petra,Wu***a,Poradce pro Výživu a Životní Styl,Metabolic Balance®,metabolic-balance.com,Metabolic Balance,2026-09-08T05:47:26.000+00:00,candidate
54a49f5974686938ac3a5156,Valery,Ko***v,,Metabolic Balance®,metabolic-balance.com,Metabolic Balance,2026-03-09T21:35:23.637+00:00,candidate
6007f7caac49e00001f1168c,Susan,Ca***r,"Certified in Metabolic Health, Metabolic Balance Coach",Metabolic Balance®,metabolic-balance.com,Metabolic Balance,2026-08-11T21:43:30.000+00:00,candidate
54a1ce6974686942d3617912,Tuncer,Ba***g,Doctor,Metabolic Balance®,metabolic-balance.com,Metabolic Balance,2026-07-25T09:46:08.000+00:00,candidate
57e07734a6da981c29dbe713,Beatrice,Fo***o,Consultant,Metabolic Balance®,metabolic-balance.com,Metabolic Balance,2026-08-15T11:12:28.000+00:00,candidate
57db87f8a6da9868daf93257,Sunita,Na***o,Metabolic Balance Consultant,Metabolic Balance®,metabolic-balance.com,Metabolic Balance,2026-08-09T09:40:30.000+00:00,candidate
5570998a736964223d797400,Astrid,Wo***r,Coach,Metabolic Balance®,metabolic-balance.com,Metabolic Balance,2026-08-17T08:58:25.000+00:00,candidate
54a60d9274686936769204be,Lupita,Tr***o,Metabolic Balance Coach,Metabolic Balance®,metabolic-balance.com,Metabolic Balance,2026-08-23T12:54:57.000+00:00,candidate
54c168ff7468691639578008,Therese,Ku***i,Conseillère Metabolic Balance,Metabolic Balance®,metabolic-balance.com,Metabolic Balance,2026-08-10T13:18:03.000+00:00,candidate
57d6ed06a6da98544928d73a,Sabine,Ma***r,Metabolic Balance Coach,Metabolic Balance®,metabolic-balance.com,Metabolic Balance,2026-09-21T05:44:20.000+00:00,candidate
5f6101dc7ad826000102993e,Nita,Gr***a,Consilier Metabolic Balance,Metabolic Balance®,metabolic-balance.com,Metabolic Balance,2026-07-14T14:50:28.000+00:00,candidate
6713a2a52c1b2d0001106687,Hueseyin,Ce***r,Dr Hüseyin Cenkler,Metabolic Balance®,metabolic-balance.com,Metabolic Balance,2025-06-08T04:56:55.941+00:00,candidate
66ae611f8a79530001b045fb,Manju,Mo***n,Metabolic Balance Consultant,Metabolic Balance®,metabolic-balance.com,Metabolic Balance,2026-08-20T06:23:17.000+00:00,candidate
54a591b57468692abf2cfd9b,Sharon,At***n,Colon Hydro-Therapist,Metabolic Balance®,metabolic-balance.com,Metabolic Balance,2026-05-17T10:58:33.076+00:00,candidate
54a5c0b9746869320946a5a5,Katerina,Fi***a,Poradce Metabolic Balance®,Metabolic Balance®,metabolic-balance.com,Metabolic Balance,2026-08-14T13:12:01.000+00:00,candidate
54a780a67468696829539f3a,Agnieszka,Ko***a,Dietician,Metabolic Balance®,metabolic-balance.com,Metabolic Balance,2026-09-18T04:58:59.000+00:00,candidate
54a7c61374686965d9dcfd50,Brigitte,Es***l,Coach,Metabolic Balance®,metabolic-balance.com,Metabolic Balance,2026-09-22T06:20:06.000+00:00,candidate
636c9a0e47d7db0001d41e82,Mashal,Kh***n,Health Coach,Metabolic Balance®,metabolic-balance.com,Metabolic Balance,2026-09-07T12:34:09.000+00:00,candidate
54a4abc574686934429dfe59,Didier,Ar***t,Doctor,Metabolic Balance®,metabolic-balance.com,Metabolic Balance,2026-09-08T13:11:36.000+00:00,candidate
69707e4a0597ac0001f7e3f0,Ivana,Bu***r,,Metabolic Balance®,metabolic-balance.com,Metabolic Balance,2026-01-16T17:38:22.741+00:00,candidate
631dc296efe14a00018c6f53,Michael,Cnp,,Metabolic Balance®,metabolic-balance.com,Metabolic Balance,2025-07-29T14:40:49.700+00:00,candidate
5f50ebed93cb270001feab1a,Neha,Bh***n,Metabolic Balance ® Coach and Nutritionist,Metabolic Balance®,metabolic-balance.com,Metabolic Balance,2026-09-18T02:22:55.000+00:00,candidate
624033a79bc5c60001b18207,Kris,Fl***s,Metabolic Balance® Coach,Metabolic Balance®,metabolic-balance.com,Metabolic Balance,2026-08-19T21:13:08.000+00:00,candidate
5f5ad4426cf4800001721f28,Address,Re***t,General Manager,Metabolic Balance®,metabolic-balance.com,Metabolic Balance,2026-09-08T11:38:23.000+00:00,candidate
557068037369643598ed0700,Karen,Be***k,Director,Metabolic Balance®,metabolic-balance.com,Metabolic Balance,2026-09-05T19:59:56.301+00:00,candidate
614d98805919dc0001defe93,Lora,Ew***s,Holistic Nutritionist + Coach,Metabolic Balance®,metabolic-balance.com,Metabolic Balance,2026-09-13T05:15:32.000+00:00,candidate
65967448fe0ca300015bfa76,Susanne,Un***n,Director of Nutrition & Science,Metabolic Balance®,metabolic-balance.com,Metabolic Balance,2026-01-16T17:38:22.740+00:00,candidate
69dad1c339881000013f0619,Alina,Jo***l,Nutritionist,Metabolic Balance®,metabolic-balance.com,Metabolic Balance,2026-09-15T07:20:04.000+00:00,candidate
6153de209ee7dd000150fd3f,Team,Ba***e,Team Support,Metabolic Balance®,metabolic-balance.com,Metabolic Balance,2026-09-08T13:55:50.000+00:00,candidate
61e42aeff73ad20001f4cf19,Gilvanete,Lo***s,Coach Metabolic Balance,Metabolic Balance®,metabolic-balance.com,Metabolic Balance,2026-09-29T12:34:23.660+00:00,candidate
64a84ae778f0390001000b95,Irena,Ho***a,Lektorka Kurzů Vaření,Metabolic Balance®,metabolic-balance.com,Metabolic Balance,2026-09-08T12:44:55.000+00:00,candidate
56409550a6da9872f400032d,Silvia,Do***s,Nutritional Coach,Metabolic Balance®,metabolic-balance.com,Metabolic Balance,2026-07-19T08:49:36.000+00:00,candidate
64ccd4489737ed00010700cc,Evan,Go***r,Health Coach,Metabolic Balance®,metabolic-balance.com,Metabolic Balance,2026-09-06T04:24:04.000+00:00,candidate
54a4d2b87468692cf08c3866,Mary,Fo***k,Health Coach,Metabolic Balance®,metabolic-balance.com,Metabolic Balance,2026-10-01T00:44:46.000+00:00,candidate
5d59c54380f93e21ae1ad82a,Brigitte,Br***k,Clerk,Metabolic Balance®,metabolic-balance.com,Metabolic Balance,2026-10-01T23:41:27.128+00:00,candidate
54a30ecf74686935befe4351,Svenja,Fr***d,Support,Metabolic Balance®,metabolic-balance.com,Metabolic Balance,2026-08-05T16:40:32.000+00:00,candidate
60efeaedda1c07000127214c,Pinar,Ge***r,Doctor,Metabolic Balance®,metabolic-balance.com,Metabolic Balance,2026-09-12T02:59:15.000+00:00,candidate
54a40c077468693676e92c28,Rudolf,Va***n,Accountant,Metabolic Balance®,metabolic-balance.com,Metabolic Balance,2026-09-12T03:02:02.281+00:00,candidate
54a2eb027468693318bb5546,Marianne,Ba***e,Ernährungsberaterin,Metabolic Balance®,metabolic-balance.com,Metabolic Balance,2026-08-15T09:36:07.000+00:00,candidate
691c5320b000fe000155246c,Metabolic,Ba***e,Metabolic Balance Coach,Metabolic Balance®,metabolic-balance.com,Metabolic Balance,2026-08-15T09:30:23.000+00:00,candidate
667a7629b8a99300015a9990,Ruchi,Se***l,Nutrition Consultant,Metabolic Balance®,metabolic-balance.com,Metabolic Balance,2026-09-18T02:46:58.000+00:00,candidate
626dc922aa6e500001276550,Ana,Ce***s,Nutriologa y Coach,Metabolic Balance®,metabolic-balance.com,Metabolic Balance,2026-06-22T23:41:29.000+00:00,candidate
55711cbc73696451a3010500,Yulia,Ha***o,Coach,Metabolic Balance®,metabolic-balance.com,Metabolic Balance,2026-08-11T07:00:12.000+00:00,candidate
54a631707468693442a3a0c9,Fotini,Ko***u,Innovation & Development Manager - Nutritionist,nutrimed,nutrimed.gr,Nutrimed,2026-08-01T13:28:38.389+00:00,candidate
60f9da86bf2c6f0001144bcf,Kyriakos,Rd,Register Dietitian (Private Office),nutrimed,nutrimed.gr,Nutrimed,2026-08-28T23:22:12.181+00:00,candidate
689c22ec337d480001691928,Stella,Ar***u,Scientific Collaborator,nutrimed,nutrimed.gr,Nutrimed,2026-07-27T05:01:52.000+00:00,candidate
54a527637468692cf0ec5381,Daniele,Ba***a,Nutricionista de Educação Nutricional,nutrimed,nutrimed.gr,Nutrimed,2026-09-06T15:22:26.090+00:00,candidate
54a770e3746869705a907535,Eva,Ko***i,Dietitian and Nutritionist,nutrimed,nutrimed.gr,Nutrimed,2026-09-01T09:27:48.285+00:00,candidate
5ddaaa88bf0c9d0001719fe9,Carlos,So***a,Industrial Mechanic,nutrimed,nutrimed.gr,Nutrimed,2026-09-15T08:31:24.000+00:00,candidate
5f5115b49351040001cd3854,Yohanna,As***o,Nutritionist,nutrimed,nutrimed.gr,Nutrimed,2026-09-18T01:58:44.000+00:00,candidate
60cd173e2da736000170d365,Aimilia,Ka***i,Nutritionist,nutrimed,nutrimed.gr,Nutrimed,2026-09-21T10:18:06.000+00:00,candidate
5be15b6680f93ec9abbc2643,Cintia,Ca***o,Administrative Assistant,nutrimed,nutrimed.gr,Nutrimed,2026-07-06T00:09:10.000+00:00,candidate
613acf3c1483a0000129e065,Patricia,Ma***a,Administrative Archive,nutrimed,nutrimed.gr,Nutrimed,2026-07-06T16:34:41.000+00:00,candidate
61e8f7622113f50001084ea5,Javier,Ag***t,General Manager,nutrimed,nutrimed.gr,Nutrimed,2026-09-17T18:53:30.000+00:00,candidate
645a2933de76e400015d02e0,Tamires,Sa***s,Clinical Nutritionist,nutrimed,nutrimed.gr,Nutrimed,2026-09-17T07:40:17.000+00:00,candidate
557040057369642794290b00,Lucrece,Ro***s,Commercial Employee,nutrimed,nutrimed.gr,Nutrimed,2026-09-09T18:49:40.000+00:00,candidate
64908bcf8842cb000181313e,Cleide,Af***o,Secretary,nutrimed,nutrimed.gr,Nutrimed,2026-09-14T16:52:12.000+00:00,candidate
54a29fcd7468693318afb330,Luana,Ca***o,Nutritionist,nutrimed,nutrimed.gr,Nutrimed,2026-09-16T06:15:42.000+00:00,candidate
64ea0d48d0eb4100016ea534,Julio,Mo***a,Production Assistant,nutrimed,nutrimed.gr,Nutrimed,2026-05-08T03:54:00.000+00:00,candidate
54a5f7b074686932099095b7,Paula,Cr***o,Administrative,nutrimed,nutrimed.gr,Nutrimed,2026-09-02T05:41:04.889+00:00,candidate
66f7f645eee1360001ab998d,Joseph,Ma***k,Company Manager,nutrimed,nutrimed.gr,Nutrimed,2026-09-08T00:26:38.000+00:00,in-sales-nav
685143f47bf7f00001f4124f,Melissa,Es***a,Masoterapeuta,nutrimed,nutrimed.gr,Nutrimed,2026-09-17T20:52:17.000+00:00,candidate
614d6902901bfd000130f632,Harish,Ah***a,Marketing Manager,nutrimed,nutrimed.gr,Nutrimed,2026-09-16T10:11:44.000+00:00,candidate
5ae9a7cfa6da98ebbeb4f621,Amanda,Ar***o,Secretary,nutrimed,nutrimed.gr,Nutrimed,2026-09-15T08:53:42.000+00:00,candidate
64c7bd8173eb360001e7ff71,Suthinun,Vi***e,General Manager,nutrimed,nutrimed.gr,Nutrimed,2026-09-11T19:58:12.449+00:00,candidate
54a1ae9b7468695475a47407,Katerina,Ko***i,Nutritionist and Project Manager,nutrimed,nutrimed.gr,Nutrimed,2026-08-15T20:00:29.000+00:00,candidate
57dd54cda6da987b35064121,Antonia,Po***p,Lunch box,nutrimed,nutrimed.gr,Nutrimed,2026-09-08T20:58:10.544+00:00,candidate
693951ae21772600011802d6,Josephine,Ka***e,Nutritionist,nutrimed,nutrimed.gr,Nutrimed,2026-07-18T03:47:13.000+00:00,candidate
6844ab4b95bced000151cad3,Marianna,Me***s,Nutritionist,nutrimed,nutrimed.gr,Nutrimed,2026-07-15T22:34:10.000+00:00,candidate
60d1e5cf83f3dc00015904f1,Marcela,Fe***a,Jovens Aprendiz,nutrimed,nutrimed.gr,Nutrimed,2026-07-04T15:18:09.000+00:00,candidate
6458cfe88e9cc700016e1a27,Simone,Fe***s,Veterinary Medicine,nutrimed,nutrimed.gr,Nutrimed,2026-07-05T08:39:31.000+00:00,candidate
603920c3dd2d1a000161d54d,Travis,Pa***n,"President, Healthcare & Life Sciences",Sidekick Health,sidekickhealth.com,Sidekick Health,2026-10-03T18:08:00.004+00:00,candidate
660fc9578ef1050007ad7dd7,Henrik,Em***t,Managing Director,Sidekick Health,sidekickhealth.com,Sidekick Health,2026-08-22T07:40:38.246+00:00,candidate
65e57ac28d952e00081d5498,Tryggvi,Th***n,CEO,Sidekick Health,sidekickhealth.com,Sidekick Health,2026-07-31T10:16:40.798+00:00,candidate
66f5bdd59ac51a00017cbbc0,Saemundur,Od***n,Chief Medical Officer and Co-Founder,Sidekick Health,sidekickhealth.com,Sidekick Health,2026-10-04T06:30:34.000+00:00,candidate
57e0d721a6da987db482c438,Thien-An,Ng***n,Team Lead Key Account Management,Sidekick Health,sidekickhealth.com,Sidekick Health,2026-10-03T04:13:34.525+00:00,candidate
67c010d4a0cca80001c36143,Mathias,An***n,"VP, Product",Sidekick Health,sidekickhealth.com,Sidekick Health,2026-09-07T22:56:05.000+00:00,candidate
60d1dcc54cf5620001ace205,Kai,Pe***s,Director of Sales & Key Account,Sidekick Health,sidekickhealth.com,Sidekick Health,2026-09-04T09:28:52.000+00:00,candidate
683d0e5a9ed3d50001726a31,Andy,Gr***l,Medical Affairs Lead,Sidekick Health,sidekickhealth.com,Sidekick Health,2026-09-05T13:29:08.000+00:00,candidate
64928cb7f9b9e0000165c7ab,Kevin,Jo***n,Senior Vice President-Growth,Sidekick Health,sidekickhealth.com,Sidekick Health,2026-09-15T05:34:49.000+00:00,candidate
54ec2ba27468694311f73d5e,Inderpal,Vi***i,Senior Product Designer,Sidekick Health,sidekickhealth.com,Sidekick Health,2026-08-06T16:14:39.000+00:00,candidate
5e7ba571dc925f00ce799090,Jan-Niklas,Sc***z,Director FP&A,Sidekick Health,sidekickhealth.com,Sidekick Health,2026-09-22T03:35:50.000+00:00,candidate
6611b449396645000779f687,Olafur,Vi***n,Chief Technology Officer,Sidekick Health,sidekickhealth.com,Sidekick Health,2026-09-28T15:15:53.398+00:00,candidate
66f91a07de27170001f935e5,Mareike,St***n,Director of Brand & Creative Commercial Content,Sidekick Health,sidekickhealth.com,Sidekick Health,2025-08-12T03:06:54.630+00:00,candidate
66f619486b154900011a0bd8,Manda,Be***d,"Director of Marketing, Healthcare and Life Sciences",Sidekick Health,sidekickhealth.com,Sidekick Health,2026-10-03T06:27:10.805+00:00,candidate
6238b46e582bcd000178d2e4,Mathias,Wa***r,Senior Brand Manager,Sidekick Health,sidekickhealth.com,Sidekick Health,2026-09-24T06:07:13.000+00:00,candidate
66f6462d67b47c0001491bc5,Sigga,In***r,SVP of Operations,Sidekick Health,sidekickhealth.com,Sidekick Health,2026-09-13T00:18:48.178+00:00,candidate
54a7ef3374686968297ff657,Alison,Ma***l,Still Making Stuff,Sidekick Health,sidekickhealth.com,Sidekick Health,2026-09-28T21:44:53.120+00:00,in-sales-nav
6126f96e4209b60001346207,Thorkell,Th***n,Development Director,Sidekick Health,sidekickhealth.com,Sidekick Health,2026-06-19T07:55:18.000+00:00,candidate
60c69b159e83240001cf96c3,Gudmundur,Vi***n,Director of Platform Engineering,Sidekick Health,sidekickhealth.com,Sidekick Health,2026-08-30T08:52:20.491+00:00,candidate
54a5018b74686938accf4c75,Laura,Tr***r,Event Marketing Manager - Sidekick Rx,Sidekick Health,sidekickhealth.com,Sidekick Health,2026-09-12T15:52:30.000+00:00,candidate
57d62c21a6da9805dbf12736,Kathinka,We***l,Senior Performance Marketing Manager - Sidekick Rx,Sidekick Health,sidekickhealth.com,Sidekick Health,2026-09-04T13:51:15.000+00:00,candidate
54c204c9746869163910946c,Harpa,Ar***r,Director of Regulatory & Compliance,Sidekick Health,sidekickhealth.com,Sidekick Health,2026-09-07T02:48:51.000+00:00,in-sales-nav
5d26e7a5a3ae619fd8b02519,Ademir,Ha***c,Principal Mobile Developer,Sidekick Health,sidekickhealth.com,Sidekick Health,2026-09-12T12:30:00.887+00:00,candidate
54a470cb74686938aca9f547,Edan,Tal,Software Engineer,Sidekick Health,sidekickhealth.com,Sidekick Health,2026-09-02T03:31:49.000+00:00,candidate
57e01061a6da980b53e3c410,Ari,Is***g,Senior Data Scientist,Sidekick Health,sidekickhealth.com,Sidekick Health,2026-09-05T12:40:33.000+00:00,candidate
60056bf3710de200013e3bb5,Egill,Vi***n,AI,Sidekick Health,sidekickhealth.com,Sidekick Health,2026-09-30T03:33:24.058+00:00,candidate
54a79b2874686968293f6244,Daniel,Gu***n,Coach Lead,Sidekick Health,sidekickhealth.com,Sidekick Health,2026-09-14T18:38:54.855+00:00,candidate
60a553429e40810001301f35,Florian,Bi***l,Video Content Creator,Sidekick Health,sidekickhealth.com,Sidekick Health,2026-09-24T05:16:37.000+00:00,candidate
6321e5c7066f2e000149f514,Tobias,Ge***s,Product,Sidekick Health,sidekickhealth.com,Sidekick Health,2026-09-22T03:37:52.000+00:00,candidate
54c22a527468691639fa717f,Sigurdur,Fl***g,IT Administrator,Sidekick Health,sidekickhealth.com,Sidekick Health,2026-09-10T07:50:45.000+00:00,candidate
672f28c9d3b7d70001ba9ee2,Sigridur,Hr***r,Program Creation & Public Health Expert,Sidekick Health,sidekickhealth.com,Sidekick Health,2026-09-12T17:10:29.000+00:00,candidate
54a42c8f7468693b8cdc1832,Sindri,Si***n,Senior Web Developer,Sidekick Health,sidekickhealth.com,Sidekick Health,2026-09-07T07:29:29.000+00:00,candidate
672486802e2d62000133617e,Haukur,Gu***n,Researcher,Sidekick Health,sidekickhealth.com,Sidekick Health,2026-09-08T11:29:28.000+00:00,candidate
5d62706ff6512577ced26192,Konstantin,Bo***o,Senior Software Engineer - Sidekick RX,Sidekick Health,sidekickhealth.com,Sidekick Health,2026-08-09T02:49:45.000+00:00,candidate
563c7b21a6da98707b006e02,Alexander,Wa***t,Data Analyst,Sidekick Health,sidekickhealth.com,Sidekick Health,2026-08-31T16:24:39.949+00:00,candidate
54a5a8ea7468693b8cb0c89f,Soley,Va***r,Director of Solution Services,Sidekick Health,sidekickhealth.com,Sidekick Health,2026-09-10T16:54:53.000+00:00,candidate
57d96c0ca6da9872729e156e,Magnus,Ra***t,Software Engineer,Sidekick Health,sidekickhealth.com,Sidekick Health,2026-09-04T10:03:24.000+00:00,candidate
5df2bf4e9cb4990001dcb1fe,Alex,Gu***n,Senior Software Engineer,Sidekick Health,sidekickhealth.com,Sidekick Health,2026-09-12T17:19:32.000+00:00,candidate
5d5296b7a3ae6151b6b7aa1a,Linda,Ka***r,Senior Behavioural Scientist,Sidekick Health,sidekickhealth.com,Sidekick Health,2026-09-10T19:23:30.000+00:00,candidate
60dcb280fe96890001104153,Kjartan,Al***n,Lead Software Developer,Sidekick Health,sidekickhealth.com,Sidekick Health,2026-08-15T07:58:10.000+00:00,candidate
614d549c046e530001b693e4,Gudny,Gu***r,People & Culture Lead,Sidekick Health,sidekickhealth.com,Sidekick Health,2026-09-13T14:55:26.915+00:00,candidate
5f5323b35ecdfc00014934af,Kristina,Si***a,Localization & Testing Manager,Sidekick Health,sidekickhealth.com,Sidekick Health,2026-09-13T20:41:56.000+00:00,candidate
6150810680888a00012f3022,Arnar,Pa***n,Lead System Administrator,Sidekick Health,sidekickhealth.com,Sidekick Health,2026-09-12T16:00:56.000+00:00,candidate
5f5a8c54282c40000155d60f,Alexandra,Br***n,Senior Brand Managerin PINK!,Sidekick Health,sidekickhealth.com,Sidekick Health,2026-09-12T17:52:26.000+00:00,candidate
54a2998c74686935be6bc02e,Henry,Ba***n,Senior Platform Engineer,Sidekick Health,sidekickhealth.com,Sidekick Health,2026-08-23T05:40:07.082+00:00,candidate
6329b5ca137c1c0001e2ec0c,Kjartan,Lo***n,Medical Lead,Sidekick Health,sidekickhealth.com,Sidekick Health,2026-09-05T13:50:26.000+00:00,candidate
61269f57a1a2fe000196b02a,Alexandra,Kr***e,Learning & Development Manager,Sidekick Health,sidekickhealth.com,Sidekick Health,2026-09-04T16:12:09.000+00:00,candidate
6417630a2f6a950001a14811,Hallur,Ha***n,Senior Director of Therapeutic Development,Sidekick Health,sidekickhealth.com,Sidekick Health,2026-09-12T11:50:43.000+00:00,candidate
57dbe7a5a6da98688397613d,Julia,He***r,Platform Configuration Specialist,Sidekick Health,sidekickhealth.com,Sidekick Health,2026-09-07T02:11:49.000+00:00,candidate
5fa89ff98efa770001affa15,Elias,Gu***n,Director of Clinical Research - Cardiometabolic,Sidekick Health,sidekickhealth.com,Sidekick Health,2026-08-15T14:42:42.000+00:00,candidate
63d7f6e061d287000117e45f,Swathi,Si***u,Quality Assurance Engineer,Sidekick Health,sidekickhealth.com,Sidekick Health,2026-09-12T13:24:21.000+00:00,candidate
67d44ff74a58a200010095d3,Prof,Wu***g,Chief Clinical Officer,Sidekick Health,sidekickhealth.com,Sidekick Health,2026-09-06T06:17:16.000+00:00,candidate
57de214aa6da987ae8cc495b,Katrin,Hi***r,Digital Care Lead,Sidekick Health,sidekickhealth.com,Sidekick Health,2026-09-12T11:14:42.000+00:00,candidate
6260709296ee580001b50c5b,Stefan,St***n,Machine Learning Engineer,Sidekick Health,sidekickhealth.com,Sidekick Health,2026-09-05T14:47:03.000+00:00,candidate
6332ba0314a30c00010b3d79,Birkir,Gu***n,Behavioural Scientist,Sidekick Health,sidekickhealth.com,Sidekick Health,2026-09-07T19:48:59.000+00:00,candidate
57e1b51ea6da98573f2816ff,Gudmundur,Kj***n,Senior Software Developer,Sidekick Health,sidekickhealth.com,Sidekick Health,2026-09-05T18:15:57.000+00:00,candidate
67001b2b774a5b0001576473,Sandra,Ba***r,Team Lead Operations (Sidekick Rx),Sidekick Health,sidekickhealth.com,Sidekick Health,2026-09-12T01:53:28.000+00:00,candidate
5f1098768304230001c11f18,Mahgol,Fa***i,Software Engineer,Sidekick Health,sidekickhealth.com,Sidekick Health,2026-09-15T19:38:12.000+00:00,candidate
54c1efa37468691639feed5e,Christian,Fe***g,Key Account Manager,Sidekick Health,sidekickhealth.com,Sidekick Health,2026-09-07T17:52:15.000+00:00,candidate
66fa44fe426e620001b0fe5d,Todd,Pe***y,"Global Vice President, Business Development",Sidekick Health,sidekickhealth.com,Sidekick Health,2026-09-21T04:37:27.000+00:00,candidate
5de1f5588bbb5a00013ac8c3,Johannes,Bu***n,Vice President Cardiometabolic,Sidekick Health,sidekickhealth.com,Sidekick Health,2026-08-28T16:53:55.000+00:00,candidate
63a740dee83d1a000159fcaa,Karitas,Ar***r,Platform Engineer,Sidekick Health,sidekickhealth.com,Sidekick Health,2026-09-05T16:16:18.000+00:00,candidate
55702796736964042a6c4300,Eric,Le***n,VP Growth,Sidekick Health,sidekickhealth.com,Sidekick Health,2026-10-01T03:11:35.938+00:00,candidate
6558e4ae0669cd0001686730,Leifur,Ha***n,Head of Performance Management,Sidekick Health,sidekickhealth.com,Sidekick Health,2026-09-21T07:23:18.000+00:00,candidate
66fceb7329d09c00018fd08c,Susanne,Bu***r,"VP Marketing @ Sidekick Health | Driving Growth for Digital Therapeutics (PINK!, Zanadio, MENO!)",Sidekick Health,sidekickhealth.com,Sidekick Health,2026-09-10T20:03:12.000+00:00,candidate
5b2168dfa6da98eeedce7107,Alex,Hi***l,Director of Product Marketing,Sidekick Health,sidekickhealth.com,Sidekick Health,2026-09-23T04:40:32.000+00:00,candidate
639c02106595a600010b2f42,Adriel,To***s,Senior Product Designer (UI/UX),Sidekick Health,sidekickhealth.com,Sidekick Health,2026-06-10T18:55:07.594+00:00,candidate
5b2d5dbda6da9888f45e9ea8,Thrudur,Gu***r,Director of Research,Sidekick Health,sidekickhealth.com,Sidekick Health,2026-08-06T05:20:33.000+00:00,candidate
54a43ed77468693676531838,Mischa,Co***n,Sr Director US Pharma Partnerships,Sidekick Health,sidekickhealth.com,Sidekick Health,2026-09-09T06:03:57.000+00:00,candidate
57db3041a6da984c106a8dbf,Tuerker,Gu***k,Senior Data Scientist,Sidekick Health,sidekickhealth.com,Sidekick Health,2026-09-18T04:07:33.000+00:00,candidate
557150dd7369642bb5708e00,Brunella,Ca***a,Coach de Salud,Sidekick Health,sidekickhealth.com,Sidekick Health,2026-09-04T11:29:34.000+00:00,candidate
68e8cc97b0589e000144bd45,Jecinta,Fa***i,Senior Product Designer,Sidekick Health,sidekickhealth.com,Sidekick Health,2026-08-17T08:53:16.000+00:00,candidate
54a32ca07468692e71e8e659,William,Jo***e,Senior Software Engineer,Sidekick Health,sidekickhealth.com,Sidekick Health,2026-09-08T02:12:21.000+00:00,candidate
57d3962cf651252bf1d630c1,David,Ot***o,Director of Customer Success,Sidekick Health,sidekickhealth.com,Sidekick Health,2026-09-28T10:42:14.000+00:00,candidate
5e83c1e8611859000126e0b9,Sara,Be***d,PhD,Sidekick Health,sidekickhealth.com,Sidekick Health,2026-09-28T21:34:29.754+00:00,candidate
6129c028bb3b0800010923a6,Charlotte,Br***s,Sales Managerin,Sidekick Health,sidekickhealth.com,Sidekick Health,2026-08-10T05:08:35.000+00:00,candidate
57e14c15a6da987d84106963,Hallur,He***n,Designer,Sidekick Health,sidekickhealth.com,Sidekick Health,2026-09-29T14:49:34.000+00:00,candidate
6347ed19e18a790001c93f29,Johanna,Li***r,Inside Sales Manager,Sidekick Health,sidekickhealth.com,Sidekick Health,2026-08-13T18:11:39.000+00:00,candidate
632306882abf6800014cf01b,Kristina,Gr***e,Inside Sales Managerin,Sidekick Health,sidekickhealth.com,Sidekick Health,2026-08-08T17:38:26.000+00:00,candidate
619877f2f9468a00015790fd,Tekla,Ka***r,Medical Doctor,Sidekick Health,sidekickhealth.com,Sidekick Health,2026-09-08T22:46:04.000+00:00,candidate
63206183ea3ff600010ff799,Hildur,Ha***r,Program Insight and Tailoring Lead,Sidekick Health,sidekickhealth.com,Sidekick Health,2026-08-14T14:52:49.000+00:00,candidate
6937e7b7db8d9f000156dfd3,Hordur,Bj***n,VP of Finance,Sidekick Health,sidekickhealth.com,Sidekick Health,2026-08-16T17:32:53.000+00:00,candidate
614edfce1830f60001a8c87b,Theresa,Sc***r,Field Sales Manager,Sidekick Health,sidekickhealth.com,Sidekick Health,2026-06-29T20:21:14.000+00:00,candidate
64f6bc43fb6c780001cbb91b,Ludivine,Au***y,Psychological Advisor - Sidekick Rx,Sidekick Health,sidekickhealth.com,Sidekick Health,2026-10-02T15:06:29.004+00:00,candidate
642d5ce0e73f7f00010d1bc6,Stefanie,Mo***r,Field Sales Manager,Sidekick Health,sidekickhealth.com,Sidekick Health,2026-08-23T07:01:51.000+00:00,candidate
682ecafd1ec983000112d929,Michael,P,QA/QC Engineer,Sidekick Health,sidekickhealth.com,Sidekick Health,2026-07-27T02:02:02.000+00:00,candidate
601e7f19333103000102e5fe,Nour,Hu***n,Chief Commercial Officer (CCO),Liva Healthcare,livahealthcare.com,Liva Healthcare,2026-09-26T19:48:34.349+00:00,candidate
66fa7636676dfc0001f521e0,Martin,Pa***e,Chief Executive Officer,Liva Healthcare,livahealthcare.com,Liva Healthcare,2026-09-15T07:42:19.000+00:00,in-sales-nav
661f9538fbbfd10006d1e4ce,Tom,Fu***r,Product Marketing Director,Liva Healthcare,livahealthcare.com,Liva Healthcare,2026-09-10T17:17:47.000+00:00,candidate
6701506223d9e00001d24b6d,Paul,Ed***s,People and Talent Lead,Liva Healthcare,livahealthcare.com,Liva Healthcare,2026-09-21T04:58:53.000+00:00,candidate
61de65eee497e100013ff6ce,Ellie,He***h,Medical Director,Liva Healthcare,livahealthcare.com,Liva Healthcare,2026-09-18T23:40:18.000+00:00,candidate
61297f838d23f1000109b1bd,Kenneth,Je***n,Chief Product & Technology Officer (CPTO),Liva Healthcare,livahealthcare.com,Liva Healthcare,2026-09-13T16:54:52.213+00:00,in-sales-nav
667aa402cc2ed70001ceb893,Jane,Ma***n,Chief People Officer,Liva Healthcare,livahealthcare.com,Liva Healthcare,2026-10-03T15:41:55.642+00:00,candidate
66f2861397771400011b456e,Asger,El***d,Director of Digital Products and Technology,Liva Healthcare,livahealthcare.com,Liva Healthcare,2026-09-22T10:28:42.000+00:00,in-sales-nav
54a92ec9746869334aefbc0e,Katie,An***i,Coach Development Lead,Liva Healthcare,livahealthcare.com,Liva Healthcare,2026-08-10T02:23:10.000+00:00,candidate
6212579f59e5cb0001d76b62,Mie,As***p,Product Manager,Liva Healthcare,livahealthcare.com,Liva Healthcare,2026-09-03T21:17:23.963+00:00,candidate
66ff1524af91f8000171b46e,Harry,Gu***e,Bids & Partnerships Manager,Liva Healthcare,livahealthcare.com,Liva Healthcare,2026-08-22T11:15:00.000+00:00,candidate
68e1eefb54fc2c00017a1360,Gary,Sm***h,Head of Finance,Liva Healthcare,livahealthcare.com,Liva Healthcare,2026-09-21T07:52:12.000+00:00,candidate
67b30e439e5d970001ba34f0,Hannah,Pe***n,VP Operations,Liva Healthcare,livahealthcare.com,Liva Healthcare,2026-09-09T15:59:56.034+00:00,candidate
6023e46e8d5d4b0001e89779,Morten,Pe***d,"Lead Tech, Senior Software Engineer",Liva Healthcare,livahealthcare.com,Liva Healthcare,2026-09-13T10:37:24.933+00:00,candidate
54a5641a7468692cf0ae3394,Lise,Sv***e,Product Manager,Liva Healthcare,livahealthcare.com,Liva Healthcare,2026-09-10T12:31:11.000+00:00,candidate
55710f6273696469d6a50900,Lisa,Bo***g,Product Manager,Liva Healthcare,livahealthcare.com,Liva Healthcare,2026-09-12T07:12:54.000+00:00,candidate
5e6dab150c45dc000142dc5d,Amir,Ka***l,Data and Analytics Engineer,Liva Healthcare,livahealthcare.com,Liva Healthcare,2026-09-07T21:47:46.000+00:00,candidate
6715c5437d83310001ea0767,Lucy,Ba***k,Clinical Governance Lead,Liva Healthcare,livahealthcare.com,Liva Healthcare,2026-08-04T01:12:12.876+00:00,candidate
5d482489f651252f7487a621,Pil,Ch***n,Senior Marketing Manager,Liva Healthcare,livahealthcare.com,Liva Healthcare,2026-09-19T01:01:55.000+00:00,candidate
608c2a67c13e920001cab86c,Bakhtyar,Ka***r,DevOps Engineer,Liva Healthcare,livahealthcare.com,Liva Healthcare,2026-09-24T04:47:45.084+00:00,candidate
6171622f550396000138ccf7,Damanpreet,Ka***r,Android Developer,Liva Healthcare,livahealthcare.com,Liva Healthcare,2026-09-22T21:35:19.646+00:00,candidate
54a76f977468696829cf5034,Alja,Sp***c,Senior Health Coach,Liva Healthcare,livahealthcare.com,Liva Healthcare,2026-09-21T05:53:11.000+00:00,candidate
61f39d2707a4fd00017a82ff,Marie,Lin,Reg and Technical Compliance Director,Liva Healthcare,livahealthcare.com,Liva Healthcare,2026-09-06T11:02:29.000+00:00,candidate
61293790012e2c0001a8e0a8,Signe,Be***n,Research Scientist,Liva Healthcare,livahealthcare.com,Liva Healthcare,2026-09-07T03:36:35.000+00:00,candidate
652f8ff88579c7000177e1d1,Sofie,Ge***s,Interim Patient Support Lead,Liva Healthcare,livahealthcare.com,Liva Healthcare,2026-08-17T09:09:41.000+00:00,candidate
57d36cddf651252c49ac2a6e,Jessica,Ba***t,Head of Digital Programmes and Data,Liva Healthcare,livahealthcare.com,Liva Healthcare,2026-10-03T11:55:37.784+00:00,candidate
57da1fc1a6da985b1753a818,Kristo,Sc***z,Legal Advisor,Liva Healthcare,livahealthcare.com,Liva Healthcare,2026-09-12T15:18:24.000+00:00,candidate
5ae945f7a6da98eb9ead79b1,Sally,Cl***g,Learning Experience & Content Manager,Liva Healthcare,livahealthcare.com,Liva Healthcare,2026-08-09T06:52:17.405+00:00,candidate
5eee333f159b1d000142ab79,Eva,Ha***r,Digital Health Coach,Liva Healthcare,livahealthcare.com,Liva Healthcare,2026-09-23T09:37:20.000+00:00,candidate
62c444553cccaa00019700c9,Mia,Di***n,"Manager, Customer Success",Liva Healthcare,livahealthcare.com,Liva Healthcare,2026-09-07T16:23:30.000+00:00,candidate
57d339f0a6da98656853f0a9,Diana,Ch***n,Finance & Administration,Liva Healthcare,livahealthcare.com,Liva Healthcare,2026-09-07T03:30:37.000+00:00,candidate
5e6cf9436e3a1f0001567910,Fiona,Mu***y,Office Manager,Liva Healthcare,livahealthcare.com,Liva Healthcare,2026-09-26T00:57:53.423+00:00,candidate
68e3631a352a6c0001c6328b,Anastasija,De***n,Digital Health Coach,Liva Healthcare,livahealthcare.com,Liva Healthcare,2026-09-06T02:04:57.000+00:00,candidate
57dcf05ca6da987b65e2ec2a,Nirmit,Up***y,Senior Business Development Manager,Liva Healthcare,livahealthcare.com,Liva Healthcare,2026-08-10T04:55:12.000+00:00,candidate
618b562b6613fd0001907a8e,Thomas,Pe***s,Customer Success Manager,Liva Healthcare,livahealthcare.com,Liva Healthcare,2026-09-12T20:16:58.000+00:00,candidate
65816638790b1e0001a2957a,John,Co***i,Frontend Engineer,Liva Healthcare,livahealthcare.com,Liva Healthcare,2026-09-05T18:39:51.000+00:00,candidate
67de6ffdaad0d9000198cd63,Karrie,Ca***y,Digital Health Coach (Part-Time),Liva Healthcare,livahealthcare.com,Liva Healthcare,2026-09-10T17:21:05.000+00:00,candidate
5b92c4a6324d443f5163cd0c,Emily,Ch***g,Senior Product Designer,Liva Healthcare,livahealthcare.com,Liva Healthcare,2026-09-15T19:56:06.000+00:00,candidate
6051b0057c104400019168cf,Christine,Ch***m,Freelance Health Coach,Liva Healthcare,livahealthcare.com,Liva Healthcare,2026-09-04T16:49:46.000+00:00,candidate
64e66bf15566e30001dc638c,Nishadi,Sa***e,Project Assistant,Liva Healthcare,livahealthcare.com,Liva Healthcare,2026-09-05T18:38:04.000+00:00,candidate
57db9569a6da9868d317d6d7,Bethany,Ad***y,Health and Lifestyle Coach,Liva Healthcare,livahealthcare.com,Liva Healthcare,2026-09-10T05:41:39.000+00:00,candidate
54a2e75d7468693cddaaa745,Jenny,Mi***d,Articulate Rise Developer,Liva Healthcare,livahealthcare.com,Liva Healthcare,2026-09-21T08:52:19.000+00:00,candidate
6167e837ed2cfd0001e16cce,Bhupendra,Ka***t,Information and Cybersecurity Student Assistant,Liva Healthcare,livahealthcare.com,Liva Healthcare,2026-09-12T17:49:41.000+00:00,candidate
614d7c1cefbdd20001f1bf4d,Grace,Rd,Health Coach,Liva Healthcare,livahealthcare.com,Liva Healthcare,2026-07-14T18:59:53.000+00:00,candidate
662ea5be75776500079e4006,Parameswari,Na***m,Digital Health Coach for NHS Diabetes Prevention Program (NDPP),Liva Healthcare,livahealthcare.com,Liva Healthcare,2026-08-13T07:28:34.000+00:00,candidate
686e1d431d9d3b0001f90aa4,Kathryn,Gi***l,Primary Care Engagement Lead,Liva Healthcare,livahealthcare.com,Liva Healthcare,2026-08-13T10:22:50.000+00:00,candidate
64d51baa2dfe440001085676,Varun,Sh***a,Digital Health Coach,Liva Healthcare,livahealthcare.com,Liva Healthcare,2026-08-17T09:05:17.000+00:00,candidate
54a1822b69702d939b46cc01,Masenanda,An***n,People Manager,Liva Healthcare,livahealthcare.com,Liva Healthcare,2026-09-25T12:41:51.614+00:00,candidate
5ddf5725e17d6600010d8889,Lexie,Cr***n,Digital Health Coach,Liva Healthcare,livahealthcare.com,Liva Healthcare,2026-08-21T18:21:56.000+00:00,candidate
5e5f95326d6132000158b147,Titilope,Ad***a,Health Coach,Liva Healthcare,livahealthcare.com,Liva Healthcare,2026-08-18T05:22:32.000+00:00,candidate
6583bcbf45e242000147c040,Willow,Wo***f,Diabetes Health Coach,Liva Healthcare,livahealthcare.com,Liva Healthcare,2026-08-13T07:03:13.000+00:00,candidate
6735bae619e17d00018393ed,Ciara,Mc***k,Health Coach,Liva Healthcare,livahealthcare.com,Liva Healthcare,2026-09-10T17:22:33.000+00:00,candidate
61f3bc26d41b69000160386a,Storm,An***r,Nutritionist,Liva Healthcare,livahealthcare.com,Liva Healthcare,2026-09-14T05:56:31.000+00:00,candidate
61091bdd334f1700013df47a,Eleanor,Su***n,Marketing Executive,Liva Healthcare,livahealthcare.com,Liva Healthcare,2026-09-24T14:49:53.917+00:00,candidate
642ed8fcf140ea0001e1b052,Enas,Al***i,Health Coach,Liva Healthcare,livahealthcare.com,Liva Healthcare,2026-09-18T23:34:08.000+00:00,candidate
5e7e48457072950001c83ac4,Maria,Ti***a,Digital Health Coach,Liva Healthcare,livahealthcare.com,Liva Healthcare,2026-09-07T22:32:28.000+00:00,candidate
5f620db561e587000174ed0f,Avril,Ca***l,Health Coach - Pre Diabetes - NDPP,Liva Healthcare,livahealthcare.com,Liva Healthcare,2026-09-14T05:52:22.000+00:00,candidate
60b8d60ed52dee0001e8d04c,Yazmin,Cr***g,Digital Health Coach,Liva Healthcare,livahealthcare.com,Liva Healthcare,2026-09-24T02:28:53.388+00:00,candidate
613850b6982fcd000131e61f,Yokgasini,Sh***m,QA Engineer,Liva Healthcare,livahealthcare.com,Liva Healthcare,2026-07-22T13:34:13.000+00:00,candidate
57d9cc20a6da981500f14419,Chantal,To***n,Digital Health Coach,Liva Healthcare,livahealthcare.com,Liva Healthcare,2026-08-22T11:50:10.000+00:00,candidate
640f47c3ba68d70001fdbe6b,Shilanne,Gi***s,Health Coach,Liva Healthcare,livahealthcare.com,Liva Healthcare,2026-08-22T11:43:43.000+00:00,candidate
5ac31f18a6da98158d0ac7ef,Rose,Wh***e,Health & Wellbeing Coach,Liva Healthcare,livahealthcare.com,Liva Healthcare,2026-08-12T11:43:17.000+00:00,candidate
612a4248dfbb8c000116521c,Nur,Ra***p,UI/UX Designer,Liva Healthcare,livahealthcare.com,Liva Healthcare,2026-08-23T14:52:01.000+00:00,candidate
6126f96f4183840001c1fc1a,Hannah,Co***e,Health Coach,Liva Healthcare,livahealthcare.com,Liva Healthcare,2026-09-21T05:45:01.000+00:00,candidate
5e766efc82029f00010e747a,Maham,Ch***i,Digital Health Coach,Liva Healthcare,livahealthcare.com,Liva Healthcare,2026-09-23T09:23:40.000+00:00,candidate
6329c87b9292f20001fc67be,Mary,Mc***e,Registered Dietitian and Health Coach,Liva Healthcare,livahealthcare.com,Liva Healthcare,2026-10-02T14:49:38.951+00:00,candidate
66f025b9daafa2000157d26f,Megan,T,Digital Health Coach,Liva Healthcare,livahealthcare.com,Liva Healthcare,2026-09-19T12:14:40.000+00:00,candidate
6a6c409567db620001cb2467,Isabel,Ga***a,Health Coach,Liva Healthcare,livahealthcare.com,Liva Healthcare,2026-07-23T08:12:57.000+00:00,candidate
54a5515f7468692abf569d8e,Susanne,Hj***d,Registered Clinical Dietitian & Lifestyle Coach,Liva Healthcare,livahealthcare.com,Liva Healthcare,2026-09-12T14:46:10.000+00:00,candidate
613a1bc63899350001f60288,Sarah,Jo***n,Service Lead,Liva Healthcare,livahealthcare.com,Liva Healthcare,2026-08-22T06:31:18.000+00:00,candidate
6425704cbc907e0001fbecc5,Fahal,Do***a,Health Coach,Liva Healthcare,livahealthcare.com,Liva Healthcare,2026-09-20T20:33:59.000+00:00,candidate
55702ac6736964042ab16900,Irene,He***n,Senior Health Coach,Liva Healthcare,livahealthcare.com,Liva Healthcare,2026-08-25T13:19:07.000+00:00,candidate
6610d9f3aa42e80006858f43,Carlo,Vi***d,Dietician & Senior Health Coach,Liva Healthcare,livahealthcare.com,Liva Healthcare,2026-08-14T12:42:12.000+00:00,candidate
626c0eda3618790001eaa941,Lara,Ca***l,HCPC Registered Dietitian,Liva Healthcare,livahealthcare.com,Liva Healthcare,2025-12-08T14:22:55.080+00:00,candidate
65e1692d95ade300015ec432,Sadie,Le***x,Health Coach,Liva Healthcare,livahealthcare.com,Liva Healthcare,2026-08-18T09:45:28.000+00:00,candidate
623c05c70fe76e000152ac22,Freya,Wa***n,Health Coach,Liva Healthcare,livahealthcare.com,Liva Healthcare,2026-09-05T07:13:57.000+00:00,candidate
69e378f8a93ac60001be29eb,Hayley,Ce***f,Health Coach,Liva Healthcare,livahealthcare.com,Liva Healthcare,2026-09-22T09:45:52.000+00:00,candidate
57dda07ca6da987b519b2c2d,Varia,Mh***n,Digital Health Coach,Liva Healthcare,livahealthcare.com,Liva Healthcare,2026-09-20T21:03:13.000+00:00,candidate
64f31a1acbaf0400010d8871,Gizella,An***r,Health Coach,Liva Healthcare,livahealthcare.com,Liva Healthcare,2026-08-13T12:49:40.000+00:00,candidate
5ca768ac80f93ed8446255a3,Ahsana,Aj***h,Health Coach,Liva Healthcare,livahealthcare.com,Liva Healthcare,2026-08-19T00:45:27.000+00:00,candidate
5ad7f123a6da98e42446f57c,Chuan-Nam,K,Frontend Developer,Liva Healthcare,livahealthcare.com,Liva Healthcare,2026-08-06T04:10:26.947+00:00,candidate
675fc9c45d131300010da983,Carly,La***b,Digital Health Coach,Liva Healthcare,livahealthcare.com,Liva Healthcare,2026-09-23T09:36:57.000+00:00,candidate
67436e6ea2d0ab00019405a5,Rachael,Al***n,Health Coach,Liva Healthcare,livahealthcare.com,Liva Healthcare,2026-09-14T05:54:46.000+00:00,candidate
640f2596cd6e780001c9b4f8,Rhian,Ch***n,Health Coach / Dietitian,Liva Healthcare,livahealthcare.com,Liva Healthcare,2026-09-21T11:58:05.558+00:00,candidate
613aece160e52000015fdb35,Jeanette,Wa***e,Administration,Liva Healthcare,livahealthcare.com,Liva Healthcare,2026-08-31T21:48:35.312+00:00,candidate
613831b72e122c00012c1a55,Jessica,Ne***e,Digital Health Coach,Liva Healthcare,livahealthcare.com,Liva Healthcare,2026-07-18T15:11:08.000+00:00,candidate
61694de45e013100016d60ae,Juliane,Se***r,Digital Health Coach,Liva Healthcare,livahealthcare.com,Liva Healthcare,2026-07-27T03:39:14.000+00:00,candidate
66fcd263fd717400013789d6,Aidas,Ba***s,Senior Health Coach,Liva Healthcare,livahealthcare.com,Liva Healthcare,2026-08-12T14:37:29.000+00:00,candidate
613865fdd7f0bd0001163f40,N,B,Health Coach,Liva Healthcare,livahealthcare.com,Liva Healthcare,2026-07-15T04:53:02.000+00:00,candidate
66e5beb7820c1b0001a8d423,Lorenzo,Mi***e,Health Coach / Diëtist,Liva Healthcare,livahealthcare.com,Liva Healthcare,2026-09-12T13:55:39.000+00:00,candidate
64a99f4f4a0b6a0001879188,Zoe,Bo***s,Onboarding Health Advisor,Liva Healthcare,livahealthcare.com,Liva Healthcare,2026-07-26T01:19:53.000+00:00,candidate
60ad13971f884b0001d4999f,Nicole,Lim,Senior Health Coach,Liva Healthcare,livahealthcare.com,Liva Healthcare,2026-08-11T16:51:05.660+00:00,candidate
57d629e8a6da9805e7c83356,Shazia,Sa***n,Health Coach,Liva Healthcare,livahealthcare.com,Liva Healthcare,2026-07-13T15:42:33.000+00:00,candidate
67b8731dc605e8000189ad37,Angela,Re***d,Senior Health Coach,Liva Healthcare,livahealthcare.com,Liva Healthcare,2025-04-16T17:30:47.718+00:00,candidate
68f33ed99d11cb0001fd4f0a,Katie,He***y,Coach Training Manager,Liva Healthcare,livahealthcare.com,Liva Healthcare,2026-09-23T09:32:13.000+00:00,candidate
64805b55b3ef800001bb0c1d,Amanda,Ro***n,Project Assistant,Liva Healthcare,livahealthcare.com,Liva Healthcare,2026-08-12T22:44:27.000+00:00,candidate
6738a4c3b359b60001789826,John,An***r,Nutritionist and Health Coach,Liva Healthcare,livahealthcare.com,Liva Healthcare,2026-09-29T13:58:23.435+00:00,candidate
6a13b1e6f3be4c0001a9d441,Alexandru,Gh***u,Lead Software Engineer,Liva Healthcare,livahealthcare.com,Liva Healthcare,2026-09-07T03:50:51.000+00:00,candidate
65d975eb6c76ec0001a8de9a,Gillian,Mc***e,Health Coach,Liva Healthcare,livahealthcare.com,Liva Healthcare,2026-07-23T06:51:19.000+00:00,candidate
68c627b82cc78b00012f04ac,Omar,La***i,Chef,Liva Healthcare,livahealthcare.com,Liva Healthcare,2026-07-14T11:49:52.000+00:00,candidate
684c0addcdcfa00001aa3d70,JC,He***e,CEO,FitForMe,fitforme.com,FitForMe,2026-09-21T08:22:35.000+00:00,candidate
6580892b26db6a0001e8b7fd,Mashal,Na***d,Medical Education Specialist,FitForMe,fitforme.com,FitForMe,2026-09-10T20:35:16.000+00:00,candidate
62070829414e8a00013d2947,Ernst,Mo***n,Chief Growth Officer,FitForMe,fitforme.com,FitForMe,2026-09-13T19:15:19.000+00:00,candidate
54a603147468693b8c816abb,Renee,Va***m,Talent Manager | People & Culture Business Partner,FitForMe,fitforme.com,FitForMe,2026-09-04T13:02:22.000+00:00,candidate
66f2eae73056cc0001f3978a,Simon,Ha***r,Founder and Chairman,FitForMe,fitforme.com,FitForMe,2026-10-05T11:54:04.130+00:00,in-sales-nav
5fdb3959a22aa900016abac5,Jorrit,Pi***n,Chief Commercial Officer (CCO),FitForMe,fitforme.com,FitForMe,2026-08-25T17:17:22.728+00:00,candidate
562f4418a6da98281a0099ae,Annemieke,Sc***l,Senior Customer Success Manager,FitForMe,fitforme.com,FitForMe,2026-08-10T04:01:45.000+00:00,candidate
5f5fc36da33dab0001fd3df3,Sylvia,Ef***i,Product Marketeer,FitForMe,fitforme.com,FitForMe,2026-08-19T18:13:30.116+00:00,candidate
54a7455474686962206e0d25,Victor,Ke***n,Head of Transformation,FitForMe,fitforme.com,FitForMe,2026-09-10T20:32:48.000+00:00,in-sales-nav
54a7017574686965d91f5f0c,Ice,Ca***v,Senior Software Engineer,FitForMe,fitforme.com,FitForMe,2026-08-10T00:13:45.000+00:00,candidate
6035e558302966000139b95c,Kim,Va***n,Head of People & Culture,FitForMe,fitforme.com,FitForMe,2026-09-26T04:54:21.000+00:00,candidate
60efb3372d9955000118a10e,Wout,Ho***e,Business Development Manager,FitForMe,fitforme.com,FitForMe,2026-09-10T16:57:27.000+00:00,candidate
5fceccf6f3139000015f04e1,Franca,La***r,Customer Success Manager,FitForMe,fitforme.com,FitForMe,2026-08-10T17:52:38.000+00:00,candidate
5571200c736964275c310000,Jorn,Va***n,Head of Customer Engagement,FitForMe,fitforme.com,FitForMe,2026-09-13T10:00:37.000+00:00,candidate
54a420ce74686938ac2afd2e,Wilco,Nap,Head of Digital & Technology,FitForMe,fitforme.com,FitForMe,2026-09-08T00:35:38.000+00:00,in-sales-nav
54c1db9b74686916391d1e52,Tim,Go***s,People & Culture Operations Specialist,FitForMe,fitforme.com,FitForMe,2026-09-12T15:50:57.000+00:00,candidate
54a538a47468693676819686,Ingrid,Kr***a,Medical Affairs,FitForMe,fitforme.com,FitForMe,2026-09-12T17:28:19.000+00:00,candidate
602a04ac0cca4e0001dfcc77,Matthijs,He***n,Head of IT,FitForMe,fitforme.com,FitForMe,2026-08-27T05:37:05.000+00:00,in-sales-nav
57dff5afa6da980b148354d7,Mart,Me***k,E-commerce Lead,FitForMe,fitforme.com,FitForMe,2026-09-05T16:07:27.000+00:00,candidate
60dc39771143980001b2fd9e,Roeland,Oo***o,Head of Information Technology,FitForMe,fitforme.com,FitForMe,2026-09-10T19:26:27.000+00:00,candidate
54a6e44e7468696de799c301,Juliette,Pe***s,Global Content Marketeer,FitForMe,fitforme.com,FitForMe,2026-08-23T08:34:40.000+00:00,candidate
635a6ed518857d00011b641f,Clarisa,Sq***e,Content and Copy Writer Marketer,FitForMe,fitforme.com,FitForMe,2026-09-04T15:18:24.000+00:00,candidate
5f0b80a8841e350001878c66,Cedric,Gb***i,Product Specialist,FitForMe,fitforme.com,FitForMe,2026-09-08T07:51:31.000+00:00,candidate
54a5e4547468693442bb18b1,Ricardo,Ne***s,Country Manager Portugal,FitForMe,fitforme.com,FitForMe,2026-09-04T11:09:03.000+00:00,candidate
6078156e1bd0660001370354,Danae,Te***s,Customer Base Marketeer,FitForMe,fitforme.com,FitForMe,2026-09-05T14:06:26.000+00:00,candidate
6425a743a670b00001cd9cf2,Xiaolu,Ji,Performance Marketer / Growth Hacker,FitForMe,fitforme.com,FitForMe,2026-09-10T18:08:31.000+00:00,candidate
54a78610746869622005de3c,Christian,Orb,"Country Manager, Australia",FitForMe,fitforme.com,FitForMe,2026-09-04T17:47:16.000+00:00,candidate
54a86adf7468691b1e732900,Saskia,Bl***k,Manager Regulatory Affairs,FitForMe,fitforme.com,FitForMe,2026-09-12T16:57:13.000+00:00,candidate
60bd12fb6c064b00015769af,Valentina,Va***a,Strategic Business Development & Patient Advocacy Manager| Obesity Care,FitForMe,fitforme.com,FitForMe,2026-09-11T20:59:50.000+00:00,candidate
615d206dca71330001b4bce4,David,Aj***l,Business Data Scientist,FitForMe,fitforme.com,FitForMe,2026-08-09T08:16:15.000+00:00,candidate
57d9ee61a6da98762c302432,Lisanne,Os***m,Procurement and Supply Chain Specialist bij FitForMe,FitForMe,fitforme.com,FitForMe,2026-09-23T10:47:57.000+00:00,candidate
57ddb2c2a6da987aec21bc18,Jade,Pa***s,Visiteur Médical / Chirurgie Bariatrique,FitForMe,fitforme.com,FitForMe,2026-07-27T02:28:55.000+00:00,candidate
66fbffc714d98c000148be59,Sander,Te***n,Operational Manager Customer Service,FitForMe,fitforme.com,FitForMe,2026-09-24T02:39:10.887+00:00,candidate
57da2081a6da985b3fcf4012,Michelle,Dr***g,Customer Base Marketeer,FitForMe,fitforme.com,FitForMe,2026-09-12T18:03:37.000+00:00,candidate
60e355672bf39d0001c655f1,Sandra,Ja***c,Buyer/Planner,FitForMe,fitforme.com,FitForMe,2026-09-08T02:59:30.000+00:00,candidate
60c29146a4bb8f0001fa3f07,Veronica,Hi***t,Catering,FitForMe,fitforme.com,FitForMe,2026-07-25T08:58:38.000+00:00,candidate
54a5b9ce7468693676a3d1a2,Silvia,He***s,Assistent Controller Finance,FitForMe,fitforme.com,FitForMe,2026-09-24T03:17:33.889+00:00,candidate
54a221737468693cdd305b0f,Florent,Mo***s,Country Manager France & Wallonia,FitForMe,fitforme.com,FitForMe,2026-09-12T12:03:34.000+00:00,candidate
5d4c444a80f93e5117fac8d3,Caroline,Ol***n,Marknadsförings- och Kommunikation,FitForMe,fitforme.com,FitForMe,2026-07-14T15:18:08.000+00:00,candidate
5f0f7acbb133c30001c5b766,Sara,Iv***a,Content & Copy Marketeer | Content Designer,FitForMe,fitforme.com,FitForMe,2026-09-12T07:52:55.000+00:00,candidate
5aba1189a6da9840b8481cda,Maria,Si***a,Country Manager Italy,FitForMe,fitforme.com,FitForMe,2026-09-12T10:48:23.000+00:00,candidate
5d41fb5580f93e3d85fc0fc1,Pepijn,Bo***s,Global Support Team Within Customer Engagement,FitForMe,fitforme.com,FitForMe,2026-08-16T18:46:36.000+00:00,candidate
5cc264d8f65125e4021309da,Mirte,Lo***s,Product Specialist,FitForMe,fitforme.com,FitForMe,2026-09-22T05:01:45.000+00:00,candidate
5de05df119b58f00016e99d7,Ayesha,Wa***d,Coordinator Customer Service,FitForMe,fitforme.com,FitForMe,2026-09-05T04:35:08.000+00:00,candidate
60504e3d3f601f0001a12689,Erik,Si***s,Regional Head of HCP Engagement,FitForMe,fitforme.com,FitForMe,2026-09-20T04:11:05.000+00:00,candidate
62c8047d2d1fcf00019c295b,Tobias,Ap***t,Regional Manager DACH,FitForMe,fitforme.com,FitForMe,2026-09-08T12:05:22.000+00:00,candidate
5fd4883fa53b2300016049fd,Anneli,Hu***n,Customservice Teamlead FFM Nordic,FitForMe,fitforme.com,FitForMe,2026-09-21T10:12:29.000+00:00,candidate
61993a14fe8b580001e7da76,Sara,Bu***t,Key Account Manager,FitForMe,fitforme.com,FitForMe,2026-09-10T09:44:59.000+00:00,candidate
651fd22e52bb660001dba0c4,Lotte,Si***s,Afstudeerstagiaire Voeding en Diëtetiek,FitForMe,fitforme.com,FitForMe,2026-09-10T12:13:26.000+00:00,candidate
604fa8ca88226f00016b2b5b,Nadine,St***n,Spécialiste Produits,FitForMe,fitforme.com,FitForMe,2026-08-25T19:50:42.112+00:00,candidate
62253ce724c112000101735e,Angela,S,Customer Success Specialist,FitForMe,fitforme.com,FitForMe,2026-09-04T17:07:30.000+00:00,candidate
64270655211b35000110f6ab,Belen,Be***o,Research Support,FitForMe,fitforme.com,FitForMe,2026-09-08T09:11:34.000+00:00,candidate
6646ffb221ffcc00018b695b,Ana,Va***u,Content & Copy Marketeer,FitForMe,fitforme.com,FitForMe,2026-09-02T23:00:34.555+00:00,candidate
62acaf114f268c0001eb8493,Tamas,Ko***s,Software Engineer,FitForMe,fitforme.com,FitForMe,2026-08-08T20:24:14.000+00:00,candidate
63c94da1d04c4e0001575af4,Zeki,Ki***c,Product Manager,FitForMe,fitforme.com,FitForMe,2026-08-13T19:02:26.000+00:00,candidate
5d5e3062a3ae61193b5a892c,Alina,Ke***h,Senior Product Specialist,FitForMe,fitforme.com,FitForMe,2026-09-07T02:18:45.000+00:00,candidate
57e14528a6da987d649703d2,Anne,La***n,Spécialiste Produits,FitForMe,fitforme.com,FitForMe,2026-09-13T19:50:25.000+00:00,candidate
616801afe960300001ca9212,Esranur,Ka***n,Software Engineer,FitForMe,fitforme.com,FitForMe,2026-09-04T03:56:34.000+00:00,candidate
63dad95dc02a23000127fae3,Kai,Re***r,Product Specialist,FitForMe,fitforme.com,FitForMe,2026-09-08T22:36:08.000+00:00,candidate
68c7639e2ea45e0001b56dcf,Ageeth,Sm***t,Customer Service Representative,FitForMe,fitforme.com,FitForMe,2026-09-10T15:26:50.000+00:00,candidate
68c8e9d0ac9b3500013b60d8,Sterre,De***o,Customer Service Representative,FitForMe,fitforme.com,FitForMe,2026-07-06T06:45:33.000+00:00,candidate
658029d2ea1e78000172c487,Recruitment,Fi***e,HR Business Partner,FitForMe,fitforme.com,FitForMe,2026-08-10T03:47:12.000+00:00,candidate
57db2bf2a6da984bc06ebfbd,Laurence,Wi***r,Profuct Specialist,FitForMe,fitforme.com,FitForMe,2026-09-04T16:54:35.000+00:00,candidate
6167c09b8857bd0001ffdb4c,Philine,T,Head of Finance,FitForMe,fitforme.com,FitForMe,2026-09-22T04:46:42.000+00:00,candidate
54a4b6cc7468692cf0da7e5d,Maria,Be***i,Product Specialist,FitForMe,fitforme.com,FitForMe,2026-08-16T02:09:32.000+00:00,candidate
6496e758cae838000136ac3a,Nicole,Br***e,Customer Service Lead,FitForMe,fitforme.com,FitForMe,2026-09-22T10:25:00.000+00:00,candidate
63231154ef263e000179df87,Nicoletta,Sc***o,Customer Service Operator,FitForMe,fitforme.com,FitForMe,2026-07-25T11:10:46.000+00:00,candidate
632994ff4790b0000164d2ce,Katrijn,Va***k,,FitForMe,fitforme.com,FitForMe,2026-09-26T03:40:45.952+00:00,candidate
6153dfd674bce40001ae7eca,Adam,Ha***n,Product Specialist,FitForMe,fitforme.com,FitForMe,2026-08-06T13:04:59.855+00:00,candidate
57d42bffa6da9853967e4713,Joelika,St***n,Operations Cöordinator,FitForMe,fitforme.com,FitForMe,2026-09-09T06:43:01.000+00:00,candidate
5ef4a48e96fb730001db6d3f,Daniela,Qu***o,Custome Service,FitForMe,fitforme.com,FitForMe,2026-09-08T02:38:37.000+00:00,candidate
5fcd1b0cf16e8f0001d6451a,Aude,Po***n,Diététicienne / Shift Lead,FitForMe,fitforme.com,FitForMe,2026-09-24T05:28:30.000+00:00,candidate
5b9bf976f874f78656595603,Rebecca,Br***n,Head of Product (R&D),FitForMe,fitforme.com,FitForMe,2026-09-23T19:12:30.359+00:00,candidate
60914df4b4d063000163a251,Nathalie,Ki***s,Dietician - Global Support Team,FitForMe,fitforme.com,FitForMe,2026-09-12T04:47:21.000+00:00,candidate
66f89f8b1fb6a70001ff887a,Vincent,Vr***l,Product Owner Digital,FitForMe,fitforme.com,FitForMe,2026-09-08T07:18:19.000+00:00,candidate
5f05d478e93bfc00017328c5,Emmanuel,Lo***z,Sales Effectiveness Lead,FitForMe,fitforme.com,FitForMe,2026-09-07T05:19:55.000+00:00,candidate
6561f4a4f8e9490001038e15,Maria,Go***d,Marketplace Marketer,FitForMe,fitforme.com,FitForMe,2026-09-07T03:39:49.000+00:00,candidate
619de874b5d6ca0001d9823b,Elisabeth,Mo***o,Supply Chain Assistant,FitForMe,fitforme.com,FitForMe,2026-09-08T08:12:03.000+00:00,candidate
54a2392274686930c2a64a17,Rita,Fr***s,Nutricionista - Customer Service Lead,FitForMe,fitforme.com,FitForMe,2026-09-19T01:04:54.000+00:00,candidate
54ebff5374686943118b533a,Manasi,Ap***e,Process Improvement Specialist,FitForMe,fitforme.com,FitForMe,2026-09-09T20:17:23.000+00:00,candidate
66a9ae524e8a57000192d36f,Tamia,Ja***i,Global Support Team,FitForMe,fitforme.com,FitForMe,2026-07-25T06:36:35.000+00:00,candidate
57ddb974a6da987b3d3f0f10,Maria,Qu***a,Customer Service,FitForMe,fitforme.com,FitForMe,2026-09-10T12:28:11.000+00:00,candidate
6a5b766af5a4b700018e018b,Victoria,Gr***e,Assistant Manager,FitForMe,fitforme.com,FitForMe,2026-09-20T08:27:43.888+00:00,candidate
66a705392702110001935aae,Jessica,Th***s,Customer Service Specialist,FitForMe,fitforme.com,FitForMe,2026-06-30T21:17:28.000+00:00,candidate
6734794c2e07ea0001f8cda8,Chiara,Pe***i,Sales Agent,FitForMe,fitforme.com,FitForMe,2026-09-10T10:31:14.000+00:00,candidate
61994b2cd912530001658ff5,Sonja,Sc***r,Sales Manager,FitForMe,fitforme.com,FitForMe,2026-09-10T13:53:06.000+00:00,candidate
63a2fc92b1d3e70001f75836,Berenice,Ko***l,Diététicienne Chargée de Clientèle,FitForMe,fitforme.com,FitForMe,2026-09-09T18:07:30.000+00:00,candidate
642eadc298ce980001ff4722,Merith,Ho***d,Customer Support Employee,FitForMe,fitforme.com,FitForMe,2026-09-08T08:52:56.000+00:00,candidate
66f1ad7a4c7c510001961b4f,Andre,Sa***s,CEO & Co-founder,Nutrium,nutrium.com,Nutrium,2026-09-06T08:13:11.000+00:00,candidate
5ff980cfb4cf3b0001206d7f,Katie,Mi***r,Director of Consultant Relations,Nutrium,nutrium.com,Nutrium,2026-09-24T02:41:23.000+00:00,candidate
66f2bd741f0dde000179c524,Jose,Al***s,Co-Founder & CRO,Nutrium,nutrium.com,Nutrium,2026-10-02T11:06:46.812+00:00,candidate
659edc11042a050001b4d6bc,Jennifer,Mc***e,Senior Sales Director,Nutrium,nutrium.com,Nutrium,2026-09-05T04:37:45.000+00:00,candidate
606396b568b31e0001c435a1,Daisy,Ba***s,Senior Business Development Representative,Nutrium,nutrium.com,Nutrium,2026-09-24T03:13:06.000+00:00,candidate
5ab5b661a6da98b5be9fcb4e,Margarida,Te***a,People & Talent Specialist,Nutrium,nutrium.com,Nutrium,2026-09-08T00:49:20.000+00:00,candidate
57dba63fa6da98687b467fdf,Patricia,Va***e,Talent Acquisition Specialist,Nutrium,nutrium.com,Nutrium,2026-09-08T02:04:29.000+00:00,candidate
57d8beaca6da9872165d5885,Gabriela,Me***i,Country Manager | Brazil | Nutrium Care,Nutrium,nutrium.com,Nutrium,2026-08-26T13:08:45.043+00:00,candidate
60bb41804e491900019c221f,Pedro,Pe***a,Marketing Director,Nutrium,nutrium.com,Nutrium,2026-09-30T10:59:04.416+00:00,candidate
60cde2be2c5f0e0001516402,Rita,Pe***a,Senior Growth & Performance Marketing Specialist,Nutrium,nutrium.com,Nutrium,2026-09-19T13:50:17.000+00:00,candidate
5e79cd5f04a2780001836c8f,Miguel,So***o,Product Manager,Nutrium,nutrium.com,Nutrium,2026-08-10T00:00:26.000+00:00,candidate
5631d79ba6da98137300014d,Yasmine,Me***s,Manager of Consultant Relations,Nutrium,nutrium.com,Nutrium,2026-09-10T19:49:30.000+00:00,candidate
57df68eca6da980ac6bcb59f,Francisco,Ne***s,Head of Engineering,Nutrium,nutrium.com,Nutrium,2026-09-04T16:52:03.000+00:00,candidate
686022b5e6f0a30001b8f101,Sergio,Co***a,Head of Product,Nutrium,nutrium.com,Nutrium,2026-09-13T09:42:27.000+00:00,candidate
612bb3f0ac769300011db8d9,Violeta,So***a,Product Manager,Nutrium,nutrium.com,Nutrium,2026-09-12T16:07:16.000+00:00,candidate
63189c08afc49100018babd4,Sanskriti,Pa***l,Business Development Specialist,Nutrium,nutrium.com,Nutrium,2026-09-17T01:14:57.000+00:00,candidate
66f63e5105e2d900019f048c,Diogo,Al***s,Co-Founder,Nutrium,nutrium.com,Nutrium,2026-09-07T20:13:27.000+00:00,in-sales-nav
6125bf05e0c1160001769bcd,Patricia,Pa***s,Legal Counsel,Nutrium,nutrium.com,Nutrium,2026-09-13T10:33:00.000+00:00,candidate
6651856491592e00011cac11,Lais,Sa***a,Nutrition & Community Coordinator,Nutrium,nutrium.com,Nutrium,2026-10-05T12:35:22.191+00:00,candidate
663ded1c9343e80001ee35e8,Mariana,Fe***a,Marketing Specialist,Nutrium,nutrium.com,Nutrium,2026-08-30T04:40:11.771+00:00,candidate
5e62237d6ed67900010ab310,Ricardo,Ro***s,Senior Android Developer,Nutrium,nutrium.com,Nutrium,2026-09-05T11:32:04.000+00:00,candidate
66317eeaa250260007a0a236,Francisca,Pe***a,SEO & Content Marketing Specialist,Nutrium,nutrium.com,Nutrium,2026-08-25T14:21:06.000+00:00,candidate
54a385787468693209a23c01,Silvia,Ri***o,Agente Técnico de Saúde,Nutrium,nutrium.com,Nutrium,2026-09-17T18:40:14.229+00:00,candidate
60d1ee61acec070001a47d87,Margarida,So***a,Dietitian,Nutrium,nutrium.com,Nutrium,2026-08-16T15:20:18.000+00:00,candidate
5acebd1fa6da98d0717bed3d,Marco,Co***o,Tech Lead,Nutrium,nutrium.com,Nutrium,2026-09-23T04:43:08.000+00:00,candidate
5ddf744e18382d00011358d3,Ines,Ri***o,UI/UX Designer,Nutrium,nutrium.com,Nutrium,2026-09-22T10:52:10.000+00:00,candidate
69846ff803a5c10001186180,Matheus,Az***o,Automation Engineering Intern,Nutrium,nutrium.com,Nutrium,2026-10-03T17:43:39.436+00:00,candidate
5ef7dfcf0707840001e23bb4,Julieta,Ma***i,Nutrition & Community Assistant |,Nutrium,nutrium.com,Nutrium,2026-07-31T04:32:46.707+00:00,candidate
63597a45bad0140001d2fb44,Alexandra,Li***i,Senior Research,Nutrium,nutrium.com,Nutrium,2026-09-06T04:51:45.000+00:00,candidate
6353ebfcffbfa400019b502a,Pedro,Ri***o,Full-Stack Developer,Nutrium,nutrium.com,Nutrium,2026-08-25T13:35:44.000+00:00,candidate
66a6348330077100018b7cff,Laura,Co***a,Nutritionist,Nutrium,nutrium.com,Nutrium,2026-09-19T05:26:32.000+00:00,candidate
643004e24957ef0001eae70a,Eva,Ma***s,Junior Graphic Designer,Nutrium,nutrium.com,Nutrium,2026-09-23T10:41:14.000+00:00,candidate
63aaaf61bab59500012e09a2,Diogo,Li***a,Android Developer,Nutrium,nutrium.com,Nutrium,2026-08-25T11:05:27.000+00:00,candidate
6129bdbec1e3e3000100947a,Teresa,Fe***a,Nutritionist,Nutrium,nutrium.com,Nutrium,2026-09-13T07:51:17.000+00:00,candidate
6167a6bfe4cb1c0001c4674e,Beatriz,Ta***o,Nutritionist,Nutrium,nutrium.com,Nutrium,2026-08-13T07:09:22.000+00:00,candidate
63ac56248bbdab000130c438,Ivan,Ca***s,Nutritionist,Nutrium,nutrium.com,Nutrium,2026-09-07T12:14:25.000+00:00,candidate
60d141b33261fe0001045dbc,Suelen,Ma***s,Clinical Nutritionist,Nutrium,nutrium.com,Nutrium,2026-09-11T05:22:25.000+00:00,candidate
6410cd437857a5000187b075,Stephanie,Gr***s,Registered Dietitian,Nutrium,nutrium.com,Nutrium,2026-09-23T20:26:16.931+00:00,candidate
615073d3af5237000188246d,Federica,Fe***e,Nutritional Biologist,Nutrium,nutrium.com,Nutrium,2026-09-19T00:00:25.000+00:00,candidate
642582283c752c00015f8ff4,Denise,Pa***a,Nutritionist,Nutrium,nutrium.com,Nutrium,2026-07-27T04:32:36.000+00:00,candidate
63dcfc13750b6c000173ad83,Leticia,Ja***i,Nutricionista On-line,Nutrium,nutrium.com,Nutrium,2026-09-12T22:15:30.000+00:00,candidate
614d8e83d797990001e612e8,Ester,Ar***o,Nutricionista (nutrium CARE),Nutrium,nutrium.com,Nutrium,2026-09-19T06:03:28.000+00:00,candidate
5e891a5d65fc64000150ea71,Ines,Go***s,AI Engineer,Nutrium,nutrium.com,Nutrium,2026-09-04T16:20:35.000+00:00,candidate
6988616df45b3b0001640df6,Daniela,Ra***s,Nutritionist,Nutrium,nutrium.com,Nutrium,2026-09-19T13:52:26.000+00:00,candidate
5f5ba9595936630001155f91,Matheus,Ma***s,Clinical Nutritionist,Nutrium,nutrium.com,Nutrium,2026-09-13T01:09:50.000+00:00,candidate
56471c5ca6da98742f00af68,Maria,Fr***e,Nutricionista Credenciada,Nutrium,nutrium.com,Nutrium,2026-09-20T07:10:14.000+00:00,candidate
6520ebfc1abcc10001174971,Giovanna,Po***s,Nutritionist,Nutrium,nutrium.com,Nutrium,2026-09-12T22:24:40.000+00:00,candidate
6422ffc1318c3f0001443792,Marta,Mo***i,Nutritionist,Nutrium,nutrium.com,Nutrium,2026-09-17T15:36:17.000+00:00,candidate
5acd2c52a6da987353d7a922,Amanda,Li***a,Clinical Nutritionist,Nutrium,nutrium.com,Nutrium,2026-09-08T02:56:55.000+00:00,candidate
6167f34cc866b00001ea591c,Camila,Le***s,Nutritionist,Nutrium,nutrium.com,Nutrium,2026-08-19T13:06:51.000+00:00,candidate
6731666002eb5c00019e4599,Amanda,Si***a,Nutricionista Clínica do Programa Nutrium Care,Nutrium,nutrium.com,Nutrium,2026-09-16T17:03:34.802+00:00,candidate
64352439b12b670001a5eccf,Carolina,Fo***a,Customer Support Specialist,Nutrium,nutrium.com,Nutrium,2025-04-09T20:48:31.000+00:00,candidate
68a566a967bc4800012bb2cf,Riccardo,Pe***e,Dietitian,Nutrium,nutrium.com,Nutrium,2026-09-22T11:50:24.000+00:00,candidate
63ce0acd195b9d00017257b0,Irina,Ma***s,Customer Support Germany & Nutritionist,Nutrium,nutrium.com,Nutrium,2026-09-10T14:44:52.000+00:00,candidate
6ab606ce69958a000119ba2d,Bruna,Li***a,Nutritionist,Nutrium,nutrium.com,Nutrium,2026-09-11T07:30:53.000+00:00,candidate
613834109bcbdf0001e2e8ec,Ines,Cu***o,Nutritionist,Nutrium,nutrium.com,Nutrium,2026-09-13T20:29:53.000+00:00,candidate
5e7da2d1f5a660000158c892,Josiane,Za***o,Clinical Nutritionist,Nutrium,nutrium.com,Nutrium,2026-08-10T05:38:55.000+00:00,candidate
6847fc3ce732780001801bc8,Miguel,Ro***a,Clinical Nutritionist,Nutrium,nutrium.com,Nutrium,2026-09-22T11:41:40.000+00:00,candidate
6689d3ed51d5820001f85132,Caroline,Ro***m,Clinical Nutritionist,Nutrium,nutrium.com,Nutrium,2026-07-04T13:17:10.000+00:00,candidate
6198ccd633dda7000125e65e,Helena,Sa***s,Nutritionist,Nutrium,nutrium.com,Nutrium,2026-09-23T10:50:20.000+00:00,candidate
61b44c61c6c0b90001b89c52,Ana,Pe***a,Business Support Specialist,Nutrium,nutrium.com,Nutrium,2026-09-23T11:29:11.000+00:00,candidate
613b175465910c000188bea6,Patricia,Fe***a,Nutritionist,Nutrium,nutrium.com,Nutrium,2026-08-14T13:31:01.000+00:00,candidate
687babbcf4bcc90001037f8e,Joana,Ol***a,Nutritionist,Nutrium,nutrium.com,Nutrium,2026-07-13T17:23:06.000+00:00,candidate
6357e09325a52b000193b793,Andreia,Ba***a,Nutritionist,Nutrium,nutrium.com,Nutrium,2026-09-07T02:41:00.000+00:00,candidate
6423201004c3470001949dea,Iara,La***o,Clinical Nutritionist,Nutrium,nutrium.com,Nutrium,2026-08-20T19:34:59.000+00:00,candidate
62347c576091a200014b3938,Mariana,Ro***s,Full-Stack Developer,Nutrium,nutrium.com,Nutrium,2026-09-23T10:46:30.000+00:00,candidate
6a130bc1b5d185000157d0ae,Diego,Ka***i,Clinical Nutritionist,Nutrium,nutrium.com,Nutrium,2026-08-10T05:38:35.000+00:00,candidate
61552a8c0e4c1b0001a9a497,Isabella,Me***e,Clinical Nutritionist,Nutrium,nutrium.com,Nutrium,2026-09-24T07:10:38.000+00:00,candidate
57e1d75ea6da98093ee3e204,Shirley,Si***a,Nutritionist,Nutrium,nutrium.com,Nutrium,2026-08-19T04:57:35.000+00:00,candidate
66a59f9303297c0001c93c53,Juliana,Sa***o,Nutritionist,Nutrium,nutrium.com,Nutrium,2026-08-20T11:11:48.000+00:00,candidate
624ded0c6c1cd50001e3a612,Filipa,Ro***s,Nutritionist,Nutrium,nutrium.com,Nutrium,2026-09-12T10:54:22.000+00:00,candidate
66f9910af32bc80001922ca5,Jhonatan,Mi***a,Clinical Nutritionist,Nutrium,nutrium.com,Nutrium,2026-09-19T05:47:03.000+00:00,candidate
5f52fe4234dac00001073248,Valter,Sa***s,Clinical Nutritionist,Nutrium,nutrium.com,Nutrium,2026-09-26T01:24:50.000+00:00,candidate
66f983a43fee9e0001e15ac3,Amanda,So***o,Nutritionist,Nutrium,nutrium.com,Nutrium,2026-08-10T05:45:08.000+00:00,candidate
68c5017d4a488a0001f29e76,Celso,Fe***a,Clinical Nutritionist,Nutrium,nutrium.com,Nutrium,2026-09-07T13:04:03.000+00:00,candidate
57df3563a6da980ac6bb8d5d,Gabriel,Ba***l,Ernährungsexperte,Nutrium,nutrium.com,Nutrium,2026-09-07T16:28:28.000+00:00,candidate
6421a6af82e67f00015acf04,Larissa,Al***e,Nutricionista Credenciado,Nutrium,nutrium.com,Nutrium,2026-09-25T20:27:11.000+00:00,candidate
685394884c808c0001a7971b,Ana,Co***a,Nutritionist,Nutrium,nutrium.com,Nutrium,2026-09-09T04:42:14.000+00:00,candidate
6422184ff36a730001363e45,Maristela,Bo***s,Clinical Nutritionist,Nutrium,nutrium.com,Nutrium,2026-09-28T18:57:05.110+00:00,candidate
6745704cef45410001f2b662,Gloria,M,Junior iOS Developer,Nutrium,nutrium.com,Nutrium,2026-09-24T06:20:20.000+00:00,candidate
615d130a6262f70001846f95,Larissa,Co***a,Atendimento Nutricional Online,Nutrium,nutrium.com,Nutrium,2026-07-05T08:25:15.000+00:00,candidate
613a0ff93297dd0001073767,Carina,Pr***o,Nutritionist,Nutrium,nutrium.com,Nutrium,2026-07-05T17:19:21.000+00:00,candidate
642ff8826196700001892f43,Sofia,Ma***s,Nutritionist,Nutrium,nutrium.com,Nutrium,2026-09-24T05:16:28.000+00:00,candidate
635997be9c01d90001ab40bb,Liliane,Gu***s,Nutritionist,Nutrium,nutrium.com,Nutrium,2026-09-13T11:40:03.000+00:00,candidate
66ee58b8bfb8b90001ac2248,Sophia,Pa***i,Clinical Nutritionist,Nutrium,nutrium.com,Nutrium,2026-09-03T13:49:37.113+00:00,candidate
6702aa0d25d57800012d7a01,Ana,Go***s,Nutricionista Credenciado,Nutrium,nutrium.com,Nutrium,2026-08-13T02:31:23.000+00:00,candidate
54a603b074686934424a50bb,Bruna,Me***s,Clinical Nutritionist,Nutrium,nutrium.com,Nutrium,2026-07-06T03:50:11.000+00:00,candidate
67c6cc6f476db300012d86a4,Pablo,Ll***h,Especialista en Nutrición,Nutrium,nutrium.com,Nutrium,2026-08-13T17:40:37.000+00:00,candidate
6741ee9e9e3aa40001e55cb9,Yasmin,Ca***s,Nutritionist,Nutrium,nutrium.com,Nutrium,2026-07-13T06:08:43.000+00:00,candidate
686649308f2da9000129b3e9,Yasmin,Cr***z,Nutritionist,Nutrium,nutrium.com,Nutrium,2026-09-20T10:16:41.000+00:00,candidate
60c4162c811d480001967bda,Giovanna,Pr***s,Nutritionist,Nutrium,nutrium.com,Nutrium,2026-09-19T06:28:21.000+00:00,candidate
57d39cbaf651252c39bb53da,Victor,Lu***i,Nutritionist,Nutrium,nutrium.com,Nutrium,2026-07-04T08:54:22.000+00:00,candidate
683a77f11798e200016cfd6a,Naihara,Go***s,Nutritionist,Nutrium,nutrium.com,Nutrium,2026-09-13T00:07:18.000+00:00,candidate
66d81ed192d7ab0001930b6a,Eugenio,Ru***z,Dietitian,Nutrium,nutrium.com,Nutrium,2026-06-12T09:20:10.000+00:00,candidate
640f7380e647780001b6d46f,Maia,Vi***n,Clinical Nutritionist,Nutrium,nutrium.com,Nutrium,2026-07-04T05:14:06.000+00:00,candidate
68f366b5c625eb0001f72ced,Milena,Ro***s,Clinical Nutritionist,Nutrium,nutrium.com,Nutrium,2026-09-07T17:57:22.000+00:00,candidate
69f9d0e655270a00015e353f,Jonathas,Go***s,Especialista em Consultoria,Nutrium,nutrium.com,Nutrium,2026-09-07T20:34:28.000+00:00,candidate
6853b631e0dc7600011c0912,Iara,Le***s,,Nutrium,nutrium.com,Nutrium,2026-09-17T05:17:06.000+00:00,candidate
6a589ac174941f000138a2ea,Malak,Os***a,Clincal Pharmacy,Nutrium,nutrium.com,Nutrium,2026-08-04T14:23:51.000+00:00,candidate
673b2a7359df340001941077,Natalia,Lo***z,Nutritionist,Nutrium,nutrium.com,Nutrium,2026-09-04T06:38:36.000+00:00,candidate
66fc877797fbc30001b6197d,Julien,Ja***e,Co-fondateur & CEO,maju,maju-nutrition.com,maju,2026-09-04T05:02:14.000+00:00,candidate
66f32c9e6b93a1000130377f,Matthias,Vi***l,Co-founder,maju,maju-nutrition.com,maju,2026-08-28T05:44:35.712+00:00,candidate
54c28cd17468697af7c104a8,Julie,Co***y,Founder Brand Development - Artist @Majü - Founder,maju,maju-nutrition.com,maju,2026-08-14T17:15:58.774+00:00,candidate
642eb5e73c15b000016165e5,Margaux,La***e,Dietitian Nutritionist,maju,maju-nutrition.com,maju,2026-09-10T09:42:36.000+00:00,candidate
66f7171cc180660001b89de5,Emma,Pl***n,Responsable des Opérations Marketing,maju,maju-nutrition.com,maju,2026-09-09T17:26:32.000+00:00,candidate
628377e4700a4c000174bc7f,Chloe,Al***d,Responsable Développement Marketing,maju,maju-nutrition.com,maju,2025-09-30T16:59:09.605+00:00,candidate
66f861ed3617ea0001fbb18c,Maximilian,Ot***n,Managing Partner,maju,maju-nutrition.com,maju,2026-09-21T06:29:14.000+00:00,candidate
672fa1d0c66b6700010fbd5a,Lucie,Hu***e,Executive Assistant,maju,maju-nutrition.com,maju,2026-06-29T22:45:47.000+00:00,candidate
68a20ae89fd2250001ee268c,Ziting,Liu,Retailer,maju,maju-nutrition.com,maju,2026-08-22T16:28:31.000+00:00,candidate
55708c6873696466d74d0300,Quoc-Khai,Tr***h,Dietitian,maju,maju-nutrition.com,maju,2026-09-26T12:12:28.000+00:00,candidate
68a228da7354b70001934118,Chenwang,Yu,Sales Promoter,maju,maju-nutrition.com,maju,2026-08-23T11:57:02.000+00:00,candidate
57d9d1eea6da981560be60d4,Saleem,Kh***i,Student,maju,maju-nutrition.com,maju,2026-04-11T06:31:53.000+00:00,candidate
5e8a497632a2630001707e12,Charlene,Ta***r,Head of Sales l B2B,maju,maju-nutrition.com,maju,2026-09-21T07:32:27.000+00:00,candidate
54a4170574686938ac8ff32b,Barthal,Mai,Student,maju,maju-nutrition.com,maju,2026-04-10T22:08:15.000+00:00,candidate
68b7b38e8696340001d62373,Lizhu,Zh***g,Household Manager,maju,maju-nutrition.com,maju,2026-07-10T22:18:58.000+00:00,candidate
66ee531e43e6da00015b8b91,Ganjar,Nu***a,If you do Good you get Good,maju,maju-nutrition.com,maju,2026-07-14T05:31:50.669+00:00,candidate
69a779b05688830001256ad6,Ovais,Re***n,Student,maju,maju-nutrition.com,maju,2026-08-13T20:42:40.496+00:00,candidate
54c22a677468697af7040181,Naeem,Kh***n,Student,maju,maju-nutrition.com,maju,2026-06-21T11:37:16.000+00:00,candidate
5b276190a6da98c37c837e2d,Muneeb,Ah***d,Student,maju,maju-nutrition.com,maju,2026-06-22T14:08:47.000+00:00,candidate
54a50b83746869320941d777,Abdal,Hu***n,Student,maju,maju-nutrition.com,maju,2026-08-25T05:05:41.688+00:00,candidate
57d607d8a6da98064c500454,Salman,Ma***r,Student,maju,maju-nutrition.com,maju,2026-08-14T15:21:33.137+00:00,candidate
57df83cca6da980add331c9d,Rehma,Kh***d,Student,maju,maju-nutrition.com,maju,2026-08-23T04:11:54.825+00:00,candidate
57d962d9a6da98726262cd5f,Farwa,Ra***a,Student,maju,maju-nutrition.com,maju,2026-08-26T01:52:44.316+00:00,candidate
57d3402ba6da98655cbc3f0b,Umair,Ch***a,Student,maju,maju-nutrition.com,maju,2026-05-29T17:11:29.000+00:00,candidate
57d480e7a6da985372fccb10,Diya,Pa***r,Student,maju,maju-nutrition.com,maju,2026-09-25T01:45:43.024+00:00,candidate
68c3960600a62200015276be,Yingan,Lu***n,Financial Advisor,maju,maju-nutrition.com,maju,2026-06-23T00:27:59.000+00:00,candidate
54aa7be57468692366c51507,Suzana,Sa***r,Officer,maju,maju-nutrition.com,maju,2026-08-31T22:17:10.755+00:00,candidate
68676276a04f2b00019e4766,Ahmed,Ab***s,Student,maju,maju-nutrition.com,maju,2026-07-12T14:30:29.000+00:00,candidate
54a43c617468692abfae1d37,Hina,An***r,Student,maju,maju-nutrition.com,maju,2026-06-22T02:26:00.000+00:00,candidate
68ba56077526e60001ab8f90,Mingcang,Cai,Teacher,maju,maju-nutrition.com,maju,2026-07-10T18:46:38.000+00:00,candidate
57d36691f651252c49abd021,Habib,Fa***y,Student,maju,maju-nutrition.com,maju,2026-07-31T19:25:43.000+00:00,candidate
5e8bee35b29d380001a0e6a9,Luisito,Di***z,Seguridad en Maju,maju,maju-nutrition.com,maju,2026-08-31T13:48:36.020+00:00,candidate
694081decbfc4b00014a1dc1,Laraib,Ma***i,Student,maju,maju-nutrition.com,maju,2026-08-04T14:41:08.000+00:00,candidate
68fba48d74c4180001e59229,Mohammad,Sa***i,Student,maju,maju-nutrition.com,maju,2026-08-15T18:08:13.655+00:00,candidate
68c4fb0b8b9b6300012ce9e8,Guozhao,Zh***n,Director,maju,maju-nutrition.com,maju,2026-06-08T18:20:10.000+00:00,candidate
57d42d1ea6da9853765386e5,Farhan,Ta***r,Student,maju,maju-nutrition.com,maju,2026-06-04T21:10:09.000+00:00,candidate
57df6e0ea6da980b1ddbe382,Zaha,Ru***n,Admin,maju,maju-nutrition.com,maju,2026-08-10T20:33:48.872+00:00,candidate
54a7f17c74686962207bc358,Riffat,Na***d,Student,maju,maju-nutrition.com,maju,2026-09-03T04:35:35.586+00:00,candidate
68b2c60ca05283000164509c,Subramanian,Ar***n,Truck Driver,maju,maju-nutrition.com,maju,2026-08-07T10:12:42.198+00:00,candidate
57d48811a6da98538e799c29,Raja,To***f,Student,maju,maju-nutrition.com,maju,2026-06-22T21:22:48.000+00:00,candidate
57df632ca6da980af0ebaf3a,Akbar,Ma***d,Administrator,maju,maju-nutrition.com,maju,2026-09-18T07:49:15.000+00:00,candidate
624d0452d06b38000110490b,Usama,Na***m,PhD Student,maju,maju-nutrition.com,maju,2026-06-21T12:41:06.000+00:00,candidate
54a230d57468693cdd97cd14,Ammara,Fa***a,Student,maju,maju-nutrition.com,maju,2026-05-25T13:24:42.000+00:00,candidate
57d3d7e6a6da9853a659d2b6,Bg,Art,Employee,maju,maju-nutrition.com,maju,2026-07-29T04:41:55.745+00:00,candidate
57d92b2ea6da98723a18bca4,Ehtasham,Ab***d,Student,maju,maju-nutrition.com,maju,2026-09-10T23:35:05.627+00:00,candidate
61382ac83c405a0001a8a849,Lala,La***a,Sales and Marketing Specialist,maju,maju-nutrition.com,maju,2026-08-11T06:34:11.000+00:00,candidate
57db41c7a6da984bac22cd4a,Touqeer,Kh***k,Student,maju,maju-nutrition.com,maju,2026-05-29T13:35:36.000+00:00,candidate
68b368a170129d00015ca8a0,Harlianto,Mu***e,Driver,maju,maju-nutrition.com,maju,2026-09-05T16:56:29.680+00:00,candidate
57d821e8a6da9809f61a7635,Innocent,Ey***s,Student,maju,maju-nutrition.com,maju,2026-06-21T07:50:11.000+00:00,candidate
54aa9d0474686908c89b490e,Mehreen,Ar***n,Student,maju,maju-nutrition.com,maju,2026-09-29T22:58:11.725+00:00,candidate
54a740697468696829dd2523,Tomy,Su***a,S.kom,maju,maju-nutrition.com,maju,2026-06-08T21:37:22.000+00:00,candidate
6520e4bfdea3f30001b1a1c2,Mangihut,Si***n,,maju,maju-nutrition.com,maju,2026-06-01T11:46:05.153+00:00,candidate
677a691b020553000134d413,Rida,Sa***n,Student,maju,maju-nutrition.com,maju,2026-06-06T20:02:09.000+00:00,candidate
57d54837a6da9853c6d99587,Maria,Az***m,Student,maju,maju-nutrition.com,maju,2026-07-10T04:27:20.000+00:00,candidate
57d8fddfa6da98727a8309ec,Ibbi,Ha***f,Student,maju,maju-nutrition.com,maju,2026-09-24T12:02:53.668+00:00,candidate
57da7ca8a6da984a8cdc90f9,Darain,Ha***n,Student,maju,maju-nutrition.com,maju,2026-07-10T16:52:06.000+00:00,candidate
57d5d54ea6da9853de0365c1,Ehtasham,Haq,Student,maju,maju-nutrition.com,maju,2026-05-29T17:05:40.000+00:00,candidate
5570ab1773696420aabc3b00,Mumtaz,Pa***n,Sl,maju,maju-nutrition.com,maju,2026-06-21T08:11:11.000+00:00,candidate
6356811aecca0a000104dae5,Murhadi,Ra***i,,maju,maju-nutrition.com,maju,2026-08-22T05:53:07.739+00:00,candidate
6943712a9f2c9400019d6598,Zoobia,Zo***q,Student,maju,maju-nutrition.com,maju,2026-09-25T01:20:55.676+00:00,candidate
69268a6ed2717d00010e9559,Lixuan,Li,Internet Entrepreneurship Sales,maju,maju-nutrition.com,maju,2026-04-12T11:40:27.000+00:00,candidate
68b2df8821c4990001987df5,William,Wo***g,Designer 3D Modeling Autocad,maju,maju-nutrition.com,maju,2026-07-10T22:57:37.000+00:00,candidate
57db4927a6da984bd0d74614,Sabila,Ch***y,Student,maju,maju-nutrition.com,maju,2026-05-29T16:10:28.000+00:00,candidate
57d4dce0a6da9853a0a570eb,Princess,Am***y,Student,maju,maju-nutrition.com,maju,2026-06-01T10:34:54.000+00:00,candidate
57d92e2ea6da98723279eb19,Adeel,Sa***q,Student,maju,maju-nutrition.com,maju,2026-10-01T00:36:50.890+00:00,candidate
692e4a98cd42dc00016fdc76,Zhee,Zh***e,Staff,maju,maju-nutrition.com,maju,2026-09-12T14:32:54.753+00:00,candidate
5cc7377080f93ea24e2ce52d,Jibran,Ma***r,Student,maju,maju-nutrition.com,maju,2026-08-22T01:15:53.913+00:00,candidate
54a738dd746869705a0cb720,Amirul,Ma***r,Executive,maju,maju-nutrition.com,maju,2026-06-06T23:01:50.000+00:00,candidate
57de2e6da6da987b35094825,Maria,Ta***o,Garment,maju,maju-nutrition.com,maju,2026-08-15T12:46:25.083+00:00,candidate
64cce06f3db8900001ce315e,Ade,Ao,Employee,maju,maju-nutrition.com,maju,2026-08-30T03:18:07.000+00:00,candidate
57d48c3fa6da985372fd51c0,Azis,Ip***n,Maju Mundur,maju,maju-nutrition.com,maju,2026-06-07T00:10:44.000+00:00,candidate
54a4a1cd7468692abf12a056,Zeta,Ar***f,Accountant,maju,maju-nutrition.com,maju,2026-08-30T12:54:49.396+00:00,candidate
557108277369645255980000,Nini,Va***i,Employee,maju,maju-nutrition.com,maju,2026-07-06T20:52:31.000+00:00,candidate
57d34554a6da986598f51603,Capricon,Ca***6,Student,maju,maju-nutrition.com,maju,2026-06-21T06:54:10.000+00:00,candidate
67a2c7e7aee23e00016e0ba5,Achmad,He***o,Law Student,maju,maju-nutrition.com,maju,2026-10-01T14:25:58.270+00:00,candidate
54a6f30f7468696de7312807,Madam,Sa***a,Lecturer,maju,maju-nutrition.com,maju,2026-09-02T03:23:14.051+00:00,candidate
6742684cb2361a0001373dfd,Azan,Ja***a,Teacher,maju,maju-nutrition.com,maju,2026-06-20T18:16:59.000+00:00,candidate
57d32695a6da9865685316ef,Faiza,Nu***t,Student,maju,maju-nutrition.com,maju,2026-08-24T20:17:56.546+00:00,candidate
57ddc9d2a6da987b519bc8ad,Zohaib,Na***r,,maju,maju-nutrition.com,maju,2026-09-22T11:38:17.131+00:00,candidate
54c257c47468697af7b88a90,Mazhar,Sa***b,Elect Supervisor,maju,maju-nutrition.com,maju,2026-08-18T07:00:53.148+00:00,candidate
57d8dc6aa6da9872165f56d8,Amber,Qa***r,Student,maju,maju-nutrition.com,maju,2026-05-29T14:54:26.000+00:00,candidate
57d432b8a6da9853def54960,Sha,Ma***u,Student,maju,maju-nutrition.com,maju,2026-08-01T10:25:04.000+00:00,candidate
6962fd958c656e0001ecbe6d,Sahar,Bh***o,Student,maju,maju-nutrition.com,maju,2026-08-29T20:32:38.147+00:00,candidate
693070c76ddf2b000192a826,Arie,Wa***u,Director,maju,maju-nutrition.com,maju,2026-08-25T05:12:33.822+00:00,candidate
69871bf1494cce000152fdb8,Mian,Fa***n,Student,maju,maju-nutrition.com,maju,2026-08-15T22:06:32.927+00:00,candidate
54a4a7e57468693209e27c58,Ru,Ro***y,Hrd,maju,maju-nutrition.com,maju,2026-06-20T21:57:26.000+00:00,candidate
69b4ceb7045dc30001225d0e,Muhammad,Ra***d,Student,maju,maju-nutrition.com,maju,2026-03-15T04:11:00.436+00:00,candidate
6550b08c049a480001c42c62,Imran,Kh***n,Student,maju,maju-nutrition.com,maju,2025-10-01T22:15:45.436+00:00,candidate
57d77e6da6da984fde8a4dbe,Nida,Na***m,Student,maju,maju-nutrition.com,maju,2026-06-21T06:47:09.000+00:00,candidate
6915b9cd6cee76000118f747,Saba,Fa***q,Student,maju,maju-nutrition.com,maju,2026-02-21T23:39:31.943+00:00,candidate
645a7c08be450200018b4394,Marcelo,Dt,Veterinary Doctor,maju,maju-nutrition.com,maju,2026-09-04T22:23:44.074+00:00,candidate
69a322848b97f200010cac85,Saif,Ul***h,Student,maju,maju-nutrition.com,maju,2026-02-28T17:14:44.761+00:00,candidate
690352d00a05eb0001b2f24f,Zarina,Jan,Boss,maju,maju-nutrition.com,maju,2026-08-17T16:36:59.788+00:00,candidate
54ec49d474686943116ee577,Amjad,Ni***z,Director Administration,maju,maju-nutrition.com,maju,2026-08-09T08:55:28.000+00:00,candidate
68ed49aed4c49f0001fd0075,Imran,G,Engineer,maju,maju-nutrition.com,maju,2026-09-02T21:08:10.465+00:00,candidate
683b98cd6a147b00016df8b5,Agung,Yu***o,,maju,maju-nutrition.com,maju,2026-09-24T22:21:58.221+00:00,candidate
57d5ff2da6da986169a83b88,Daruswel,Ba***n,Businessman,maju,maju-nutrition.com,maju,2026-08-11T06:26:19.000+00:00,candidate
66a9c416a5b04e000160f942,Julian,We***b,Business Owner,maju,maju-nutrition.com,maju,2026-08-11T22:41:10.000+00:00,candidate
57d8103ea6da9809ee48a06d,Van,Ces,Self-employed,maju,maju-nutrition.com,maju,2026-06-19T13:33:43.000+00:00,candidate
65350ebbc2b83c0001f6fa65,Mohamed,Ra***n,Self Employed,maju,maju-nutrition.com,maju,2026-07-17T02:44:10.000+00:00,candidate
54a5552b7468693676a76a8f,Valentina,Br***c,Design Lead,Fabulous,thefabulous.co,The Fabulous,2026-09-27T03:53:02.484+00:00,candidate
66f718aac180660001b9248e,Devashish,Ch***a,Head of Monetization,Fabulous,thefabulous.co,The Fabulous,2026-09-08T10:40:11.000+00:00,candidate
5ee42ff9de7993000124db4e,Pranav,Ra***r,Junior Product Manager and Growth Engineer,Fabulous,thefabulous.co,The Fabulous,2026-09-07T08:49:11.000+00:00,candidate
66f7f185eee1360001a9ef3e,Sofiene,La***i,Lead DevOps & Platform Engineer,Fabulous,thefabulous.co,The Fabulous,2026-09-25T01:50:07.401+00:00,candidate
5b1c73c0a6da98072077a8c3,Wojciech,Kr***g,Senior Android Engineer,Fabulous,thefabulous.co,The Fabulous,2026-09-08T07:18:03.000+00:00,candidate
66f71892c180660001b91b82,Nicolo,Sa***e,CRM Marketing Lead,Fabulous,thefabulous.co,The Fabulous,2026-09-09T18:45:39.964+00:00,candidate
66f4160b93a753000198d831,Amine,La***i,Co-founder & CTO,Fabulous,thefabulous.co,The Fabulous,2026-09-15T18:24:03.000+00:00,in-sales-nav
6219e34a7ce87b000138c8b2,Alena,V,Creative Team Lead / Creative Strategist,Fabulous,thefabulous.co,The Fabulous,2026-08-17T08:25:27.000+00:00,candidate
66f9b9ad12771600014c0564,Deniz,De***u,User Acquisition Manager / Performance Marketer,Fabulous,thefabulous.co,The Fabulous,2026-09-10T18:38:50.000+00:00,candidate
61db997e0fa6b20001c76df1,Ahmed,Ha***d,Senior Frontend Engineer,Fabulous,thefabulous.co,The Fabulous,2026-07-07T19:12:27.000+00:00,candidate
6074652ae19d1c00012e8208,Houssem,Be***r,User Acquisition Manager,Fabulous,thefabulous.co,The Fabulous,2026-09-05T06:37:27.000+00:00,candidate
5f0ba8b4703e1d00017bc953,Ewelina,Pi***h,Partnerships Manager,Fabulous,thefabulous.co,The Fabulous,2026-09-11T21:05:08.000+00:00,candidate
66f71c7fc180660001ba4b15,Taylor,Li***g,Co-Founder and CDO,Fabulous,thefabulous.co,The Fabulous,2026-09-17T16:53:10.081+00:00,candidate
646f407a45e929000190347e,Sylvie,Ng***n,Senior Product Designer,Fabulous,thefabulous.co,The Fabulous,2026-09-04T13:32:34.000+00:00,candidate
66f7eb17eee1360001a7c849,Marie,La***e,Head of Finance,Fabulous,thefabulous.co,The Fabulous,2026-09-10T21:03:52.000+00:00,candidate
5ade2b6ca6da984de024741b,Alice,Br***r,Senior Data Scientist,Fabulous,thefabulous.co,The Fabulous,2026-08-23T12:00:58.100+00:00,candidate
603b2a0c773b470001880d59,Masa,No***o,Coaching Team Lead,Fabulous,thefabulous.co,The Fabulous,2026-09-23T05:30:10.000+00:00,candidate
66f7de0eeee1360001a3e4d1,Amine,Zg***i,Growth Engineer,Fabulous,thefabulous.co,The Fabulous,2026-09-20T16:51:07.353+00:00,candidate
60f6340d3b0e540001d8251f,Tamara,An***c,Graphic Designer,Fabulous,thefabulous.co,The Fabulous,2026-09-25T00:48:09.228+00:00,candidate
6353f9cd84268d0001cd9bd8,Asmaa,Ka***l,Analytics Engineer,Fabulous,thefabulous.co,The Fabulous,2026-10-03T06:25:12.608+00:00,candidate
63553bff0be48b0001b3564d,Menna,Me***t,Frontend Developer,Fabulous,thefabulous.co,The Fabulous,2026-09-22T13:48:18.000+00:00,candidate
5ad1044fa6da98840b366553,Rafael,Ma***o,Mobile Software Engineer,Fabulous,thefabulous.co,The Fabulous,2026-08-25T11:44:46.293+00:00,candidate
5b1d482fa6da98076972f583,Milica,Po***c,Senior Illustrator,Fabulous,thefabulous.co,The Fabulous,2026-02-17T14:42:05.939+00:00,candidate
60caf31ed0e1c5000144e813,Hajar,Na***r,Full Stack Developer,Fabulous,thefabulous.co,The Fabulous,2026-09-13T03:48:05.185+00:00,candidate
66f7ec06eee1360001a813a2,Marc,Bo***u,Développeur iOS,Fabulous,thefabulous.co,The Fabulous,2026-09-05T07:27:25.000+00:00,candidate
60180eb1007be900017ddb06,Leszek,Mz***k,Senior Android Engineer,Fabulous,thefabulous.co,The Fabulous,2026-09-08T01:38:41.000+00:00,candidate
66f7e951eee1360001a73430,Marie,Gi***e,Accounting Manager,Fabulous,thefabulous.co,The Fabulous,2026-09-13T20:59:13.000+00:00,candidate
54ebbdf6746869444c609e1a,Krzysztof,Ma***r,Senior Android Engineer,Fabulous,thefabulous.co,The Fabulous,2026-09-18T09:41:03.309+00:00,candidate
66f7e041eee1360001a4901c,Alexy,Le***n,Senior Product Designer,Fabulous,thefabulous.co,The Fabulous,2026-09-25T21:14:18.000+00:00,candidate
564ba5fda6da984771002f4e,Tomasz,Ko***i,Software Architect,Fabulous,thefabulous.co,The Fabulous,2026-09-30T10:52:31.985+00:00,candidate
54a27a627468693825d43826,Jan,Li***s,Senior Behavioral Scientist at Fabulous,Fabulous,thefabulous.co,The Fabulous,2026-09-10T20:49:00.000+00:00,candidate
66f7e02eeee1360001a4895f,Sadok,Me***i,Software Engineer,Fabulous,thefabulous.co,The Fabulous,2026-09-07T20:41:54.000+00:00,candidate
64af2480d1250300016ce8a9,Yan,Jun,Product Designer,Fabulous,thefabulous.co,The Fabulous,2026-08-17T08:57:22.000+00:00,candidate
5d63943f80f93ee6e1ff6da2,Gabriela,Co***a,Customer Care Specialist B2C & B2B at Fabulous,Fabulous,thefabulous.co,The Fabulous,2026-08-15T13:20:55.000+00:00,candidate
62734d90ec0e6500015de67c,Amy,Le***h,Content Team Lead,Fabulous,thefabulous.co,The Fabulous,2026-09-03T18:22:21.000+00:00,candidate
64671d9457c0ee0001fee110,Petar,Vu***t,Creative Lead,Fabulous,thefabulous.co,The Fabulous,2026-10-07T00:39:03.445+00:00,candidate
64594d11e0d8250001e050bd,Rok,Ma***h,Animation Lead,Fabulous,thefabulous.co,The Fabulous,2026-08-25T06:54:44.779+00:00,candidate
60e7150ce5d69200013ee331,Sun,Pa***k,Senior User Acquisition Manager,Fabulous,thefabulous.co,The Fabulous,2026-09-15T04:14:29.000+00:00,candidate
650043ac8371e8000106bc30,Salma,Ga***l,Merchandiser,Fabulous,thefabulous.co,The Fabulous,2026-09-09T21:46:35.000+00:00,candidate
66ffd2123809d40001acdaf9,Maged,Wa***h,IT Manager,Fabulous,thefabulous.co,The Fabulous,2026-08-27T10:47:12.090+00:00,candidate
60212ace7e6efb0001c63e86,Jazmin,Qu***l,"CSO, Chief Storyteller",Fabulous,thefabulous.co,The Fabulous,2026-09-05T14:24:14.113+00:00,candidate
66a6d9767d05660001905b15,Mauriceson,Ma***e,Information Technology Support Specialist,Fabulous,thefabulous.co,The Fabulous,2026-08-23T13:15:21.000+00:00,candidate
6735ca7ab0876600019bc77d,Qaisara,K,Product Designer,Fabulous,thefabulous.co,The Fabulous,2026-08-14T13:57:01.000+00:00,candidate
57e08b59a6da981bf1ec5790,Hichem,Za***d,Interactive Designer & Animator,Fabulous,thefabulous.co,The Fabulous,2026-09-17T05:30:08.000+00:00,candidate
61f574206cf24a0001b4934d,Ahmed,Eh***b,iOS Engineer,Fabulous,thefabulous.co,The Fabulous,2026-08-10T06:07:10.000+00:00,candidate
6700c5b8ecad0100013a36c0,Edita,Pi***e,Senior Writer & Editor,Fabulous,thefabulous.co,The Fabulous,2026-09-05T04:03:29.000+00:00,candidate
5f5f53615f8e1d0001a5a96a,Yassine,Sa***h,Android Developer,Fabulous,thefabulous.co,The Fabulous,2026-09-13T20:38:19.000+00:00,candidate
60ca9111bcc27f00010a5eda,Andrea,Pr***o,CX Operations Specialist,Fabulous,thefabulous.co,The Fabulous,2026-09-05T16:17:24.917+00:00,candidate
619728fa6d630c0001fd72a8,Sladana,Lj***c,Visual Designer,Fabulous,thefabulous.co,The Fabulous,2026-08-22T23:42:57.064+00:00,candidate
64b6c86fe96e330001cff477,Xin,Cui,Freelancer,Fabulous,thefabulous.co,The Fabulous,2026-09-06T20:56:26.129+00:00,candidate
63528f58194b750001ade95b,Wai,Ch***g,Senior Project Engineer,Fabulous,thefabulous.co,The Fabulous,2026-08-22T01:10:27.727+00:00,candidate
64241a86c3f4980001d8b4e0,Omonuwa,Ew***n,,Fabulous,thefabulous.co,The Fabulous,2026-07-22T22:31:57.047+00:00,candidate
6a795036da08fa00019c5ad0,Idris,Om***a,CEO,Fabulous,thefabulous.co,The Fabulous,2026-09-19T23:53:59.000+00:00,candidate
6025ed91b52c5d0001dbfee1,Ramy,He***t,Clothes,Fabulous,thefabulous.co,The Fabulous,2026-07-22T14:15:13.000+00:00,candidate
5f5ccca79e63320001d56b3f,Bouthaina,Ch***i,Motion Designer,Fabulous,thefabulous.co,The Fabulous,2026-09-15T21:21:47.000+00:00,candidate
61dca17f431ba400019fdada,Sotiris,Fr***s,App Discovery Specialist,Fabulous,thefabulous.co,The Fabulous,2026-06-21T17:56:13.000+00:00,candidate
673ebab28988090001afb92e,Michelle,Lo***e,Digital Health,Fabulous,thefabulous.co,The Fabulous,2026-09-08T20:46:55.000+00:00,candidate
68c59c920dc7590001671519,Hossam,El***m,Textile Engineer,Fabulous,thefabulous.co,The Fabulous,2026-07-15T17:56:54.000+00:00,candidate
54c292fe7468697af744f2ab,Fabiola,Fa***z,President of Fabulous,Fabulous,thefabulous.co,The Fabulous,2026-09-23T08:46:45.000+00:00,candidate
68372c6db04af40001f0cc87,Alix,Kl***n,Directrice Marketing Digital,Fabulous,thefabulous.co,The Fabulous,2025-05-28T15:31:56.770+00:00,candidate
66ee6af7b077bb0001049f96,Sharon,Wi***n,Event Manager,Fabulous,thefabulous.co,The Fabulous,2026-09-23T10:43:46.000+00:00,candidate
63bfced3f86e3f00011607af,Fabunmi,Em***l,Dish Technician,Fabulous,thefabulous.co,The Fabulous,2026-06-24T01:03:12.000+00:00,candidate
68f9da5005db37000113515f,Audrey,Ed***s,The Perfect Integration,Fabulous,thefabulous.co,The Fabulous,2025-10-23T07:33:44.327+00:00,candidate
6505fc9e007fda00019b939a,Jim,Os***r,Chief Executive Officer,Fabulous,thefabulous.co,The Fabulous,2026-09-09T09:13:47.000+00:00,candidate
68bda1b00f13fe0001380a1b,Ahmed,No***r,Accountant,Fabulous,thefabulous.co,The Fabulous,2026-07-11T01:05:50.000+00:00,candidate
57da3269a6da98542dcf7177,Cont,Bo***e,Www.jollyebotique.com,Fabulous,thefabulous.co,The Fabulous,2026-09-09T12:15:39.000+00:00,candidate
67841c6890cff10001a5e4b8,Mahmoud,El***y,Project Manager,Fabulous,thefabulous.co,The Fabulous,2026-07-10T03:11:15.000+00:00,candidate
5e668437ec5b4b0001942f7a,Juliette,Ma***i,Store Manager,Fabulous,thefabulous.co,The Fabulous,2026-09-21T15:24:54.093+00:00,candidate
6a40e77a5f409f0001d35db9,Angela,Mw***e,Cashier,Fabulous,thefabulous.co,The Fabulous,2026-09-10T03:41:46.418+00:00,candidate
6481d9bdf4cf3a000194bf8c,Lucas,So***a,Principal Dancer,Fabulous,thefabulous.co,The Fabulous,2026-07-05T12:08:24.000+00:00,candidate
54a3b5c87468692abf20500c,Bev,Ta***n,Sales,Fabulous,thefabulous.co,The Fabulous,2026-06-06T22:20:25.000+00:00,candidate
5c5f8327a3ae614cd940fb09,Laurie,Ri***i,Sr Mechanical Drafter,Fabulous,thefabulous.co,The Fabulous,2026-09-24T16:58:34.000+00:00,candidate
57d8232da6da980a2e81792a,Phumzile,Mk***o,Sales,Fabulous,thefabulous.co,The Fabulous,2026-06-22T01:56:17.000+00:00,candidate
55710824736964086e550100,Gemma,Ca***t,Deputy Features Editor,Fabulous,thefabulous.co,The Fabulous,2026-07-21T04:34:40.000+00:00,candidate
63dd4e22b3d347000155133d,Yeji,Sh***n,Producer,Fabulous,thefabulous.co,The Fabulous,2026-06-24T08:05:23.000+00:00,candidate
61289bdeadde710001225d0d,Reem,Al***i,Women's Tailoring Operator,Fabulous,thefabulous.co,The Fabulous,2026-04-13T00:21:42.000+00:00,candidate
57d99460a6da98722a872c0e,Ji,Yoo,Assistant Director,Fabulous,thefabulous.co,The Fabulous,2026-08-15T22:05:49.640+00:00,candidate
57e18a95a6da987d8cb67a48,Sufina,Fy***a,Dental Hyginist,Fabulous,thefabulous.co,The Fabulous,2026-08-13T10:41:19.000+00:00,candidate
54a790d47468696b7fa85040,Sahadat,Ho***n,Engniang,Fabulous,thefabulous.co,The Fabulous,2026-10-01T16:03:55.000+00:00,candidate
6a48a800b33d760001136d5a,Ibrahim,Ab***a,,Fabulous,thefabulous.co,The Fabulous,2026-07-09T17:38:14.000+00:00,candidate
64e8f5b8d32f49000115f111,Arianna,Gr***i,Awesome,Fabulous,thefabulous.co,The Fabulous,2026-09-27T07:55:27.221+00:00,candidate
6167fafd2c1f1700019d35f6,Tom,Rey,Boss,Fabulous,thefabulous.co,The Fabulous,2026-08-26T07:38:50.531+00:00,candidate
67c368df6635b00001039b67,Anitha,Du***i,Homemaker,Fabulous,thefabulous.co,The Fabulous,2026-08-09T19:58:03.000+00:00,candidate
68d7de709ce67900015e777b,Dylan,Sc***r,Bike Repair,Fabulous,thefabulous.co,The Fabulous,2026-09-18T06:39:09.933+00:00,candidate
680b2b337ceef4000139f100,Andy,Sa***z,Cook,Fabulous,thefabulous.co,The Fabulous,2026-08-28T01:13:11.000+00:00,candidate
61b962cf7cc94d0001eb5649,Abhishek,Sh***a,Seo Intern,Fabulous,thefabulous.co,The Fabulous,2026-08-20T00:17:15.605+00:00,candidate
68ef20fadaf72a00010b80fc,Testy,Te***t,Financial Accountant,Fabulous,thefabulous.co,The Fabulous,2026-01-24T00:45:51.386+00:00,candidate
67eeb5bf4b1d0b00011b63f2,Aremu,Al***u,Software Engineer,Fabulous,thefabulous.co,The Fabulous,2026-09-29T02:18:39.221+00:00,candidate
655a1aadcfbbea00019b3a98,Salome,Wa***a,Business,Fabulous,thefabulous.co,The Fabulous,2026-09-13T05:59:05.936+00:00,candidate
64fd34b832d1db0001415ea4,John,Pa***o,Stylist,Fabulous,thefabulous.co,The Fabulous,2026-08-27T21:58:39.000+00:00,candidate
6996c1692fb73b0001b5779d,Joseph,Si***h,Kitchen Staff,Fabulous,thefabulous.co,The Fabulous,2026-08-13T06:42:06.430+00:00,candidate
64f420ace9196100019ca054,Awais,Ki***g,Madican,Fabulous,thefabulous.co,The Fabulous,2026-07-17T01:32:15.000+00:00,candidate
68e1091222029c0001872847,Fatima,Gu***n,Housekeeper,Fabulous,thefabulous.co,The Fabulous,2026-03-04T18:29:33.494+00:00,candidate
57dd328ea6da987b35059510,Rosalinda,Vi***a,Self Employed,Fabulous,thefabulous.co,The Fabulous,2026-07-20T03:47:36.000+00:00,candidate
62e283ed3572730001174718,Fabienne,Zu***n,Artist,Fabulous,thefabulous.co,The Fabulous,2026-08-12T23:26:43.000+00:00,candidate
6a4df7733012df00017afb97,Logan,Br***n,Real Estate Agent,Fabulous,thefabulous.co,The Fabulous,2026-09-10T09:41:58.588+00:00,candidate
69edda65d03e470001d57b5c,Nishu,Ka***a,Cleaning Company Owner,Fabulous,thefabulous.co,The Fabulous,2026-08-22T05:35:43.766+00:00,candidate
69936e812cd0960001a9317e,Shama,Na***m,Sales Specialist,Fabulous,thefabulous.co,The Fabulous,2026-08-17T02:23:27.392+00:00,candidate
64f442d88f576300015dc73d,Fabio,Ri***s,Personal Fitness Trainer,Fabulous,thefabulous.co,The Fabulous,2026-09-29T22:00:47.000+00:00,candidate
62e2b9c3a749c90001da1f0d,Beth,Wi***s,Retail Supervisor,Fabulous,thefabulous.co,The Fabulous,2026-08-12T21:44:17.000+00:00,candidate
654c88538828380001b2622b,Lars,Be***n,CEO,SATISFEAT Ernährungsplaner,satisfeat.de,SATISFEAT,2026-09-17T03:17:35.000+00:00,in-sales-nav
54a2900f7468692e71559b2c,Frederic,Fe***t,Directeur Réseau de Franchise,BODYHIT,bodyhit.fr,BODYHIT,2026-08-26T11:32:11.596+00:00,candidate
5d58f1fd80f93eb684f62398,Lila,So***o,Directrice de Développement de Franchise,BODYHIT,bodyhit.fr,BODYHIT,2026-08-14T13:46:22.000+00:00,in-sales-nav
608af58a5273710001d9b5f9,Sabrine,No***a,Administrative and Financial Director,BODYHIT,bodyhit.fr,BODYHIT,2026-09-05T12:11:15.000+00:00,candidate
67a32e477f290d0001b1ad5b,Seimirah,Pe***a,,BODYHIT,bodyhit.fr,BODYHIT,2025-06-27T07:21:38.396+00:00,candidate
54a295b474686930c23bbc2d,Maxime,Hu***t,Gérant Bodyhit Evreux,BODYHIT,bodyhit.fr,BODYHIT,2026-06-29T01:51:49.000+00:00,candidate
5f5f688a0102820001ecffbe,Hassatou,Di***o,"Esthéticienne Formatrice, Gérant Principal",BODYHIT,bodyhit.fr,BODYHIT,2026-09-27T17:15:31.811+00:00,candidate
60dc1ec95f61760001815561,Stephanie,Te***a,President,BODYHIT,bodyhit.fr,BODYHIT,2026-06-30T05:22:36.000+00:00,candidate
5650dba9a6da981ce200b8da,Chloe,Tr***a,Propritaire - Dirigeante,BODYHIT,bodyhit.fr,BODYHIT,2026-04-01T09:10:30.016+00:00,candidate
672edac1e854c000017bb69a,Timothe,Gr***n,Sports Coach,BODYHIT,bodyhit.fr,BODYHIT,2026-08-23T06:14:42.000+00:00,candidate
60d4adf1a45c3b0001004b3d,Swann,Eh***o,Sports Coach,BODYHIT,bodyhit.fr,BODYHIT,2026-07-27T02:01:38.000+00:00,candidate
6728d7c181a6420001e40848,Cedric,Al***a,Franchisé Bodyhit Thionville,BODYHIT,bodyhit.fr,BODYHIT,2026-09-05T07:54:58.000+00:00,candidate
5ffeb718f3b014000191eac4,Cyril,Go***r,Gérant à Bodyhit Evreux,BODYHIT,bodyhit.fr,BODYHIT,2026-09-12T07:09:25.000+00:00,candidate
57dd70cca6da987af121ae4b,Arnaud,Bo***o,Responsable de la Formation,BODYHIT,bodyhit.fr,BODYHIT,2026-09-05T16:55:15.000+00:00,candidate
61b457f9b3b8710001b0e841,Nathan,La***t,Coach Sportif Référent,BODYHIT,bodyhit.fr,BODYHIT,2026-07-01T03:39:53.000+00:00,candidate
642d7345cbb6a10001b26903,Marie,Mo***u,Manager,BODYHIT,bodyhit.fr,BODYHIT,2025-10-05T02:29:04.687+00:00,candidate
5f5e499bf1fb770001bbd140,Benoit,Sa***n,Network Facilitator,BODYHIT,bodyhit.fr,BODYHIT,2026-09-15T07:28:14.000+00:00,candidate
642acaaddb35690001d0d714,Damien,Ro***n,Président – DANÈS Sport (bodyhit Saint-Germain-en-Laye),BODYHIT,bodyhit.fr,BODYHIT,2026-09-07T16:25:34.000+00:00,in-sales-nav
57d708f3a6da9828d6647293,Tania,Mo***d,Multi-franchisé - Gérante,BODYHIT,bodyhit.fr,BODYHIT,2026-09-12T13:32:28.000+00:00,candidate
66a6b4353330c40001077517,Jean,Be***i,Coach Sportif en Électro-stimulation,BODYHIT,bodyhit.fr,BODYHIT,2026-09-06T19:32:26.000+00:00,candidate
5e86e5d78070990001dac941,Matthieu,No***d,Sports Coach,BODYHIT,bodyhit.fr,BODYHIT,2026-09-23T04:46:08.000+00:00,candidate
621e909e4a7dfb0001265267,Ines,Ha***i,Gérante Principale,BODYHIT,bodyhit.fr,BODYHIT,2026-09-09T19:24:53.000+00:00,candidate
5b5f1f6d060cd4590e4119d4,Adam,Ja***s,Sports Coach,BODYHIT,bodyhit.fr,BODYHIT,2026-09-19T00:31:10.000+00:00,candidate
5c39f88bf6512576e84adb4f,Annabelle,Ta***d,Coach EMS,BODYHIT,bodyhit.fr,BODYHIT,2026-09-10T15:27:37.190+00:00,candidate
57e03d10a6da980df3681e5d,Marayva,Jo***e,Site Manager,BODYHIT,bodyhit.fr,BODYHIT,2026-09-10T15:02:59.000+00:00,candidate
60482ac4f45d4f00017490e2,Sylvie,Pl***a,Dirigeante Bodysyl SAS,BODYHIT,bodyhit.fr,BODYHIT,2026-09-08T22:13:56.000+00:00,in-sales-nav
664a57a9c5563e000127cca7,Ayoub,Bo***n,Commercial,BODYHIT,bodyhit.fr,BODYHIT,2026-08-24T16:54:06.000+00:00,candidate
6480a4aefe8be90001421c13,Geoffrey,Lu***i,Communications Officer,BODYHIT,bodyhit.fr,BODYHIT,2026-09-12T14:24:45.000+00:00,candidate
65991925ccb4570001e22007,Christelle,Jo***t,Coach Sportive,BODYHIT,bodyhit.fr,BODYHIT,2026-09-07T03:10:48.000+00:00,candidate
67e6d159ae80890001c45f3c,Maaj,Di***p,Responsable Communications Marketing,BODYHIT,bodyhit.fr,BODYHIT,2025-09-15T15:18:43.525+00:00,candidate
57dec025a6da987b2ca423d7,Cuong,He***y,Manager,BODYHIT,bodyhit.fr,BODYHIT,2026-09-09T01:23:40.000+00:00,candidate
5e89fa46037b2300013af58f,Ainhoa,Jo***e,Chef D’entreprise et Coach Sportif,BODYHIT,bodyhit.fr,BODYHIT,2026-09-07T08:04:03.000+00:00,candidate
6167f3eddb77ce0001f2ff93,Willem,Et***e,Sports Coach,BODYHIT,bodyhit.fr,BODYHIT,2026-09-08T06:52:31.000+00:00,candidate
621e459a2ef8170001ecf134,Virginie,Bo***e,CEO,BODYHIT,bodyhit.fr,BODYHIT,2026-10-02T12:32:13.083+00:00,in-sales-nav
68c82f999d5d460001ead7c0,Tommy,Ig***u,"Manager, Customer Success",BODYHIT,bodyhit.fr,BODYHIT,2025-09-15T15:24:09.477+00:00,candidate
672e3e0e58ee360001d7af3e,Laura,Jo***y,Coach Sportif Électrostimulation,BODYHIT,bodyhit.fr,BODYHIT,2026-09-10T13:41:31.000+00:00,candidate
66eec490d63a3e0001ac65c1,Enzo,Ni***a,Sports Coach,BODYHIT,bodyhit.fr,BODYHIT,2026-09-10T11:20:37.000+00:00,candidate
6236d0084a480700018f17e6,Thomas,De***n,Coach,BODYHIT,bodyhit.fr,BODYHIT,2026-09-22T10:44:13.000+00:00,candidate
695af8568087d5000158df87,Mamadou,Sa***o,Assistant Vente / Responsable de Club (Alternance),BODYHIT,bodyhit.fr,BODYHIT,2026-09-13T02:52:07.000+00:00,candidate
682c43d4282a400001786599,Raphaela,Ca***e,Gérante Salle de Sport,BODYHIT,bodyhit.fr,BODYHIT,2026-09-09T12:47:31.000+00:00,candidate
6ab5024aaf9db70001a5311a,Lea,La***e,Alternante en Communication / Vente,BODYHIT,bodyhit.fr,BODYHIT,2026-09-13T13:35:04.000+00:00,candidate
6199a2f556dced00016e18d9,Alexis,Lu***s,Sports Coach,BODYHIT,bodyhit.fr,BODYHIT,2026-09-22T11:47:13.000+00:00,candidate
615075be95f57f0001cc5e17,Yannick,He***o,Sports Coach,BODYHIT,bodyhit.fr,BODYHIT,2026-07-09T06:19:16.000+00:00,candidate
63d8f4a3fd74aa0001ec9e2a,Kevin,Pa***l,Responsable Salle de Sport,BODYHIT,bodyhit.fr,BODYHIT,2026-08-31T20:50:48.462+00:00,candidate
695503596a7d9000012e11be,Johanna,Da***n,Gérante Bodyhit Hôtel de Ville,BODYHIT,bodyhit.fr,BODYHIT,2026-09-08T09:46:05.064+00:00,candidate
57d94fc8a6da98728afcc4a1,Julie,La***e,,BODYHIT,bodyhit.fr,BODYHIT,2025-10-27T06:53:27.707+00:00,in-sales-nav
6864a76440ce6e0001d6d659,Angelo,Ph***e,Directeur Commercial BodyHit Neuilly,BODYHIT,bodyhit.fr,BODYHIT,2026-06-25T05:31:09.955+00:00,in-sales-nav
69c8cddbbaa7c40001e199f0,Adrien,He***y,Animateur Réseau & Référent Qualité Coaching,BODYHIT,bodyhit.fr,BODYHIT,2026-07-09T05:30:46.000+00:00,candidate
662b1e2ac448d200078b7e3a,Steffie,Ge***e,Manager,BODYHIT,bodyhit.fr,BODYHIT,2026-06-29T02:12:36.000+00:00,candidate
66f0254d1ae9f600016cb9e6,Antoine,Le***s,Sports Coach,BODYHIT,bodyhit.fr,BODYHIT,2026-09-08T08:48:00.000+00:00,candidate
626c229274540f0001e85a17,Antoine,Bo***e,Sports Coach,BODYHIT,bodyhit.fr,BODYHIT,2026-08-13T16:41:33.000+00:00,candidate
6954fccbd2323a00014c4264,Olivia,Ma***a,Chargé de Relation Client,BODYHIT,bodyhit.fr,BODYHIT,2026-09-21T07:23:35.839+00:00,candidate
61664fb1a3606e000101e272,Lea,Fr***t,,BODYHIT,bodyhit.fr,BODYHIT,2026-09-21T22:45:31.100+00:00,candidate
60cfa6b2b9dadd0001d776dc,Marie,Sa***e,Coordinatrice Animatrice de Réseau,BODYHIT,bodyhit.fr,BODYHIT,2026-09-08T11:37:03.000+00:00,candidate
652116a44a33d100012fbf28,Bryan,Be***e,Coach en Electrostimulation,BODYHIT,bodyhit.fr,BODYHIT,2026-09-23T12:06:15.000+00:00,candidate
62ea5d938580140001dc4c15,Juline,Bo***r,Main Manager,BODYHIT,bodyhit.fr,BODYHIT,2026-09-10T17:18:05.000+00:00,candidate
5d5eee87f65125c941887c78,Arnaud,Ru***n,Sports Coach,BODYHIT,bodyhit.fr,BODYHIT,2026-09-12T13:45:41.000+00:00,candidate
62466def947ecf00014fc3b3,Wendy,Fo***s,Manager,BODYHIT,bodyhit.fr,BODYHIT,2026-07-01T23:31:14.000+00:00,candidate
60eaf6d5e2afdf00012be789,Agathe,La***e,Sports Coach,BODYHIT,bodyhit.fr,BODYHIT,2026-08-14T15:00:31.000+00:00,candidate
5d6c9f9ba3ae6124ee879879,Adeline,Bo***y,Étudiante en Diététique,BODYHIT,bodyhit.fr,BODYHIT,2026-09-27T19:59:52.743+00:00,candidate
662e0c78cf75ca000721f8d3,Alicia,Em***y,Coach EMS,BODYHIT,bodyhit.fr,BODYHIT,2026-09-12T10:45:33.000+00:00,candidate
64a807e891730600015ebb2b,Anais,Le***q,Fitness Coach,BODYHIT,bodyhit.fr,BODYHIT,2026-07-01T21:43:20.000+00:00,candidate
61b48dc9def27400010915a6,Patricia,Go***d,Présidente Studio D’éléctrostimulation BodyHit,BODYHIT,bodyhit.fr,BODYHIT,2026-07-27T02:36:05.000+00:00,in-sales-nav
6721a78ac602110001ff44f4,Theo,Lo***o,Sports Coach,BODYHIT,bodyhit.fr,BODYHIT,2026-09-23T05:26:13.000+00:00,candidate
674239f62fa3e20001afec58,Romain,To***n,Room Manager,BODYHIT,bodyhit.fr,BODYHIT,2026-09-12T05:12:42.000+00:00,candidate
69677e523c560a0001c4c262,Imane,Da***i,Business Development Manager,BODYHIT,bodyhit.fr,BODYHIT,2026-09-10T11:31:36.000+00:00,candidate
68f7d04bdb49530001beb004,Charles,Ge***s,Manager de la Stratégie Marketing,BODYHIT,bodyhit.fr,BODYHIT,2026-09-07T06:37:48.000+00:00,candidate
68491bd1059bea000161b054,Remi,Bo***h,Sports Coach,BODYHIT,bodyhit.fr,BODYHIT,2026-07-09T21:32:54.000+00:00,candidate
6723041762e6eb0001198feb,Nelly,Ne***n,Sales Consultant,BODYHIT,bodyhit.fr,BODYHIT,2026-09-09T03:58:48.000+00:00,candidate
66f9647111be610001740265,Sydney,Jo***h,Alternante - Assistante Commercial,BODYHIT,bodyhit.fr,BODYHIT,2026-09-09T07:22:18.000+00:00,candidate
6426c324d6ae260001b2d072,Elarif,Ha***i,Sports Coach,BODYHIT,bodyhit.fr,BODYHIT,2026-08-15T07:26:02.000+00:00,candidate
64ed0a4058fe980001a0934e,Corentin,Be***d,Gérant de Bodyhit Thionville,BODYHIT,bodyhit.fr,BODYHIT,2026-09-28T00:02:15.331+00:00,in-sales-nav
6167cccd248680000165ec83,Anais,Ha***t,Fitness Coach,BODYHIT,bodyhit.fr,BODYHIT,2026-09-22T11:33:58.000+00:00,candidate
64369ac57cb9bd00011bfaf8,Bodyhit,Po***r,Club Bodyhit Pontarlier,BODYHIT,bodyhit.fr,BODYHIT,2026-09-08T08:58:29.000+00:00,candidate
657411547e6d6a00014eae1e,Agnes,Be***j,Manager Coach Sportif,BODYHIT,bodyhit.fr,BODYHIT,2026-08-14T06:59:13.000+00:00,candidate
61691114d31cf90001158b2f,Fanny,La***r,Coach Responsable en Electrostimulation,BODYHIT,bodyhit.fr,BODYHIT,2026-09-24T06:42:06.000+00:00,candidate
6905cab49dab8300018f46e1,Kevin,Ca***s,Sports Coach,BODYHIT,bodyhit.fr,BODYHIT,2026-09-19T21:35:24.000+00:00,candidate
67416a2fca074b00010db92d,Thien,Gu***n,Commercial,BODYHIT,bodyhit.fr,BODYHIT,2026-09-12T02:09:14.000+00:00,candidate
692a7b0e0188e90001a35cd0,Remi,Ma***n,Coach Sportif Ems,BODYHIT,bodyhit.fr,BODYHIT,2026-09-13T19:08:53.000+00:00,candidate
614ec1d6692d9c000140fb63,Clelia,Fo***i,Responsable Salle de Sport,BODYHIT,bodyhit.fr,BODYHIT,2026-09-05T22:47:29.717+00:00,candidate
66a9b6609de1770001e5cffe,Malick,Di***o,Commercial Assistant,BODYHIT,bodyhit.fr,BODYHIT,2026-09-09T01:45:15.000+00:00,candidate
5f505a3fd8f2d80001bd6828,Bodyhit,Mo***x,Gérant Bodyhit Issy Les Moulineaux,BODYHIT,bodyhit.fr,BODYHIT,2026-09-09T18:14:52.000+00:00,candidate
6712a327a2fb0500019a85a7,Alex,Ro***e,Étudiant à Irss,BODYHIT,bodyhit.fr,BODYHIT,2026-09-20T23:07:25.411+00:00,candidate
67e0a252b3788e00015fd5da,Francois-Xavier,Qu***e,Main Manager,BODYHIT,bodyhit.fr,BODYHIT,2026-09-24T02:41:36.675+00:00,candidate
68ec890f849b51000115972a,Logan,De***t,Assistant Marketing,BODYHIT,bodyhit.fr,BODYHIT,2025-10-13T05:07:26.694+00:00,candidate
69873c4dee78d9000115a7cf,Alexis,Bi***e,Sports Coach,BODYHIT,bodyhit.fr,BODYHIT,2026-09-07T04:52:05.000+00:00,candidate
66f4f1ab1d53fd00014741c8,Flavio,Pa***s,Sports Coach,BODYHIT,bodyhit.fr,BODYHIT,2026-09-09T07:18:37.000+00:00,candidate
60c41e02c31e4c00015fbc92,Bodyhit,Pe***t,Sports Coach,BODYHIT,bodyhit.fr,BODYHIT,2026-09-10T11:25:50.000+00:00,candidate
643020033ca11a0001d5de68,Stephane,As***n,Business Student,BODYHIT,bodyhit.fr,BODYHIT,2026-08-28T15:39:12.000+00:00,candidate
66fa11c7611997000191a0c3,Jan,Sa***e,Inhaber Fitbox Idstein,fitbox GmbH,fitbox.de,fitbox,2026-09-23T10:07:59.000+00:00,in-sales-nav
66fd4753643b670001e9ba4d,Ulrike,Ka***r,Chief Operating Officer,fitbox GmbH,fitbox.de,fitbox,2026-09-04T04:57:56.000+00:00,candidate
6535151861252d0001a3806d,Juan,Be***s,Project Leader - International Expansion,fitbox GmbH,fitbox.de,fitbox,2026-09-07T09:10:49.000+00:00,candidate
676ee8e7300844000143ac95,Scarlett,Sc***z,Head of B2B Strategy & Growth,fitbox GmbH,fitbox.de,fitbox,2026-09-08T00:21:32.000+00:00,candidate
5d6d16b880f93ed10a57a93f,Dave,La***g,Team Lead Online Marketing,fitbox GmbH,fitbox.de,fitbox,2026-09-08T11:26:35.000+00:00,candidate
64316c141a2b24000142f156,Lisa,Sp***l,Marketing Content Manager,fitbox GmbH,fitbox.de,fitbox,2026-09-07T19:54:44.000+00:00,candidate
64ed13b169d05f000184889b,Rebekka,Ku***r,Creative Operations Manager,fitbox GmbH,fitbox.de,fitbox,2026-09-15T07:51:51.000+00:00,candidate
57e085bea6da981c29dc3dd1,Adrienne,Fr***e,HR & Franchise Consultant,fitbox GmbH,fitbox.de,fitbox,2026-09-07T08:37:50.000+00:00,candidate
5fe19f357be8ae0001a69922,Michael,Di***l,FLP,fitbox GmbH,fitbox.de,fitbox,2026-09-07T03:03:03.000+00:00,candidate
6126067dbd4e4e0001fb4c5a,Robert,Ku***n,Team Lead Content Marketing,fitbox GmbH,fitbox.de,fitbox,2026-09-24T05:52:50.000+00:00,candidate
6153df79549a8c000135fe88,Sven,Li***a,Junior Digital Performance Marketing Manager,fitbox GmbH,fitbox.de,fitbox,2026-09-22T10:58:27.000+00:00,candidate
62a8705f48bf930001fdebcc,Angelique,Pa***e,Senior Business Coach & Customer Success Manager,fitbox GmbH,fitbox.de,fitbox,2026-09-12T09:37:43.000+00:00,candidate
6169395caeef450001980a85,Marvin,Br***r,Senior Account Manager Inhouse Online Marketing Agency,fitbox GmbH,fitbox.de,fitbox,2026-09-06T09:36:19.000+00:00,candidate
642d4fd59db4a80001c968a9,Stefan,Th***e,Projektleiter Kreuzretter & Schulungsleiter Fitbox Academy bei Fitbox GmbH,fitbox GmbH,fitbox.de,fitbox,2026-09-12T04:46:55.000+00:00,candidate
642584305cb47a00018f0ffd,Anita,Le***z,Commercial Clerk,fitbox GmbH,fitbox.de,fitbox,2026-09-10T07:24:59.000+00:00,candidate
642d517086fb1e0001de7425,Antonia,Sc***z,Sales Coach/Founder Coach/Officemanagerin,fitbox GmbH,fitbox.de,fitbox,2026-09-26T02:02:49.315+00:00,candidate
5fe1db4c789cb10001d8f8fe,Patrik,Ro***w,Geschäftsführender Inhaber bei Fitbox GmbH,fitbox GmbH,fitbox.de,fitbox,2026-07-01T03:14:13.000+00:00,in-sales-nav
57dfba0ea6da980b38c535a5,Rolf,Ha***h,Geschäftsführender Inhaber Fitbox Hannover Lister Platz,fitbox GmbH,fitbox.de,fitbox,2026-09-19T21:21:00.000+00:00,in-sales-nav
66a9ae7a8c715b000154d780,Maximilian,Ot***e,Junior Performance Marketing Manager,fitbox GmbH,fitbox.de,fitbox,2025-09-20T15:43:27.742+00:00,candidate
624cb1aaa6eecf0001a995db,Jelle,Ku***r,Immobilien Expansionsmanager D-A-CH,fitbox GmbH,fitbox.de,fitbox,2026-09-23T10:03:01.000+00:00,candidate
623fd55bfd446d0001631f0b,Jean,Po***l,Eigentümer Fitbox Herten Disteln,fitbox GmbH,fitbox.de,fitbox,2026-09-12T05:12:41.000+00:00,candidate
696f13d6d6aa4b0001118da5,Iryna,O,Sales and Marketing Operations,fitbox GmbH,fitbox.de,fitbox,2026-09-07T07:25:13.000+00:00,candidate
68232249ad8f01000100c5dc,Falko,Sc***r,Studioinhaber,fitbox GmbH,fitbox.de,fitbox,2025-05-13T10:43:20.783+00:00,candidate
64ea55cb562e1a00013ab10b,Tim,Ib***h,Senior Expansion Manager,fitbox GmbH,fitbox.de,fitbox,2026-09-02T10:48:46.000+00:00,candidate
6424617e10e9380001b67ac2,Rick,Re***d,Studio Head,fitbox GmbH,fitbox.de,fitbox,2026-07-25T07:51:15.000+00:00,in-sales-nav
6024efd87f637a0001b1f66d,Ntemis,Gk***s,Sales Manager und Management Consultant,fitbox GmbH,fitbox.de,fitbox,2026-07-27T03:39:27.000+00:00,candidate
5f09e3c8cc50700001ddd241,Ebru,On***r,Personaltrainer,fitbox GmbH,fitbox.de,fitbox,2026-09-13T21:13:08.000+00:00,candidate
57d8c2f1a6da98729bcd6714,Ludwig,We***k,Corporate Graphic Designer,fitbox GmbH,fitbox.de,fitbox,2026-09-18T23:53:14.000+00:00,candidate
64c39e8a59e4580001d55e09,Giorgio,Ma***o,Operazioni,fitbox GmbH,fitbox.de,fitbox,2026-09-08T01:22:56.000+00:00,candidate
5d5893cba3ae61e85c3e32eb,Andrea,Pa***n,Teamlead Corporate Grafik & Media Design,fitbox GmbH,fitbox.de,fitbox,2026-09-08T00:42:19.000+00:00,candidate
57e12ba3a6da987da42295ed,Eric,Ob***t,Brand Content Creator,fitbox GmbH,fitbox.de,fitbox,2026-09-13T08:31:47.000+00:00,candidate
5e81986772efd9000168f0bc,Sunna,Hu***t,Corporate- Grafik- & Media- Designerin,fitbox GmbH,fitbox.de,fitbox,2026-08-13T16:19:42.000+00:00,candidate
642ea448e14f0c00015388df,Tatjana,Je***l,Dual Study,fitbox GmbH,fitbox.de,fitbox,2026-09-13T19:51:13.000+00:00,candidate
6353dde65d2b2a0001a681ab,Fitbox,We***z,Studioleiter,fitbox GmbH,fitbox.de,fitbox,2026-07-01T14:56:50.000+00:00,candidate
67c3816523d16200012da678,Tommy-Lee,Br***g,Certified Personal Trainer,fitbox GmbH,fitbox.de,fitbox,2026-08-14T17:18:59.000+00:00,candidate
68a2f92b3a2b9000010b82b4,Janine,Sc***r,Personal Trainer,fitbox GmbH,fitbox.de,fitbox,2026-09-12T04:23:49.000+00:00,candidate
6a27aa6c7b6dca00015a86a9,Jan,Gl***z,Student,fitbox GmbH,fitbox.de,fitbox,2026-09-08T07:53:49.437+00:00,candidate
62eb4dfb25775700014f0986,Laura-,Sa***h,Pupils,fitbox GmbH,fitbox.de,fitbox,2026-09-09T01:34:10.000+00:00,candidate
5d4707f080f93e25bf59f74f,Sara,Ha***k,Nationaler Manager,fitbox GmbH,fitbox.de,fitbox,2026-06-30T16:50:11.000+00:00,candidate
680e462ac3b6150001c177fd,Maurice,Ba***t,Personal Trainer,fitbox GmbH,fitbox.de,fitbox,2026-08-23T15:36:45.820+00:00,candidate
6a8ff2142647590001138867,Ilija,Bo***c,Owner,fitbox GmbH,fitbox.de,fitbox,2026-08-27T08:14:59.472+00:00,in-sales-nav
62ec920e8ce3b00001dffb50,Oleksandra,Da***o,Personal Trainerin,fitbox GmbH,fitbox.de,fitbox,2026-09-27T18:59:19.819+00:00,candidate
6931d26b89ad81000195e922,Patrik,Sc***i,Bachelor-Student,fitbox GmbH,fitbox.de,fitbox,2026-09-25T16:37:15.000+00:00,candidate
69ecd039ff7cd60001078fbd,Tobias,Ju***s,Personal Trainer in Einem EMS-Studio,fitbox GmbH,fitbox.de,fitbox,2026-05-30T20:22:18.457+00:00,candidate
67ec4812d79578000139ad12,Alischa,Kl***l,Dualer Student,fitbox GmbH,fitbox.de,fitbox,2026-07-04T01:09:16.000+00:00,candidate
632070044193700001da6b0f,Marie,P,Personal Training,fitbox GmbH,fitbox.de,fitbox,2026-09-08T17:24:42.000+00:00,candidate
64a84c1fad160b0001026b9b,Daniel,If***d,Team Leader,fitbox GmbH,fitbox.de,fitbox,2026-09-13T09:25:46.876+00:00,candidate
67df415a5c8231000194c15d,Benedikt,Sp***t,Fitnesstrainer,fitbox GmbH,fitbox.de,fitbox,2026-09-15T08:17:09.000+00:00,candidate
66f931ccabfa3800019042ee,Simon,Au***k,Chief Marketing Officer,Virtuagym,virtuagym.com,Virtuagym,2026-09-30T08:16:42.889+00:00,candidate
66f592e4e039b600015b6985,Mark,Lo***r,Chief Revenue Officer (CRO),Virtuagym,virtuagym.com,Virtuagym,2026-09-22T03:10:49.000+00:00,candidate
60d2eda665b13f0001674b6d,Hugo,Br***m,Founder,Virtuagym,virtuagym.com,Virtuagym,2026-09-21T07:52:13.000+00:00,candidate
6841812ec55ac50001e15652,Laura,Bo***a,SEO Manager,Virtuagym,virtuagym.com,Virtuagym,2026-08-18T09:12:38.000+00:00,candidate
60d2f1eeb9e8c40001164e5e,Paul,Br***m,CEO,Virtuagym,virtuagym.com,Virtuagym,2026-09-30T05:38:12.824+00:00,in-sales-nav
629475b17f516a00010947e9,Ivan,Os***o,Senior Account Executive,Virtuagym,virtuagym.com,Virtuagym,2026-09-13T08:18:33.000+00:00,candidate
5e7a1ae29f15f80001edb17f,Marcel,We***n,Country Manager DACH,Virtuagym,virtuagym.com,Virtuagym,2026-09-05T15:38:46.000+00:00,candidate
6762550d36cdef0001c2cdf9,Nick,Va***l,Chief Product Officer,Virtuagym,virtuagym.com,Virtuagym,2026-09-15T04:11:03.000+00:00,in-sales-nav
5fb635c36151b2000191ca53,Ruben,Vi***r,COO & CFO,Virtuagym,virtuagym.com,Virtuagym,2026-10-03T04:48:39.074+00:00,candidate
61037b5dc105d4000147464a,Mattijs,Ke***s,Senior Manager | Account Management,Virtuagym,virtuagym.com,Virtuagym,2026-09-10T19:57:50.000+00:00,in-sales-nav
6687bf9e05cc1d0001a95cef,Anne,No***f,Customer Success Manager - Enterprise,Virtuagym,virtuagym.com,Virtuagym,2026-09-12T13:12:52.000+00:00,candidate
606ceaa73186330001122757,Giulia,Ma***i,VP of Marketing,Virtuagym,virtuagym.com,Virtuagym,2026-09-04T10:01:21.000+00:00,candidate
5b676f75f874f73bd1b40d65,Bas,Ha***n,Director Customer Success,Virtuagym,virtuagym.com,Virtuagym,2026-10-03T19:01:47.327+00:00,in-sales-nav
67dec75652036d00014729f4,Thirza,Va***n,Head of People and Culture,Virtuagym,virtuagym.com,Virtuagym,2026-09-04T09:03:59.000+00:00,candidate
61e04663ca16be000126775f,Nuno,Fi***o,Lead Product Manager,Virtuagym,virtuagym.com,Virtuagym,2026-09-04T04:31:28.056+00:00,candidate
5f984061d0e5ad000195584f,Francisbel,Sa***a,Senior Onboarding Specialist,Virtuagym,virtuagym.com,Virtuagym,2026-09-05T14:38:16.000+00:00,candidate
6707ab595aa0950001acf8ff,Carolina,Ca***a,Customer Success Manager SMB Spain & International,Virtuagym,virtuagym.com,Virtuagym,2026-07-09T00:12:06.714+00:00,candidate
658b507ad4a4a60001f2767b,Umut,Ka***r,Software Engineer,Virtuagym,virtuagym.com,Virtuagym,2026-09-10T04:07:36.732+00:00,candidate
54a4ae8674686934423bf15a,Borislav,Ge***i,Senior DevOps Engineer,Virtuagym,virtuagym.com,Virtuagym,2026-09-07T09:55:05.000+00:00,candidate
5e795eb2cfaca2000169da64,Bauke,Wi***s,Operations Engineer,Virtuagym,virtuagym.com,Virtuagym,2026-09-07T14:22:40.000+00:00,candidate
667c175d91b710000110eb13,Cristian,Po***e,Human Resources Officer,Virtuagym,virtuagym.com,Virtuagym,2026-09-07T11:26:16.000+00:00,candidate
678042f9ae78f2000198e80b,Danna,Os***o,HR Administrator,Virtuagym,virtuagym.com,Virtuagym,2026-09-15T18:27:56.000+00:00,candidate
65db61d1186e5b0001cdcb9f,Niels,Cl***s,Account Executive - Benelux & Rest of World Market,Virtuagym,virtuagym.com,Virtuagym,2026-09-05T04:53:59.000+00:00,candidate
5e5c5a692709f80001cf61a0,Fabrice,Ga***t,Director of Customer Support and Onboarding,Virtuagym,virtuagym.com,Virtuagym,2026-09-21T05:33:13.000+00:00,candidate
67d1c8e268d92a0001a06590,Juan,Lo***z,Senior Account Executive,Virtuagym,virtuagym.com,Virtuagym,2026-09-23T04:11:52.000+00:00,candidate
5f7e1fa8c3b6010001bd4353,Christoph,Pa***i,Sales Manager DACH (interim),Virtuagym,virtuagym.com,Virtuagym,2026-09-10T15:41:04.000+00:00,candidate
57d9c35aa6da987fede4b063,Salvatore,Ti***i,Chief Innovation Officer,Virtuagym,virtuagym.com,Virtuagym,2026-09-05T16:41:24.000+00:00,candidate
682b00233fa1ac0001a39ed4,Emma,Su***n,Financial Controller,Virtuagym,virtuagym.com,Virtuagym,2026-08-08T22:41:07.000+00:00,candidate
66f16e4374dd450001dc7800,Paulo,Cu***o,Product Owner Mobile,Virtuagym,virtuagym.com,Virtuagym,2026-07-06T10:09:19.376+00:00,candidate
54a2f0ee7468693fda194748,Bram,Sl***r,Lead Product Designer,Virtuagym,virtuagym.com,Virtuagym,2026-09-05T13:42:02.000+00:00,candidate
66f8ce031fb6a70001136cef,Alejandra,Vi***a,Customer Operations Manager,Virtuagym,virtuagym.com,Virtuagym,2026-08-27T14:47:51.295+00:00,candidate
63fcb2613be1a40001362a47,Veerle,Ha***x,Onboarding Consultant Benelux & International,Virtuagym,virtuagym.com,Virtuagym,2026-09-12T13:51:22.000+00:00,candidate
54c1dea77468691639bd1354,Soraya,Ru***r,Customer Service Consultant Benelux,Virtuagym,virtuagym.com,Virtuagym,2026-09-05T04:19:16.000+00:00,candidate
57d85f14a6da98789b30b224,Daan,Ko***e,3D Artist,Virtuagym,virtuagym.com,Virtuagym,2026-08-09T00:05:22.000+00:00,candidate
604ff389253a030001402e12,Anderson,Ra***i,Principal Software Engineer,Virtuagym,virtuagym.com,Virtuagym,2026-08-11T03:12:49.902+00:00,candidate
673e161bdb9087000157db31,Silvia,Be***a,Finance Operations Manager,Virtuagym,virtuagym.com,Virtuagym,2026-09-04T08:17:38.000+00:00,candidate
6a65fb75a4a6eb0001be9aae,Mourad,Zi***i,Product Designer ✏️,Virtuagym,virtuagym.com,Virtuagym,2026-08-09T00:49:23.000+00:00,candidate
5e82df272f675900018fe890,Collin,Va***k,Connected Hardware Manager,Virtuagym,virtuagym.com,Virtuagym,2026-09-05T18:26:00.000+00:00,candidate
65e744160da8f100072581e0,Robin,Es***o,Software Engineer,Virtuagym,virtuagym.com,Virtuagym,2026-09-10T07:13:43.000+00:00,candidate
614bfee53ebdfe0001db9b46,Miguel,Sa***z,Manager Business Development,Virtuagym,virtuagym.com,Virtuagym,2026-09-05T06:35:12.000+00:00,candidate
6037fe84bd22fa00011373b6,Justin,Va***g,Senior iOS Developer,Virtuagym,virtuagym.com,Virtuagym,2026-09-10T07:13:58.000+00:00,candidate
5f49cf1f4eb33f000162fc07,Laurence,Bo***n,Account Executive,Virtuagym,virtuagym.com,Virtuagym,2026-09-15T07:33:44.000+00:00,candidate
655892cf47ddd30001f92aa5,Ecaterina,Iv***o,Performance Marketing,Virtuagym,virtuagym.com,Virtuagym,2026-08-13T01:06:25.813+00:00,candidate
609aee0e33dd880001b26972,Louise,Ho***t,Customer Success Manager Enterprise,Virtuagym,virtuagym.com,Virtuagym,2026-09-07T09:51:51.000+00:00,candidate
651fbaa903fa9200016914b1,Chayenne,He***n,Senior Customer Service Team Lead Benelux & Northam,Virtuagym,virtuagym.com,Virtuagym,2026-08-10T11:07:50.000+00:00,candidate
5f5ea9377441490001a70172,Joy,Br***s,Senior Client Succes Consultant Benelux,Virtuagym,virtuagym.com,Virtuagym,2026-08-16T20:46:11.000+00:00,candidate
5e82b9544effe40001cd7ff3,Guillermo,Ma***o,Senior Quality Assurance Engineer,Virtuagym,virtuagym.com,Virtuagym,2026-08-10T09:22:15.464+00:00,candidate
5e8ccfedcc1a1b0001e6e6b8,Enes,Ka***l,Product Specialist,Virtuagym,virtuagym.com,Virtuagym,2026-09-06T03:18:41.493+00:00,candidate
5e8dc084a522a10001ab95fd,Britt,Ko***g,Customer Succes Manager Enterprise Benelux,Virtuagym,virtuagym.com,Virtuagym,2026-09-12T13:05:43.000+00:00,candidate
63c3af9450aed30001055c0c,Felix,Ma***s,Senior Account Executive,Virtuagym,virtuagym.com,Virtuagym,2026-09-08T02:01:55.000+00:00,candidate
60dda1d40f007c0001c5c66f,Isabela,Os***a,Lead Operations Engineer,Virtuagym,virtuagym.com,Virtuagym,2026-09-07T14:26:02.000+00:00,candidate
5f5631314b90a000016aeeee,Jonne,Ti***n,Senior Onboarding Consultant Benelux,Virtuagym,virtuagym.com,Virtuagym,2026-09-24T04:27:26.943+00:00,candidate
624bf7a7b10302000180dbd5,Tamara,Bl***r,Customer Success Manager Benelux,Virtuagym,virtuagym.com,Virtuagym,2026-08-16T19:52:27.000+00:00,candidate
6322a90cb512a90001b9b706,Dimitri,La***f,Product Specialist,Virtuagym,virtuagym.com,Virtuagym,2026-09-13T20:42:05.000+00:00,candidate
6860903d326cd100013b587c,Ahmed,Gh***n,Controller,Virtuagym,virtuagym.com,Virtuagym,2026-09-05T11:02:20.000+00:00,candidate
626019fa3f1257000156dc74,Kadir,Al***t,Technical Implementation and Integration Specialist,Virtuagym,virtuagym.com,Virtuagym,2026-09-23T03:38:41.000+00:00,candidate
6037fe7f16a7e30001601272,Melina,Pa***u,Senior Software Engineer,Virtuagym,virtuagym.com,Virtuagym,2026-09-17T23:35:24.000+00:00,candidate
66c45b461726a80001b9b320,Farhad,Ko***a,Senior Software Engineer,Virtuagym,virtuagym.com,Virtuagym,2026-09-17T13:26:45.000+00:00,candidate
642d57c2ad13b400017a6b38,Ivan,Me***a,As a Data Engineer.,Virtuagym,virtuagym.com,Virtuagym,2026-09-10T16:30:08.000+00:00,candidate
54a408e37468693442823b27,Hector,Li***o,Financial Controller,Virtuagym,virtuagym.com,Virtuagym,2026-08-15T16:37:50.934+00:00,candidate
57d95043a6da9872528ca1d3,Tomas,St***k,Customer Service Team Lead International,Virtuagym,virtuagym.com,Virtuagym,2026-09-12T18:52:45.000+00:00,candidate
6756f8d46521f1000167bcbd,Janet,Ju***t,CS Payment Specialist DACH & International,Virtuagym,virtuagym.com,Virtuagym,2026-09-04T10:14:40.000+00:00,candidate
60391fdfd31cdb00018e346b,Robert,Gr***t,Softwareontwikkelaar,Virtuagym,virtuagym.com,Virtuagym,2026-09-05T17:20:28.000+00:00,candidate
54a2683b7468693a7e769720,Roel,Vo***l,Lead AI Product Engineer,Virtuagym,virtuagym.com,Virtuagym,2026-09-07T22:46:45.264+00:00,candidate
63230e38414c1f0001f4e884,Luisa,Fi***r,Senior Client Success Consultant DACH & International,Virtuagym,virtuagym.com,Virtuagym,2026-09-27T05:54:43.428+00:00,candidate
61386c1f5079820001aec78c,Melisa,Pi***o,Onboarding Prep Specialist,Virtuagym,virtuagym.com,Virtuagym,2026-09-10T11:12:37.124+00:00,candidate
66d2bd36b1bed90001d8c3f9,Mustafa,Yi***z,Backend Software Engineer,Virtuagym,virtuagym.com,Virtuagym,2026-09-06T23:06:43.172+00:00,candidate
5b9f4ac2324d44bbd8262505,Remon,Co***n,Cyber Security Specialist,Virtuagym,virtuagym.com,Virtuagym,2026-09-13T10:45:26.000+00:00,candidate
64245a0ad4f94a000121a946,Samuel,Co***e,Team Lead Customer Success Management SMB,Virtuagym,virtuagym.com,Virtuagym,2026-09-07T03:54:34.000+00:00,candidate
64188eed20c07e00013f001a,Cristian,Ve***a,Lead Finance and Data Engineer,Virtuagym,virtuagym.com,Virtuagym,2026-10-03T10:07:04.429+00:00,candidate
66833d7fb54986000130f015,Sarahi,Po***a,Customer Success Onboarding Consultant Northam and International,Virtuagym,virtuagym.com,Virtuagym,2026-08-30T03:08:10.000+00:00,candidate
5e5f81576bd57400015225a2,Jessie,Bl***k,Onboarding Consultant,Virtuagym,virtuagym.com,Virtuagym,2026-08-15T18:05:31.000+00:00,candidate
61385c108357590001895d68,Yalda,Da***i,Teamlead Onboarding,Virtuagym,virtuagym.com,Virtuagym,2026-09-05T15:12:12.000+00:00,candidate
6126e7ce360fea000113f8f1,Vanessa,Gu***e,Customer Service Consultant,Virtuagym,virtuagym.com,Virtuagym,2026-09-04T10:32:36.000+00:00,candidate
63dab19436802600011c760a,Pierre-Nicolas,Mu***r,Customer Service Consultant France & International,Virtuagym,virtuagym.com,Virtuagym,2026-09-19T13:28:29.000+00:00,candidate
6525134da697ea0001ac7f31,Elisabeth,Sh***o,Client Success Manager DACH - Enterprise,Virtuagym,virtuagym.com,Virtuagym,2026-09-23T18:30:01.000+00:00,candidate
642ea8fd745a6c00017ed78b,Anja,Ro***r,Customer Service Consultant DACH & International,Virtuagym,virtuagym.com,Virtuagym,2026-08-23T16:30:06.000+00:00,candidate
63daec196c64f100018e1ea6,Sara,Up***a,Customer Success Manager,Virtuagym,virtuagym.com,Virtuagym,2026-09-11T03:14:11.000+00:00,candidate
6019224fe9d78e0001d82bd8,Julia,Ja***s,Customer Service Consultant,Virtuagym,virtuagym.com,Virtuagym,2026-07-25T09:56:08.000+00:00,candidate
66a9ce76a533150001a23e8a,Jana,Ma***a,Customer Success Manager,Virtuagym,virtuagym.com,Virtuagym,2026-09-23T10:46:06.000+00:00,candidate
658159cb496bda00019a027c,Carlos,Ca***s,Director of Data and Finance Automations,Virtuagym,virtuagym.com,Virtuagym,2026-08-05T05:11:33.058+00:00,candidate
66ffe98555cce2000139e244,Timo,Na***s,Product,Virtuagym,virtuagym.com,Virtuagym,2026-09-10T03:35:13.956+00:00,candidate
68f1ec0f94eb6800017838cc,Miguel,Ro***z,Digital Marketing Intern,Virtuagym,virtuagym.com,Virtuagym,2026-09-19T00:50:33.000+00:00,candidate
6044394a5230810001749bcc,Micaela,Gu***o,"Onboarding Consultant, Spain and International Market",Virtuagym,virtuagym.com,Virtuagym,2026-09-08T06:19:02.000+00:00,candidate
6202225d8b609400013066f3,Veerle,He***d,Digital Marketing Specialist Benelux,Virtuagym,virtuagym.com,Virtuagym,2026-09-10T20:58:29.000+00:00,candidate
63fcc72fa1e9f600011ecef6,Julia,Lo***z,Digital Marketing Intern Spanish Market,Virtuagym,virtuagym.com,Virtuagym,2026-09-11T21:15:12.000+00:00,candidate
6426e67a5c4d4b0001fa7ece,Regine,Ro***s,Front Desk Attendant,Virtuagym,virtuagym.com,Virtuagym,2026-08-22T19:00:29.000+00:00,candidate
620d4e049e0e120001aaab33,Leonardo,Sa***n,Backend Developer,Virtuagym,virtuagym.com,Virtuagym,2026-09-07T17:43:52.000+00:00,candidate
6349477ad0ce8c00016831fe,Xavier,Hu***r,Product Research Intern,Virtuagym,virtuagym.com,Virtuagym,2026-09-10T14:15:26.000+00:00,candidate
60bb7ab54e76010001e9400b,Celine,He***e,Onboarding Consultant,Virtuagym,virtuagym.com,Virtuagym,2026-07-17T17:36:53.000+00:00,candidate
664485ebddf2970001be4662,Ugurcan,Ce***i,Android Developer,Virtuagym,virtuagym.com,Virtuagym,2026-09-23T17:38:58.307+00:00,candidate
5fe952b78271030001748018,Micaela,Ma***a,Customer Service Consultant Spain & International,Virtuagym,virtuagym.com,Virtuagym,2026-08-15T21:43:04.000+00:00,candidate
606a6e7291d75b00018824fd,Jagoda,Le***a,Marketing Operations Manager,Virtuagym,virtuagym.com,Virtuagym,2026-09-04T17:12:17.000+00:00,candidate
5f0fcece2bcbb60001b28a15,Indy,Sn***n,Senior Customer Service Consultant Benelux,Virtuagym,virtuagym.com,Virtuagym,2026-07-27T02:05:52.000+00:00,candidate
61001268d8627b000131f2af,Greg,Sl***t,Partnerships Manager,Virtuagym,virtuagym.com,Virtuagym,2026-09-08T01:03:33.000+00:00,candidate
54a4030d74686938ac837925,Ezgi,Ug***p,Finance Tech Lead,Virtuagym,virtuagym.com,Virtuagym,2026-09-07T12:53:31.000+00:00,candidate
66f26763042c560001e9b6af,Giovanna,Ge***e,Sales Operations Manager,Virtuagym,virtuagym.com,Virtuagym,2026-09-07T19:38:38.000+00:00,candidate
6321b575b1f58300010dbda1,Daria,Va***e,Onboarding Consultant DACH & International,Virtuagym,virtuagym.com,Virtuagym,2026-06-23T19:07:49.000+00:00,candidate
5ae4bd68a6da98d2c88a4f05,Liam,Sm***h,CRO & Web Developer,Virtuagym,virtuagym.com,Virtuagym,2026-08-21T21:14:54.595+00:00,candidate
602c2872eef1f70001dbcab9,Ahmet,Ka***l,Software Engineer,Virtuagym,virtuagym.com,Virtuagym,2026-09-12T04:55:29.000+00:00,candidate
54a52cd974686934421fc082,Patrick,Me***r,Leader,Keepcool,keepcool.fr,Keepcool,2026-09-04T18:00:58.000+00:00,candidate
65f83c749a8c4c00076ef93d,Renaud,Bu***n,Responsable Développement Franchises Keepcool & Neoness,Keepcool,keepcool.fr,Keepcool,2026-09-12T07:46:17.000+00:00,candidate
60ccc76a687c8b0001172532,Hugo,Bu***f,PO Digital Experience,Keepcool,keepcool.fr,Keepcool,2026-09-12T18:18:48.000+00:00,candidate
6332103382a1f40001b02718,Amelia,Ro***s,Assistante Développement Franchise,Keepcool,keepcool.fr,Keepcool,2026-09-23T20:43:19.500+00:00,candidate
57d34685a6da986588aa83ef,Arnaud,So***n,Managing Director,Keepcool,keepcool.fr,Keepcool,2026-09-05T12:43:19.000+00:00,candidate
576c258df3e5bb2194ccada4,Matthieu,Gl***i,Head of Product,Keepcool,keepcool.fr,Keepcool,2026-09-10T20:41:51.000+00:00,candidate
663493d42930c50007e43943,Murielle,Du***d,HR Manager,Keepcool,keepcool.fr,Keepcool,2026-09-22T12:03:44.000+00:00,candidate
57d43cd2a6da9853ee950b5a,Robin,Ro***e,Development Director,Keepcool,keepcool.fr,Keepcool,2026-08-16T15:14:05.525+00:00,candidate
57d776dca6da984fde8a1add,Yann,Be***n,Chef de Projets MOA,Keepcool,keepcool.fr,Keepcool,2026-09-09T02:38:37.000+00:00,candidate
54ab5728746869084b835f03,Thibaut,Ja***t,Directeur Animation Franchise France,Keepcool,keepcool.fr,Keepcool,2026-08-14T09:43:01.000+00:00,candidate
5abdf17da6da9840d0f39eba,Carla,Mo***a,Training Manager,Keepcool,keepcool.fr,Keepcool,2026-09-07T14:53:06.000+00:00,candidate
54a3f1567468692cf01d671f,Guilhem,Ro***g,Managing Partner,Keepcool,keepcool.fr,Keepcool,2026-09-07T07:56:50.000+00:00,candidate
57df83eba6da980ad27a3f19,Frederique,Fo***e,Accounting Manager,Keepcool,keepcool.fr,Keepcool,2026-09-25T05:26:01.000+00:00,candidate
55714d307369642ba1d26b00,Frederique,Be***d,Franchisée Indépendante - Associée,Keepcool,keepcool.fr,Keepcool,2026-09-06T08:52:18.000+00:00,candidate
57d4314ba6da98537a3dd21b,Lola,Zu***n,Responsable des Achats et des Frais Généraux,Keepcool,keepcool.fr,Keepcool,2026-09-08T17:22:48.407+00:00,candidate
57e166baa6da987de59c735e,Nathan,Fr***e,Formateur Studin,Keepcool,keepcool.fr,Keepcool,2026-09-13T16:16:33.187+00:00,candidate
619a560a5335d80001e49726,Sophie,Ga***d,Manager,Keepcool,keepcool.fr,Keepcool,2026-09-12T02:24:18.000+00:00,candidate
5c5e4dbcf65125b2c67edf42,Eric,Be***l,Manager,Keepcool,keepcool.fr,Keepcool,2026-09-07T12:17:56.745+00:00,candidate
60081e273e04d00001b79778,Kenza,Ke***e,Operations Manager,Keepcool,keepcool.fr,Keepcool,2026-09-07T06:13:32.000+00:00,candidate
60c6f4e3aff3330001b148ff,Amaury,Ci***e,Managing Partner,Keepcool,keepcool.fr,Keepcool,2026-09-23T12:22:00.000+00:00,candidate
57e036e6a6da985f4cd68c4d,Joanna,Mu***o,Human Resources Development Officer,Keepcool,keepcool.fr,Keepcool,2026-06-28T22:52:46.000+00:00,candidate
626a6e07fba00c00018de7fc,Anthony,Vi***a,Receptionist,Keepcool,keepcool.fr,Keepcool,2026-09-23T10:44:35.000+00:00,candidate
60cde8ab27474a0001626fd3,Nicolas,Ba***e,Managing Partner,Keepcool,keepcool.fr,Keepcool,2026-09-10T09:28:55.000+00:00,candidate
625c352d664cd5000108385e,Audrey-Lise,Gu***n,Trésorière Unique,Keepcool,keepcool.fr,Keepcool,2026-09-12T08:47:40.000+00:00,candidate
5dcee781c4f2da0001053f28,Carole,Pe***l,Superviseur Zone sud,Keepcool,keepcool.fr,Keepcool,2026-09-10T07:56:45.000+00:00,candidate
612a5f634b45580001f82e39,Rita,La***i,Lawyer,Keepcool,keepcool.fr,Keepcool,2026-09-23T05:36:42.000+00:00,candidate
5629965aa6da9859ad00099b,Clemence,Ch***l,Project Manager,Keepcool,keepcool.fr,Keepcool,2026-09-08T12:14:21.000+00:00,candidate
6a76be29ec5ef20001ff0007,Keepcool,Na***s,Coach,Keepcool,keepcool.fr,Keepcool,2026-09-12T17:00:20.000+00:00,candidate
5ac59598a6da9891d0a1c628,Perrine,Ch***e,Responsable Expérience Client & Innovation,Keepcool,keepcool.fr,Keepcool,2026-09-12T13:44:01.000+00:00,candidate
5f0fc1121e1f6c00015257a6,Lucas,Ni***n,Managing Partner,Keepcool,keepcool.fr,Keepcool,2026-09-08T01:06:30.000+00:00,candidate
636c080d393cc50001839da4,Nicolas,La***n,Manager,Keepcool,keepcool.fr,Keepcool,2026-09-08T13:26:00.163+00:00,candidate
642488309ac62e00019cd00c,Clara,Va***t,Étudiante à Sup de Com La Réunion,Keepcool,keepcool.fr,Keepcool,2026-10-02T02:26:50.790+00:00,candidate
606eb12a5f29e50001daac9a,Maxime,Po***n,Sports Coach,Keepcool,keepcool.fr,Keepcool,2026-09-02T14:10:17.012+00:00,candidate
5e5e15c560576b000101dcc2,Johann,C,Coach Sportif et Responsable de Club,Keepcool,keepcool.fr,Keepcool,2026-09-08T18:31:14.000+00:00,candidate
57e1c0b6a6da9857278de2df,Arthur,Pa***t,Manager des Clubs KeepCool sur Nantes & Angers,Keepcool,keepcool.fr,Keepcool,2026-09-12T16:17:29.000+00:00,candidate
5e7661ba07fb0f0001bc2bd1,Emmanuel,Po***t,Room Manager,Keepcool,keepcool.fr,Keepcool,2026-09-12T02:04:38.000+00:00,candidate
57d75bdca6da985b7f753066,Yann,Fa***e,Sports Coach,Keepcool,keepcool.fr,Keepcool,2026-09-10T02:39:07.203+00:00,candidate
54a491267468693442d9ac51,Antoine,He***x,Manager Régional,Keepcool,keepcool.fr,Keepcool,2026-09-15T00:51:42.900+00:00,candidate
5d4342a380f93ecca679a53f,Camille,To***i,Responsable de Club,Keepcool,keepcool.fr,Keepcool,2026-09-05T14:19:29.000+00:00,candidate
5f046cf05718ae0001092ffa,Simon,Fl***o,"Community Manager, Commercial Responsable Fitness",Keepcool,keepcool.fr,Keepcool,2026-09-12T17:16:06.000+00:00,candidate
55db7629f3e5bb0b8300113e,Maxime,Bi***d,Manager,Keepcool,keepcool.fr,Keepcool,2026-09-12T20:39:46.000+00:00,candidate
54a139b269702d2bfd737800,Fabienne,De***s,Management Controller,Keepcool,keepcool.fr,Keepcool,2026-09-10T19:49:35.000+00:00,candidate
5d65d374a3ae61a46c44e6ec,Magali,Wi***r,Manager Regional,Keepcool,keepcool.fr,Keepcool,2026-09-12T05:14:31.000+00:00,candidate
54a31ad574686935be62ad54,Laura,Lu***i,Gérante Franchise Keepcool Saint-Cyprien,Keepcool,keepcool.fr,Keepcool,2026-09-10T09:20:04.000+00:00,candidate
61972b90b71326000117826f,Alexis,Ch***t,Sales Representative,Keepcool,keepcool.fr,Keepcool,2026-10-04T06:32:42.113+00:00,candidate
635917eae1e32500017ab28c,Mickael,Co***a,Responsable DE CLUB / Confirmé,Keepcool,keepcool.fr,Keepcool,2026-09-09T15:19:57.000+00:00,candidate
57d9b6f4a6da987fd1f0c6c5,Pierrick,Le***e,Gérant de Club de Fitness,Keepcool,keepcool.fr,Keepcool,2026-10-02T20:43:13.648+00:00,candidate
61b4783d4eeb9f00013a0a06,Delphine,Br***a,Gestionnaire Administrative & Achats,Keepcool,keepcool.fr,Keepcool,2026-08-31T08:36:00.557+00:00,candidate
6426c60b40be1e0001789fd6,Marine,Ga***r,Manager en Salle de Sport,Keepcool,keepcool.fr,Keepcool,2026-09-07T11:57:53.363+00:00,candidate
54a5a5f37468692cf07fe09e,Julien,Ma***n,Responsable Centres D’exploitations,Keepcool,keepcool.fr,Keepcool,2026-09-12T14:48:03.000+00:00,candidate
5f55ff3556abfc0001434517,Alexandre,Au***t,Sports Coach,Keepcool,keepcool.fr,Keepcool,2026-09-13T19:32:24.000+00:00,candidate
5f620d9603423d00016843d4,Thibaut,Lo***t,General Management,Keepcool,keepcool.fr,Keepcool,2026-09-10T12:32:15.000+00:00,candidate
5f4a80b6dba7a20001755331,Nolwenn,Co***n,Sales Manager,Keepcool,keepcool.fr,Keepcool,2026-10-01T06:34:25.699+00:00,candidate
54a3f03c7468692fa259181f,Adel,Ou***n,DG Keep Cool Sainte Maxime,Keepcool,keepcool.fr,Keepcool,2026-09-07T21:39:37.000+00:00,candidate
54a473087468692abf97fd47,Pierre-Yves,Ba***o,Salesperson,Keepcool,keepcool.fr,Keepcool,2026-09-22T16:46:12.000+00:00,candidate
57e19ed1a6da982de84c9ad8,Christophe,La***e,Gérant de Societe,Keepcool,keepcool.fr,Keepcool,2026-09-08T20:52:06.000+00:00,candidate
5fdadef24015d400018685e4,Severine,Ba***e,Responsable de Club,Keepcool,keepcool.fr,Keepcool,2026-09-12T08:55:33.000+00:00,candidate
54a5253b74686938ac94db80,Fanny,Bo***t,Responsable RH et Communication,Keepcool,keepcool.fr,Keepcool,2026-09-12T04:53:07.000+00:00,candidate
65f9bdc305014b0007b7209a,Sebastien,Ge***i,Gérant - Keepcool Cahors,Keepcool,keepcool.fr,Keepcool,2025-05-02T05:03:00.536+00:00,candidate
6273e979b71be00001b543a7,Scoffier,Ch***e,Franchisé Keepcool,Keepcool,keepcool.fr,Keepcool,2026-09-12T02:29:24.000+00:00,candidate
5d444c0e80f93e2a3239a18f,Nadia,Ba***y,Directrice D'exploitation ( Vitrine du Groupe) Club Paris La Defense et le Club Paris Monceau,Keepcool,keepcool.fr,Keepcool,2026-09-09T00:52:43.510+00:00,candidate
54a5fa377468693b8c7980b8,Guy,Co***l,Director,Keepcool,keepcool.fr,Keepcool,2026-09-12T17:09:19.000+00:00,candidate
626dd05bf6779000019e292a,Alan,Le***e,Educateur Sportif - co- Gerant,Keepcool,keepcool.fr,Keepcool,2026-09-12T07:09:32.000+00:00,candidate
5571438a7369642c2fb60000,Christian,Mo***u,Gérant Salle de Sport,Keepcool,keepcool.fr,Keepcool,2026-09-10T13:26:38.000+00:00,candidate
57ddbee8a6da987b3507c6c3,Anthony,Ch***t,Fitness Coach,Keepcool,keepcool.fr,Keepcool,2026-09-17T23:51:10.000+00:00,candidate
55708c5d73696426b2af0200,Antony,Pe***t,Sports Coach,Keepcool,keepcool.fr,Keepcool,2026-09-12T14:48:20.000+00:00,candidate
62ea430a2b8e2a000164ac88,Matisse,He***t,Responsable de Club,Keepcool,keepcool.fr,Keepcool,2026-09-09T20:45:09.000+00:00,candidate
63231340516a2b000168f083,Marion,Mo***n,Manager Régional,Keepcool,keepcool.fr,Keepcool,2026-09-25T02:12:35.289+00:00,candidate
5f4d7211499ebc0001329f4a,Cyprien,Le***e,Responsable Club,Keepcool,keepcool.fr,Keepcool,2026-08-09T02:56:03.106+00:00,candidate
5e65c748c0afcc0001525dbd,Gregory,Ha***a,Sports Coach,Keepcool,keepcool.fr,Keepcool,2026-09-09T18:56:42.000+00:00,candidate
66a6965c9ab7ca00014b2c04,Gregoire,Pa***o,Comptable Holding,Keepcool,keepcool.fr,Keepcool,2026-09-23T11:19:02.000+00:00,candidate
54a7308c7468696de7858d1d,Carton,Th***t,Manager KC AZUR,Keepcool,keepcool.fr,Keepcool,2026-09-12T18:25:43.000+00:00,candidate
57e0e746a6da987dbcead9ee,Joseph,Eb***g,Coach Personnel,Keepcool,keepcool.fr,Keepcool,2026-09-12T05:48:23.000+00:00,candidate
614d4f3b29dc600001cd3f05,Paul,Gu***n,Sports Coach,Keepcool,keepcool.fr,Keepcool,2026-09-09T08:21:57.000+00:00,candidate
61ea0ea7dbe510000167fae4,Jocelyn,Co***s,Profit Center Manager,Keepcool,keepcool.fr,Keepcool,2026-09-12T12:51:59.109+00:00,candidate
61692fd2c9d12c0001f9683e,Nathan,De***e,Business Development Manager,Keepcool,keepcool.fr,Keepcool,2026-09-10T09:00:38.000+00:00,candidate
6349475525021e0001f7ef7c,Fatimatou,Di***o,"Comptable Générale, Holding",Keepcool,keepcool.fr,Keepcool,2026-09-09T05:27:05.000+00:00,candidate
62eab98611fc8c000151ee67,Benjamin,Po***s,Manager de Salle de Sport,Keepcool,keepcool.fr,Keepcool,2026-09-30T14:29:30.309+00:00,candidate
612694c7d0fc260001457897,Valentin,Bl***d,Manager,Keepcool,keepcool.fr,Keepcool,2026-09-07T02:41:32.000+00:00,candidate
5f55596621facc0001bc5e6a,Keepcool,Lo***t,Responsable de Salles,Keepcool,keepcool.fr,Keepcool,2026-09-29T01:51:00.488+00:00,candidate
64f1eefbc7dbd90001855fe6,Florence,Be***t,Directrice De Réseau,Keepcool,keepcool.fr,Keepcool,2026-09-29T09:53:15.274+00:00,candidate
67442a2fe12fb40001331451,Pauline,Pe***r,Manager,Keepcool,keepcool.fr,Keepcool,2026-09-21T08:07:39.294+00:00,candidate
64a854c69ab39b0001bf2c78,Muriel,Gu***d,Gerante de Salle de Sport,Keepcool,keepcool.fr,Keepcool,2026-09-29T10:34:37.451+00:00,candidate
67c81685e114850001a69f51,Laura,Ka***s,Manager des Opérations,Keepcool,keepcool.fr,Keepcool,2026-09-12T18:15:16.000+00:00,candidate
5f624c896702870001f28c7b,Nina,B,Sports Coach,Keepcool,keepcool.fr,Keepcool,2026-09-12T17:52:08.000+00:00,candidate
63494da97c38670001fca0d5,Sebastien,Bo***r,Manager,Keepcool,keepcool.fr,Keepcool,2026-09-07T23:59:41.000+00:00,candidate
5e763f2e34ad1500011047e8,Levrel,Ma***c,Directeur Commercial et du Réseau de Franchise - 300 Clubs -,Keepcool,keepcool.fr,Keepcool,2026-09-13T08:42:29.000+00:00,candidate
5f5e684caf009d00011dd604,Kamel,Be***i,Responsable Keep Cool les Angles,Keepcool,keepcool.fr,Keepcool,2026-09-23T04:52:49.000+00:00,candidate
62ea8ca569a1c90001048c56,Marie-Lee,Ph***m,Manager,Keepcool,keepcool.fr,Keepcool,2026-09-10T15:23:12.000+00:00,candidate
615d21e5507a5d0001bd2c4b,Yoan,An***n,Service Manager,Keepcool,keepcool.fr,Keepcool,2026-09-08T20:27:22.000+00:00,candidate
6224902285bb2e000116af85,Keep,Co***c,Room Manager,Keepcool,keepcool.fr,Keepcool,2026-09-21T10:28:59.000+00:00,candidate
68f16d9a6a98d700017aea1a,Darwin,Mu***z,Manager,Keepcool,keepcool.fr,Keepcool,2026-09-08T20:12:03.000+00:00,candidate
5f4bc06b2894920001d809e9,Anthony,Ma***n,Sports Coach,Keepcool,keepcool.fr,Keepcool,2026-09-13T10:21:20.000+00:00,candidate
66d45b696f9b5b00012dc41c,Avik,Ho***n,Manager,Keepcool,keepcool.fr,Keepcool,2026-09-05T18:13:23.000+00:00,candidate
662da455d6ed460007cfd151,Maxence,Fr***e,Commercial et Coach Sportif,Keepcool,keepcool.fr,Keepcool,2026-08-25T17:05:57.364+00:00,candidate
5abbe691a6da9840aea61549,Elodie,Bu***n,Manager,Keepcool,keepcool.fr,Keepcool,2026-09-30T18:16:24.806+00:00,candidate
61a070100e80a70001df219b,Freddy,Ga***a,Manager,Keepcool,keepcool.fr,Keepcool,2026-09-08T21:07:51.000+00:00,candidate
60e1a906bfa879000113828b,Romain,Ma***e,Operations Manager,Keepcool,keepcool.fr,Keepcool,2026-09-09T08:08:08.000+00:00,candidate
57d693c2a6da9854293b0d9f,Quentin,La***a,Manager des Unités Sportives,Keepcool,keepcool.fr,Keepcool,2026-09-23T04:36:14.000+00:00,candidate
61382a84af7be70001606a0f,Guignard,Mi***l,Manager,Keepcool,keepcool.fr,Keepcool,2026-09-08T18:07:51.000+00:00,candidate
5d6591cd80f93ee346f04954,Ana,Me***s,"Personal Trainer, Fitness Instructor, Sales Director",VIVAFIT,vivafit.pt,Vivafit,2026-09-27T10:12:32.765+00:00,candidate
5b33dfa3a6da98710741c7a7,Renato,Mo***o,,VIVAFIT,vivafit.pt,Vivafit,2025-12-19T17:43:26.602+00:00,in-sales-nav
5e7dd3759391a10001a76fa7,Iyesha,Fe***n,Fitness Instructor,VIVAFIT,vivafit.pt,Vivafit,2026-08-29T22:03:44.750+00:00,candidate
673a5276a2285e0001526c61,Mariana,C,Nutritionist,VIVAFIT,vivafit.pt,Vivafit,2026-09-22T10:24:23.000+00:00,candidate
677d9842c103e400016c2951,Patricia,Ca***i,Businesswoman,VIVAFIT,vivafit.pt,Vivafit,2025-09-26T08:19:24.609+00:00,in-sales-nav
5f60bddeaa4c9000010b1800,Claudia,Ri***o,Nutritionist,VIVAFIT,vivafit.pt,Vivafit,2026-08-15T12:11:53.000+00:00,candidate
621244141d72890001509ec9,Ana,Go***s,Aulas de Grupo / PT,VIVAFIT,vivafit.pt,Vivafit,2026-09-12T04:11:08.000+00:00,candidate
685ccc4151e96a0001788fdc,Joana,Ma***o,Nutritionist,VIVAFIT,vivafit.pt,Vivafit,2026-09-12T17:23:49.000+00:00,candidate
6429aeeb0b98af000190e720,Estudio,Sa***s,Pilates Instructor,VIVAFIT,vivafit.pt,Vivafit,2026-09-19T00:46:43.000+00:00,candidate
5d69b0d880f93ede3949663f,Catarina,Vi***e,Manager,VIVAFIT,vivafit.pt,Vivafit,2026-08-26T13:20:35.798+00:00,candidate
54a3b4ab7468692fa2d64c0c,Carolyn,Ir***i,Fitness Specialist,VIVAFIT,vivafit.pt,Vivafit,2026-09-19T22:34:33.000+00:00,candidate
54a6e4d47468696829bfe101,Jorge,Br***s,Nutritionist,VIVAFIT,vivafit.pt,Vivafit,2026-07-25T10:59:32.000+00:00,candidate
612bd9796c5cc40001b69db3,Joao,Si***a,Personal Trainer,VIVAFIT,vivafit.pt,Vivafit,2026-08-14T17:12:24.000+00:00,candidate
63207668a048770001157d50,Vitor,Co***a,Technical Director,VIVAFIT,vivafit.pt,Vivafit,2026-08-25T12:08:51.000+00:00,in-sales-nav
54abc4c0746869332d98180c,Isaura,Al***s,Técnico de Desporto,VIVAFIT,vivafit.pt,Vivafit,2026-08-25T11:04:52.000+00:00,candidate
58c25920f651250513c366f5,Ali,Bu***d,General Manager,VIVAFIT,vivafit.pt,Vivafit,2026-08-24T01:27:24.722+00:00,candidate
54f2355f7468693a94112f00,Vivafit,Ve***a,Franchise,VIVAFIT,vivafit.pt,Vivafit,2026-08-16T17:27:02.000+00:00,candidate
54a6ec8e74686975f8a5c904,Swati,Ga***m,Management Trainer,VIVAFIT,vivafit.pt,Vivafit,2026-07-15T19:30:56.063+00:00,candidate
60c13dcd517b26000173615b,Silvia,Ol***a,Instrutor de Fitness,VIVAFIT,vivafit.pt,Vivafit,2026-09-12T04:04:50.000+00:00,candidate
54a4c0817468693b8c4da060,Daniela,Ba***a,Comercial en Ventas,VIVAFIT,vivafit.pt,Vivafit,2026-08-21T08:42:10.000+00:00,candidate
62e1ad6d9491540001e24cf4,Anjana,Sa***r,Zumba/Dance Fitness Instructor,VIVAFIT,vivafit.pt,Vivafit,2026-07-03T06:56:53.000+00:00,candidate
54a7ab4f746869705a852f4b,Sandra,Ca***s,Directora Técnica Ginásio/Formadora/ Instrutora de Body Vive/ Body Balance e Pilates,VIVAFIT,vivafit.pt,Vivafit,2026-08-16T03:07:09.000+00:00,candidate
5c69441b80f93e992b870c89,Ashima,Sh***a,Trainer,VIVAFIT,vivafit.pt,Vivafit,2026-09-07T18:16:29.000+00:00,candidate
674b5d89574b640001018568,Joana,So***a,Physical Education Teacher,VIVAFIT,vivafit.pt,Vivafit,2026-08-15T18:49:20.000+00:00,candidate
63230089f60a2900019f0ce0,Anabela,Sa***s,Directora Técnica e Instrutora,VIVAFIT,vivafit.pt,Vivafit,2026-08-25T10:35:51.000+00:00,candidate
632070b89af5a90001268df0,Raquel,Cr***z,Nutritionist,VIVAFIT,vivafit.pt,Vivafit,2026-09-12T18:43:12.000+00:00,candidate
6480883a5c0023000115f136,Joana,Mo***o,Profissional de Exercício,VIVAFIT,vivafit.pt,Vivafit,2026-08-23T03:27:08.452+00:00,candidate
62281355a60a5900014dea00,Paulo,Ro***a,Manager,VIVAFIT,vivafit.pt,Vivafit,2026-08-25T11:36:35.000+00:00,in-sales-nav
63205ddc4df1970001c00782,Tatiana,Lo***s,Instrutora Fitness,VIVAFIT,vivafit.pt,Vivafit,2026-09-08T08:56:37.000+00:00,candidate
69b90e28431f520001090413,Filipa,Pi***o,Personal Trainer,VIVAFIT,vivafit.pt,Vivafit,2026-08-25T12:05:24.000+00:00,candidate
57e1662ca6da987da423f7ea,Vivafit,In***a,Management,VIVAFIT,vivafit.pt,Vivafit,2026-06-19T23:24:11.000+00:00,candidate
54a525017468693209ec3880,Ines,,IT Senior Consultant,VIVAFIT,vivafit.pt,Vivafit,2026-08-25T10:51:03.000+00:00,candidate
649d9c3ba07e5200016b7ca3,Ayana,Ma***m,Cluster Manager,VIVAFIT,vivafit.pt,Vivafit,2026-09-19T06:56:04.000+00:00,candidate
54a1d5987468694012d4d214,Trupti,Ja***m,As a Coach,VIVAFIT,vivafit.pt,Vivafit,2026-09-16T07:43:47.000+00:00,candidate
57dc164ca6da98685b799497,Kunjan,Sh***a,Center Manager,VIVAFIT,vivafit.pt,Vivafit,2026-09-18T00:33:58.000+00:00,candidate
54c1ee9c746869163929475e,Ritu,So***i,Manager,VIVAFIT,vivafit.pt,Vivafit,2026-08-07T16:55:58.296+00:00,candidate
5ae012d0a6da984d25dd894d,Claudia,Fe***s,Trainer,VIVAFIT,vivafit.pt,Vivafit,2026-07-24T22:33:11.000+00:00,candidate
68d8c92c947c3e00011c0175,Carlos,Cu***a,Instructor,VIVAFIT,vivafit.pt,Vivafit,2025-09-28T05:35:38.447+00:00,candidate
54a2fc067468693fda16b84b,Sara,Ab***l,Comercial Instrutora,VIVAFIT,vivafit.pt,Vivafit,2026-09-08T20:23:02.000+00:00,candidate
54a74a487468696829d5b826,Camila,La***a,Instructor,VIVAFIT,vivafit.pt,Vivafit,2026-08-14T18:38:40.000+00:00,candidate
54aba4997468693007e1a702,Inna,St***n,Coordnadora de Clases,VIVAFIT,vivafit.pt,Vivafit,2026-08-14T11:09:42.000+00:00,candidate
55711e497369644a7ca60000,Diana,Vi***t,PT,VIVAFIT,vivafit.pt,Vivafit,2026-08-16T15:17:56.000+00:00,candidate
5c63b39d80f93e5351c39859,Aselya,Is***a,Nutritionist,VIVAFIT,vivafit.pt,Vivafit,2026-06-19T14:10:48.000+00:00,candidate
5c6119a9a3ae61f3cc2eb3e5,Alice,Mo***a,Instructor,VIVAFIT,vivafit.pt,Vivafit,2026-08-25T10:04:02.000+00:00,candidate
54a28d3b7468693a7e2b792b,Cuca,Ma***s,Fitness Instructor,VIVAFIT,vivafit.pt,Vivafit,2026-08-25T11:54:46.000+00:00,candidate
66a59211ae94510001243776,Bharathi,Ma***n,Fittness,VIVAFIT,vivafit.pt,Vivafit,2026-07-04T11:50:14.000+00:00,candidate
6a7e7856a7b8470001d28e19,Ishwarya,Ra***n,Personal Trainer,VIVAFIT,vivafit.pt,Vivafit,2026-08-14T02:07:12.414+00:00,candidate
6741aa26ae13cf0001305c03,Maria,Me***o,Personal Trainer Certificado,VIVAFIT,vivafit.pt,Vivafit,2026-09-14T18:38:07.000+00:00,candidate
54abb42e74686930077f8707,Puja,Bh***t,Physiotherapist,VIVAFIT,vivafit.pt,Vivafit,2026-07-05T20:09:22.000+00:00,candidate
54a453317468692fa2f4ba3e,Carla,Va***m,Technical Director,VIVAFIT,vivafit.pt,Vivafit,2026-08-25T11:30:30.000+00:00,candidate
54a543717468692abf6c3b8a,Outeiro,Vi***t,Manager,VIVAFIT,vivafit.pt,Vivafit,2026-09-08T10:38:04.000+00:00,candidate
66f6512d8c69c00001ddd345,Simone,Gi***i,Group CEO,CLINIQUE LA PRAIRIE,cliniquelaprairie.com,Clinique La Prairie,2026-10-04T08:52:57.523+00:00,in-sales-nav
67cca9b0ceb99d00011166c2,Hesham,Ba***m,Human Resources Director,CLINIQUE LA PRAIRIE,cliniquelaprairie.com,Clinique La Prairie,2026-08-18T09:51:13.000+00:00,candidate
68380d6d3a79bd0001921022,Jian,Li,"Vice President, China",CLINIQUE LA PRAIRIE,cliniquelaprairie.com,Clinique La Prairie,2026-09-30T05:56:45.000+00:00,candidate
54c262627468697af7900794,Katja,Ma***l,Hotel Manager,CLINIQUE LA PRAIRIE,cliniquelaprairie.com,Clinique La Prairie,2026-09-04T11:20:55.000+00:00,candidate
60ee700cd2026b0001979890,Manon,Ro***l,Operations Support & HR Specialist,CLINIQUE LA PRAIRIE,cliniquelaprairie.com,Clinique La Prairie,2026-09-07T23:02:40.577+00:00,candidate
54ebc00c746869444c557e1c,Romain,Mi***t,Sales Director APAC,CLINIQUE LA PRAIRIE,cliniquelaprairie.com,Clinique La Prairie,2026-09-07T02:28:05.342+00:00,candidate
60755ab67f13dd000121736c,Carole,Ma***s,CMO,CLINIQUE LA PRAIRIE,cliniquelaprairie.com,Clinique La Prairie,2026-09-07T03:30:40.000+00:00,candidate
692ed43b61d73d000152a57a,Patricia,Ja***t,Chief Human Resources Officer,CLINIQUE LA PRAIRIE,cliniquelaprairie.com,Clinique La Prairie,2026-09-26T04:09:30.000+00:00,candidate
60b4d31b0413f400010fb07f,Oscar,Wa***g,Sales & Marketing Director of Greater China,CLINIQUE LA PRAIRIE,cliniquelaprairie.com,Clinique La Prairie,2026-09-07T07:46:29.000+00:00,candidate
5f994225531bb30001031c9a,Tulay,Ul***s,P&L,CLINIQUE LA PRAIRIE,cliniquelaprairie.com,Clinique La Prairie,2026-10-03T20:12:50.261+00:00,candidate
611cd30dabd681000131e472,Daniele,Co***i,Managing Director - Health Resorts,CLINIQUE LA PRAIRIE,cliniquelaprairie.com,Clinique La Prairie,2026-10-05T02:29:41.970+00:00,in-sales-nav
60fef70fc46c7a00011449fb,David,Ba***t,Head of Sales and Business Development,CLINIQUE LA PRAIRIE,cliniquelaprairie.com,Clinique La Prairie,2026-08-10T13:24:53.000+00:00,candidate
605327feaf1155000182ef14,Andreas,Bu***h,"Global Head of Sales - Longevity Supplements - ""Holistic Health""",CLINIQUE LA PRAIRIE,cliniquelaprairie.com,Clinique La Prairie,2026-08-26T08:55:38.000+00:00,candidate
605e535724faad00015fc1b1,Amela,Ri***c,Human Resources Manager,CLINIQUE LA PRAIRIE,cliniquelaprairie.com,Clinique La Prairie,2026-09-16T03:39:56.000+00:00,candidate
682c1afd699a000001cc8597,Artur,Po***v,Reservations Intern,CLINIQUE LA PRAIRIE,cliniquelaprairie.com,Clinique La Prairie,2026-07-16T19:58:26.000+00:00,candidate
54a623af746869367691e4c4,Eloise,Bot,"Global Head of Communications, PR & Media Partnerships",CLINIQUE LA PRAIRIE,cliniquelaprairie.com,Clinique La Prairie,2026-09-22T03:21:27.000+00:00,candidate
54a2041074686930c27e8505,Bai,Bu***a,Director of Operations,CLINIQUE LA PRAIRIE,cliniquelaprairie.com,Clinique La Prairie,2026-09-21T05:38:27.000+00:00,candidate
57dde4aea6da987b3d3faefe,Isabelle,Yao,Head of APAC Marketing,CLINIQUE LA PRAIRIE,cliniquelaprairie.com,Clinique La Prairie,2026-09-05T17:26:48.000+00:00,candidate
611d03fd918f5f00010c199a,Stefano,La***a,CFO & Shared Services Director,CLINIQUE LA PRAIRIE,cliniquelaprairie.com,Clinique La Prairie,2026-09-30T23:36:22.675+00:00,candidate
61387c89f683490001197fbf,Ardiana,Se***a,Senior Medical Administration Manager,CLINIQUE LA PRAIRIE,cliniquelaprairie.com,Clinique La Prairie,2026-10-02T20:22:44.512+00:00,candidate
56f76252f3e5bb54830012c6,Sonia,Sp***g,"Director, International Brand",CLINIQUE LA PRAIRIE,cliniquelaprairie.com,Clinique La Prairie,2026-08-15T00:45:55.806+00:00,candidate
642599ecbbbce10001d7f6f2,Sophie,Ba***r,HR Officer,CLINIQUE LA PRAIRIE,cliniquelaprairie.com,Clinique La Prairie,2026-09-13T09:27:43.000+00:00,candidate
66f918f0de27170001f8da80,Valeria,Na***e,Head of Strategic Planning,CLINIQUE LA PRAIRIE,cliniquelaprairie.com,Clinique La Prairie,2026-09-23T05:22:02.000+00:00,in-sales-nav
685bb6986c0cd30001bf2ad6,Ek-Kapop,Ko***i,Movement Manager,CLINIQUE LA PRAIRIE,cliniquelaprairie.com,Clinique La Prairie,2026-09-22T13:55:34.000+00:00,candidate
57df3d87a6da980ae7a6caf5,Laurane,Gi***l,Client & Operational Marketing Manager,CLINIQUE LA PRAIRIE,cliniquelaprairie.com,Clinique La Prairie,2026-09-12T05:02:26.000+00:00,candidate
66fd02c8220394000121d65c,Massimo,Ca***o,Medical & Longevity Operations Excellence Director,CLINIQUE LA PRAIRIE,cliniquelaprairie.com,Clinique La Prairie,2026-09-14T11:19:05.646+00:00,in-sales-nav
57dba231a6da986863074534,Rona,Nu***i,Innovation Intelligence Analyst,CLINIQUE LA PRAIRIE,cliniquelaprairie.com,Clinique La Prairie,2026-09-07T02:34:59.000+00:00,candidate
5e880624e8ff120001cf21d0,Constance,Du***t,E-Commerce & Web Optimization Specialist,CLINIQUE LA PRAIRIE,cliniquelaprairie.com,Clinique La Prairie,2026-09-10T14:07:32.000+00:00,candidate
61129792d7aa4000013c48a4,Lynda,He***n,Consultant Mental Health / Wellbeing Coach & Cognitive Behavioural Hypnotherapist,CLINIQUE LA PRAIRIE,cliniquelaprairie.com,Clinique La Prairie,2026-09-05T15:32:49.000+00:00,candidate
6356b4bbc5aa980001fd2001,Norah,Al***d,Longevity Coach Manager,CLINIQUE LA PRAIRIE,cliniquelaprairie.com,Clinique La Prairie,2026-09-13T00:40:49.140+00:00,candidate
54a5ae6b74686934423c6ba0,Emmanuelle,Du***o,Diététicienne - Spécialiste en Nutrition Clinique,CLINIQUE LA PRAIRIE,cliniquelaprairie.com,Clinique La Prairie,2026-09-04T15:00:40.000+00:00,candidate
611cd9ec03563200014e042d,Celine,Ha***n,Head of Marketing Health Resorts,CLINIQUE LA PRAIRIE,cliniquelaprairie.com,Clinique La Prairie,2026-09-22T19:12:19.000+00:00,candidate
5ad9ed93a6da98615ea8ffc8,Matteo,Fa***e,Movement Manager,CLINIQUE LA PRAIRIE,cliniquelaprairie.com,Clinique La Prairie,2026-08-25T06:51:49.133+00:00,candidate
611296c0023a440001abb3eb,Valerie,Fu***y,Management Executive,CLINIQUE LA PRAIRIE,cliniquelaprairie.com,Clinique La Prairie,2026-08-13T17:31:08.000+00:00,candidate
636ce2b8d06797000151abc7,Marina,Da***s,HR Manager,CLINIQUE LA PRAIRIE,cliniquelaprairie.com,Clinique La Prairie,2026-09-22T10:34:43.000+00:00,candidate
60cba2fe5a8cb40001eb7dd1,Lorena,Ca***o,Madrid Longevity Hub Manager,CLINIQUE LA PRAIRIE,cliniquelaprairie.com,Clinique La Prairie,2026-09-13T08:32:13.034+00:00,candidate
66f584b7d6389300012c12f8,Claude,Ge***d,Head of Operations,CLINIQUE LA PRAIRIE,cliniquelaprairie.com,Clinique La Prairie,2026-10-05T11:51:09.620+00:00,candidate
66ed6fbd22860a00018b168e,Leonel,Sa***s,Global IT Infrastructure Manager & Data Protection Officer (DPO),CLINIQUE LA PRAIRIE,cliniquelaprairie.com,Clinique La Prairie,2026-08-23T06:27:40.000+00:00,candidate
61528daf66e299000151804e,Nadia,Be***b,Directrice Medicale Adjointe,CLINIQUE LA PRAIRIE,cliniquelaprairie.com,Clinique La Prairie,2026-08-13T16:37:09.000+00:00,candidate
612b8cb9680b0b000185c224,Arianna,Ro***i,Global Head of Strategic and Product Marketing,CLINIQUE LA PRAIRIE,cliniquelaprairie.com,Clinique La Prairie,2026-09-08T03:45:11.927+00:00,candidate
63540d198d3a3c000178c158,Cristiana,Ca***o,Invoicing & Credit Collection Coordinator,CLINIQUE LA PRAIRIE,cliniquelaprairie.com,Clinique La Prairie,2026-09-30T22:04:17.525+00:00,candidate
5f0de4339896f6000160c675,Nadia,Gr***r,Tech.Radiologie et Imagerie Médicale,CLINIQUE LA PRAIRIE,cliniquelaprairie.com,Clinique La Prairie,2026-09-08T12:16:37.000+00:00,candidate
57d7b884a6da9809be08cee8,Sophie,Re***y,Gouvernante Générale,CLINIQUE LA PRAIRIE,cliniquelaprairie.com,Clinique La Prairie,2026-09-05T10:51:07.941+00:00,candidate
5ac74996a6da9840cb1c961d,Vittorio,Sa***o,Junior Sous Chef,CLINIQUE LA PRAIRIE,cliniquelaprairie.com,Clinique La Prairie,2026-09-27T18:42:47.691+00:00,candidate
66ee61500d7391000159a5f0,Malena,Dr***i,Marketing & Science Intern,CLINIQUE LA PRAIRIE,cliniquelaprairie.com,Clinique La Prairie,2026-09-24T06:17:10.000+00:00,candidate
5f095d0e1740480001e3307a,Phil,Si***a,Breathing Coach,CLINIQUE LA PRAIRIE,cliniquelaprairie.com,Clinique La Prairie,2026-07-26T04:18:07.000+00:00,candidate
54a468a17468693209a84e45,Sonia,Ra***s,Responsable du Bureau des Admissions & Récépiton Médicale,CLINIQUE LA PRAIRIE,cliniquelaprairie.com,Clinique La Prairie,2026-09-21T09:26:25.000+00:00,candidate
54c1a1c27468697af7f32a2e,Melchior,Kn***f,Consultant Meditation & Somatic Integration for Life Reset,CLINIQUE LA PRAIRIE,cliniquelaprairie.com,Clinique La Prairie,2026-08-13T01:08:08.000+00:00,candidate
615d1f9d47e56700011bcf2d,David,Al***a,Executif Chef De Cuisine,CLINIQUE LA PRAIRIE,cliniquelaprairie.com,Clinique La Prairie,2026-09-05T06:28:46.000+00:00,candidate
55708efb73696430543e0400,Arnaud,De***t,Pastry Chef,CLINIQUE LA PRAIRIE,cliniquelaprairie.com,Clinique La Prairie,2026-08-14T19:01:27.000+00:00,candidate
5dd7042d3fced7000176fc98,Cindy,Ga***y,Therapist,CLINIQUE LA PRAIRIE,cliniquelaprairie.com,Clinique La Prairie,2026-08-15T17:11:33.000+00:00,candidate
54c1f4007468697af74f1663,Tana,Ui***t,Director of Sales,CLINIQUE LA PRAIRIE,cliniquelaprairie.com,Clinique La Prairie,2026-09-22T10:08:06.000+00:00,candidate
6125ba0d853b8100016472d2,Tipatat,Ju***l,Medical Director,CLINIQUE LA PRAIRIE,cliniquelaprairie.com,Clinique La Prairie,2026-09-15T21:23:51.000+00:00,candidate
59c4a74da6da9862d4bb3eb7,Mounir,Zi***e,Dr Med Spec MusculoSquelettique ImmunoRhumatologie,CLINIQUE LA PRAIRIE,cliniquelaprairie.com,Clinique La Prairie,2026-09-07T09:34:40.000+00:00,candidate
67c96e09e4155d000119e4d4,Minh,Tr***g,Respiratory and Sleep Medicine Specialist,CLINIQUE LA PRAIRIE,cliniquelaprairie.com,Clinique La Prairie,2026-10-03T03:29:15.605+00:00,candidate
6a933b52e9d34c00015943c5,Faisal,Sh***r,Regional Sales Director,CLINIQUE LA PRAIRIE,cliniquelaprairie.com,Clinique La Prairie,2026-08-16T23:09:09.000+00:00,candidate
66f7ee8feee1360001a8f897,Dimitra,Gi***i,Plastic Surgery and Aesthetic Medicine Coordinator,CLINIQUE LA PRAIRIE,cliniquelaprairie.com,Clinique La Prairie,2026-09-12T01:41:01.000+00:00,candidate
5dc07e148cae890001ac5853,David,Du***n,"Chef de Projets, Responsable Technique & Chargé de Sécurité",CLINIQUE LA PRAIRIE,cliniquelaprairie.com,Clinique La Prairie,2026-09-24T14:40:44.468+00:00,candidate
54a4ee3b7468692cf0eeec6e,Filipa,Vi***e,Assistant Manager,CLINIQUE LA PRAIRIE,cliniquelaprairie.com,Clinique La Prairie,2026-09-25T23:17:17.176+00:00,candidate
54a8f7807468693399a7cd09,Helen,Cl***e,General Manager,CLINIQUE LA PRAIRIE,cliniquelaprairie.com,Clinique La Prairie,2026-09-27T09:15:14.996+00:00,candidate
60861bea85dc8d000101252b,Cynthia,Du***t,Adjointe - Responsable Service Facturation,CLINIQUE LA PRAIRIE,cliniquelaprairie.com,Clinique La Prairie,2026-07-14T16:29:07.000+00:00,candidate
57dff6e6a6da980b26468463,Sana,Kh***d,Clinical Nutritionist,CLINIQUE LA PRAIRIE,cliniquelaprairie.com,Clinique La Prairie,2026-09-15T19:52:30.000+00:00,candidate
617a51f4af10630001155b0f,Celine,Al***i,Group Legal Counsel,CLINIQUE LA PRAIRIE,cliniquelaprairie.com,Clinique La Prairie,2026-08-15T07:52:38.000+00:00,candidate
642c16b83d18db0001a317c8,Olivia,Al***i,Corporate Social Responsibility Specialist,CLINIQUE LA PRAIRIE,cliniquelaprairie.com,Clinique La Prairie,2026-09-30T11:39:09.151+00:00,candidate
5d4202e5f651258a4aa080ce,Camille,Va***i,Secrétaire Médicale en Gynécologie et Médecine Interne,CLINIQUE LA PRAIRIE,cliniquelaprairie.com,Clinique La Prairie,2026-10-01T13:21:51.795+00:00,candidate
5ac22128a6da981cf792a673,Julia,Li,Guest Experience&Resources Management Director,CLINIQUE LA PRAIRIE,cliniquelaprairie.com,Clinique La Prairie,2026-09-30T09:37:11.000+00:00,candidate
612bf99a1a10270001f1742d,Avnija,Et***i,Purchasing Specialist,CLINIQUE LA PRAIRIE,cliniquelaprairie.com,Clinique La Prairie,2026-09-14T07:03:36.266+00:00,candidate
6721f0492341860001252d7e,Jessica,Uf***l,Nutritionist Manager,CLINIQUE LA PRAIRIE,cliniquelaprairie.com,Clinique La Prairie,2026-09-22T14:11:15.000+00:00,candidate
6907153812637600014bbcaf,Isabel,Ga***a,Senior Researcher in Psychology and Neuroscience,CLINIQUE LA PRAIRIE,cliniquelaprairie.com,Clinique La Prairie,2026-09-05T17:06:54.000+00:00,candidate
54a615157468693b8c7224c1,Jean-Pascal,Ve***n,Médecin Radiologue,CLINIQUE LA PRAIRIE,cliniquelaprairie.com,Clinique La Prairie,2026-09-12T19:54:08.000+00:00,candidate
5d58650ea3ae619807e777a0,Florence,Gl***y,Médecin-anesthésiste FMH,CLINIQUE LA PRAIRIE,cliniquelaprairie.com,Clinique La Prairie,2026-09-21T05:38:10.000+00:00,candidate
619a62d8f4e60d0001396ffa,Mariana,Ho***a,Médecin Spécialiste FMH Radiologie Diagnostic,CLINIQUE LA PRAIRIE,cliniquelaprairie.com,Clinique La Prairie,2026-09-07T00:57:19.000+00:00,candidate
63b44c2ca1158e0001df6358,Steve,Du***e,Radiologist,CLINIQUE LA PRAIRIE,cliniquelaprairie.com,Clinique La Prairie,2026-09-12T02:55:48.000+00:00,candidate
6321b472c5428600010880b0,Andrea,Ba***n,Support Spécialiste IT,CLINIQUE LA PRAIRIE,cliniquelaprairie.com,Clinique La Prairie,2026-08-16T07:39:52.000+00:00,candidate
66f8594e981ffc00014cda52,Olga,Do***a,Longevity Innovation Director,CLINIQUE LA PRAIRIE,cliniquelaprairie.com,Clinique La Prairie,2026-09-05T05:44:53.000+00:00,in-sales-nav
5fcc37102c6c1d0001a1f8d9,Mathilde,Ro***t,International Patient Program Coordinator,CLINIQUE LA PRAIRIE,cliniquelaprairie.com,Clinique La Prairie,2026-09-10T07:30:55.000+00:00,candidate
5d6d316ba3ae617504cdbc6f,Sonia,Fe***i,Technicienne en Radiolgie,CLINIQUE LA PRAIRIE,cliniquelaprairie.com,Clinique La Prairie,2026-08-13T19:27:25.000+00:00,candidate
6202024c18738c0001955257,Tessy,Gr***f,Brand and Visual Designer,CLINIQUE LA PRAIRIE,cliniquelaprairie.com,Clinique La Prairie,2026-09-01T20:58:09.402+00:00,candidate
6640142ce04f590001f26c62,Ghazal,Sa***h,Marketing Manager,CLINIQUE LA PRAIRIE,cliniquelaprairie.com,Clinique La Prairie,2026-09-08T07:27:59.000+00:00,candidate
6610cef42655b60007dd27ca,Marc,Sa***n,Director Operations and Development Longevity Hubs Clinique la Prairie,CLINIQUE LA PRAIRIE,cliniquelaprairie.com,Clinique La Prairie,2026-09-10T12:13:37.000+00:00,in-sales-nav
5fc371179270bf0001e40505,Laure,Mo***i,Médecin-dentiste,CLINIQUE LA PRAIRIE,cliniquelaprairie.com,Clinique La Prairie,2026-08-15T10:58:56.000+00:00,candidate
5d42c5ef80f93e1d374e9e4f,Louiza,La***l,Responsable Radiologie Et Communication Interne/externe Du Centre Médical,CLINIQUE LA PRAIRIE,cliniquelaprairie.com,Clinique La Prairie,2026-10-02T04:20:52.887+00:00,candidate
5ad33415a6da9883f125fa0e,David,Si***a,Digital Content Manager,CLINIQUE LA PRAIRIE,cliniquelaprairie.com,Clinique La Prairie,2026-09-10T16:53:20.000+00:00,candidate
600aff5bcde30100017a3e00,Aldina,Me***s,Clinique La Prairie SA & Accounting Shared Services Finance Director,CLINIQUE LA PRAIRIE,cliniquelaprairie.com,Clinique La Prairie,2026-08-08T21:02:22.000+00:00,candidate
57d5922fa6da9853a66987bb,Carla,Po***o,Thérapeute Polyvalente SPA,CLINIQUE LA PRAIRIE,cliniquelaprairie.com,Clinique La Prairie,2026-08-13T17:36:37.000+00:00,candidate
6a267a330840e00001633aaf,Agathe,Co***t,Reservations Intern,CLINIQUE LA PRAIRIE,cliniquelaprairie.com,Clinique La Prairie,2026-09-13T05:29:46.000+00:00,candidate
5e6b7461eb5ab90001eb28ad,Oliwia,Ja***a,Clinical Dietitian,CLINIQUE LA PRAIRIE,cliniquelaprairie.com,Clinique La Prairie,2026-09-18T05:52:06.000+00:00,candidate
54a2b62c7468693a7e3e7d37,Agnese,Ba***a,Reservation Manager,CLINIQUE LA PRAIRIE,cliniquelaprairie.com,Clinique La Prairie,2026-09-20T19:53:00.737+00:00,candidate
61304397a40eb10001606597,Clementina,Me***i,Medical Receptionist,CLINIQUE LA PRAIRIE,cliniquelaprairie.com,Clinique La Prairie,2025-09-27T09:17:03.134+00:00,candidate
54a2c623746869331835913b,Eugenio,Ga***i,Medical Director,CLINIQUE LA PRAIRIE,cliniquelaprairie.com,Clinique La Prairie,2026-09-12T04:52:22.000+00:00,candidate
6425cb434b0ae40001ccae0a,Margaux,Ch***e,Junior Legal Counsel,CLINIQUE LA PRAIRIE,cliniquelaprairie.com,Clinique La Prairie,2026-09-10T16:00:50.000+00:00,candidate
5d45a644f651253fc7b76902,Manuela,Cr***z,Med SpaTherapist,CLINIQUE LA PRAIRIE,cliniquelaprairie.com,Clinique La Prairie,2026-09-10T12:54:39.000+00:00,candidate
606506d5d9e5900001756410,Thanongsak,Pi***t,Information Technology Manager,CLINIQUE LA PRAIRIE,cliniquelaprairie.com,Clinique La Prairie,2026-08-09T19:35:50.000+00:00,candidate
57df3d1ba6da980b4a081173,Caroline,Sa***r,Coach Sportif-Maître Nageur,CLINIQUE LA PRAIRIE,cliniquelaprairie.com,Clinique La Prairie,2026-10-03T15:44:36.584+00:00,candidate
6480b7c2ec9862000132bfa2,Alejandra,Al***e,Médecin Spécialiste en Médecine Interne Générale FMH,CLINIQUE LA PRAIRIE,cliniquelaprairie.com,Clinique La Prairie,2026-09-13T10:04:23.000+00:00,candidate
63a682b7f6f93f0001df9b80,Melissa,He***l,Audiologiste Clinique,CLINIQUE LA PRAIRIE,cliniquelaprairie.com,Clinique La Prairie,2026-08-15T17:53:45.000+00:00,candidate
66a9c54c2bb25900015bb6b4,Anastasia,As***a,Radiologo,CLINIQUE LA PRAIRIE,cliniquelaprairie.com,Clinique La Prairie,2026-09-12T06:32:50.000+00:00,candidate
5e77636ade652d00013f0a1d,Isabelle,Bi***i,Laboratory Manager,CLINIQUE LA PRAIRIE,cliniquelaprairie.com,Clinique La Prairie,2026-09-12T18:19:01.000+00:00,candidate
57d73089a6da98648820dd3d,Honorata,Cr***n,Specialist Doctor,CLINIQUE LA PRAIRIE,cliniquelaprairie.com,Clinique La Prairie,2026-08-13T15:11:35.000+00:00,candidate
635962467ccf99000159a5a6,Marie-Pierre,Ra***y,TSO,CLINIQUE LA PRAIRIE,cliniquelaprairie.com,Clinique La Prairie,2026-09-22T11:13:07.000+00:00,candidate
