#,Domain,Is spam,DR,Dofollow ref. domains,Dofollow linked domains,Traffic ,Keywords ,Links to target,New links,Lost links,Dofollow links,First seen,Lost,,,,,,,,,,,,
1.0,apple.com,false,97.0,3792281.0,462250.0,4.22928352E8,1.1714466E7,2.0,2.0,0.0,0.0,2026-03-23 19:17:58,
2.0,wikipedia.org,false,97.0,3875835.0,251106.0,4.591583744E9,7.1683493E7,1.0,1.0,0.0,0.0,2026-02-22 21:12:49,
3.0,github.com,false,97.0,1813221.0,58141.0,4.7574816E7,1286961.0,1.0,1.0,1.0,1.0,2025-08-07 08:43:10,2026-04-05 07:34:42
4.0,shopify.com,false,96.0,1127250.0,24939.0,9818428.0,244375.0,7.0,1.0,5.0,0.0,2024-07-12 17:25:12,
5.0,squarespace.com,false,95.0,902299.0,813342.0,3244866.0,204740.0,2.0,2.0,0.0,2.0,2026-03-20 09:22:42,
6.0,medium.com,false,94.0,811207.0,193553.0,3.1519402E7,4150527.0,5.0,5.0,0.0,0.0,2025-08-25 08:29:19,
7.0,forbes.com,false,94.0,776563.0,34189.0,1.9016956E7,1441551.0,6.0,6.0,0.0,0.0,2026-03-05 01:42:16,
8.0,substack.com,false,94.0,428616.0,1125098.0,8736714.0,1066111.0,4.0,3.0,0.0,4.0,2023-07-23 08:06:55,
9.0,pages.dev,true,93.0,220353.0,333197.0,3.7327088E7,104660.0,2.0,0.0,0.0,1.0,2024-10-12 05:27:27,
10.0,businessinsider.com,false,92.0,380598.0,27430.0,5684838.0,840882.0,3.0,1.0,0.0,1.0,2023-07-30 05:28:57,
11.0,mdpi.com,false,92.0,281449.0,422911.0,1302059.0,204332.0,4.0,1.0,0.0,4.0,2023-08-20 00:17:37,
12.0,techcrunch.com,false,92.0,240247.0,4923.0,701170.0,55840.0,6.0,0.0,0.0,0.0,2023-07-21 19:51:25,
13.0,prtimes.jp,false,91.0,92829.0,15457.0,4257722.0,569174.0,3.0,0.0,0.0,0.0,2024-03-29 10:52:01,
14.0,cnet.com,false,91.0,215605.0,112906.0,1.0813697E7,756074.0,4.0,0.0,3.0,0.0,2024-05-03 12:28:57,
15.0,fortune.com,false,91.0,183224.0,108530.0,1271399.0,129154.0,1.0,0.0,0.0,1.0,2023-07-26 08:41:28,
16.0,fiverr.com,false,91.0,98760.0,2278.0,6516796.0,49781.0,4.0,3.0,0.0,0.0,2023-07-26 20:18:59,
17.0,inc.com,false,91.0,145322.0,57530.0,344993.0,51951.0,1.0,0.0,0.0,1.0,2024-04-18 11:26:07,
18.0,independent.co.uk,false,91.0,247312.0,136.0,5464232.0,472168.0,1.0,0.0,1.0,0.0,2023-08-02 05:43:13,2026-03-31 14:45:45
19.0,globo.com,false,91.0,125527.0,74819.0,2.12400048E8,3358483.0,1.0,1.0,0.0,0.0,2026-02-15 03:50:42,
20.0,buzzsprout.com,false,91.0,92840.0,534456.0,192125.0,18894.0,1.0,0.0,1.0,1.0,2024-03-20 01:24:01,2025-11-08 16:45:19
21.0,entrepreneur.com,false,91.0,137647.0,56334.0,454340.0,40311.0,10.0,9.0,0.0,10.0,2023-07-28 04:24:46,
22.0,columbia.edu,false,91.0,173132.0,78674.0,1850859.0,211750.0,1.0,0.0,0.0,1.0,2023-11-02 01:11:19,
23.0,g2.com,false,91.0,59659.0,7525.0,840341.0,139760.0,5.0,0.0,4.0,0.0,2025-05-09 17:57:40,
24.0,aliyuncs.com,false,91.0,43112.0,47039.0,7067.0,2160.0,1.0,1.0,0.0,1.0,2026-01-04 09:37:58,
25.0,aol.com,false,91.0,163261.0,6784.0,1.0855626E7,421405.0,1.0,0.0,0.0,0.0,2025-01-24 23:24:00,
26.0,dhl.com,false,91.0,60760.0,3212.0,8838240.0,107026.0,13.0,0.0,9.0,12.0,2023-10-29 01:38:01,
27.0,perplexity.ai,false,91.0,72469.0,170.0,1.2041472E7,49671.0,1.0,0.0,1.0,1.0,2024-11-19 08:51:38,2025-08-29 07:02:35
28.0,bluehost.com,false,91.0,40381.0,3217.0,296400.0,6634.0,3.0,3.0,0.0,3.0,2025-09-27 14:49:07,
29.0,crunchbase.com,false,91.0,95166.0,4089.0,1395794.0,314219.0,8.0,6.0,1.0,0.0,2023-07-26 04:53:34,
30.0,techradar.com,false,91.0,103727.0,29218.0,4569820.0,338031.0,2.0,1.0,0.0,2.0,2023-11-01 03:27:19,
31.0,co.com,false,91.0,165440.0,18775.0,1.310096E7,38193.0,3.0,1.0,0.0,3.0,2024-07-03 00:54:26,
32.0,backlinko.com,false,90.0,54501.0,1764.0,226983.0,17225.0,3.0,0.0,0.0,3.0,2024-03-15 07:20:02,
33.0,c212.net,true,90.0,43464.0,0.0,86.0,16.0,2.0,2.0,0.0,2.0,2026-04-29 05:37:22,
34.0,prweb.com,false,90.0,63064.0,90.0,24459.0,8713.0,2.0,1.0,0.0,0.0,2025-01-19 05:03:10,
35.0,dreamhost.com,false,90.0,32326.0,2858.0,197960.0,8310.0,20.0,2.0,20.0,20.0,2023-10-28 22:12:59,2025-11-20 07:36:23
36.0,xero.com,false,90.0,39459.0,13438.0,3782038.0,53759.0,1.0,1.0,0.0,1.0,2026-04-17 23:01:45,
37.0,elle.com,false,90.0,73965.0,66600.0,1.1640961E7,801910.0,1.0,0.0,0.0,1.0,2024-02-07 15:24:28,
38.0,toptal.com,false,90.0,41943.0,7166.0,539440.0,25055.0,4.0,0.0,1.0,3.0,2023-07-20 09:45:16,
39.0,ya.ru,false,89.0,28166.0,200772.0,8667211.0,206993.0,4.0,2.0,2.0,4.0,2025-05-08 18:59:32,
40.0,harpersbazaar.com,false,89.0,61099.0,32808.0,2280283.0,266159.0,1.0,1.0,0.0,0.0,2025-06-18 10:56:44,
41.0,explodingtopics.com,false,89.0,35363.0,14891.0,222142.0,16386.0,5.0,5.0,5.0,0.0,2025-12-18 17:26:35,2026-01-12 20:20:50
42.0,printful.com,false,88.0,25107.0,1408.0,956196.0,60315.0,4.0,0.0,0.0,4.0,2023-07-20 12:08:13,
43.0,fortunebusinessinsights.com,false,88.0,42051.0,12699.0,147075.0,20345.0,19.0,12.0,1.0,19.0,2023-07-20 14:43:36,
44.0,wwd.com,false,88.0,53081.0,823.0,714981.0,136832.0,6.0,6.0,0.0,0.0,2026-04-05 17:55:03,
45.0,digiday.com,false,88.0,35536.0,8512.0,31481.0,6242.0,1.0,0.0,0.0,1.0,2023-07-21 06:34:55,
46.0,pymnts.com,false,88.0,40731.0,45435.0,84023.0,11738.0,2.0,0.0,0.0,2.0,2023-11-30 14:34:28,
47.0,bustle.com,false,88.0,63505.0,83748.0,192043.0,61523.0,1.0,0.0,0.0,1.0,2023-08-04 19:52:23,
48.0,influencermarketinghub.com,false,87.0,32530.0,100.0,97500.0,13661.0,3.0,0.0,0.0,0.0,2025-03-19 16:25:05,
49.0,simplecast.com,false,87.0,35392.0,123077.0,72409.0,7599.0,1.0,1.0,0.0,1.0,2026-04-28 20:21:33,
50.0,spiceworks.com,false,87.0,29371.0,916.0,899096.0,209645.0,1.0,0.0,1.0,1.0,2024-08-02 07:39:06,2025-12-16 21:36:29
51.0,vogue.co.uk,false,87.0,45900.0,1337.0,1142782.0,109145.0,1.0,0.0,0.0,0.0,2023-07-26 08:44:56,
52.0,seekingalpha.com,false,86.0,57936.0,55157.0,2335823.0,89417.0,1.0,0.0,0.0,0.0,2025-02-09 07:55:39,
53.0,builtwith.com,false,86.0,19807.0,257.0,1642422.0,25203.0,2.0,2.0,2.0,0.0,2025-10-19 12:21:48,2026-01-10 12:52:28
54.0,player.fm,false,86.0,35480.0,186653.0,16560.0,605.0,2.0,1.0,0.0,2.0,2023-07-30 00:42:18,
55.0,cbinsights.com,true,86.0,34698.0,636183.0,89389.0,47947.0,5.0,0.0,5.0,5.0,2023-07-30 08:44:27,2025-08-13 19:10:27
56.0,builtin.com,false,86.0,34541.0,105376.0,758256.0,99127.0,1.0,1.0,0.0,1.0,2025-07-10 05:24:55,
57.0,commercegurus.com,false,86.0,6698.0,788.0,6538.0,492.0,1.0,0.0,1.0,0.0,2025-05-01 01:55:11,2025-09-04 18:08:11
58.0,makuake.com,false,86.0,17402.0,21079.0,89828.0,7896.0,1.0,0.0,0.0,1.0,2023-09-18 19:13:05,
59.0,docsend.com,false,86.0,15342.0,578.0,36134.0,925.0,12.0,10.0,0.0,12.0,2023-07-21 04:39:26,
60.0,terra.com.br,false,86.0,33624.0,20533.0,1.6791024E7,676381.0,1.0,1.0,0.0,1.0,2026-02-13 19:10:31,
61.0,wondershare.com,false,85.0,34265.0,3001.0,3296851.0,169033.0,2.0,1.0,0.0,0.0,2024-05-12 04:58:19,
62.0,eonline.com,false,85.0,54267.0,19961.0,3976641.0,384867.0,2.0,0.0,0.0,2.0,2023-07-30 02:33:13,
63.0,blubrry.com,false,85.0,17049.0,8494.0,2237.0,271.0,1.0,1.0,0.0,1.0,2025-09-29 16:06:33,
64.0,robbreport.com,false,85.0,32288.0,3452.0,255178.0,63411.0,1.0,0.0,0.0,0.0,2023-07-28 18:13:48,
65.0,inews.co.uk,false,84.0,41303.0,48220.0,248439.0,37850.0,1.0,0.0,0.0,1.0,2023-07-21 08:37:20,
66.0,gitnux.org,false,84.0,15054.0,331.0,8869.0,2896.0,14.0,14.0,14.0,0.0,2025-12-11 21:57:55,2026-05-26 14:30:05
67.0,trustradius.com,false,84.0,14715.0,27805.0,69786.0,21348.0,3.0,3.0,0.0,3.0,2026-05-16 05:43:27,
68.0,fitsmallbusiness.com,false,84.0,15565.0,4858.0,71125.0,17745.0,4.0,1.0,0.0,4.0,2023-07-23 15:44:21,
69.0,itxoft.com,true,84.0,2555.0,7.0,0.0,0.0,1.0,0.0,1.0,0.0,2025-02-26 11:44:47,2026-04-04 02:42:55
70.0,digikala.com,false,83.0,14872.0,6860.0,1107626.0,75853.0,1.0,0.0,0.0,1.0,2024-05-07 13:51:50,
71.0,turkishairlines.com,false,83.0,25844.0,2113.0,5017250.0,99740.0,2.0,1.0,0.0,2.0,2023-10-10 19:49:35,
72.0,retailtouchpoints.com,false,83.0,13518.0,15537.0,5972.0,2337.0,14.0,7.0,7.0,14.0,2023-07-21 05:32:09,
73.0,market.us,false,83.0,15149.0,481.0,20968.0,4818.0,1.0,0.0,0.0,0.0,2024-10-18 21:00:44,
74.0,research.com,false,83.0,16130.0,53.0,259616.0,79141.0,1.0,1.0,0.0,0.0,2026-02-17 09:41:02,
75.0,secure-platform.com,false,83.0,12695.0,4997.0,7964.0,2871.0,1.0,0.0,0.0,1.0,2023-07-26 08:05:57,
76.0,dma.org.uk,false,83.0,6400.0,394.0,4073.0,480.0,3.0,0.0,3.0,3.0,2024-01-07 00:57:28,2026-01-23 14:39:49
77.0,f6s.com,false,82.0,23328.0,96455.0,598725.0,50643.0,6.0,0.0,0.0,2.0,2023-07-26 10:36:40,
78.0,vogue.it,false,82.0,17333.0,598.0,1051058.0,123521.0,1.0,0.0,0.0,0.0,2023-07-27 00:32:26,
79.0,techinasia.com,false,82.0,27074.0,13237.0,171566.0,5058.0,1.0,1.0,0.0,1.0,2025-10-07 23:55:20,
80.0,infosys.com,false,82.0,16697.0,4468.0,723022.0,7896.0,1.0,0.0,0.0,1.0,2023-08-04 16:17:42,
81.0,nbclosangeles.com,false,82.0,31937.0,34593.0,277008.0,45239.0,1.0,0.0,0.0,1.0,2025-04-07 23:10:21,
82.0,avclub.com,false,82.0,31290.0,20525.0,323754.0,33593.0,1.0,0.0,0.0,1.0,2023-08-07 02:13:06,
83.0,trendhunter.com,false,82.0,19945.0,363.0,70481.0,25329.0,3.0,0.0,0.0,0.0,2023-07-27 18:47:08,
84.0,framer.app,false,82.0,8516.0,64352.0,3942.0,1008.0,2.0,1.0,0.0,2.0,2025-01-20 08:00:18,
85.0,diigo.com,false,82.0,39236.0,223538.0,30153.0,490.0,1.0,0.0,0.0,0.0,2025-04-28 11:30:56,
86.0,purewow.com,false,81.0,21516.0,4760.0,1143262.0,111492.0,1.0,0.0,0.0,0.0,2023-07-20 12:30:29,
87.0,vogue.in,false,81.0,19560.0,458.0,1958354.0,73041.0,1.0,0.0,0.0,0.0,2023-07-25 21:57:45,
88.0,lvmh.com,false,81.0,18131.0,280.0,394809.0,8858.0,1.0,0.0,0.0,1.0,2023-07-30 18:48:57,
89.0,techbullion.com,false,81.0,20941.0,71627.0,40520.0,2674.0,4.0,4.0,0.0,4.0,2026-03-05 14:51:14,
90.0,memberpress.com,false,81.0,6825.0,1054.0,15406.0,1460.0,6.0,0.0,2.0,0.0,2023-08-02 03:45:47,
91.0,ceocolumn.com,false,81.0,4441.0,7079.0,5899.0,186.0,2.0,0.0,0.0,2.0,2024-02-07 08:51:14,
92.0,fashionista.com,false,81.0,22120.0,18644.0,79085.0,15759.0,1.0,0.0,0.0,1.0,2023-07-21 04:30:12,
93.0,goodpods.com,false,81.0,12361.0,479858.0,13271.0,4625.0,3.0,3.0,1.0,3.0,2025-07-26 12:10:49,
94.0,rtbhouse.com,false,81.0,4305.0,118.0,8106.0,538.0,5.0,1.0,3.0,0.0,2025-03-13 19:27:07,
95.0,springerprofessional.de,false,81.0,13280.0,1676.0,67807.0,15992.0,10.0,0.0,10.0,10.0,2023-09-28 03:29:11,2025-08-10 23:04:32
96.0,tweakers.net,false,81.0,15942.0,41177.0,2459372.0,324204.0,1.0,0.0,0.0,0.0,2023-07-22 22:19:55,
97.0,indiehackers.com,false,81.0,13018.0,12323.0,72353.0,5630.0,1.0,0.0,0.0,1.0,2024-10-16 11:50:50,
98.0,marieclaire.co.uk,false,80.0,15225.0,14011.0,732818.0,57729.0,2.0,0.0,0.0,1.0,2023-07-21 05:18:52,
99.0,24-7pressrelease.com,false,80.0,10492.0,143.0,8844.0,2793.0,1.0,0.0,0.0,0.0,2023-07-28 18:14:46,
100.0,the-independent.com,false,80.0,23006.0,138.0,704237.0,50807.0,1.0,0.0,1.0,0.0,2024-08-25 21:42:16,2026-04-13 04:44:52
101.0,vogue.es,false,80.0,12362.0,1907.0,1024792.0,112375.0,1.0,0.0,0.0,0.0,2023-07-20 17:04:50,
102.0,sendcloud.com,false,80.0,3654.0,1156.0,122815.0,12470.0,1.0,0.0,1.0,1.0,2025-04-05 10:27:20,2026-04-06 02:36:39
103.0,vanityfair.it,false,80.0,14837.0,2775.0,2523380.0,193480.0,1.0,0.0,0.0,0.0,2023-07-27 17:30:17,
104.0,metapress.com,false,79.0,16675.0,28094.0,580.0,119.0,3.0,0.0,0.0,3.0,2023-07-31 19:40:42,
105.0,em.com.br,false,79.0,14595.0,19671.0,959746.0,121232.0,1.0,1.0,0.0,1.0,2026-02-12 19:39:47,
106.0,super.site,false,79.0,5227.0,17245.0,461.0,145.0,3.0,0.0,0.0,3.0,2025-01-18 15:54:43,
107.0,tech.eu,false,79.0,11833.0,25524.0,2847.0,1026.0,1.0,0.0,0.0,1.0,2023-07-25 06:10:47,
108.0,information-age.com,false,79.0,7004.0,12780.0,2867.0,367.0,1.0,0.0,0.0,1.0,2023-07-21 05:40:36,
109.0,rb.ru,false,79.0,8892.0,8204.0,97437.0,10266.0,1.0,0.0,0.0,0.0,2023-11-16 02:32:06,
110.0,wifitalents.com,false,79.0,6373.0,108.0,5516.0,1852.0,5.0,5.0,4.0,0.0,2026-02-07 07:12:19,
111.0,preprints.org,false,79.0,13338.0,36153.0,8655.0,3192.0,1.0,1.0,0.0,1.0,2026-01-26 07:21:43,
112.0,spocket.co,false,78.0,9311.0,3556.0,85126.0,11824.0,6.0,6.0,0.0,6.0,2025-07-30 22:56:25,
113.0,appadvice.com,false,78.0,15152.0,7345.0,26.0,141.0,1.0,0.0,0.0,0.0,2023-11-14 17:21:59,
114.0,aithority.com,false,78.0,7675.0,29000.0,2666.0,673.0,2.0,0.0,0.0,2.0,2023-09-30 15:20:55,
115.0,mytotalretail.com,false,78.0,4273.0,3078.0,2093.0,1124.0,1.0,0.0,1.0,1.0,2023-07-24 22:54:01,2026-03-09 12:52:42
116.0,vogue.de,false,78.0,6683.0,252.0,967690.0,71133.0,1.0,0.0,0.0,0.0,2023-07-23 11:49:25,
117.0,retailwire.com,false,78.0,8521.0,7383.0,11683.0,3813.0,1.0,1.0,0.0,1.0,2025-11-11 03:08:17,
118.0,coherentmarketinsights.com,false,78.0,6354.0,11046.0,16850.0,4394.0,1.0,1.0,0.0,1.0,2025-10-06 21:09:41,
119.0,nyweekly.com,false,78.0,5428.0,17893.0,473.0,169.0,2.0,2.0,0.0,2.0,2026-05-21 16:55:31,
120.0,unisender.com,false,78.0,2355.0,359.0,344001.0,31234.0,4.0,2.0,2.0,0.0,2024-07-22 16:43:54,
121.0,genspark.ai,true,78.0,6672.0,47333.0,638635.0,510.0,1.0,1.0,1.0,1.0,2025-07-10 05:33:51,2026-04-29 00:50:48
122.0,azbigmedia.com,false,77.0,13244.0,17512.0,8941.0,3669.0,4.0,3.0,2.0,4.0,2024-10-03 07:52:25,
123.0,ainvest.com,false,77.0,15711.0,65411.0,14383.0,4051.0,1.0,1.0,0.0,1.0,2026-01-16 16:03:25,
124.0,nv.ua,false,77.0,14672.0,3323.0,1702473.0,98451.0,5.0,1.0,0.0,0.0,2023-07-30 17:28:33,
125.0,sourcingjournal.com,false,77.0,9458.0,112.0,112.0,98.0,6.0,1.0,6.0,0.0,2023-07-20 00:06:44,2026-04-05 09:03:37
126.0,shop-express.ua,false,77.0,883.0,152.0,4517.0,721.0,4.0,4.0,0.0,0.0,2026-01-29 20:29:17,
127.0,worldmetrics.org,false,77.0,3618.0,503.0,0.0,3.0,1.0,1.0,1.0,0.0,2026-02-13 18:21:57,2026-05-09 18:38:29
128.0,3dprintingindustry.com,false,77.0,10143.0,0.0,21719.0,1597.0,1.0,0.0,1.0,1.0,2023-07-22 21:42:01,2025-07-27 11:30:08
129.0,fibre2fashion.com,false,77.0,12481.0,456.0,28344.0,7590.0,1.0,1.0,0.0,1.0,2026-01-05 14:50:12,
130.0,firework.com,false,77.0,3353.0,1331.0,8041.0,1251.0,2.0,2.0,0.0,2.0,2025-09-08 08:22:45,
131.0,grokipedia.com,false,77.0,10777.0,2435884.0,684807.0,196945.0,27.0,27.0,4.0,27.0,2025-11-29 13:45:16,
132.0,ukrinform.ua,false,77.0,10210.0,9706.0,409467.0,34009.0,4.0,1.0,0.0,4.0,2023-07-23 02:43:10,
133.0,500.co,false,77.0,6460.0,3075.0,32332.0,366.0,9.0,0.0,7.0,9.0,2024-11-30 02:32:56,
134.0,whatfix.com,false,77.0,5722.0,966.0,36515.0,2674.0,3.0,0.0,3.0,3.0,2024-05-16 01:18:55,2026-04-06 01:03:47
135.0,liga.net,false,77.0,12225.0,3079.0,1727086.0,44808.0,1.0,0.0,1.0,0.0,2023-07-28 14:25:07,2026-05-21 15:21:11
136.0,civicscience.com,false,77.0,5715.0,906.0,2477.0,993.0,1.0,0.0,0.0,1.0,2025-03-14 10:51:46,
137.0,angellist.com,false,77.0,9309.0,4321.0,120676.0,2984.0,1.0,1.0,0.0,1.0,2025-09-26 19:42:02,
138.0,ventsmagazine.com,true,77.0,10674.0,87257.0,0.0,0.0,4.0,0.0,0.0,4.0,2025-04-02 09:00:19,
139.0,buybacklinks.agency,true,77.0,318.0,1.0,0.0,0.0,4.0,4.0,0.0,0.0,2026-03-14 18:44:33,
140.0,citybiz.co,false,76.0,8021.0,33238.0,55941.0,5738.0,1.0,0.0,0.0,1.0,2023-08-10 02:46:58,
141.0,techround.co.uk,false,76.0,6618.0,7786.0,3111.0,775.0,1.0,1.0,0.0,1.0,2025-06-25 07:33:47,
142.0,useinsider.com,false,76.0,4538.0,29.0,808.0,18.0,3.0,3.0,3.0,3.0,2025-07-03 02:42:41,2025-12-12 05:03:27
143.0,pod.co,false,76.0,3544.0,22108.0,2017.0,1186.0,1.0,0.0,0.0,1.0,2025-05-11 12:01:22,
144.0,insiderone.com,false,76.0,3868.0,696.0,103504.0,5799.0,3.0,3.0,0.0,2.0,2025-12-09 04:44:40,
145.0,startus-insights.com,false,76.0,5235.0,31620.0,1641.0,564.0,1.0,0.0,0.0,1.0,2024-11-28 11:38:50,
146.0,fashionunited.com,false,76.0,9327.0,5485.0,60341.0,10361.0,2.0,0.0,0.0,2.0,2025-01-19 07:23:51,
147.0,robota.ua,false,76.0,4865.0,1389.0,1831575.0,53226.0,2.0,2.0,0.0,0.0,2026-05-19 21:16:48,
148.0,rivo.io,false,76.0,1132.0,689.0,10567.0,1500.0,1.0,1.0,0.0,1.0,2026-03-18 07:58:00,
149.0,artdaily.com,false,76.0,16191.0,29516.0,1414.0,705.0,3.0,0.0,0.0,3.0,2023-07-27 13:41:50,
150.0,ecommercenews.eu,false,76.0,3434.0,1169.0,6864.0,1456.0,2.0,0.0,2.0,2.0,2023-09-27 11:35:37,2026-05-24 21:01:10
151.0,graziamagazine.com,false,75.0,11695.0,12284.0,453098.0,53994.0,2.0,0.0,0.0,2.0,2023-07-25 20:13:02,
152.0,theorg.com,false,75.0,13279.0,761894.0,106718.0,70375.0,14.0,2.0,13.0,14.0,2023-08-03 23:08:29,
153.0,editorialge.com,false,75.0,4183.0,8431.0,135.0,54.0,5.0,0.0,1.0,5.0,2023-08-01 04:17:11,
154.0,spidersweb.pl,false,75.0,4852.0,18488.0,427661.0,52626.0,1.0,0.0,0.0,1.0,2023-08-01 09:21:29,
155.0,ignitevisibility.com,false,75.0,3747.0,2836.0,16662.0,2614.0,1.0,0.0,0.0,1.0,2024-10-23 08:24:20,
156.0,convertcart.com,false,75.0,2219.0,922.0,3039.0,438.0,1.0,0.0,0.0,1.0,2025-05-07 06:27:32,
157.0,accio.com,true,75.0,10077.0,70691.0,364514.0,90614.0,29.0,29.0,6.0,10.0,2025-07-24 19:52:37,
158.0,cropink.com,false,75.0,1975.0,62.0,2608.0,1040.0,1.0,1.0,0.0,0.0,2025-11-19 09:46:15,
159.0,example3.com,true,75.0,5175.0,533.0,0.0,10.0,1.0,1.0,0.0,0.0,2026-05-11 22:22:02,
160.0,vidnoz.com,false,75.0,8806.0,387.0,484305.0,16584.0,1.0,0.0,0.0,1.0,2024-12-30 09:21:44,
161.0,rocketreach.co,false,75.0,12134.0,48.0,723148.0,250133.0,1.0,0.0,0.0,0.0,2024-10-30 23:53:33,
162.0,podbay.fm,false,75.0,10265.0,4426.0,37370.0,7310.0,1.0,0.0,0.0,0.0,2023-08-13 17:38:56,
163.0,itxoft-cost-effective-seo-services.site,true,75.0,1139.0,0.0,0.0,0.0,2.0,2.0,0.0,0.0,2026-03-25 22:22:54,
164.0,itxoft-trusted-seo-solutions.site,true,75.0,1147.0,0.0,0.0,0.0,1.0,1.0,1.0,0.0,2026-03-19 21:28:57,2026-05-25 20:45:13
165.0,superagi.com,false,75.0,3832.0,137903.0,10072.0,1171.0,3.0,3.0,1.0,3.0,2025-07-16 10:13:04,
166.0,multichannelmerchant.com,false,75.0,3480.0,24.0,1.0,4.0,18.0,0.0,16.0,18.0,2023-07-20 15:01:23,
167.0,plerdy.com,false,75.0,1989.0,382.0,26193.0,5040.0,2.0,0.0,0.0,0.0,2023-07-20 13:25:58,
168.0,cbi.eu,false,75.0,3970.0,18409.0,2013.0,516.0,1.0,0.0,0.0,1.0,2023-07-24 15:27:56,
169.0,emprendedores.es,false,75.0,4614.0,16721.0,24409.0,6287.0,1.0,0.0,0.0,1.0,2025-05-06 12:36:41,
170.0,atmos.earth,false,75.0,4753.0,4339.0,15175.0,3274.0,3.0,2.0,1.0,3.0,2024-09-03 22:12:45,
171.0,retail-insider.com,false,75.0,3718.0,13533.0,18406.0,6877.0,46.0,26.0,46.0,46.0,2024-04-02 02:30:03,2025-09-30 07:37:41
172.0,rank-your.site,true,75.0,1485.0,0.0,7.0,1.0,1.0,1.0,1.0,0.0,2025-07-26 15:35:35,2026-04-04 20:25:10
173.0,thestandard.co,false,75.0,7498.0,13315.0,797980.0,62158.0,1.0,0.0,0.0,1.0,2023-08-06 21:20:55,
174.0,80.lv,false,75.0,8793.0,8803.0,16968.0,7967.0,2.0,1.0,1.0,2.0,2023-07-20 03:05:22,
175.0,3dnatives.com,false,74.0,8035.0,4336.0,34760.0,7983.0,1.0,0.0,0.0,1.0,2023-07-28 00:27:59,
176.0,vogue.sg,false,74.0,7052.0,5977.0,30802.0,5643.0,1.0,0.0,0.0,1.0,2023-07-28 11:09:17,
177.0,getnews.jp,false,74.0,8759.0,52658.0,41149.0,9300.0,1.0,0.0,1.0,1.0,2023-12-27 07:34:32,2025-09-08 13:07:08
178.0,webrazzi.com,false,74.0,2862.0,30806.0,15842.0,4174.0,1.0,0.0,0.0,1.0,2023-07-26 06:59:38,
179.0,contactout.com,false,74.0,8113.0,870.0,198236.0,59887.0,2.0,1.0,0.0,0.0,2024-02-14 17:11:22,
180.0,thebridge.jp,false,74.0,3634.0,35525.0,5880.0,999.0,1.0,0.0,0.0,1.0,2023-07-27 01:48:50,
181.0,mobilemarketingmagazine.com,false,74.0,5049.0,6738.0,508.0,421.0,5.0,0.0,5.0,5.0,2023-11-24 18:00:16,2026-05-22 12:03:28
182.0,minfin.com.ua,false,74.0,6924.0,399.0,6451088.0,95040.0,2.0,0.0,0.0,0.0,2023-08-08 11:47:24,
183.0,jimsformalwear.com,false,74.0,4556.0,123.0,14556.0,4107.0,1.0,0.0,0.0,1.0,2024-12-23 18:52:35,
184.0,voluum.com,false,74.0,5296.0,607.0,14059.0,1168.0,1.0,0.0,0.0,1.0,2023-07-25 13:27:07,
185.0,datainnovation.org,false,74.0,2588.0,3431.0,612.0,287.0,3.0,0.0,0.0,3.0,2023-07-25 07:56:41,
186.0,ain.ua,false,74.0,4903.0,288.0,46436.0,8288.0,4.0,0.0,4.0,0.0,2023-07-21 13:00:21,2026-03-14 23:35:39
187.0,retailtechinnovationhub.com,false,74.0,6436.0,6247.0,5393.0,1898.0,6.0,0.0,0.0,6.0,2023-07-25 14:23:19,
188.0,ksby.com,false,74.0,8554.0,13066.0,26713.0,5869.0,1.0,1.0,0.0,1.0,2026-05-22 02:14:37,
189.0,harpersbazaar.com.au,false,74.0,9054.0,1035.0,207864.0,23886.0,3300.0,3100.0,3300.0,0.0,2023-07-22 02:59:16,2026-04-07 22:19:17
190.0,epravda.com.ua,false,74.0,7263.0,11377.0,325789.0,9495.0,2.0,0.0,0.0,1.0,2024-11-30 11:13:45,
191.0,streetfightmag.com,false,74.0,2312.0,4170.0,453.0,192.0,2.0,2.0,2.0,2.0,2026-01-10 06:10:26,2026-04-25 22:38:33
192.0,emerj.com,false,74.0,4152.0,2931.0,1010.0,258.0,5.0,1.0,0.0,5.0,2024-11-14 23:27:18,
193.0,uai.com.br,false,73.0,11767.0,4099.0,728742.0,70400.0,1.0,1.0,0.0,0.0,2026-02-15 08:35:27,
194.0,factmags.com,true,73.0,5017.0,3.9241263E7,0.0,0.0,3.0,3.0,0.0,0.0,2026-05-07 06:28:21,
195.0,zozo.com,false,73.0,2530.0,2482.0,45378.0,4840.0,2.0,1.0,1.0,2.0,2023-08-03 12:57:54,
196.0,premierevision.com,false,73.0,2339.0,1020.0,1968.0,313.0,1.0,0.0,0.0,1.0,2025-03-18 03:24:55,
197.0,marketscale.com,false,73.0,3062.0,9055.0,1429.0,690.0,1.0,0.0,0.0,1.0,2023-07-25 05:50:47,
198.0,go-globe.com,false,73.0,2949.0,501.0,602.0,242.0,1.0,0.0,1.0,1.0,2025-01-23 08:47:41,2026-05-25 10:09:56
199.0,ecycle.com.br,false,73.0,3569.0,10686.0,138008.0,29571.0,2.0,0.0,0.0,2.0,2023-07-25 02:52:28,
200.0,allwork.space,false,73.0,3629.0,6869.0,623.0,409.0,1.0,0.0,0.0,1.0,2024-04-22 17:11:39,
201.0,softwareworld.co,false,73.0,5482.0,473.0,9261.0,6009.0,6.0,1.0,0.0,0.0,2025-03-05 11:28:54,
202.0,ecommercefastlane.com,false,73.0,7416.0,24679.0,45566.0,7197.0,10.0,9.0,0.0,10.0,2024-10-11 18:57:54,
203.0,radial.com,false,73.0,2059.0,505.0,9205.0,582.0,2.0,0.0,0.0,2.0,2024-02-29 21:15:40,
204.0,persado.com,false,73.0,2627.0,160.0,2604.0,136.0,3.0,3.0,3.0,3.0,2025-12-17 06:23:20,2026-04-17 16:10:10
205.0,kozminski.edu.pl,false,73.0,2589.0,4219.0,42295.0,2479.0,16.0,16.0,3.0,16.0,2025-07-06 23:04:31,
206.0,athletechnews.com,false,73.0,5975.0,2592.0,13648.0,2746.0,2.0,0.0,0.0,2.0,2024-10-18 20:19:54,
207.0,h5mag.com,false,73.0,1385.0,18840.0,1166.0,695.0,1.0,0.0,0.0,1.0,2025-01-20 04:23:39,
208.0,thedigital.gov.ua,false,73.0,3276.0,138.0,10695.0,1117.0,27.0,27.0,27.0,27.0,2025-10-07 23:22:10,2026-02-19 09:57:32
209.0,thebossmagazine.com,false,73.0,5747.0,22914.0,2194.0,932.0,2.0,2.0,0.0,2.0,2025-08-28 18:18:12,
210.0,on-forge.com,false,72.0,894.0,4580.0,190.0,16.0,1.0,1.0,0.0,1.0,2025-12-04 12:52:12,
211.0,artdaily.cc,false,72.0,10041.0,29063.0,322.0,128.0,3.0,0.0,0.0,3.0,2023-08-03 00:19:55,
212.0,owler.com,false,72.0,9501.0,17425.0,25357.0,15482.0,4.0,3.0,0.0,0.0,2023-08-08 02:46:35,
213.0,ticketscandy.com,false,72.0,1605.0,517.0,1124.0,345.0,1.0,0.0,0.0,1.0,2024-08-09 23:42:13,
214.0,designnominees.com,false,72.0,4111.0,23600.0,351.0,101.0,3.0,0.0,0.0,3.0,2023-07-22 13:36:57,
215.0,inkl.com,false,72.0,10939.0,295336.0,32266.0,7698.0,3.0,1.0,0.0,3.0,2023-08-02 12:55:31,
216.0,soup.io,false,72.0,9160.0,9185.0,1074.0,27.0,39.0,3.0,0.0,39.0,2023-07-23 12:12:34,
217.0,rankyour.website,true,72.0,47.0,0.0,0.0,0.0,4.0,4.0,0.0,0.0,2026-01-03 21:16:48,
218.0,notjustalabel.com,false,72.0,6395.0,749.0,12687.0,2535.0,2.0,1.0,1.0,0.0,2025-04-29 16:52:25,
219.0,fiverr-quality-seo-at-affordable-rates.site,true,72.0,1138.0,0.0,0.0,0.0,2.0,2.0,1.0,0.0,2026-03-20 08:03:23,
220.0,craft.co,true,72.0,7891.0,312302.0,31266.0,16260.0,4.0,0.0,2.0,1.0,2023-07-29 07:42:39,
221.0,dynamicbusiness.com,false,72.0,2438.0,226.0,2283.0,710.0,1.0,1.0,1.0,0.0,2025-07-15 23:08:59,2026-05-13 21:27:48
222.0,lectra.com,false,72.0,5445.0,314.0,6593.0,714.0,1.0,0.0,0.0,1.0,2025-02-26 06:18:10,
223.0,kiwisizing.com,false,72.0,2737.0,363.0,16598.0,5637.0,2.0,0.0,0.0,2.0,2023-07-25 03:34:34,
224.0,fiverr-seo-for-small-businesses.site,true,72.0,1138.0,0.0,0.0,0.0,2.0,2.0,0.0,0.0,2026-04-18 04:10:57,
225.0,ghpnews.digital,false,72.0,1560.0,5942.0,1349.0,486.0,1.0,0.0,0.0,1.0,2025-02-12 13:23:40,
226.0,image.ie,false,72.0,2531.0,15641.0,31783.0,5253.0,1.0,0.0,0.0,1.0,2025-04-05 13:09:10,
227.0,closedlooppartners.com,false,72.0,1888.0,382.0,1778.0,169.0,3.0,0.0,3.0,3.0,2024-12-13 18:58:00,2026-05-11 07:03:25
228.0,rank-top.click,true,72.0,43.0,1.0,0.0,0.0,4.0,4.0,0.0,0.0,2026-04-05 08:27:48,
229.0,officer.com,false,72.0,8007.0,8857.0,7395.0,3235.0,1.0,0.0,0.0,1.0,2023-08-31 23:02:30,
230.0,getlatka.com,false,72.0,4852.0,97309.0,29808.0,9845.0,69.0,65.0,37.0,69.0,2025-05-03 20:02:18,
231.0,datafloq.com,false,72.0,2337.0,11511.0,528.0,116.0,8.0,6.0,4.0,8.0,2024-05-26 19:00:08,
232.0,fountain.fm,false,72.0,6561.0,24537.0,8667.0,730.0,1.0,1.0,1.0,1.0,2025-08-23 06:53:51,2025-11-18 15:40:40
233.0,alliancy.fr,false,71.0,1262.0,4782.0,1353.0,127.0,1.0,1.0,0.0,1.0,2026-04-23 22:10:35,
234.0,textileworld.com,false,71.0,2700.0,0.0,3304.0,702.0,2.0,0.0,2.0,2.0,2023-07-26 08:17:56,2025-08-20 12:48:54
235.0,fiverr-cost-effective-seo.site,true,71.0,1137.0,0.0,0.0,0.0,2.0,2.0,2.0,0.0,2026-03-20 21:46:43,2026-04-05 21:53:01
236.0,nucamp.co,false,71.0,3072.0,52245.0,1820.0,618.0,3.0,2.0,2.0,3.0,2024-12-11 07:16:44,
237.0,siteprice.org,false,71.0,8833.0,44.0,16044.0,4986.0,28.0,28.0,12.0,0.0,2025-07-09 15:12:20,
238.0,hs-offenburg.de,false,71.0,1797.0,3471.0,2892.0,329.0,2.0,0.0,0.0,2.0,2023-07-25 14:36:34,
239.0,cgsinc.com,false,71.0,1648.0,275.0,6198.0,97.0,3.0,0.0,3.0,3.0,2023-07-25 02:09:28,2025-10-18 19:14:48
240.0,bezalel.ac.il,false,71.0,3806.0,1703.0,11811.0,937.0,4.0,4.0,0.0,4.0,2025-10-01 05:40:15,
241.0,wevolver.com,false,71.0,4961.0,1824.0,84692.0,9178.0,1.0,0.0,0.0,0.0,2024-12-18 05:29:28,
242.0,finance.ua,false,71.0,4301.0,559.0,372587.0,31493.0,8.0,8.0,0.0,0.0,2026-01-17 04:01:45,
243.0,metacast.app,false,71.0,4291.0,68762.0,11802.0,1262.0,1.0,1.0,0.0,0.0,2026-03-29 21:20:01,
244.0,servicio-online.net,false,71.0,1118.0,7119.0,350.0,145.0,1.0,1.0,1.0,1.0,2025-10-02 00:17:02,2026-02-02 06:29:38
245.0,investorshangout.com,false,71.0,3785.0,1830.0,6358.0,439.0,1.0,0.0,0.0,0.0,2023-07-28 08:45:28,
246.0,timebusinessnews.com,false,71.0,6400.0,0.0,404.0,16.0,7.0,0.0,7.0,7.0,2024-01-22 11:28:00,2025-09-03 04:22:12
247.0,theodo.com,false,71.0,3469.0,1315.0,3640.0,728.0,1.0,1.0,0.0,1.0,2026-01-23 00:25:28,
248.0,sacra.com,false,71.0,3127.0,7915.0,15128.0,2552.0,2.0,2.0,0.0,2.0,2026-03-13 17:27:08,
249.0,channelx.world,false,71.0,2018.0,5567.0,1767.0,664.0,1.0,1.0,0.0,1.0,2025-10-02 11:08:12,
250.0,leadiq.com,false,71.0,6781.0,484.0,52416.0,32991.0,2.0,0.0,0.0,0.0,2024-08-14 02:19:05,
251.0,networkustad.com,false,71.0,1924.0,5861.0,4147.0,295.0,11.0,6.0,0.0,11.0,2023-07-24 23:25:22,
252.0,fitt.co,false,71.0,4493.0,1306.0,15624.0,1830.0,3.0,0.0,2.0,3.0,2024-07-23 16:36:23,
253.0,winsavvy.com,false,70.0,1116.0,5815.0,4.0,21.0,3.0,0.0,2.0,3.0,2024-11-29 11:32:43,
254.0,elreferente.es,false,70.0,2173.0,22470.0,6559.0,3384.0,1.0,0.0,0.0,1.0,2025-01-18 21:31:56,
255.0,zupyak.com,false,70.0,9277.0,71421.0,738.0,3.0,1.0,0.0,0.0,1.0,2023-08-23 19:18:42,
256.0,kingranks.com,true,70.0,4965.0,6204787.0,0.0,0.0,6.0,0.0,0.0,6.0,2023-07-26 10:15:52,
257.0,gaebler.com,false,70.0,1740.0,679.0,39.0,70.0,4.0,0.0,0.0,0.0,2023-07-26 21:09:37,
258.0,prnews.io,false,70.0,6518.0,1076.0,47271.0,2801.0,2.0,0.0,0.0,0.0,2023-07-25 08:51:27,
259.0,vertu.com,false,70.0,6862.0,100.0,235675.0,4251.0,3.0,1.0,3.0,0.0,2025-02-11 03:41:18,2026-05-07 00:18:01
260.0,opensend.com,false,70.0,948.0,3144.0,1495.0,206.0,3.0,2.0,1.0,3.0,2025-04-20 05:56:45,
261.0,gagadget.com,false,70.0,6579.0,12501.0,75533.0,4938.0,1.0,0.0,0.0,1.0,2023-07-30 23:34:56,
262.0,southsummit.io,false,70.0,2341.0,200.0,21354.0,112.0,4.0,0.0,4.0,4.0,2023-07-21 04:25:20,2025-11-15 06:47:56
263.0,programminginsider.com,false,70.0,11261.0,37140.0,13664.0,2186.0,29.0,1.0,0.0,29.0,2023-07-20 02:31:41,
264.0,cloudflight.io,false,70.0,4263.0,1588.0,2719.0,464.0,1.0,0.0,0.0,1.0,2024-11-15 20:20:07,
265.0,netpeak.net,false,70.0,1378.0,2510.0,26015.0,3896.0,2.0,1.0,1.0,2.0,2023-08-03 01:14:28,
266.0,prospeo.io,true,70.0,3485.0,510607.0,228543.0,134251.0,1.0,1.0,0.0,1.0,2026-02-22 01:20:11,
267.0,encora.com,false,70.0,3463.0,6.0,677.0,112.0,1.0,0.0,1.0,1.0,2024-11-21 11:35:11,2025-08-25 17:07:07
268.0,soocial.com,false,70.0,2687.0,2399.0,243.0,243.0,1.0,0.0,0.0,1.0,2023-07-20 08:47:08,
269.0,articlement.com,true,70.0,4046.0,6083370.0,0.0,0.0,2.0,0.0,0.0,2.0,2023-07-22 02:24:30,
270.0,trans4mind.com,false,69.0,10375.0,29787.0,13766.0,1662.0,5.0,0.0,0.0,5.0,2023-07-25 02:47:27,
271.0,overclockers.co.uk,false,69.0,9838.0,4795.0,262742.0,45858.0,1.0,0.0,0.0,0.0,2023-10-10 10:48:01,
272.0,fastgrow.jp,false,69.0,826.0,5044.0,9018.0,1271.0,1.0,0.0,0.0,1.0,2023-07-25 02:51:14,
273.0,developmentmi.com,true,69.0,1628.0,4868048.0,0.0,0.0,2.0,0.0,0.0,2.0,2024-12-14 14:18:26,
274.0,investegate.co.uk,false,69.0,5163.0,16859.0,11409.0,3738.0,1.0,0.0,0.0,1.0,2024-02-05 14:04:38,
275.0,topbilliondirectory.com,true,69.0,3334.0,1393617.0,0.0,0.0,1.0,1.0,0.0,1.0,2025-10-19 17:52:54,
276.0,pimberly.com,false,69.0,1937.0,688.0,6416.0,1024.0,1.0,0.0,0.0,1.0,2023-07-27 12:40:44,
277.0,webranksite.com,true,69.0,1652.0,0.0,0.0,0.0,2.0,0.0,2.0,2.0,2023-11-16 14:57:27,2026-03-20 10:24:34
278.0,hitachi-solutions.com,false,69.0,1830.0,392.0,5324.0,922.0,1.0,0.0,1.0,1.0,2023-07-21 11:15:01,2026-03-14 23:43:52
279.0,backlinker.shop,true,69.0,499.0,0.0,0.0,0.0,4.0,4.0,0.0,0.0,2025-09-19 00:49:48,
280.0,safariland.com,false,68.0,5616.0,537.0,238035.0,17193.0,1.0,0.0,0.0,1.0,2025-04-20 22:58:06,
281.0,zigzag.global,false,68.0,582.0,110.0,2259.0,151.0,1.0,1.0,0.0,1.0,2026-02-18 05:27:28,
282.0,chrome-stats.com,false,68.0,5492.0,39801.0,107485.0,11292.0,1.0,1.0,0.0,0.0,2026-05-22 18:14:04,
283.0,crealitycloud.com,false,67.0,4139.0,75.0,200318.0,14619.0,1.0,1.0,0.0,0.0,2026-04-14 21:23:32,
284.0,comunique-se.com.br,false,67.0,2987.0,8222.0,6084.0,878.0,1.0,1.0,0.0,1.0,2026-02-11 21:37:58,
285.0,openli.com,false,67.0,318.0,43227.0,1845.0,216.0,2.0,0.0,1.0,1.0,2024-11-10 02:49:38,
286.0,trove.com,false,67.0,1448.0,151.0,732.0,64.0,1.0,0.0,0.0,1.0,2024-11-23 01:48:05,
287.0,datamagazine.co.uk,true,67.0,3285.0,0.0,0.0,0.0,1.0,0.0,1.0,1.0,2023-07-23 22:09:31,2025-05-29 21:14:17
288.0,ucv.ro,true,67.0,2065.0,80708.0,12855.0,905.0,1.0,1.0,1.0,1.0,2025-08-23 14:04:45,2026-03-26 19:11:12
289.0,withersworldwide.com,false,67.0,3497.0,1325.0,12388.0,1828.0,20.0,1.0,0.0,20.0,2023-07-20 11:43:30,
290.0,savonia.fi,false,67.0,1322.0,2652.0,13055.0,1020.0,1.0,0.0,0.0,1.0,2023-08-05 12:10:36,
291.0,bankofgeorgia.ge,false,67.0,1596.0,446.0,364712.0,2591.0,1.0,1.0,0.0,1.0,2025-12-11 02:08:18,
292.0,golden.com,false,66.0,6784.0,17.0,1977.0,807.0,12.0,0.0,4.0,0.0,2023-09-16 11:01:28,
293.0,style3d.com,false,66.0,1190.0,261.0,3542.0,936.0,3.0,3.0,0.0,1.0,2026-05-19 21:11:35,
294.0,alidrop.co,false,66.0,1076.0,543.0,8347.0,1527.0,6.0,0.0,0.0,0.0,2025-02-15 01:51:21,
295.0,imcgrupo.com,false,66.0,2521.0,9725.0,10037.0,2.0,9.0,2.0,0.0,9.0,2023-07-20 12:15:06,
296.0,powerretail.com.au,false,66.0,1132.0,1704.0,2340.0,1352.0,2.0,0.0,0.0,2.0,2023-07-30 00:16:08,
297.0,lpnu.ua,false,66.0,2039.0,13376.0,114214.0,2760.0,2.0,2.0,0.0,2.0,2026-05-28 16:08:27,
298.0,dojobusiness.com,false,66.0,722.0,3419.0,111.0,226.0,1.0,1.0,0.0,1.0,2025-10-24 16:51:37,
299.0,archivemarketresearch.com,false,66.0,1859.0,172591.0,2.0,27.0,4.0,2.0,0.0,4.0,2025-04-23 04:28:02,
300.0,glance.com,false,65.0,1600.0,813.0,33762.0,2772.0,2.0,2.0,1.0,2.0,2026-03-31 21:29:24,
301.0,forbytes.com,false,65.0,923.0,725.0,2199.0,504.0,4.0,1.0,4.0,4.0,2023-07-22 22:42:50,2026-02-02 19:03:39
302.0,mc.today,false,65.0,1623.0,577.0,100120.0,7898.0,16.0,0.0,0.0,1.0,2023-07-20 19:05:56,
303.0,heuritech.com,false,65.0,1937.0,345.0,3767.0,863.0,1.0,0.0,0.0,1.0,2024-07-31 03:55:49,
304.0,envive.ai,false,65.0,739.0,1328.0,1638.0,209.0,4.0,4.0,0.0,4.0,2025-08-09 12:16:09,
305.0,sitelike.org,false,65.0,9325.0,17.0,5825.0,2239.0,31.0,5.0,2.0,0.0,2023-12-22 16:29:12,
306.0,marketreportanalytics.com,false,65.0,1692.0,10151.0,284.0,301.0,5.0,5.0,1.0,0.0,2025-06-09 23:22:12,
307.0,rank-now.website,true,65.0,50.0,0.0,0.0,0.0,3.0,3.0,0.0,0.0,2026-03-25 05:52:46,
308.0,builtinsf.com,false,65.0,4840.0,10570.0,44754.0,9300.0,1.0,1.0,0.0,1.0,2025-08-02 12:42:12,
309.0,fynd.com,false,65.0,4489.0,679.0,57918.0,600.0,1.0,0.0,1.0,1.0,2023-07-23 12:47:57,2025-08-18 04:27:34
310.0,hromadske.radio,false,65.0,2839.0,1180.0,7138.0,2575.0,1.0,0.0,0.0,0.0,2023-11-04 20:53:49,
311.0,shipperhq.com,false,65.0,1049.0,989.0,6249.0,1022.0,1.0,0.0,0.0,1.0,2024-02-27 09:02:39,
312.0,mannpublications.com,false,65.0,974.0,2600.0,584.0,350.0,1.0,0.0,0.0,1.0,2025-03-28 11:57:21,
313.0,vctr.media,false,65.0,1000.0,4053.0,21487.0,3796.0,1.0,0.0,0.0,1.0,2025-01-31 05:12:06,
314.0,growjo.com,true,64.0,5919.0,507651.0,22826.0,10259.0,4.0,0.0,4.0,4.0,2023-07-24 06:43:46,2026-02-21 12:13:52
315.0,entreprenista.com,false,64.0,783.0,2337.0,1223.0,287.0,13.0,6.0,5.0,13.0,2025-01-07 07:54:00,
316.0,deadlinenews.co.uk,false,64.0,6600.0,15438.0,1055.0,498.0,4.0,1.0,0.0,4.0,2023-07-23 03:06:16,
317.0,bizplanr.ai,false,64.0,668.0,103.0,2821.0,581.0,1.0,0.0,0.0,0.0,2025-02-16 14:52:01,
318.0,devby.io,false,64.0,2532.0,13113.0,5761.0,1014.0,2.0,1.0,0.0,0.0,2023-07-21 07:11:29,
319.0,worldranksite.com,true,64.0,2995.0,523268.0,0.0,0.0,1.0,0.0,1.0,1.0,2023-07-25 19:37:21,2026-04-18 07:02:14
320.0,delovoymir.biz,false,64.0,866.0,174.0,2054.0,973.0,2.0,0.0,0.0,0.0,2023-10-16 16:08:45,
321.0,rangle.io,false,63.0,858.0,688.0,583.0,114.0,1.0,0.0,0.0,1.0,2024-05-19 01:55:39,
322.0,clarkstonconsulting.com,false,63.0,1195.0,2582.0,5266.0,853.0,1.0,1.0,0.0,1.0,2025-07-02 08:37:13,
323.0,soldiersystems.net,false,63.0,3273.0,757.0,7195.0,3109.0,1.0,0.0,1.0,1.0,2025-04-26 11:18:43,2025-07-14 18:22:44
324.0,happymonday.ua,false,63.0,1026.0,0.0,151068.0,10457.0,5.0,0.0,5.0,5.0,2024-11-18 03:51:47,2025-07-31 19:47:38
325.0,getmason.io,false,63.0,471.0,272.0,114.0,26.0,1.0,0.0,0.0,1.0,2023-07-28 02:23:10,
326.0,joy.so,false,62.0,3571.0,110.0,813.0,258.0,3.0,1.0,2.0,0.0,2025-02-11 09:51:11,
327.0,browzwear.com,false,62.0,1029.0,370.0,3868.0,479.0,1.0,0.0,0.0,1.0,2023-09-07 02:26:57,
328.0,investorbrandnetwork.com,false,62.0,898.0,17189.0,932.0,286.0,2.0,0.0,0.0,2.0,2025-01-28 11:23:13,
329.0,openvc.app,false,62.0,1412.0,1259.0,23399.0,3701.0,3.0,2.0,0.0,0.0,2023-07-26 09:23:59,
330.0,amorepacific.com,false,62.0,3261.0,508.0,12634.0,988.0,2.0,0.0,0.0,2.0,2025-01-24 09:11:04,
331.0,dutable.com,false,62.0,8488.0,41155.0,5.0,21.0,1.0,1.0,0.0,1.0,2026-02-22 09:56:59,
332.0,getfastr.com,false,62.0,1025.0,192.0,585.0,62.0,1.0,0.0,1.0,1.0,2023-10-06 19:54:29,2026-05-19 04:17:58
333.0,cxmtoday.com,false,62.0,415.0,90.0,184.0,126.0,1.0,0.0,0.0,0.0,2023-07-22 21:21:00,
334.0,urbansplatter.com,false,62.0,6287.0,40709.0,29155.0,4923.0,2.0,0.0,0.0,2.0,2023-07-23 03:29:24,
335.0,theoutdoorwire.com,false,62.0,2428.0,3970.0,3751.0,1519.0,1.0,0.0,1.0,1.0,2025-04-17 09:50:48,2026-02-07 00:25:08
336.0,centra.com,false,62.0,743.0,3499.0,2963.0,122.0,2.0,0.0,0.0,2.0,2023-07-30 11:32:43,
337.0,apparelmagic.com,false,61.0,1075.0,265.0,4416.0,391.0,1.0,0.0,1.0,1.0,2024-10-23 14:42:43,2025-09-26 11:18:40
338.0,fashionabc.org,false,61.0,985.0,3274.0,15168.0,1219.0,2.0,1.0,1.0,2.0,2025-05-18 00:32:01,
339.0,trvst.world,false,61.0,2644.0,5266.0,41842.0,17954.0,1.0,0.0,0.0,1.0,2024-12-16 10:59:51,
340.0,linkanews.com,true,61.0,1403.0,1029624.0,0.0,0.0,1.0,1.0,0.0,1.0,2025-08-08 00:31:36,
341.0,netpeak.us,false,61.0,889.0,1265.0,3669.0,752.0,2.0,2.0,0.0,2.0,2025-10-29 23:10:27,
342.0,vibefam.com,false,61.0,215.0,542.0,2239.0,212.0,1.0,0.0,1.0,1.0,2024-12-30 09:22:05,2026-05-08 22:26:44
343.0,yelpad.com,true,61.0,1188.0,3699278.0,0.0,0.0,1.0,0.0,0.0,1.0,2024-10-16 10:57:55,
344.0,yellii.com,true,61.0,1213.0,3599866.0,0.0,0.0,1.0,0.0,0.0,1.0,2024-10-19 12:10:00,
345.0,dotpim.com,true,61.0,1145.0,3901337.0,0.0,0.0,1.0,0.0,0.0,1.0,2024-10-13 17:43:58,
346.0,bluecherry.com,false,61.0,444.0,32.0,1250.0,74.0,6.0,6.0,2.0,2.0,2025-08-17 06:40:46,
347.0,linkodirectory.com,true,61.0,1369.0,1048683.0,0.0,0.0,1.0,1.0,0.0,1.0,2025-08-07 22:28:15,
348.0,businesspartnermagazine.com,false,60.0,3223.0,16887.0,10.0,11.0,5.0,0.0,0.0,5.0,2023-07-22 22:33:13,
349.0,wellbeingmagazine.com,false,60.0,1552.0,8291.0,1662.0,479.0,2.0,0.0,0.0,2.0,2024-12-03 19:16:50,
350.0,a2zseoarticles.com,true,60.0,1357.0,1035203.0,0.0,0.0,1.0,1.0,0.0,1.0,2025-09-26 18:31:42,
351.0,apptunix.com,false,60.0,2177.0,10.0,5361.0,705.0,3.0,0.0,3.0,3.0,2024-01-19 11:37:24,2025-12-28 07:10:19
352.0,odessa-journal.com,false,60.0,2181.0,81.0,2656.0,522.0,5.0,1.0,5.0,0.0,2023-07-28 14:18:31,2025-12-07 19:08:48
353.0,globalproseo.com,true,60.0,1286.0,1035761.0,0.0,0.0,1.0,1.0,0.0,1.0,2025-09-25 23:56:42,
354.0,swifterm.com,false,60.0,587.0,3041.0,575.0,158.0,1.0,0.0,0.0,1.0,2023-08-02 12:14:46,
355.0,hotfri.com,true,60.0,1262.0,3695880.0,0.0,0.0,1.0,0.0,0.0,1.0,2024-10-17 07:45:54,
356.0,speka.ua,false,60.0,881.0,244.0,4845.0,1394.0,1.0,1.0,0.0,0.0,2025-09-17 19:34:13,
357.0,thebrighterside.news,false,60.0,2484.0,3659.0,7429.0,1334.0,1.0,0.0,0.0,1.0,2024-10-07 00:19:53,
358.0,zlutag.com,true,60.0,1217.0,3899632.0,0.0,0.0,1.0,0.0,0.0,1.0,2024-10-16 07:41:07,
359.0,webscountry.com,true,60.0,2908.0,6376921.0,0.0,0.0,2.0,0.0,0.0,2.0,2024-06-08 16:51:53,
360.0,best-seo-domains.com,true,60.0,1104.0,0.0,0.0,0.0,1.0,0.0,1.0,1.0,2025-01-23 01:51:44,2025-07-27 09:49:23
361.0,ylutag.com,true,60.0,1122.0,3901416.0,0.0,0.0,1.0,0.0,0.0,1.0,2024-10-25 09:34:38,
362.0,theinterline.com,false,60.0,651.0,2124.0,1449.0,195.0,6.0,0.0,0.0,6.0,2023-07-22 17:38:13,
363.0,aligow.com,true,60.0,1347.0,3901442.0,0.0,0.0,1.0,0.0,0.0,1.0,2024-12-08 07:52:18,
364.0,minty.com,false,60.0,595.0,1500.0,12799.0,1795.0,1.0,1.0,0.0,1.0,2026-01-23 14:08:53,
365.0,proseolinksdirectory.com,true,60.0,1356.0,1040247.0,0.0,0.0,2.0,1.0,1.0,2.0,2024-08-21 13:28:00,
366.0,clicktohigh.com,true,60.0,1446.0,1041318.0,0.0,0.0,1.0,1.0,0.0,1.0,2025-08-08 01:08:55,
367.0,servicesmobiles.fr,false,60.0,858.0,5788.0,1192.0,381.0,1.0,0.0,0.0,1.0,2023-07-31 08:54:03,
368.0,truefit.com,false,59.0,805.0,218.0,7241.0,132.0,2.0,2.0,2.0,2.0,2026-03-25 06:41:46,2026-05-18 22:37:44
369.0,knowledge-sourcing.com,false,59.0,1110.0,1032.0,1731.0,466.0,1.0,0.0,1.0,1.0,2025-01-18 07:03:37,2025-10-14 05:53:58
370.0,officieldelafranchise.fr,false,59.0,712.0,693.0,4098.0,1525.0,1.0,1.0,0.0,1.0,2025-08-06 12:15:33,
371.0,shotam.info,false,59.0,1228.0,2628.0,19566.0,3252.0,1.0,0.0,0.0,0.0,2023-07-29 11:45:44,
372.0,mediacat.uk,false,59.0,1013.0,2394.0,387.0,171.0,2.0,0.0,0.0,2.0,2024-12-24 07:55:48,
373.0,fashinnovation.nyc,false,59.0,857.0,1804.0,2564.0,601.0,1.0,0.0,0.0,1.0,2023-07-24 03:26:08,
374.0,kingnewswire.com,false,59.0,1841.0,4750.0,74.0,34.0,1.0,0.0,0.0,1.0,2024-08-13 00:03:15,
375.0,gigbic.com,true,59.0,1162.0,3898806.0,0.0,0.0,1.0,0.0,0.0,1.0,2024-10-18 11:47:27,
376.0,zomatt.com,true,59.0,1184.0,3898605.0,0.0,0.0,1.0,0.0,0.0,1.0,2024-10-17 11:13:02,
377.0,futurecommerce.com,false,59.0,611.0,2836.0,1320.0,275.0,1.0,0.0,0.0,1.0,2023-07-25 06:49:04,
378.0,cleardata.com,false,59.0,626.0,413.0,1964.0,133.0,2.0,1.0,1.0,2.0,2025-01-03 08:14:16,
379.0,sigmaearth.com,false,59.0,1704.0,9241.0,3192.0,1456.0,21.0,5.0,4.0,21.0,2025-03-01 13:47:31,
380.0,heavenarticle.com,true,59.0,7096.0,3465287.0,0.0,0.0,4.0,0.0,2.0,4.0,2023-07-20 13:39:00,
381.0,explinks.com,false,59.0,1487.0,23246.0,341.0,105.0,8.0,8.0,0.0,8.0,2025-09-04 09:38:25,
382.0,getblogo.com,false,59.0,970.0,15495.0,0.0,0.0,8.0,1.0,0.0,8.0,2023-07-19 20:25:06,
383.0,dropshipzone.com.au,false,59.0,392.0,1004.0,10451.0,777.0,1.0,0.0,0.0,1.0,2025-03-05 15:01:55,
384.0,lff.lv,true,59.0,4903.0,94003.0,22313.0,484.0,1.0,1.0,1.0,1.0,2025-10-10 14:53:10,2026-02-23 23:36:25
385.0,mercaux.com,false,59.0,314.0,180.0,81.0,18.0,1.0,0.0,0.0,1.0,2024-05-03 01:36:59,
386.0,ninjatech.ai,false,59.0,1460.0,427.0,452177.0,1103.0,11.0,10.0,0.0,11.0,2025-05-23 08:50:37,
387.0,addshoppers.com,false,59.0,600.0,14.0,0.0,0.0,1.0,1.0,1.0,1.0,2025-08-23 12:56:18,2026-01-08 08:08:28
388.0,webcatalog.io,false,59.0,7098.0,617.0,1480543.0,86035.0,31.0,9.0,1.0,0.0,2025-03-14 13:56:15,
389.0,entrepreneursbreak.com,false,59.0,2930.0,36860.0,918.0,1.0,13.0,2.0,0.0,13.0,2023-07-20 11:10:23,
390.0,wayranks.com,true,59.0,4970.0,7435733.0,4.0,2.0,2.0,0.0,0.0,2.0,2023-07-20 12:05:07,
391.0,intotheam.com,false,58.0,1103.0,69.0,46267.0,2988.0,8.0,8.0,0.0,8.0,2026-05-12 09:32:39,
392.0,nuoptima.com,false,58.0,694.0,242.0,77.0,43.0,3.0,0.0,1.0,3.0,2024-08-07 20:24:10,
393.0,proseoarticles.com,true,58.0,1262.0,1029162.0,0.0,0.0,1.0,1.0,0.0,1.0,2025-10-01 01:35:00,
394.0,mantaw.com,true,58.0,1221.0,3507790.0,0.0,1.0,1.0,0.0,0.0,1.0,2024-10-15 22:06:07,
395.0,liveworx.com,false,58.0,489.0,1.0,0.0,0.0,1.0,0.0,1.0,1.0,2023-07-25 08:03:12,2025-07-01 01:24:43
396.0,techpacker.com,false,58.0,1322.0,655.0,4160.0,795.0,5.0,1.0,0.0,5.0,2023-07-28 10:00:50,
397.0,newwavemagazine.com,false,58.0,4621.0,1706.0,6568.0,1504.0,2.0,0.0,2.0,2.0,2024-05-24 21:43:29,2026-05-07 19:26:24
398.0,postlinkdirectory.com,true,58.0,411.0,0.0,0.0,0.0,1.0,0.0,1.0,1.0,2025-05-21 10:21:54,2026-02-14 08:35:51
399.0,avark.agency,false,58.0,847.0,880.0,1830.0,143.0,2.0,1.0,1.0,2.0,2023-07-21 05:02:38,
400.0,newsanyway.com,false,58.0,3097.0,20597.0,39.0,30.0,3.0,0.0,0.0,3.0,2023-07-27 09:00:26,
401.0,techbooky.com,false,58.0,510.0,6388.0,47.0,45.0,3.0,0.0,0.0,3.0,2023-07-21 13:37:22,
402.0,industryintel.com,false,58.0,1118.0,359.0,119.0,12.0,1.0,0.0,1.0,1.0,2025-03-31 02:59:39,2025-08-21 23:54:39
403.0,tupi.fm,false,58.0,2764.0,12573.0,111633.0,21516.0,1.0,1.0,0.0,1.0,2026-02-11 17:45:39,
404.0,2pml.com,false,58.0,600.0,1099.0,410.0,65.0,104.0,98.0,79.0,104.0,2023-08-31 05:51:12,
405.0,wesupplylabs.com,false,58.0,460.0,113.0,10197.0,1232.0,1.0,1.0,1.0,1.0,2025-08-26 19:20:47,2026-01-16 12:44:01
406.0,beststartup.us,true,58.0,572.0,268750.0,0.0,1.0,31.0,0.0,13.0,19.0,2023-07-20 17:51:59,
407.0,fashnerd.com,false,58.0,599.0,1591.0,111.0,40.0,1.0,0.0,0.0,1.0,2023-07-24 03:55:39,
408.0,theodo.fr,false,57.0,616.0,0.0,0.0,0.0,1.0,0.0,1.0,1.0,2024-02-07 17:10:44,2025-12-31 08:03:29
409.0,cases.media,false,57.0,744.0,277.0,12085.0,2167.0,2.0,0.0,1.0,0.0,2025-01-18 14:37:48,
410.0,iyc.com,false,57.0,4069.0,822.0,111367.0,8654.0,2.0,0.0,0.0,2.0,2024-11-27 20:34:36,
411.0,retail-today.com,false,57.0,662.0,837.0,1006.0,280.0,2.0,0.0,1.0,2.0,2023-07-20 12:31:42,
412.0,branddeepdive.com,false,57.0,52.0,1208.0,0.0,0.0,1.0,1.0,0.0,1.0,2026-04-06 23:17:46,
413.0,marketing.link,false,57.0,290.0,311.0,795.0,263.0,4.0,0.0,1.0,0.0,2023-07-21 04:36:38,
414.0,cahoot.ai,false,57.0,574.0,330.0,6167.0,2999.0,8.0,4.0,4.0,8.0,2025-04-17 10:22:32,
415.0,psm7.com,false,57.0,3397.0,5348.0,5552.0,1288.0,2.0,0.0,0.0,0.0,2024-03-22 17:01:22,
416.0,prelaunch.com,false,57.0,1018.0,561.0,10757.0,2032.0,2.0,0.0,2.0,2.0,2024-02-23 13:53:02,2025-06-09 10:38:08
417.0,hubwiz.com,false,57.0,700.0,8753.0,4.0,26.0,1.0,0.0,1.0,1.0,2024-11-26 05:50:01,2026-01-16 05:20:30
418.0,elementlogic.net,false,57.0,858.0,367.0,10401.0,1310.0,1.0,0.0,0.0,1.0,2024-11-15 17:31:10,
419.0,dkv.global,false,57.0,1867.0,84448.0,546.0,84.0,2.0,0.0,2.0,2.0,2024-11-16 12:45:10,2025-08-07 04:27:45
420.0,prim.hu,false,56.0,853.0,10109.0,4822.0,973.0,8.0,2.0,0.0,8.0,2024-04-12 18:15:29,
421.0,sometimes-interesting.com,false,56.0,3077.0,3872.0,135.0,152.0,12.0,10.0,9.0,12.0,2024-06-06 02:00:31,
422.0,boost.vc,false,56.0,934.0,368.0,1042.0,13.0,10.0,8.0,7.0,10.0,2023-07-28 12:07:47,
423.0,gradientexperience.com,false,56.0,272.0,96.0,2250.0,275.0,1.0,0.0,0.0,1.0,2024-06-13 05:00:16,
424.0,tcdc.or.th,false,56.0,3244.0,56.0,2446.0,409.0,1.0,0.0,1.0,1.0,2025-01-18 15:53:20,2026-03-15 20:53:57
425.0,scoopearth.com,false,56.0,2568.0,0.0,0.0,0.0,3.0,0.0,3.0,3.0,2023-07-26 14:12:04,2025-06-26 17:32:02
426.0,javarush.com,false,56.0,564.0,648.0,72234.0,9384.0,12.0,0.0,9.0,0.0,2023-07-25 23:57:58,
427.0,textilevaluechain.in,false,56.0,1475.0,4658.0,1281.0,243.0,10.0,3.0,7.0,9.0,2024-05-25 20:32:35,
428.0,mikegingerich.com,false,56.0,1225.0,15155.0,19.0,31.0,2.0,0.0,0.0,2.0,2023-07-22 14:32:11,
429.0,3dlook.me,false,56.0,669.0,9.0,16.0,3.0,694.0,600.0,518.0,611.0,2023-07-19 19:49:25,
430.0,techbox.sk,false,56.0,1864.0,12887.0,8131.0,1581.0,5.0,5.0,0.0,5.0,2025-08-27 17:15:09,
431.0,rankxlinks.shop,true,55.0,20.0,2.0,0.0,0.0,4.0,4.0,0.0,0.0,2026-05-11 03:21:06,
432.0,linkrankpro.shop,true,55.0,22.0,2.0,0.0,0.0,4.0,4.0,0.0,0.0,2026-05-10 11:04:00,
433.0,ranklinkerpro.shop,true,55.0,20.0,2.0,0.0,0.0,4.0,4.0,0.0,0.0,2026-05-06 08:22:37,
434.0,buyseobacklinks.shop,true,55.0,20.0,2.0,0.0,0.0,3.0,3.0,0.0,0.0,2026-05-16 05:15:11,
435.0,seorankflow.shop,true,55.0,20.0,2.0,0.0,0.0,3.0,3.0,0.0,0.0,2026-05-10 18:48:56,
436.0,rankrisebacklinks.shop,true,55.0,20.0,0.0,0.0,0.0,2.0,2.0,2.0,0.0,2026-04-23 18:50:48,2026-05-07 19:05:13
437.0,igeekphone.com,false,55.0,5686.0,5835.0,23.0,61.0,10.0,0.0,10.0,10.0,2023-07-20 16:26:18,2025-09-24 00:28:32
438.0,thgingenuity.com,false,55.0,364.0,322.0,4005.0,127.0,1.0,0.0,0.0,1.0,2023-08-18 22:25:50,
439.0,plattar.com,false,55.0,338.0,297.0,5870.0,2692.0,20.0,10.0,10.0,20.0,2023-10-29 03:29:47,
440.0,highperformr.ai,false,55.0,4807.0,67262.0,28664.0,11237.0,1.0,1.0,0.0,1.0,2025-07-06 04:33:20,
441.0,zarla.com,false,55.0,1110.0,463.0,8876.0,1670.0,1.0,0.0,0.0,1.0,2025-02-21 12:40:50,
442.0,expressdigest.com,false,55.0,2108.0,7650.0,0.0,1.0,2.0,0.0,2.0,2.0,2025-05-10 02:08:13,2026-02-19 23:16:55
443.0,rapidnative.com,false,55.0,532.0,656.0,3565.0,325.0,1.0,1.0,0.0,1.0,2026-05-13 04:54:43,
444.0,americadailypost.com,false,55.0,574.0,2565.0,2.0,16.0,1.0,0.0,0.0,1.0,2025-04-02 12:42:56,
445.0,usf.com.ua,false,55.0,818.0,892.0,583.0,124.0,4.0,2.0,0.0,4.0,2025-02-24 09:10:51,
446.0,bodyspec.com,false,55.0,4160.0,13.0,286249.0,33959.0,1.0,1.0,0.0,0.0,2026-05-04 12:16:37,
447.0,responsify.com,false,55.0,3467.0,526.0,3098.0,600.0,1.0,0.0,1.0,0.0,2025-02-26 11:15:40,2026-03-11 04:21:57
448.0,wittysparks.com,false,55.0,1114.0,1998.0,144.0,50.0,1.0,0.0,0.0,1.0,2025-03-18 17:24:50,
449.0,yaware.com,false,55.0,336.0,344.0,216.0,34.0,1.0,1.0,0.0,1.0,2025-09-26 21:48:41,
450.0,savyagency.com,false,55.0,273.0,989.0,799.0,135.0,1.0,0.0,0.0,1.0,2023-09-07 22:27:29,
451.0,conversationswithdanielle.com,false,55.0,380.0,112.0,438.0,148.0,1.0,0.0,1.0,1.0,2024-10-14 09:06:03,2026-03-20 05:54:08
452.0,hadean.com,false,55.0,584.0,252.0,711.0,19.0,3.0,1.0,0.0,3.0,2024-08-24 09:29:49,
453.0,ukrrudprom.ua,false,54.0,1560.0,3612.0,3278.0,69.0,2.0,0.0,0.0,0.0,2025-04-03 00:54:09,
454.0,bog.ge,false,54.0,492.0,32.0,30167.0,519.0,2.0,1.0,2.0,2.0,2023-10-12 22:37:17,2025-08-26 21:34:08
455.0,strackr.com,false,54.0,321.0,322.0,5493.0,740.0,2.0,0.0,0.0,2.0,2025-03-29 08:37:14,
456.0,returnprime.com,false,54.0,178.0,199.0,1384.0,399.0,4.0,4.0,0.0,4.0,2026-05-16 03:40:16,
457.0,fitgap.com,false,54.0,2502.0,22878.0,15987.0,5423.0,1.0,1.0,0.0,1.0,2025-12-22 12:12:34,
458.0,toptohigh.com,true,54.0,3576.0,3494385.0,0.0,0.0,1.0,0.0,0.0,1.0,2024-08-07 19:04:51,
459.0,newyorkstyleguide.com,false,54.0,1336.0,10446.0,1979.0,324.0,48.0,45.0,0.0,48.0,2023-11-23 11:28:27,
460.0,prime-ai.com,false,54.0,232.0,183.0,20194.0,574.0,14.0,4.0,0.0,14.0,2025-02-04 02:53:26,
461.0,stockopedia.com,false,54.0,5995.0,44319.0,371912.0,42136.0,2.0,0.0,0.0,2.0,2024-09-06 17:25:38,
462.0,style3d.ai,false,54.0,426.0,166.0,2955.0,429.0,2.0,2.0,0.0,0.0,2026-01-29 02:19:25,
463.0,ai2people.com,false,54.0,318.0,733.0,112.0,47.0,43.0,3.0,0.0,43.0,2024-05-29 23:03:25,
464.0,onlineclothingstudy.com,false,54.0,592.0,749.0,11511.0,2444.0,2.0,0.0,0.0,1.0,2023-07-21 07:51:14,
465.0,shipyaari.com,false,54.0,482.0,244.0,5301.0,334.0,1.0,0.0,0.0,1.0,2024-07-17 09:59:18,
466.0,insign.ch,false,54.0,248.0,353.0,97.0,22.0,1.0,0.0,0.0,1.0,2024-09-03 01:15:36,
467.0,ssmu.ca,false,53.0,888.0,5648.0,1239.0,193.0,2.0,0.0,2.0,2.0,2023-08-01 21:46:55,2025-08-02 04:35:54
468.0,myurlpro.com,false,53.0,578.0,1312.0,0.0,0.0,4.0,0.0,3.0,1.0,2023-07-25 18:14:39,
469.0,toplinksdirectory.com,true,53.0,219.0,582487.0,0.0,0.0,1.0,0.0,0.0,1.0,2024-12-14 14:39:29,
470.0,bestarticleworld.com,true,53.0,297.0,828672.0,0.0,0.0,1.0,0.0,0.0,1.0,2024-12-14 16:49:03,
471.0,multiranks.com,true,53.0,226.0,835172.0,0.0,0.0,1.0,0.0,0.0,1.0,2024-12-14 12:25:33,
472.0,webhubsites.com,true,53.0,356.0,965063.0,0.0,0.0,1.0,0.0,0.0,1.0,2024-12-14 15:46:14,
473.0,allbusinesdirectory.com,true,53.0,451.0,0.0,0.0,0.0,1.0,1.0,1.0,1.0,2025-05-29 02:53:16,2026-03-05 05:30:26
474.0,blogpros.com,false,53.0,467.0,3018.0,3167.0,814.0,1.0,1.0,0.0,1.0,2026-05-07 22:00:36,
475.0,vcnewsdaily.com,false,53.0,1623.0,16060.0,13922.0,526.0,2.0,0.0,0.0,2.0,2023-07-27 03:23:14,
476.0,3dbody.tech,false,53.0,309.0,218.0,78.0,14.0,2.0,0.0,1.0,2.0,2023-07-28 14:24:21,
477.0,luxus-plus.com,false,53.0,1678.0,792.0,12619.0,2530.0,1.0,0.0,1.0,1.0,2023-07-22 22:41:24,2025-09-15 15:39:35
478.0,fwdays.com,false,53.0,396.0,192.0,488.0,60.0,2.0,0.0,0.0,0.0,2023-07-24 15:19:19,
479.0,linkpitcherdirectory.com,true,53.0,448.0,8764472.0,0.0,0.0,2.0,2.0,0.0,2.0,2025-09-28 04:41:27,
480.0,rankdirectorysite.com,true,53.0,229.0,753746.0,0.0,0.0,1.0,0.0,0.0,1.0,2024-12-14 12:03:22,
481.0,computertechreviews.com,false,53.0,2779.0,2255.0,10002.0,159.0,8.0,0.0,7.0,1.0,2023-07-24 11:33:32,
482.0,worldlinksites.com,true,53.0,211.0,828884.0,0.0,0.0,1.0,0.0,0.0,1.0,2024-12-14 13:12:03,
483.0,starsarticle.com,true,53.0,226.0,684507.0,0.0,0.0,1.0,0.0,0.0,1.0,2024-12-14 10:39:01,
484.0,seodirectorysite.com,true,53.0,328.0,205055.0,0.0,0.0,1.0,0.0,1.0,1.0,2024-12-14 14:13:12,2026-05-25 05:53:39
485.0,directorycell.com,true,53.0,219.0,617838.0,0.0,0.0,1.0,0.0,0.0,1.0,2024-12-14 12:28:58,
486.0,glarity.app,false,53.0,3768.0,18.0,2181.0,476.0,13.0,5.0,0.0,0.0,2024-06-14 21:15:24,
487.0,incentfit.com,false,53.0,1368.0,998.0,4880.0,983.0,1.0,0.0,0.0,1.0,2025-01-16 15:13:12,
488.0,worldwideranks.com,true,53.0,199.0,1000463.0,0.0,0.0,1.0,0.0,0.0,1.0,2024-12-14 13:30:38,
489.0,grazia.sg,false,53.0,2864.0,0.0,13533.0,2895.0,1.0,0.0,1.0,1.0,2023-07-27 15:24:17,2025-09-04 09:23:14
490.0,futuroprossimo.it,false,53.0,1787.0,6472.0,4990.0,1000.0,10.0,0.0,0.0,10.0,2023-07-20 14:13:23,
491.0,mentalitch.com,false,53.0,4160.0,11854.0,1.0,4.0,2.0,0.0,2.0,2.0,2023-07-21 15:12:18,2025-06-06 11:27:55
492.0,justentrepreneurs.co.uk,false,53.0,568.0,2942.0,445.0,205.0,3.0,0.0,0.0,3.0,2023-08-10 06:53:27,
493.0,bgfashion.net,false,53.0,1638.0,4439.0,2267.0,592.0,17.0,0.0,0.0,17.0,2023-07-21 14:42:05,
494.0,toxigon.com,true,52.0,827.0,19301.0,40.0,1.0,1.0,1.0,0.0,1.0,2026-01-13 02:35:24,
495.0,dino.com.br,false,52.0,584.0,6023.0,186.0,43.0,1.0,1.0,0.0,1.0,2026-02-14 06:45:17,
496.0,bestcolorfulsocks.com,false,52.0,529.0,5020.0,717.0,301.0,35.0,26.0,0.0,35.0,2025-03-02 09:38:52,
497.0,agentiveaiq.com,true,52.0,271.0,3967.0,11.0,28.0,1.0,1.0,0.0,1.0,2025-12-13 20:09:25,
498.0,emp0.com,false,52.0,60.0,1542.0,0.0,1.0,1.0,1.0,0.0,1.0,2025-12-31 00:14:37,
499.0,malemodelscene.net,false,52.0,3174.0,4140.0,1155.0,787.0,3.0,0.0,2.0,3.0,2023-12-07 12:31:49,
500.0,socialzonedirectory.com,true,52.0,494.0,8768115.0,0.0,0.0,3.0,3.0,1.0,3.0,2025-07-24 08:29:31,
501.0,palanar.com,false,52.0,382.0,726.0,7046.0,507.0,1.0,1.0,0.0,1.0,2025-08-30 12:26:02,
502.0,thenewsgod.com,false,52.0,3385.0,15893.0,592.0,187.0,3.0,0.0,3.0,3.0,2024-01-15 22:03:18,2025-11-14 20:07:31
503.0,smartwaydirectory.com,true,52.0,391.0,8764429.0,0.0,0.0,2.0,2.0,0.0,2.0,2025-09-28 12:51:53,
504.0,seedtable.com,false,52.0,3050.0,4342.0,18308.0,3782.0,6.0,4.0,0.0,0.0,2025-04-12 11:15:59,
505.0,thegreenparent.co.uk,false,52.0,1019.0,877.0,797.0,199.0,1.0,0.0,1.0,1.0,2024-05-20 11:38:23,2025-09-15 20:42:19
506.0,inventure.com.ua,false,52.0,1540.0,374.0,27595.0,2711.0,8.0,0.0,0.0,0.0,2023-09-01 04:01:59,
507.0,almondcoupons.com,false,52.0,134.0,316.0,517.0,252.0,3.0,0.0,1.0,3.0,2024-08-27 19:58:35,
508.0,thereistalent.com,false,52.0,496.0,547.0,1249.0,376.0,1.0,0.0,0.0,1.0,2025-02-03 16:34:48,
509.0,superbhubdirectory.com,true,52.0,495.0,8767797.0,0.0,0.0,2.0,2.0,0.0,2.0,2025-12-17 23:45:21,
510.0,wunderlabel.com,false,52.0,1077.0,333.0,185264.0,11393.0,2.0,0.0,0.0,2.0,2023-09-14 13:05:22,
511.0,linkhubdirectory.com,true,52.0,566.0,0.0,0.0,0.0,1.0,1.0,1.0,1.0,2025-06-11 20:29:58,2026-03-06 20:48:16
512.0,viralzonedirectory.com,true,52.0,554.0,0.0,0.0,0.0,1.0,1.0,1.0,1.0,2025-06-01 03:48:06,2026-03-29 00:23:11
513.0,webguestpostsdirectory.com,true,52.0,372.0,8766291.0,0.0,1.0,2.0,2.0,0.0,2.0,2025-08-19 18:32:30,
514.0,rankhubdirectory.com,true,52.0,395.0,4148531.0,0.0,0.0,1.0,1.0,0.0,1.0,2026-04-12 02:16:10,
515.0,joinhampton.com,false,52.0,480.0,432.0,14521.0,743.0,6.0,0.0,0.0,6.0,2023-07-27 10:41:09,
516.0,marketer.ua,false,52.0,2222.0,1604.0,19741.0,3399.0,2.0,0.0,0.0,0.0,2023-12-18 18:32:37,
517.0,glamar.io,false,51.0,163.0,277.0,1171.0,254.0,2.0,0.0,2.0,2.0,2025-02-17 09:28:58,2025-11-18 20:37:34
518.0,saiz.io,false,51.0,171.0,64.0,734.0,29.0,2.0,0.0,0.0,2.0,2024-12-30 22:48:06,
519.0,pirdu.com,true,51.0,1256.0,4433866.0,1.0,1.0,2.0,0.0,0.0,2.0,2023-10-25 02:21:57,
520.0,toparticlesdirectory.com,true,51.0,1244.0,1533524.0,0.0,0.0,1.0,0.0,0.0,1.0,2023-07-25 23:03:54,
521.0,seventech.ai,false,51.0,490.0,0.0,0.0,1.0,2.0,0.0,2.0,2.0,2024-03-24 16:23:14,2026-03-16 08:23:41
522.0,ifoto.ai,false,51.0,682.0,227.0,25837.0,3541.0,10.0,0.0,0.0,10.0,2024-06-04 23:08:15,
523.0,locationinsider.de,false,51.0,850.0,116.0,0.0,0.0,1.0,0.0,1.0,1.0,2025-01-18 21:08:13,2025-12-27 00:39:01
524.0,newenglandringside.com,false,51.0,3688.0,311.0,0.0,0.0,4.0,0.0,4.0,4.0,2025-02-20 12:10:19,2025-07-15 23:25:19
525.0,go-globe.hk,false,51.0,448.0,0.0,0.0,0.0,1.0,1.0,1.0,1.0,2025-08-06 17:24:59,2026-03-05 13:12:48
526.0,eurekster.com,false,51.0,1920.0,1192217.0,0.0,0.0,2.0,1.0,2.0,2.0,2023-08-03 02:49:48,2026-03-28 21:08:06
527.0,softranks.com,true,51.0,558.0,857481.0,0.0,0.0,1.0,0.0,0.0,1.0,2024-12-14 12:27:51,
528.0,ianslife.in,false,51.0,400.0,364.0,1.0,1.0,2.0,1.0,1.0,2.0,2024-04-09 09:59:00,
529.0,pi.tv,false,51.0,3157.0,604.0,158.0,53.0,6.0,1.0,0.0,6.0,2023-07-23 02:42:52,
530.0,majinoukari.com,true,51.0,256.0,9982.0,8614.0,7.0,1.0,0.0,0.0,1.0,2024-11-27 02:48:02,
531.0,stylitics.com,false,51.0,4102.0,129.0,2486.0,201.0,1.0,1.0,0.0,1.0,2026-05-27 21:18:23,
532.0,ranksdirectory.com,true,51.0,952.0,2940897.0,0.0,0.0,2.0,0.0,0.0,2.0,2024-07-31 23:52:51,
533.0,partnershare.cn,false,51.0,607.0,5249.0,8.0,44.0,8.0,0.0,0.0,8.0,2023-07-31 00:37:03,
534.0,starcourts.com,true,51.0,1456.0,4414137.0,0.0,1.0,2.0,0.0,0.0,2.0,2024-12-14 22:38:41,
535.0,shiftedmag.com,false,51.0,758.0,4340.0,0.0,0.0,23.0,0.0,0.0,23.0,2023-07-21 05:58:54,
536.0,igvinc.com,false,51.0,414.0,331.0,87.0,60.0,2.0,1.0,0.0,2.0,2023-09-17 20:28:13,
537.0,bask.health,false,51.0,282.0,1273.0,2206.0,711.0,1.0,0.0,0.0,1.0,2024-11-27 09:24:53,
538.0,postsdirectory.com,true,51.0,342.0,8768063.0,0.0,0.0,2.0,2.0,0.0,2.0,2025-09-06 03:16:34,
539.0,rankfastdirectory.com,true,51.0,336.0,8728091.0,0.0,0.0,2.0,2.0,0.0,2.0,2025-10-17 20:19:52,
540.0,thedigitalspeaker.com,false,51.0,541.0,2699.0,334.0,98.0,9.0,9.0,0.0,9.0,2026-04-22 03:45:38,
541.0,technofaq.org,false,51.0,4669.0,14905.0,134.0,181.0,13.0,0.0,0.0,13.0,2023-07-21 11:10:02,
542.0,theinnovator.news,false,51.0,302.0,2178.0,328.0,141.0,1.0,0.0,0.0,1.0,2023-07-25 15:44:48,
543.0,rawshot.ai,false,50.0,194.0,22.0,1872.0,180.0,4.0,4.0,4.0,0.0,2026-01-15 15:53:17,2026-04-30 12:00:17
544.0,budgetsavvydiva.com,false,50.0,1880.0,14173.0,496.0,608.0,3.0,0.0,0.0,3.0,2024-03-23 01:03:08,
545.0,ranksarticle.com,true,50.0,207.0,760067.0,0.0,0.0,1.0,0.0,0.0,1.0,2024-12-14 10:40:10,
546.0,exlinko.net,true,50.0,1841.0,0.0,0.0,0.0,2.0,0.0,2.0,0.0,2025-02-22 01:30:10,2026-04-18 23:29:11
547.0,theinfluencerforum.com,false,50.0,196.0,3731.0,0.0,0.0,1.0,0.0,0.0,1.0,2025-04-17 08:01:00,
548.0,tapscape.com,false,50.0,5427.0,9667.0,198.0,137.0,18.0,1.0,0.0,18.0,2023-07-31 12:15:04,
549.0,uzletem.hu,false,50.0,474.0,1504.0,1314.0,464.0,1.0,0.0,0.0,1.0,2025-04-30 16:33:32,
550.0,mmwatches.co.uk,true,50.0,647.0,0.0,0.0,0.0,1.0,0.0,1.0,1.0,2025-04-27 15:30:55,2026-03-11 06:20:18
551.0,seoflx.net,true,50.0,1585.0,0.0,0.0,0.0,1.0,0.0,1.0,0.0,2025-01-31 09:17:14,2026-01-31 08:07:39
552.0,reelmind.ai,false,50.0,1324.0,2692713.0,0.0,2.0,51.0,51.0,0.0,51.0,2025-08-10 21:36:27,
553.0,ukrintei.ua,false,50.0,678.0,3707.0,2136.0,189.0,2.0,0.0,1.0,0.0,2023-11-03 00:51:40,
554.0,sureprofitscoach.com,true,49.0,344.0,8765030.0,0.0,0.0,3.0,3.0,1.0,3.0,2025-07-11 03:51:54,
555.0,linkpointdirectory.com,true,49.0,297.0,8763768.0,0.0,0.0,2.0,2.0,0.0,2.0,2025-10-05 22:00:54,
556.0,fashionopedia.com,false,49.0,94.0,1.0,0.0,0.0,3.0,3.0,1.0,3.0,2025-07-10 16:10:05,
557.0,8fig.co,false,49.0,2190.0,756.0,2250.0,242.0,1.0,0.0,1.0,1.0,2024-12-24 04:01:46,2026-03-16 20:27:48
558.0,texintel.com,false,49.0,448.0,3768.0,1640.0,629.0,3.0,0.0,0.0,3.0,2023-08-01 14:56:42,
559.0,stylevanity.com,false,49.0,2024.0,19862.0,413.0,159.0,10.0,5.0,5.0,10.0,2023-07-24 16:11:19,
560.0,yesplz.ai,false,49.0,275.0,174.0,103.0,26.0,2.0,0.0,0.0,2.0,2025-01-16 04:43:43,
561.0,ithistory.org,false,49.0,3530.0,7127.0,243.0,482.0,1.0,0.0,1.0,1.0,2024-06-12 19:42:45,2025-08-07 04:34:12
562.0,ibik.ac.id,false,49.0,3906.0,1836.0,24903.0,2099.0,2.0,0.0,0.0,2.0,2024-07-26 16:07:24,
563.0,ewin.biz,true,49.0,6952.0,77518.0,0.0,0.0,2.0,0.0,2.0,1.0,2023-10-13 07:46:56,2025-09-19 17:55:51
564.0,neconnected.co.uk,false,49.0,1015.0,21913.0,2.0,8.0,1.0,0.0,0.0,1.0,2024-01-18 12:50:03,
565.0,worldzonedirectory.com,true,48.0,390.0,8765011.0,0.0,0.0,2.0,2.0,0.0,2.0,2025-09-27 11:10:15,
566.0,topviraldirectory.com,true,48.0,322.0,8763117.0,0.0,1.0,2.0,2.0,0.0,2.0,2025-09-28 05:48:00,
567.0,topworlddirectory.com,true,48.0,330.0,8765058.0,0.0,0.0,3.0,3.0,1.0,3.0,2025-07-29 20:48:51,
568.0,besttopdirectory.com,true,48.0,322.0,8764955.0,0.0,0.0,2.0,2.0,0.0,2.0,2025-09-30 18:46:52,
569.0,rankingwebdirectory.com,true,48.0,325.0,8764889.0,0.0,0.0,2.0,2.0,0.0,2.0,2025-09-24 18:50:01,
570.0,websiteworlddirectory.com,true,48.0,332.0,8744034.0,0.0,2.0,2.0,2.0,0.0,2.0,2026-01-01 05:01:36,
571.0,worldwebsitesdirectory.com,true,48.0,320.0,8764599.0,0.0,0.0,2.0,2.0,0.0,2.0,2025-12-25 15:46:35,
572.0,mostrankingdirectory.com,true,48.0,320.0,8766866.0,0.0,0.0,2.0,2.0,0.0,2.0,2025-12-24 01:10:13,
573.0,developerbazaar.com,false,48.0,631.0,127.0,720.0,342.0,1.0,1.0,0.0,0.0,2025-09-02 13:52:27,
574.0,mediapostdirectory.com,true,48.0,383.0,8767545.0,0.0,0.0,2.0,2.0,0.0,2.0,2025-10-01 10:58:39,
575.0,shoprestatement.com,false,48.0,732.0,145.0,907.0,48.0,1.0,0.0,1.0,1.0,2023-07-30 23:17:08,2026-05-07 16:22:12
576.0,mostrankddirectory.com,true,48.0,355.0,0.0,0.0,0.0,1.0,1.0,1.0,1.0,2025-07-25 03:13:45,2025-08-08 06:34:47
577.0,150sec.com,false,48.0,1590.0,4223.0,6.0,13.0,3.0,1.0,0.0,3.0,2023-07-26 10:09:26,
578.0,pciaw.org,false,48.0,490.0,1546.0,244.0,179.0,24.0,1.0,0.0,24.0,2023-07-25 15:38:59,
579.0,universityoffashion.com,false,48.0,1347.0,861.0,13668.0,3397.0,20.0,11.0,9.0,20.0,2023-07-25 06:33:44,
580.0,genlook.app,false,48.0,53.0,34.0,99.0,34.0,22.0,22.0,1.0,1.0,2025-12-17 20:56:35,
581.0,bye.fyi,true,48.0,739.0,18.0,0.0,0.0,7.0,6.0,5.0,0.0,2023-10-25 22:02:21,
582.0,topdomaindirectory.com,true,48.0,318.0,8720154.0,0.0,1.0,2.0,2.0,0.0,2.0,2025-12-31 03:17:21,
583.0,oyelabs.com,false,48.0,2657.0,98.0,2458.0,955.0,1.0,1.0,1.0,1.0,2025-07-16 21:28:56,2026-02-11 07:17:36
584.0,studyactive.co.uk,false,48.0,579.0,127.0,8297.0,1755.0,1.0,1.0,0.0,1.0,2025-07-11 23:48:09,
585.0,thebestbacklinksavailable.click,true,47.0,132.0,0.0,0.0,0.0,2.0,2.0,2.0,2.0,2025-06-01 11:33:34,2025-07-27 20:21:06
586.0,bodyarmornews.com,false,47.0,529.0,492.0,5551.0,1163.0,11.0,8.0,6.0,11.0,2023-11-30 07:07:04,
587.0,businessyield.com,false,47.0,1154.0,6333.0,1.0,7.0,14.0,0.0,11.0,0.0,2023-08-03 15:35:43,
588.0,hyperhuman.cc,false,47.0,145.0,65.0,319.0,10.0,2.0,1.0,0.0,2.0,2025-03-14 11:41:13,
589.0,quero.party,true,47.0,400.0,18.0,0.0,0.0,2.0,2.0,0.0,0.0,2026-02-19 04:26:02,
590.0,lift99.co,false,47.0,448.0,469.0,85.0,8.0,4.0,1.0,3.0,4.0,2023-09-23 12:48:22,
591.0,site.ua,false,47.0,1118.0,506.0,7059.0,429.0,1.0,0.0,0.0,0.0,2023-07-25 00:36:46,
592.0,ifranchisegroup.com,false,47.0,472.0,0.0,1179.0,181.0,2.0,2.0,2.0,2.0,2025-07-03 10:51:37,2026-01-06 16:38:10
593.0,giant.health,false,47.0,397.0,1154.0,168.0,68.0,3.0,3.0,0.0,3.0,2025-10-30 14:02:32,
594.0,fedou.com,false,47.0,319.0,1964.0,26.0,9.0,1.0,0.0,1.0,1.0,2025-04-21 23:53:20,2025-06-17 06:05:05
595.0,textile-network.de,false,47.0,327.0,2382.0,385.0,245.0,10.0,2.0,0.0,10.0,2023-07-20 16:38:20,
596.0,tradebe.com,false,47.0,600.0,12.0,1754.0,192.0,2.0,0.0,2.0,2.0,2024-06-06 10:16:33,2026-02-23 00:24:33
597.0,fordeercommerce.io,false,47.0,48.0,230.0,66.0,26.0,2.0,0.0,0.0,2.0,2024-04-03 18:26:42,
598.0,cleantechloops.com,false,47.0,619.0,4545.0,0.0,0.0,4.0,0.0,0.0,4.0,2023-07-25 00:46:34,
599.0,culturepartnership.eu,false,47.0,704.0,1488.0,2989.0,560.0,1.0,1.0,0.0,1.0,2025-09-27 00:50:11,
600.0,scrums.com,false,46.0,715.0,3202.0,324.0,92.0,2.0,0.0,1.0,2.0,2023-11-24 22:03:58,
601.0,filantropia.ong,false,46.0,521.0,2748.0,1999.0,222.0,1.0,1.0,0.0,1.0,2026-03-28 21:31:04,
602.0,h-profit.com,false,46.0,545.0,171.0,4059.0,311.0,3.0,0.0,0.0,3.0,2023-08-03 13:36:36,
603.0,sjmfoundation.com,true,46.0,980.0,0.0,0.0,0.0,1.0,0.0,1.0,1.0,2025-04-29 23:20:40,2026-01-26 05:17:31
604.0,leadgrowdevelop.com,false,46.0,1130.0,18402.0,16.0,24.0,1.0,1.0,0.0,1.0,2025-08-23 01:24:49,
605.0,publicistpaper.com,false,46.0,1718.0,27111.0,0.0,1.0,2.0,0.0,0.0,2.0,2023-07-26 15:41:04,
606.0,shapescale.com,false,46.0,652.0,943.0,1553.0,357.0,9.0,7.0,0.0,0.0,2025-04-14 23:12:43,
607.0,data-science-ua.com,false,46.0,663.0,155.0,91.0,45.0,1.0,0.0,0.0,1.0,2023-07-21 15:18:55,
608.0,claro.com.ni,false,46.0,423.0,100.0,28809.0,1211.0,1.0,1.0,0.0,1.0,2026-05-14 01:44:49,
609.0,stax.com,false,46.0,480.0,634.0,901.0,178.0,1.0,0.0,0.0,0.0,2024-02-27 23:44:05,
610.0,flyerone.vc,false,46.0,290.0,552.0,339.0,78.0,3.0,0.0,1.0,3.0,2024-04-23 00:55:22,
611.0,dealaid.org,true,46.0,467.0,19385.0,75.0,6.0,1.0,0.0,0.0,1.0,2023-07-25 06:59:41,
612.0,drukarnia.com.ua,false,46.0,1370.0,392.0,8970.0,1497.0,2.0,0.0,0.0,0.0,2023-11-23 14:58:12,
613.0,nachasi.com,false,46.0,723.0,7853.0,2132.0,506.0,4.0,0.0,0.0,4.0,2023-07-21 15:56:18,
614.0,cryptotvplus.com,false,45.0,827.0,5156.0,3.0,11.0,1.0,0.0,0.0,1.0,2023-07-25 04:05:42,
615.0,mittrarabia.com,false,45.0,780.0,10665.0,4114.0,771.0,1.0,0.0,0.0,1.0,2025-01-01 02:24:08,
616.0,influenceonline.co.uk,false,45.0,404.0,2415.0,484.0,124.0,1.0,1.0,0.0,1.0,2025-09-14 00:48:24,
617.0,naumd.com,false,45.0,342.0,865.0,1502.0,820.0,9.0,0.0,0.0,7.0,2023-07-24 03:28:00,
618.0,insam-institute.com,false,45.0,241.0,0.0,0.0,0.0,1.0,0.0,1.0,1.0,2024-03-19 13:14:08,2025-06-03 10:52:52
619.0,highload.tech,false,45.0,424.0,97.0,3722.0,1442.0,2.0,0.0,1.0,0.0,2025-02-01 05:57:33,
620.0,textile-network.com,false,45.0,315.0,2328.0,107.0,113.0,9.0,1.0,0.0,9.0,2023-07-21 19:30:39,
621.0,asiansunday.co.uk,true,45.0,1049.0,29389.0,59.0,31.0,2.0,2.0,2.0,2.0,2025-06-05 14:44:22,2025-10-04 18:17:02
622.0,restnova.com,false,44.0,244.0,1.0,0.0,0.0,1.0,0.0,1.0,0.0,2023-07-31 00:58:44,2026-03-07 12:42:43
623.0,rankva.com,true,44.0,816.0,0.0,0.0,0.0,1.0,0.0,1.0,0.0,2025-03-19 23:35:50,2026-03-10 16:51:43
624.0,futurology.life,true,44.0,194.0,21592.0,0.0,0.0,2.0,1.0,1.0,2.0,2024-10-04 12:06:06,
625.0,sport-life.club,true,44.0,1148.0,9294.0,0.0,0.0,3.0,3.0,0.0,3.0,2025-12-21 17:54:52,
626.0,faucre.com,true,44.0,2191.0,0.0,0.0,0.0,2.0,0.0,2.0,2.0,2023-07-28 10:40:57,2026-03-20 14:34:36
627.0,warpdriven.ai,false,44.0,84.0,123.0,200.0,84.0,105.0,105.0,0.0,0.0,2025-10-16 00:36:21,
628.0,conversationswithlauren.com,true,44.0,142.0,9988.0,7.0,2.0,1.0,0.0,0.0,1.0,2025-02-25 17:40:10,
629.0,toppodcast.com,false,44.0,1262.0,785500.0,153.0,148.0,1.0,0.0,0.0,1.0,2025-03-25 00:45:29,
630.0,ithy.com,false,44.0,554.0,1481.0,3060.0,1104.0,3.0,0.0,3.0,3.0,2025-05-27 11:37:39,2026-02-03 13:16:27
631.0,appmasters.com,false,44.0,282.0,1543.0,230.0,61.0,11.0,6.0,5.0,11.0,2024-06-08 17:01:04,
632.0,partnerbase.com,false,43.0,409.0,132932.0,3761.0,1092.0,2.0,2.0,0.0,2.0,2025-08-25 01:41:50,
633.0,jobs.ca,false,43.0,551.0,35133.0,3926.0,1305.0,1.0,1.0,1.0,1.0,2026-04-01 19:04:18,2026-04-23 07:23:28
634.0,rakily.com,true,43.0,1810.0,0.0,0.0,0.0,2.0,0.0,2.0,2.0,2024-05-24 00:03:14,2025-05-30 08:28:35
635.0,trymintly.com,false,43.0,1472.0,5433.0,3670.0,1021.0,1.0,1.0,0.0,1.0,2026-05-08 00:13:57,
636.0,creativeposts.top,true,43.0,79.0,18.0,0.0,0.0,2.0,2.0,1.0,0.0,2026-02-15 03:41:20,
637.0,technokrata.hu,false,42.0,409.0,6529.0,645.0,189.0,1.0,1.0,0.0,1.0,2026-03-27 19:38:25,
638.0,newdirectory.org,true,42.0,1175.0,80.0,0.0,0.0,3.0,3.0,2.0,0.0,2025-08-02 06:24:37,
639.0,nodexlgraphgallery.org,true,42.0,868.0,19.0,0.0,8.0,7.0,0.0,7.0,0.0,2023-08-08 10:07:00,2025-09-27 23:50:03
640.0,employbl.com,true,42.0,337.0,32951.0,358.0,192.0,3.0,0.0,0.0,3.0,2023-07-27 13:07:03,
641.0,xyloyl.com,true,42.0,1635.0,0.0,0.0,0.0,1.0,0.0,1.0,1.0,2023-07-25 13:37:49,2025-07-25 16:46:27
642.0,femestella.com,false,42.0,1624.0,2350.0,12924.0,3490.0,4.0,0.0,0.0,4.0,2023-07-22 10:13:42,
643.0,plasticfree.com,false,42.0,214.0,1538.0,395.0,73.0,1.0,1.0,0.0,1.0,2025-09-22 05:45:57,
644.0,luxurylifestyle.com,false,42.0,2521.0,16313.0,2217.0,198.0,1.0,1.0,0.0,1.0,2026-04-11 04:18:12,
645.0,dietium.com,false,42.0,501.0,457.0,12.0,4.0,1.0,1.0,0.0,0.0,2026-01-29 10:17:07,
646.0,itmunch.com,false,42.0,711.0,1638.0,7.0,23.0,1.0,1.0,1.0,1.0,2025-10-13 16:29:34,2026-04-27 23:12:42
647.0,dltech.forum,true,42.0,123.0,184.0,0.0,0.0,4.0,4.0,0.0,0.0,2026-04-29 02:00:57,
648.0,rcwtv.com.br,false,42.0,1123.0,4697.0,379.0,259.0,1.0,1.0,0.0,1.0,2026-02-11 17:35:44,
649.0,seventysixcapital.com,false,42.0,258.0,289.0,303.0,64.0,1.0,0.0,0.0,1.0,2024-11-15 14:15:40,
650.0,purple-elephant.us,true,42.0,63.0,0.0,0.0,0.0,1.0,1.0,1.0,1.0,2025-06-02 00:58:09,2026-01-26 14:24:23
651.0,noah-news.com,false,42.0,209.0,23133.0,1.0,1.0,1.0,1.0,0.0,0.0,2026-05-15 05:49:40,
652.0,rallyon.com,false,42.0,210.0,70.0,57.0,19.0,2.0,0.0,0.0,2.0,2023-07-23 15:58:10,
653.0,batareiky.ua,false,42.0,216.0,284.0,215.0,22.0,3.0,1.0,1.0,3.0,2023-07-21 11:16:32,
654.0,lightningstep.com,false,42.0,407.0,308.0,752.0,66.0,1.0,1.0,0.0,1.0,2025-09-02 09:48:12,
655.0,shootingwire.com,false,41.0,557.0,2195.0,1648.0,343.0,1.0,0.0,1.0,1.0,2025-04-21 16:10:04,2026-02-25 09:52:17
656.0,joincolab.io,false,41.0,156.0,564.0,649.0,84.0,1.0,0.0,0.0,1.0,2023-11-03 06:10:14,
657.0,pouted.com,false,41.0,1648.0,3922.0,7.0,69.0,1.0,0.0,0.0,1.0,2024-01-09 13:17:18,
658.0,absmho.com,true,41.0,1866.0,0.0,0.0,0.0,1.0,0.0,1.0,1.0,2024-05-21 08:07:06,2025-07-13 03:40:45
659.0,startup.network,false,41.0,441.0,43.0,697.0,288.0,3.0,1.0,0.0,3.0,2023-07-22 09:21:39,
660.0,iartificial.blog,false,41.0,168.0,1069.0,837.0,118.0,42.0,42.0,1.0,42.0,2025-12-29 14:30:03,
661.0,selofy.com,false,41.0,41.0,20.0,0.0,0.0,2.0,2.0,2.0,2.0,2025-09-16 09:16:51,2025-12-31 12:01:44
662.0,bethanyfamilyinstitute.com,true,41.0,1354.0,0.0,0.0,0.0,2.0,0.0,2.0,0.0,2025-04-10 00:05:05,2026-03-09 04:58:44
663.0,miro.fashion,false,41.0,10.0,9.0,0.0,0.0,1.0,1.0,0.0,1.0,2025-12-26 01:20:13,
664.0,envisioning.com,false,41.0,279.0,13104.0,925.0,288.0,5.0,5.0,0.0,5.0,2026-03-08 10:29:55,
665.0,fashionvaluechain.com,false,41.0,323.0,3138.0,567.0,123.0,1.0,0.0,1.0,1.0,2023-07-21 08:15:39,2026-05-10 15:03:35
666.0,atomizelink.icu,true,41.0,440.0,18.0,0.0,0.0,4.0,4.0,0.0,0.0,2025-12-30 14:20:03,
667.0,ukrrudprom.com,false,41.0,893.0,10213.0,327.0,144.0,2.0,0.0,0.0,2.0,2023-08-16 12:11:50,
668.0,networknewswire.com,false,40.0,449.0,9436.0,9.0,15.0,1.0,1.0,0.0,1.0,2026-05-07 19:43:22,
669.0,almazcapital.com,false,40.0,469.0,65.0,74.0,4.0,18.0,16.0,16.0,18.0,2023-07-24 12:07:44,
670.0,idyler.com,true,40.0,1679.0,0.0,0.0,0.0,2.0,0.0,2.0,2.0,2023-07-29 06:22:18,2025-06-23 01:37:45
671.0,rattibha.com,true,40.0,2429.0,62487.0,13580.0,3769.0,1.0,1.0,0.0,1.0,2026-03-23 11:51:48,
672.0,solutionhow.com,false,40.0,705.0,9004.0,13173.0,409.0,6.0,0.0,0.0,6.0,2023-07-28 01:09:40,
673.0,appshunter.io,false,40.0,1985.0,5017.0,53.0,45.0,2.0,2.0,2.0,0.0,2026-01-31 13:10:54,2026-05-06 07:07:33
674.0,ratingfacts.com,false,40.0,627.0,886.0,342.0,694.0,1.0,1.0,0.0,0.0,2025-08-07 13:31:36,
675.0,techktimes.com,true,40.0,1531.0,4281.0,0.0,0.0,5.0,2.0,0.0,5.0,2023-07-27 23:19:39,
676.0,1worldsolutions.com,false,40.0,34.0,12901.0,8.0,14.0,1.0,0.0,0.0,1.0,2023-08-04 14:03:38,
677.0,revistaempreende.com.br,false,40.0,187.0,6545.0,20.0,65.0,1.0,1.0,1.0,1.0,2026-03-08 12:11:55,2026-05-27 19:16:28
678.0,socialyta.com,true,40.0,1448.0,0.0,0.0,0.0,2.0,0.0,2.0,2.0,2024-07-18 03:29:19,2025-05-30 11:26:25
679.0,resumecat.com,false,40.0,453.0,44.0,649.0,588.0,1.0,0.0,1.0,0.0,2024-03-22 07:47:38,2025-10-19 05:57:53
680.0,ageddomainsforeverytaste.club,true,40.0,108.0,0.0,0.0,0.0,2.0,0.0,2.0,2.0,2025-04-19 02:51:58,2026-01-04 06:14:04
681.0,premiumtemplates.io,true,40.0,69.0,30021.0,0.0,0.0,1.0,1.0,1.0,1.0,2025-08-09 20:20:58,2026-01-30 16:30:08
682.0,veethemes.co.in,true,40.0,1133.0,0.0,0.0,0.0,1.0,1.0,1.0,1.0,2025-07-08 20:25:34,2026-01-26 07:35:44
683.0,bettertechtips.com,false,40.0,963.0,5714.0,12.0,19.0,7.0,0.0,4.0,7.0,2023-07-30 00:43:20,
684.0,osum.com,false,40.0,729.0,6.0,507.0,150.0,18.0,0.0,9.0,0.0,2025-03-13 20:17:23,
685.0,muszaki-magazin.hu,false,40.0,267.0,2901.0,1220.0,282.0,1.0,1.0,0.0,1.0,2026-03-27 09:46:17,
686.0,subscribed.fyi,false,40.0,1810.0,14673.0,2448.0,551.0,2.0,0.0,0.0,2.0,2024-04-23 20:28:06,
687.0,appareltextilesourcing.com,false,40.0,320.0,417.0,105.0,38.0,19.0,0.0,0.0,19.0,2023-07-25 14:12:58,
688.0,fujilogi.net,false,40.0,140.0,2396.0,5822.0,824.0,7.0,0.0,5.0,7.0,2023-07-29 12:07:05,
689.0,byteshort.xyz,true,39.0,135.0,18.0,0.0,0.0,2.0,2.0,2.0,0.0,2026-01-20 20:07:01,2026-04-23 09:28:19
690.0,socialnewsdirectory.com,true,39.0,40.0,8767356.0,0.0,0.0,2.0,2.0,0.0,2.0,2025-09-18 02:42:01,
691.0,uadn.net,false,39.0,335.0,110.0,0.0,0.0,6.0,0.0,0.0,0.0,2023-07-24 11:50:28,
692.0,worldrankdirectory.com,true,39.0,337.0,0.0,0.0,0.0,1.0,0.0,1.0,1.0,2025-05-07 15:56:08,2025-08-05 16:15:29
693.0,arrival3d.com,false,39.0,255.0,188.0,743.0,106.0,4.0,1.0,0.0,0.0,2023-07-24 07:59:29,
694.0,businessmodulehub.com,false,39.0,1121.0,674.0,0.0,1.0,7.0,0.0,7.0,7.0,2023-07-26 20:50:37,2025-08-23 03:22:58
695.0,makebot.ai,false,39.0,220.0,795.0,736.0,61.0,2.0,0.0,0.0,2.0,2025-02-24 17:09:37,
696.0,screenshots.wiki,true,39.0,63.0,47.0,0.0,0.0,2.0,2.0,0.0,0.0,2026-03-13 07:04:33,
697.0,thoughtnova.com,false,39.0,855.0,2077.0,0.0,0.0,3.0,0.0,0.0,2.0,2024-05-19 09:55:27,
698.0,indonesia-gov-links.eu,true,39.0,29.0,0.0,0.0,0.0,1.0,0.0,1.0,1.0,2025-05-26 17:23:12,2026-02-25 19:44:47
699.0,editverse.com,false,39.0,612.0,291.0,58.0,40.0,24.0,0.0,22.0,0.0,2025-04-23 08:37:02,
700.0,fashioncoached.com,true,39.0,3553.0,4895.0,0.0,0.0,1.0,1.0,0.0,0.0,2026-04-26 11:13:25,
701.0,crossover-p.com,true,39.0,401.0,0.0,0.0,0.0,1.0,1.0,1.0,0.0,2025-06-03 18:23:41,2026-02-06 08:20:40
702.0,urlumbrella.com,true,39.0,1341.0,395071.0,332.0,279.0,2.0,2.0,0.0,2.0,2025-10-15 05:29:58,
703.0,laundryandcleaningnews.com,false,39.0,2343.0,2.0,75.0,49.0,1.0,0.0,1.0,1.0,2024-06-06 19:45:52,2026-01-23 11:58:18
704.0,scaleupally.io,false,38.0,296.0,973.0,2293.0,298.0,6.0,0.0,5.0,6.0,2025-01-31 18:08:22,
705.0,garysguide.com,false,38.0,341.0,464.0,1483.0,188.0,1.0,0.0,1.0,1.0,2025-03-15 13:47:19,2025-09-27 07:28:17
706.0,thetacticalwire.com,false,38.0,336.0,1508.0,652.0,235.0,1.0,0.0,1.0,1.0,2025-04-17 10:10:03,2026-02-17 10:26:17
707.0,inshe.tv,false,38.0,797.0,348.0,3428.0,912.0,1.0,0.0,0.0,0.0,2024-09-27 13:34:49,
708.0,meioenegocio.com.br,false,38.0,244.0,6417.0,2.0,12.0,1.0,1.0,0.0,1.0,2026-03-28 16:14:25,
709.0,optimizeflow.top,true,38.0,143.0,18.0,0.0,0.0,1.0,1.0,0.0,0.0,2026-02-25 21:00:33,
710.0,flatpyramid.com,false,38.0,3509.0,108.0,241.0,115.0,1.0,0.0,0.0,0.0,2023-08-04 02:32:22,
711.0,kingy.ai,false,38.0,1282.0,3631.0,633.0,72.0,1.0,0.0,0.0,1.0,2025-05-08 04:41:16,
712.0,dailymusings.top,true,38.0,49.0,18.0,0.0,0.0,1.0,1.0,0.0,0.0,2026-02-12 11:53:50,
713.0,blockcast.cc,false,38.0,333.0,4583.0,0.0,1.0,1.0,0.0,0.0,1.0,2024-09-25 17:27:25,
714.0,mobbo.com,false,38.0,4193.0,70136.0,34.0,27.0,6.0,6.0,5.0,6.0,2025-07-29 17:57:05,
715.0,digitalhealthbuzz.com,false,38.0,417.0,5556.0,0.0,0.0,10.0,4.0,0.0,10.0,2023-07-27 23:56:45,
716.0,cyndx.com,false,38.0,276.0,471.0,303.0,54.0,2.0,1.0,1.0,2.0,2025-02-23 13:43:40,
717.0,cryptonewsnavigator.com,false,38.0,363.0,11.0,13.0,28.0,7.0,7.0,2.0,0.0,2026-03-08 13:20:17,
718.0,aifrontiers.com,false,38.0,210.0,125.0,2.0,3.0,1.0,0.0,0.0,1.0,2023-07-20 19:25:48,
719.0,jake.eu,true,38.0,110.0,1275.0,0.0,0.0,1.0,1.0,1.0,0.0,2026-02-03 03:40:06,2026-04-12 09:06:30
720.0,tely.ai,false,37.0,413.0,8267.0,1545.0,136.0,2.0,2.0,0.0,0.0,2025-12-23 20:17:14,
721.0,investorwire.com,false,37.0,565.0,6355.0,46.0,39.0,1.0,0.0,0.0,1.0,2024-08-23 17:05:21,
722.0,fashionschooldaily.com,false,37.0,374.0,2870.0,72.0,62.0,1.0,0.0,0.0,1.0,2023-08-01 09:33:10,
723.0,itkey.media,false,37.0,437.0,7942.0,9.0,35.0,6.0,0.0,0.0,6.0,2023-07-29 09:59:51,
724.0,realitypaper.com,false,37.0,1103.0,20362.0,0.0,0.0,9.0,0.0,1.0,9.0,2023-07-29 16:41:25,
725.0,sovereignmedia.co.za,true,37.0,855.0,0.0,0.0,0.0,1.0,0.0,1.0,1.0,2025-04-25 18:32:31,2025-12-30 04:43:49
726.0,mygoldenthimble.com,false,37.0,779.0,578.0,1675.0,728.0,2.0,0.0,0.0,2.0,2023-09-06 04:29:18,
727.0,mycity.one,false,37.0,271.0,231.0,396.0,26.0,8.0,7.0,3.0,5.0,2024-03-10 05:53:23,
728.0,pastahealth.com,false,37.0,1029.0,61.0,1571.0,173.0,6.0,6.0,0.0,6.0,2025-10-02 13:55:58,
729.0,heymache.com,false,37.0,138.0,330.0,450.0,96.0,2.0,2.0,0.0,2.0,2026-02-21 01:40:05,
730.0,icu.ua,false,37.0,264.0,177.0,1055.0,33.0,3.0,0.0,0.0,3.0,2025-02-17 01:07:19,
731.0,pekandesigns.com,false,37.0,76.0,754.0,3.0,2.0,3.0,0.0,3.0,3.0,2024-10-21 22:20:43,2026-04-23 02:34:18
732.0,jestais.com,false,37.0,295.0,13.0,90.0,32.0,2.0,0.0,0.0,0.0,2023-08-01 22:21:57,
733.0,qhtycw.com,true,36.0,1425.0,9242.0,0.0,0.0,3.0,3.0,3.0,3.0,2025-12-21 04:44:43,2026-03-14 21:14:20
734.0,technofizi.net,false,36.0,4910.0,938.0,24.0,56.0,1.0,0.0,0.0,0.0,2023-08-04 03:03:10,
735.0,elucidmagazine.com,false,36.0,374.0,574.0,28.0,37.0,3.0,1.0,1.0,3.0,2023-07-21 12:48:24,
736.0,parse.gl,false,36.0,250.0,2050.0,270.0,113.0,5.0,5.0,0.0,0.0,2026-05-08 23:44:59,
737.0,kakaohealthcare.com,false,36.0,97.0,52.0,1610.0,34.0,6.0,6.0,0.0,6.0,2025-07-05 18:08:53,
738.0,kgzxkf.com,true,36.0,1332.0,5.0,0.0,0.0,3.0,3.0,3.0,3.0,2026-01-10 14:27:54,2026-03-14 03:55:54
739.0,thinkwithniche.com,false,36.0,987.0,4697.0,529.0,365.0,2.0,0.0,1.0,2.0,2023-12-21 13:25:55,
740.0,hzdlpq.com,true,36.0,1539.0,18118.0,0.0,0.0,3.0,3.0,3.0,3.0,2026-01-13 18:50:42,2026-03-16 09:50:10
741.0,kkvmagazin.com,false,36.0,146.0,1578.0,288.0,76.0,4.0,0.0,0.0,4.0,2023-07-26 07:54:41,
742.0,obmain.com,true,36.0,1298.0,128.0,0.0,0.0,3.0,3.0,3.0,3.0,2026-01-08 08:36:46,2026-02-13 19:17:49
743.0,dsnylu.com,true,36.0,1437.0,8.0,0.0,0.0,3.0,3.0,3.0,3.0,2026-01-09 09:40:50,2026-03-06 10:51:54
744.0,prolinkbox.com,true,36.0,520.0,0.0,0.0,0.0,3.0,0.0,3.0,0.0,2025-05-07 13:13:24,2026-03-15 17:09:44
745.0,ocasta.com,false,36.0,302.0,563.0,1482.0,334.0,1.0,0.0,0.0,1.0,2025-05-20 02:47:02,
746.0,vision2045.com,false,36.0,107.0,251.0,83.0,14.0,1.0,1.0,1.0,1.0,2026-04-25 16:13:50,2026-05-11 22:15:27
747.0,ticker.app,false,36.0,436.0,2703.0,1244.0,661.0,4.0,4.0,2.0,0.0,2025-09-29 07:55:00,
748.0,2luxury2.com,false,36.0,3728.0,9704.0,51.0,113.0,2.0,0.0,0.0,2.0,2023-07-25 07:52:34,
749.0,crala.org,true,36.0,300.0,31570.0,6.0,2.0,1.0,1.0,1.0,1.0,2025-07-13 16:17:35,2026-02-10 15:39:59
750.0,twistedmalemag.com,false,36.0,430.0,1572.0,438.0,162.0,2.0,0.0,1.0,2.0,2024-02-15 22:34:31,
751.0,seo-revealed.club,true,36.0,706.0,0.0,0.0,0.0,1.0,1.0,1.0,1.0,2025-06-03 14:34:14,2026-01-26 10:53:54
752.0,dka.global,false,36.0,258.0,26781.0,11.0,10.0,1.0,0.0,0.0,1.0,2023-07-25 18:48:19,
753.0,boardretailers.org,false,35.0,227.0,606.0,24.0,27.0,1.0,0.0,0.0,1.0,2024-12-21 15:43:34,
754.0,techrounder.com,false,35.0,585.0,2327.0,0.0,5.0,1.0,0.0,0.0,1.0,2023-07-24 15:12:49,
755.0,seo-high-ranking.shop,true,35.0,1264.0,138.0,0.0,0.0,3.0,3.0,1.0,0.0,2026-04-20 13:36:11,
756.0,shizune.co,true,35.0,3706.0,31289.0,223.0,102.0,19.0,0.0,19.0,19.0,2023-07-25 15:38:32,2026-05-19 05:08:56
757.0,leianoticias.com.br,false,35.0,720.0,9676.0,7547.0,287.0,1.0,1.0,0.0,1.0,2026-02-11 19:11:12,
758.0,kefimind.com,false,35.0,2424.0,1240.0,26.0,14.0,2.0,0.0,0.0,2.0,2024-02-08 22:58:32,
759.0,techieknows.com,false,35.0,353.0,276.0,0.0,0.0,3.0,0.0,0.0,3.0,2023-07-24 15:17:18,
760.0,tokar.ua,false,35.0,316.0,1415.0,1236.0,511.0,1.0,0.0,0.0,1.0,2023-07-26 06:09:20,
761.0,textalks.com,false,35.0,349.0,897.0,7.0,6.0,6.0,6.0,3.0,6.0,2025-12-17 06:43:26,
762.0,blogthetech.com,false,35.0,466.0,2569.0,0.0,0.0,4.0,0.0,0.0,4.0,2024-07-13 19:55:40,
763.0,qsbsexpert.com,false,35.0,103.0,220.0,263.0,106.0,1.0,0.0,0.0,0.0,2023-07-24 07:31:42,
764.0,ekoo.co,false,35.0,90.0,259.0,186.0,14.0,2.0,0.0,0.0,2.0,2024-06-14 08:29:51,
765.0,thebacklink.shop,true,35.0,790.0,141.0,0.0,0.0,3.0,3.0,2.0,0.0,2026-05-04 20:15:09,
766.0,tcdcmaterial.com,false,35.0,3759.0,1233.0,3882.0,949.0,1.0,0.0,0.0,1.0,2023-11-03 13:28:51,
767.0,tzstreetwear.com,false,35.0,250.0,11.0,33.0,22.0,1.0,0.0,1.0,0.0,2025-03-14 16:12:46,2025-09-27 00:03:28
768.0,creativity.ua,false,35.0,429.0,3782.0,1033.0,248.0,1.0,0.0,0.0,1.0,2023-10-10 16:37:19,
769.0,seoexpress.website,true,35.0,817.0,151.0,0.0,0.0,3.0,3.0,2.0,0.0,2026-05-03 19:55:51,
770.0,therankinghighseo.shop,true,35.0,800.0,151.0,0.0,0.0,3.0,3.0,3.0,0.0,2026-05-02 18:14:41,2026-05-23 22:24:43
771.0,seoexpress.site,true,35.0,799.0,151.0,0.0,0.0,1.0,1.0,0.0,0.0,2026-04-29 13:42:47,
772.0,theguestpost.shop,true,35.0,795.0,151.0,0.0,0.0,1.0,1.0,0.0,0.0,2026-05-09 14:45:34,
773.0,theseohighranking.shop,true,35.0,797.0,141.0,0.0,0.0,3.0,3.0,1.0,0.0,2026-04-27 20:53:51,
774.0,highseoranking.shop,true,35.0,799.0,141.0,0.0,0.0,3.0,3.0,3.0,0.0,2026-04-29 13:39:50,2026-05-21 16:01:02
775.0,thetoprankingseo.shop,true,35.0,784.0,151.0,0.0,0.0,2.0,2.0,0.0,0.0,2026-04-29 13:47:31,
776.0,seoexpress.space,true,35.0,787.0,141.0,0.0,0.0,3.0,3.0,2.0,0.0,2026-05-02 00:40:50,
777.0,123webshop.shop,true,35.0,789.0,151.0,0.0,0.0,1.0,1.0,0.0,0.0,2026-05-07 04:34:55,
778.0,rankingseohigh.shop,true,35.0,794.0,141.0,0.0,0.0,3.0,3.0,1.0,0.0,2026-04-28 22:27:04,
779.0,theseomasterhigh.shop,true,35.0,785.0,151.0,0.0,0.0,3.0,3.0,0.0,0.0,2026-04-28 16:10:08,
780.0,ucluster.org,false,35.0,130.0,1098.0,110.0,92.0,3.0,0.0,0.0,3.0,2023-07-26 10:41:16,
781.0,seozonedirectory.com,true,35.0,461.0,0.0,0.0,0.0,2.0,2.0,2.0,2.0,2025-06-03 22:24:14,2025-08-04 15:05:32
782.0,activeshop.shop,true,35.0,830.0,151.0,0.0,0.0,3.0,3.0,3.0,0.0,2026-05-02 16:02:42,2026-05-19 19:27:12
783.0,rankmeetsitesdirectory.com,true,35.0,608.0,0.0,0.0,0.0,2.0,2.0,2.0,2.0,2025-06-06 09:19:08,2025-08-07 16:04:56
784.0,simplywebshop.shop,true,35.0,798.0,151.0,0.0,0.0,3.0,3.0,0.0,0.0,2026-05-03 02:20:00,
785.0,theguestposts.shop,true,35.0,796.0,141.0,0.0,0.0,3.0,3.0,2.0,0.0,2026-04-27 11:30:57,
786.0,seoexpress.online,true,35.0,797.0,151.0,0.0,0.0,2.0,2.0,0.0,0.0,2026-05-04 19:05:35,
787.0,seoexpress.shop,true,35.0,792.0,152.0,0.0,0.0,3.0,3.0,3.0,0.0,2026-04-28 21:00:45,2026-05-22 14:09:58
788.0,highseo.shop,true,35.0,788.0,141.0,0.0,0.0,3.0,3.0,3.0,0.0,2026-04-28 11:24:41,2026-05-22 18:58:19
789.0,aiqlabs.ai,false,35.0,128.0,5912.0,0.0,0.0,1.0,1.0,0.0,1.0,2025-12-21 18:55:17,
790.0,theseorankinghigh.shop,true,35.0,793.0,141.0,0.0,0.0,3.0,3.0,3.0,0.0,2026-04-17 07:49:46,2026-05-23 15:41:28
791.0,kawaiishop.shop,true,35.0,796.0,141.0,0.0,0.0,2.0,2.0,2.0,0.0,2026-05-04 12:11:15,2026-05-23 14:41:13
792.0,ekenkoshop.shop,true,35.0,793.0,141.0,0.0,0.0,2.0,2.0,0.0,0.0,2026-05-11 00:41:04,
793.0,seohighranking.shop,true,35.0,786.0,151.0,0.0,0.0,2.0,2.0,0.0,0.0,2026-04-28 05:29:12,
794.0,thebacklinks.shop,true,35.0,795.0,151.0,0.0,0.0,2.0,2.0,0.0,0.0,2026-05-05 08:12:35,
795.0,thehighseoranking.shop,true,35.0,795.0,151.0,0.0,0.0,3.0,3.0,3.0,0.0,2026-04-25 16:56:05,2026-05-23 23:35:23
796.0,shopbetreiber-blog.shop,true,35.0,797.0,142.0,0.0,0.0,3.0,3.0,3.0,0.0,2026-04-27 00:45:06,2026-05-16 18:06:03
797.0,mysky-shop.shop,true,35.0,794.0,140.0,0.0,0.0,3.0,3.0,1.0,0.0,2026-04-22 15:52:40,
798.0,kmoshops.shop,true,35.0,790.0,141.0,0.0,0.0,3.0,3.0,2.0,0.0,2026-04-29 08:37:17,
799.0,rankinghighseo.shop,false,35.0,797.0,141.0,0.0,0.0,2.0,2.0,2.0,0.0,2026-05-09 10:38:28,2026-05-23 13:05:48
800.0,therankingseohigh.shop,true,35.0,796.0,151.0,0.0,0.0,2.0,2.0,0.0,0.0,2026-05-02 04:13:53,
801.0,thehighseo.shop,true,34.0,798.0,50.0,0.0,0.0,3.0,3.0,0.0,0.0,2026-05-07 02:04:06,
802.0,shop-inframe.shop,true,34.0,790.0,151.0,0.0,0.0,3.0,3.0,1.0,0.0,2026-04-16 04:22:27,
803.0,lixil-reformshop.shop,true,34.0,792.0,50.0,0.0,0.0,2.0,2.0,0.0,0.0,2026-04-27 13:22:15,
804.0,thehighrankseo.shop,true,34.0,785.0,151.0,0.0,0.0,3.0,3.0,1.0,0.0,2026-04-29 01:18:36,
805.0,thegoodbug.com,false,34.0,557.0,1071.0,23257.0,3793.0,1.0,1.0,0.0,1.0,2025-06-25 21:15:44,
806.0,cossetmoi.com,false,34.0,278.0,604.0,3.0,6.0,2.0,0.0,1.0,2.0,2025-04-30 06:22:36,
807.0,rent-a-shop.shop,true,34.0,787.0,141.0,0.0,0.0,3.0,3.0,3.0,0.0,2026-05-04 03:39:28,2026-05-23 12:45:33
808.0,happenstance.ai,false,34.0,256.0,77367.0,16662.0,53.0,2.0,2.0,1.0,2.0,2026-03-27 20:50:49,
809.0,gori.ai,false,34.0,76.0,149.0,2279.0,827.0,4.0,0.0,2.0,4.0,2025-01-31 06:34:18,
810.0,wunderlabel.de,false,34.0,334.0,313.0,16594.0,2590.0,2.0,0.0,0.0,2.0,2023-09-14 14:41:03,
811.0,intinvestor.com,false,34.0,237.0,471.0,154.0,38.0,2.0,0.0,0.0,2.0,2023-07-21 06:36:29,
812.0,postonseo.com,true,34.0,1445.0,0.0,0.0,0.0,2.0,1.0,2.0,2.0,2023-10-31 23:21:51,2026-02-22 00:43:17
813.0,onlinegeeks.net,false,34.0,617.0,612.0,0.0,4.0,3.0,0.0,0.0,3.0,2023-12-24 17:28:39,
814.0,parsers.vc,true,34.0,561.0,176299.0,5103.0,540.0,17.0,9.0,2.0,4.0,2023-07-20 15:03:28,
815.0,uatechecosystem.com,true,34.0,119.0,4398.0,11.0,7.0,2.0,0.0,0.0,2.0,2023-07-25 14:44:23,
816.0,growthgurus.io,false,34.0,130.0,112.0,177.0,17.0,1.0,1.0,0.0,1.0,2026-02-10 01:59:55,
817.0,joinchargeback.com,false,34.0,1493.0,67453.0,278.0,294.0,1.0,1.0,1.0,1.0,2025-07-10 15:22:47,2025-08-02 05:03:18
818.0,blufashion.com,false,34.0,955.0,9232.0,9.0,6.0,1.0,0.0,0.0,1.0,2025-05-09 22:37:02,
819.0,qualitystocks.com,false,34.0,278.0,5397.0,0.0,4.0,1.0,0.0,0.0,1.0,2024-08-24 12:02:55,
820.0,aptgadget.com,false,33.0,406.0,2897.0,54.0,48.0,10.0,0.0,0.0,10.0,2023-10-01 00:54:02,
821.0,jobsapp.info,true,33.0,1596.0,0.0,0.0,0.0,3.0,0.0,3.0,3.0,2025-02-06 15:57:20,2026-03-17 04:06:11
822.0,vidamoderna.com.br,false,33.0,268.0,7131.0,6.0,34.0,16.0,16.0,2.0,16.0,2026-02-11 19:51:44,
823.0,pressmaverick.com,false,33.0,94.0,2560.0,0.0,0.0,14.0,0.0,0.0,14.0,2024-11-24 23:28:06,
824.0,looksmaxxreport.com,false,33.0,131.0,388.0,4.0,14.0,1.0,1.0,0.0,1.0,2025-08-03 15:03:53,
825.0,descubre.vc,false,33.0,182.0,4918.0,2569.0,1304.0,1.0,0.0,1.0,1.0,2025-02-25 23:49:56,2026-04-22 03:27:07
826.0,readmedium.com,false,33.0,338.0,140048.0,27.0,6.0,1.0,1.0,0.0,1.0,2025-05-31 16:56:02,
827.0,sitescooponline.com,true,33.0,1116.0,318707.0,0.0,0.0,3.0,3.0,3.0,3.0,2025-12-28 17:20:59,2026-03-12 19:58:15
828.0,familyfirstpath.com,true,33.0,89.0,8216.0,6.0,15.0,1.0,1.0,0.0,1.0,2025-08-16 05:20:51,
829.0,femtech.health,false,33.0,231.0,27282.0,120.0,17.0,1.0,0.0,0.0,1.0,2023-07-31 02:43:12,
830.0,bmwyng.com,true,33.0,1307.0,27663.0,0.0,0.0,3.0,3.0,1.0,3.0,2025-12-19 04:16:34,
831.0,best-backlink-provider.com.in,true,33.0,263.0,0.0,0.0,0.0,1.0,0.0,1.0,1.0,2025-05-12 06:48:11,2025-07-27 07:14:02
832.0,onwardsandup.co.uk,false,33.0,37.0,233.0,1.0,5.0,1.0,1.0,0.0,1.0,2025-11-01 06:10:08,
833.0,thetechfashionista.com,false,33.0,516.0,0.0,0.0,0.0,6.0,0.0,6.0,0.0,2023-07-21 06:41:13,2025-06-04 01:22:43
834.0,findmassleads.com,true,33.0,4750.0,636297.0,12962.0,205.0,1.0,0.0,0.0,1.0,2023-07-31 15:43:56,
835.0,trythisfit.com,false,33.0,223.0,564.0,64.0,43.0,2.0,2.0,0.0,2.0,2025-12-15 00:45:41,
836.0,goooogla.com,true,33.0,982.0,7.0961279E7,0.0,0.0,2.0,2.0,0.0,0.0,2026-04-29 16:24:39,
837.0,coi.ua,false,33.0,51.0,116.0,243.0,93.0,1.0,0.0,0.0,1.0,2024-04-24 22:06:31,
838.0,parentingvista.com,true,33.0,178.0,9994.0,8.0,5.0,1.0,1.0,0.0,1.0,2025-08-15 23:37:53,
839.0,adzbusiness.com,true,33.0,1425.0,0.0,0.0,0.0,1.0,0.0,1.0,1.0,2023-07-20 14:03:22,2025-07-08 04:21:19
840.0,pklea.com,true,32.0,1548.0,0.0,0.0,0.0,1.0,0.0,1.0,1.0,2023-10-31 19:16:09,2025-06-24 05:10:39
841.0,startupjedi.vc,false,32.0,173.0,2240.0,942.0,182.0,2.0,0.0,0.0,2.0,2023-07-27 01:43:20,
842.0,leonlinks.agency,true,32.0,1626.0,0.0,0.0,0.0,1.0,1.0,1.0,0.0,2025-07-27 04:49:54,2026-02-17 07:06:34
843.0,youraverageguystyle.com,false,32.0,3089.0,2337.0,15779.0,4040.0,1.0,0.0,0.0,1.0,2024-10-13 20:25:08,
844.0,plant-wide.com,true,32.0,137.0,10009.0,96.0,14.0,1.0,1.0,0.0,1.0,2025-08-16 00:40:39,
845.0,advertiseyourdomain.com,true,32.0,51.0,0.0,0.0,0.0,1.0,0.0,1.0,0.0,2025-03-29 23:15:58,2026-02-15 13:55:30
846.0,buzrush.com,false,32.0,638.0,0.0,0.0,0.0,4.0,0.0,4.0,4.0,2023-07-22 03:11:28,2026-02-20 20:16:47
847.0,fexwear.com,false,32.0,25.0,169.0,5.0,4.0,1.0,1.0,0.0,0.0,2025-08-30 07:05:57,
848.0,healify.ai,false,32.0,69.0,82.0,116.0,24.0,6.0,6.0,2.0,0.0,2025-11-01 11:16:21,
849.0,globalseodirectory.com,true,32.0,1271.0,0.0,0.0,0.0,3.0,2.0,3.0,3.0,2023-11-13 19:56:01,2026-02-25 12:54:21
850.0,conference.delhi.in,true,32.0,994.0,0.0,0.0,0.0,1.0,1.0,1.0,1.0,2025-06-01 16:39:51,2025-07-27 23:24:40
851.0,vcsheet.com,false,32.0,682.0,23095.0,19565.0,4049.0,1.0,1.0,0.0,1.0,2026-04-18 05:07:49,
852.0,tomatpontypark.com,true,32.0,189.0,10013.0,0.0,5.0,1.0,1.0,0.0,1.0,2025-08-15 19:36:41,
853.0,aginganalytics.com,false,32.0,291.0,27201.0,14.0,5.0,1.0,0.0,0.0,1.0,2023-07-21 13:47:37,
854.0,italianartisan.com,false,32.0,251.0,120.0,1579.0,532.0,2.0,0.0,1.0,2.0,2024-04-09 04:22:38,
855.0,insidefashiondesign.com,false,32.0,282.0,2533.0,219.0,72.0,1.0,0.0,0.0,1.0,2024-02-15 00:26:12,
856.0,gdruk.com,false,32.0,249.0,95.0,24.0,23.0,1.0,0.0,1.0,1.0,2025-03-17 07:13:13,2025-08-05 12:48:07
857.0,linksjump.info,true,32.0,1591.0,0.0,0.0,0.0,1.0,0.0,1.0,0.0,2025-04-20 04:44:22,2025-05-30 16:12:13
858.0,collegemedianetwork.com,false,32.0,1797.0,0.0,752.0,474.0,2.0,2.0,2.0,2.0,2025-07-20 10:30:35,2025-09-23 19:32:06
859.0,lngfrm.net,false,32.0,216.0,994.0,21.0,13.0,1.0,1.0,0.0,0.0,2025-10-28 18:47:05,
860.0,webpostdirectory.com,true,32.0,256.0,8767988.0,0.0,0.0,2.0,2.0,0.0,2.0,2025-09-26 21:42:05,
861.0,seoagency.sale,true,32.0,327.0,0.0,0.0,0.0,4.0,4.0,0.0,0.0,2025-12-14 01:26:21,
862.0,sitesnewses.com,true,31.0,1335.0,0.0,0.0,0.0,1.0,0.0,1.0,1.0,2024-08-31 23:23:48,2025-07-09 13:26:11
863.0,strawberrycreekonline.com,false,31.0,1337.0,3461.0,0.0,0.0,1.0,0.0,1.0,0.0,2024-02-27 02:03:11,2026-04-01 09:35:40
864.0,manufacturingclothes.com,false,31.0,90.0,5.0,1002.0,375.0,9.0,9.0,0.0,0.0,2025-10-02 13:40:55,
865.0,worldtopwebsite.com,true,31.0,256.0,8768011.0,0.0,0.0,2.0,2.0,0.0,2.0,2025-08-20 05:53:48,
866.0,clicktobuydirectory.com,true,31.0,252.0,8768105.0,0.0,0.0,2.0,2.0,0.0,2.0,2025-08-19 08:38:33,
867.0,mediazonedirectory.com,true,31.0,246.0,8768040.0,0.0,0.0,2.0,2.0,0.0,2.0,2025-12-24 07:44:08,
868.0,marketinghubdirectoy.com,true,31.0,250.0,8767227.0,0.0,1.0,2.0,2.0,0.0,2.0,2025-09-27 13:18:45,
869.0,logomakershop.com,false,31.0,222.0,7088.0,72.0,193.0,2.0,0.0,1.0,2.0,2024-11-24 20:31:21,
870.0,seamly.io,false,31.0,154.0,22.0,637.0,244.0,4.0,0.0,0.0,4.0,2023-11-28 07:54:07,
871.0,rockstep.com,false,31.0,132.0,365.0,971.0,335.0,1.0,1.0,0.0,1.0,2026-04-03 00:07:42,
872.0,businesswebsitesdirectory.com,true,31.0,280.0,8767072.0,0.0,0.0,2.0,2.0,0.0,2.0,2025-10-06 15:14:33,
873.0,expotextilperu.com,false,31.0,133.0,405.0,82.0,39.0,2.0,2.0,0.0,2.0,2026-05-22 13:08:34,
874.0,complextime.com,false,31.0,596.0,0.0,0.0,0.0,2.0,0.0,2.0,2.0,2023-08-03 11:07:01,2025-09-17 04:57:53
875.0,voguefashioninstitute.com,false,31.0,295.0,81.0,7783.0,1402.0,1.0,1.0,0.0,1.0,2026-01-04 13:22:29,
876.0,zubrcapital.com,false,31.0,244.0,159.0,16.0,2.0,1.0,0.0,0.0,1.0,2023-08-04 11:09:42,
877.0,businessnewses.com,true,31.0,1317.0,0.0,0.0,0.0,1.0,0.0,1.0,1.0,2024-09-01 06:40:40,2025-07-20 11:22:16
878.0,webzonedirectory.com,true,31.0,257.0,8768177.0,0.0,0.0,2.0,2.0,0.0,2.0,2025-09-26 19:19:18,
879.0,mediedirectory.com,true,31.0,256.0,8767093.0,0.0,0.0,4.0,4.0,2.0,4.0,2025-07-24 12:51:02,
880.0,topsitedirectoy.com,true,31.0,270.0,0.0,0.0,0.0,1.0,1.0,1.0,1.0,2025-07-23 11:38:19,2026-02-17 16:09:32
881.0,pick-kart.com,false,31.0,2886.0,8342.0,19071.0,2.0,2.0,0.0,0.0,2.0,2023-08-30 06:07:07,
882.0,clicktorankdirectoy.com,true,31.0,251.0,8767903.0,0.0,0.0,2.0,2.0,0.0,2.0,2025-09-08 09:51:48,
883.0,websiteslinkdirectory.com,true,31.0,251.0,8768490.0,0.0,0.0,2.0,2.0,0.0,2.0,2025-09-28 09:11:05,
884.0,guestpostsdirectory.com,true,31.0,252.0,8767284.0,0.0,0.0,2.0,2.0,0.0,2.0,2025-08-23 16:02:02,
885.0,mostrankdirectory.com,true,31.0,242.0,8768334.0,0.0,1.0,2.0,2.0,0.0,2.0,2025-12-18 06:37:45,
886.0,worldsitedirectory.com,true,31.0,270.0,8768250.0,0.0,0.0,2.0,2.0,0.0,2.0,2025-12-24 16:18:47,
887.0,marketingdirectoy.com,true,31.0,251.0,8768064.0,0.0,0.0,2.0,2.0,0.0,2.0,2025-08-27 19:44:24,
888.0,rankzonedirectory.com,true,31.0,249.0,8768055.0,0.0,0.0,2.0,2.0,0.0,2.0,2025-10-02 16:37:34,
889.0,uaspectr.com,false,31.0,111.0,113.0,673.0,231.0,3.0,0.0,0.0,0.0,2023-07-22 02:18:59,
890.0,websitedirectoy.com,true,31.0,242.0,8766404.0,0.0,0.0,2.0,2.0,0.0,2.0,2025-09-28 07:04:46,
891.0,worldmarketingdirectoy.com,true,31.0,245.0,8767733.0,0.0,0.0,2.0,2.0,0.0,2.0,2025-09-30 19:05:52,
892.0,wayseolinks.com,true,31.0,1161.0,0.0,0.0,0.0,1.0,1.0,1.0,1.0,2025-07-03 05:01:04,2026-03-07 03:42:51
893.0,cink.co.in,false,31.0,13.0,5.0,268.0,39.0,1.0,1.0,0.0,0.0,2026-01-02 12:37:24,
894.0,balodana.com,false,31.0,137.0,196.0,58.0,36.0,1.0,1.0,0.0,1.0,2025-08-17 19:42:02,
895.0,residland.com,false,31.0,1334.0,6411.0,0.0,0.0,2.0,1.0,1.0,0.0,2024-07-09 10:29:59,
896.0,fueradefoco.com.mx,false,31.0,206.0,1274.0,771.0,473.0,2.0,1.0,1.0,2.0,2024-09-27 07:10:37,
897.0,360idtag.com,false,31.0,62.0,43.0,53.0,19.0,1.0,1.0,0.0,1.0,2025-09-25 18:05:25,
898.0,barbaraiweins.com,false,31.0,576.0,10950.0,12.0,13.0,7.0,0.0,0.0,7.0,2023-07-23 21:25:38,
899.0,aifsy.com,true,31.0,1109.0,5081.0,0.0,0.0,1.0,0.0,1.0,1.0,2023-09-25 22:31:28,2026-03-21 04:26:37
900.0,backlinktime.com,true,31.0,1385.0,0.0,0.0,0.0,2.0,2.0,2.0,2.0,2025-05-29 20:52:39,2026-03-19 15:53:24
901.0,avitsenna.uz,false,31.0,101.0,134.0,2165.0,443.0,1.0,0.0,1.0,1.0,2024-04-13 18:45:24,2025-08-15 00:53:38
902.0,iads.org,false,31.0,210.0,1345.0,51.0,68.0,17.0,17.0,13.0,17.0,2025-09-27 17:49:29,
903.0,infobionic.ai,false,31.0,258.0,44.0,178.0,29.0,1.0,0.0,1.0,1.0,2025-02-15 07:16:32,2026-03-29 05:20:14
904.0,relxnn.com,true,31.0,983.0,2527.0,0.0,0.0,1.0,0.0,0.0,0.0,2025-04-27 21:59:59,
905.0,flavien.fr,true,30.0,202.0,68642.0,83.0,7.0,1.0,1.0,1.0,1.0,2025-07-26 15:26:35,2025-09-24 20:59:06
906.0,e2.vc,false,30.0,127.0,175.0,95.0,25.0,1.0,0.0,0.0,1.0,2025-01-07 10:14:56,
907.0,bahiajornal.com.br,false,30.0,167.0,2810.0,786.0,265.0,1.0,1.0,1.0,1.0,2026-02-11 19:19:05,2026-05-15 09:50:16
908.0,techzonedaily.com,false,30.0,45.0,42.0,0.0,0.0,1.0,1.0,0.0,0.0,2026-01-16 07:17:18,
909.0,heartland-usa.com,false,30.0,92.0,288.0,144.0,53.0,1.0,0.0,0.0,1.0,2023-11-20 05:10:11,
910.0,digitalglobaltimes.com,false,30.0,962.0,5800.0,0.0,0.0,4.0,1.0,0.0,4.0,2024-09-25 10:18:03,
911.0,kutyu.hu,false,30.0,221.0,3346.0,1.0,3.0,3.0,0.0,0.0,3.0,2023-07-30 01:53:18,
912.0,browseallexpireddomains.us,true,30.0,70.0,16424.0,0.0,0.0,2.0,2.0,2.0,2.0,2025-06-04 14:36:19,2026-01-18 18:02:15
913.0,fashionsdigest.co.uk,false,30.0,29.0,315.0,0.0,0.0,2.0,1.0,0.0,0.0,2025-04-30 15:17:25,
914.0,morikatron.ai,false,30.0,181.0,1198.0,408.0,75.0,1.0,0.0,0.0,1.0,2023-07-25 02:01:18,
915.0,odiariodemaringa.com.br,false,30.0,717.0,9240.0,1522.0,224.0,1.0,1.0,0.0,1.0,2026-02-12 02:17:25,
916.0,nnw.fm,true,30.0,291.0,0.0,0.0,0.0,1.0,1.0,0.0,1.0,2026-05-01 03:41:17,
917.0,linksv.com,false,30.0,2175.0,29.0,8.0,11.0,1.0,0.0,1.0,1.0,2025-01-24 03:42:16,2025-10-15 06:19:20
918.0,diznew.com,false,30.0,1593.0,600.0,4382.0,1299.0,2.0,2.0,0.0,2.0,2025-08-23 16:58:27,
919.0,tech-wonders.com,false,30.0,451.0,2553.0,589.0,304.0,2.0,0.0,0.0,0.0,2023-07-22 22:31:04,
920.0,sergechel.info,true,30.0,557.0,0.0,0.0,0.0,1.0,1.0,1.0,1.0,2025-06-03 15:52:48,2026-01-05 01:22:12
921.0,thedealerwire.com,false,30.0,74.0,832.0,87.0,68.0,1.0,0.0,1.0,1.0,2025-04-28 16:02:28,2026-04-17 02:14:37
922.0,99w.im,true,30.0,1219.0,0.0,0.0,0.0,1.0,1.0,1.0,1.0,2025-06-19 15:36:57,2025-07-26 01:53:08
923.0,greencompostables.com,false,30.0,150.0,202.0,51.0,49.0,5.0,0.0,4.0,5.0,2024-03-11 00:07:14,
924.0,bizwarriors.com,false,30.0,176.0,1038.0,184.0,213.0,1.0,0.0,0.0,1.0,2023-07-30 23:14:20,
925.0,mybusiness.kz,false,30.0,59.0,387.0,527.0,78.0,1.0,0.0,0.0,1.0,2023-07-28 00:10:54,
926.0,pitch.vc,false,30.0,187.0,2468.0,369.0,180.0,1.0,1.0,0.0,1.0,2026-05-19 19:35:00,
927.0,timesinternational.net,false,30.0,317.0,0.0,0.0,0.0,1.0,0.0,1.0,1.0,2023-11-08 20:50:14,2026-01-15 12:19:53
928.0,ai-startups.pro,false,30.0,240.0,2060.0,0.0,0.0,1.0,1.0,0.0,1.0,2025-08-18 23:05:08,
929.0,linksnewses.com,true,30.0,1112.0,0.0,0.0,0.0,1.0,0.0,1.0,1.0,2024-09-01 00:23:04,2026-01-24 09:09:58
930.0,deep-pharma.tech,false,29.0,118.0,66.0,34.0,8.0,1.0,0.0,1.0,1.0,2023-07-24 20:16:38,2025-08-03 01:58:16
931.0,metamodels.ai,false,29.0,61.0,244.0,7.0,4.0,2.0,2.0,0.0,2.0,2026-05-25 22:34:33,
932.0,phoneswiki.com,false,29.0,719.0,1522.0,0.0,1.0,5.0,0.0,0.0,0.0,2023-07-28 04:24:23,
933.0,businessnewsday.com,false,29.0,381.0,263.0,0.0,0.0,14.0,0.0,14.0,14.0,2023-07-20 10:12:44,2025-09-15 22:31:49
934.0,noticiasdoes.com.br,false,29.0,143.0,6370.0,21.0,14.0,1.0,1.0,0.0,1.0,2026-02-11 19:32:54,
935.0,ai-startups.org,false,29.0,251.0,0.0,0.0,0.0,1.0,0.0,1.0,1.0,2024-12-03 19:19:32,2025-07-29 04:13:59
936.0,haporium.com,false,29.0,286.0,70.0,0.0,1.0,7.0,2.0,7.0,7.0,2024-11-18 13:56:00,2026-01-06 03:30:50
937.0,nettools.guru,true,29.0,1308.0,3.98968381E8,0.0,0.0,3.0,3.0,0.0,3.0,2025-12-20 17:57:48,
938.0,massinvestordatabase.com,false,29.0,763.0,18116.0,3294.0,1105.0,1.0,0.0,0.0,1.0,2023-10-06 20:52:58,
939.0,cartwrightfitness.co.uk,false,29.0,327.0,675.0,2375.0,887.0,1.0,1.0,0.0,1.0,2025-12-26 23:47:50,
940.0,czat.ai,false,29.0,183.0,2665.0,437785.0,611.0,2.0,2.0,0.0,0.0,2026-02-20 17:24:38,
941.0,techcrawlr.com,false,29.0,228.0,1482.0,0.0,0.0,1.0,0.0,0.0,1.0,2023-08-12 11:58:24,
942.0,ustradeent.com,false,29.0,450.0,71.0,278.0,148.0,2.0,2.0,1.0,2.0,2025-10-02 12:40:29,
943.0,softwarelinkers.in,false,29.0,14.0,581.0,27.0,21.0,1.0,0.0,1.0,1.0,2024-10-26 16:23:20,2026-05-13 08:46:41
944.0,jornaldebarueri.com.br,false,29.0,151.0,7800.0,6094.0,2474.0,13.0,13.0,10.0,13.0,2026-02-11 21:10:00,
945.0,fastoq.com,true,29.0,1325.0,0.0,0.0,0.0,1.0,0.0,1.0,1.0,2024-10-14 00:18:14,2026-01-22 14:30:33
946.0,raisingcanesprices.com,false,29.0,7.0,20.0,59.0,39.0,1.0,1.0,0.0,1.0,2026-05-10 06:14:58,
947.0,getapkmarkets.com,false,29.0,1163.0,1166.0,0.0,0.0,2.0,0.0,2.0,2.0,2023-07-21 13:20:08,2025-11-25 05:22:34
948.0,yexhub.com,true,29.0,1128.0,0.0,0.0,0.0,1.0,0.0,1.0,1.0,2024-10-14 22:35:46,2026-02-24 08:55:40
949.0,fashionuer.com,false,29.0,546.0,574.0,0.0,0.0,1.0,0.0,0.0,1.0,2024-10-15 11:35:20,
950.0,dehealth.app,false,29.0,147.0,58.0,53.0,2.0,2.0,0.0,0.0,2.0,2025-03-12 02:22:44,
951.0,fashioment.com,true,29.0,1324.0,315330.0,0.0,0.0,1.0,1.0,1.0,1.0,2025-08-13 13:07:38,2025-10-20 15:53:42
952.0,seogeko.shop,true,29.0,573.0,0.0,0.0,0.0,2.0,2.0,0.0,0.0,2026-05-12 13:40:09,
953.0,inknowvation.com,false,29.0,1547.0,27674.0,631.0,630.0,5.0,2.0,0.0,5.0,2023-08-16 02:22:13,
954.0,all-aged-domains.com,true,29.0,1540.0,0.0,0.0,0.0,1.0,0.0,1.0,1.0,2025-03-30 06:29:54,2026-04-21 07:46:32
955.0,techtrendspro.com,false,29.0,542.0,2005.0,0.0,0.0,2.0,0.0,0.0,2.0,2023-07-27 17:52:15,
956.0,zipzyx.com,true,29.0,1160.0,0.0,0.0,0.0,1.0,0.0,1.0,1.0,2024-10-15 22:36:31,2026-04-05 16:01:58
957.0,sunrisegeek.com,false,29.0,148.0,164.0,386.0,170.0,2.0,0.0,0.0,0.0,2024-11-14 17:03:27,
958.0,byteyo.com,true,29.0,1200.0,0.0,0.0,0.0,1.0,0.0,1.0,1.0,2024-11-19 12:50:52,2026-03-15 12:33:26
959.0,longevity.international,false,28.0,188.0,37295.0,45.0,12.0,1.0,0.0,0.0,1.0,2023-07-23 12:11:05,
960.0,skylinkseo.site,true,28.0,1015.0,718.0,0.0,0.0,6.0,6.0,0.0,0.0,2025-10-19 09:08:26,
961.0,domains.com.bz,true,28.0,43.0,7841946.0,0.0,0.0,1.0,1.0,0.0,1.0,2026-05-20 23:04:48,
962.0,phelpsdodge.com.ph,false,28.0,1071.0,4232.0,818.0,13.0,1.0,1.0,1.0,1.0,2025-09-21 23:06:56,2026-01-09 09:51:01
963.0,ziptet.com,true,28.0,1125.0,0.0,0.0,0.0,1.0,0.0,1.0,1.0,2024-10-14 10:49:51,2026-03-01 05:10:21
964.0,neurotech.com,false,28.0,185.0,33160.0,226.0,10.0,2.0,0.0,0.0,2.0,2025-01-18 17:48:39,
965.0,vewnet.com,true,28.0,1131.0,0.0,0.0,0.0,1.0,0.0,1.0,1.0,2024-12-16 14:18:49,2026-04-16 14:14:44
966.0,full-expired-domain-lists.us,true,28.0,172.0,0.0,0.0,0.0,1.0,1.0,1.0,1.0,2025-07-12 18:31:17,2026-02-14 18:20:37
967.0,justcreateapp.com,false,28.0,336.0,1747.0,95.0,12.0,1.0,0.0,0.0,1.0,2025-03-18 21:31:20,
968.0,businesstimes.org,false,28.0,296.0,430.0,0.0,0.0,1.0,1.0,1.0,1.0,2025-08-04 15:09:02,2025-08-25 21:26:56
969.0,startup365.fr,false,28.0,248.0,12703.0,0.0,2.0,2.0,0.0,0.0,2.0,2023-08-07 07:06:05,
970.0,netdeal.com.br,false,28.0,258.0,18.0,2.0,3.0,1.0,0.0,1.0,1.0,2023-10-29 03:59:57,2026-02-11 04:14:25
971.0,drivemebaby.hu,true,28.0,123.0,1854.0,191.0,99.0,3.0,2.0,0.0,3.0,2023-08-29 04:03:03,
972.0,tradiomedia.com,true,28.0,32.0,881.0,0.0,0.0,1.0,1.0,1.0,1.0,2025-08-04 08:00:02,2025-10-21 11:53:42
973.0,emanaged.co.uk,false,28.0,163.0,192.0,17.0,3.0,2.0,1.0,1.0,2.0,2024-08-25 21:31:55,
974.0,glitchmagazine.xyz,false,28.0,70.0,410.0,0.0,0.0,2.0,2.0,0.0,2.0,2025-12-09 18:41:46,
975.0,nbnoticias.com.br,false,28.0,296.0,2364.0,876.0,300.0,1.0,1.0,0.0,1.0,2026-02-11 23:47:26,
976.0,grissoft.com.ua,false,28.0,114.0,513.0,51.0,16.0,2.0,2.0,0.0,0.0,2025-12-02 14:43:51,
977.0,d-ddaily.com,false,28.0,113.0,8962.0,31.0,19.0,1.0,0.0,0.0,1.0,2025-01-18 15:17:41,
978.0,startupreporter.eu,false,28.0,2920.0,2391.0,26.0,36.0,1.0,0.0,0.0,1.0,2023-07-25 01:50:50,
979.0,recruitika.com,true,28.0,137.0,3.0,0.0,0.0,8.0,0.0,8.0,0.0,2023-07-21 10:17:04,2025-12-28 07:26:12
980.0,shanghaigarment.com,false,28.0,159.0,4598.0,3159.0,1577.0,22.0,5.0,8.0,22.0,2025-01-21 13:28:11,
981.0,rickrea.com,false,28.0,70.0,28017.0,0.0,0.0,4.0,0.0,0.0,4.0,2023-12-09 19:14:41,
982.0,wowlinks.site,true,27.0,953.0,10.0,0.0,0.0,4.0,4.0,4.0,0.0,2025-10-20 03:38:43,2026-02-09 06:44:07
983.0,creativetechtextile.com,false,27.0,87.0,27.0,42.0,12.0,1.0,1.0,0.0,1.0,2026-01-13 15:36:29,
984.0,seoprobox.click,true,27.0,1974.0,0.0,0.0,0.0,2.0,0.0,2.0,0.0,2024-11-22 21:45:26,2026-02-26 18:36:02
985.0,buycompanyname.com,false,27.0,74.0,280.0,175.0,101.0,1.0,0.0,0.0,1.0,2023-11-06 23:38:31,
986.0,casestudies.com,false,27.0,577.0,45048.0,9.0,3.0,1.0,1.0,0.0,1.0,2026-01-14 02:10:55,
987.0,edumanias.com,false,27.0,840.0,10046.0,0.0,0.0,2.0,0.0,0.0,2.0,2023-07-24 12:00:36,
988.0,footballtipsbetting.com,false,27.0,75.0,10.0,0.0,0.0,1.0,0.0,1.0,1.0,2024-01-01 14:51:27,2025-09-20 09:14:10
989.0,gabrc.com,true,27.0,100.0,8196.0,10.0,12.0,1.0,1.0,0.0,1.0,2025-08-15 23:44:05,
990.0,forforge.com,false,27.0,78.0,0.0,0.0,0.0,1.0,1.0,1.0,1.0,2025-08-21 10:36:25,2026-05-10 07:28:24
991.0,enleco.net,false,27.0,30.0,37524.0,0.0,0.0,1.0,1.0,1.0,1.0,2025-09-11 09:59:34,2025-12-02 09:46:36
992.0,hi-tech.org.ua,false,27.0,200.0,532.0,5.0,18.0,1.0,0.0,0.0,1.0,2023-09-23 11:10:14,
993.0,salezshark.com,false,27.0,3106.0,35.0,5030.0,2395.0,1.0,0.0,1.0,0.0,2025-01-21 15:49:17,2026-05-27 22:17:06
994.0,zububrothers.com,true,27.0,273.0,0.0,0.0,0.0,1.0,0.0,1.0,1.0,2024-02-17 20:09:46,2025-07-22 02:49:46
995.0,quantaintelligence.ai,false,27.0,70.0,3752.0,0.0,0.0,1.0,0.0,1.0,1.0,2025-01-24 17:35:14,2026-03-25 08:01:05
996.0,gladpet.org,false,27.0,120.0,17.0,1525.0,309.0,2.0,0.0,0.0,0.0,2023-07-20 11:54:16,
997.0,fashionangelwarrior.com,false,27.0,311.0,225.0,411.0,140.0,1.0,0.0,1.0,1.0,2023-10-20 07:15:33,2026-04-11 16:28:34
998.0,bestbusniessdirectory.com,true,27.0,238.0,8763725.0,0.0,0.0,2.0,2.0,0.0,2.0,2025-09-30 21:10:26,
999.0,earthpressnews.com,false,27.0,129.0,7.0,0.0,0.0,1.0,0.0,1.0,0.0,2023-08-01 07:14:06,2026-04-20 00:52:19
1000.0,promarketreports.com,false,27.0,133.0,37820.0,21.0,13.0,1.0,0.0,1.0,0.0,2025-02-06 21:07:55,2026-01-27 22:18:00
1001.0,xacobeogalicia.org,true,26.0,768.0,3120.0,0.0,0.0,1.0,0.0,0.0,1.0,2023-07-31 23:45:23,
1002.0,lucykingdom.com,false,26.0,378.0,2435.0,345.0,140.0,2.0,0.0,0.0,2.0,2024-03-20 13:13:40,
1003.0,retailhub.it,false,26.0,94.0,0.0,0.0,0.0,1.0,0.0,1.0,1.0,2023-10-01 01:24:27,2025-09-26 19:07:07
1004.0,dailystarnewstoday.com,false,26.0,570.0,0.0,0.0,0.0,1.0,0.0,1.0,1.0,2023-07-25 03:31:01,2025-09-26 06:43:34
1005.0,anoticiadigital.com.br,false,26.0,149.0,1999.0,20.0,4.0,1.0,1.0,0.0,1.0,2026-02-12 00:09:57,
1006.0,fashionretail.blog,false,26.0,208.0,272.0,1367.0,272.0,3.0,0.0,2.0,3.0,2023-07-20 13:25:21,
1007.0,servicerate.com,true,26.0,2180.0,100276.0,1.0,12.0,2.0,2.0,0.0,2.0,2025-07-24 16:30:50,
1008.0,champsignal.com,false,26.0,1039.0,342.0,14189.0,1608.0,2.0,2.0,0.0,0.0,2025-09-20 09:32:01,
1009.0,appsrankings.com,false,26.0,1742.0,61.0,490.0,248.0,2.0,0.0,0.0,0.0,2024-02-14 06:55:32,
1010.0,directory4websites.com,true,26.0,889.0,3.0,0.0,1.0,3.0,1.0,3.0,0.0,2025-04-30 22:42:54,2025-12-07 10:43:54
1011.0,trendingbird.net,false,26.0,145.0,2219.0,0.0,0.0,2.0,0.0,0.0,2.0,2024-03-25 23:43:41,
1012.0,blus.com,false,26.0,822.0,468.0,4986.0,925.0,1.0,0.0,0.0,1.0,2024-08-04 00:55:30,
1013.0,trendingaitools.com,false,26.0,122.0,6140.0,51.0,146.0,1.0,1.0,0.0,1.0,2025-12-26 10:38:09,
1014.0,successquarterly.com,false,26.0,123.0,1133.0,0.0,0.0,2.0,2.0,0.0,0.0,2025-10-12 09:53:34,
1015.0,aijumble.com,false,26.0,77.0,2305.0,288.0,40.0,2.0,0.0,2.0,0.0,2024-07-08 06:30:05,2026-01-15 01:00:54
1016.0,senior.ua,false,26.0,199.0,910.0,10.0,2.0,4.0,0.0,1.0,0.0,2024-10-04 23:17:14,
1017.0,healthcareaiguy.com,false,26.0,51.0,1150.0,70.0,6.0,1.0,0.0,0.0,1.0,2024-05-20 09:14:40,
1018.0,jovogyara.hu,false,26.0,53.0,1244.0,211.0,28.0,2.0,0.0,0.0,2.0,2023-07-25 16:00:12,
1019.0,fontica.com,false,26.0,355.0,849.0,0.0,3.0,4.0,2.0,2.0,4.0,2023-07-28 17:18:04,
1020.0,xrgoespop.com,false,26.0,72.0,130.0,1.0,3.0,1.0,0.0,0.0,1.0,2023-08-01 08:26:28,
1021.0,soulthemes.com,true,26.0,50.0,11059.0,2.0,2.0,1.0,1.0,1.0,1.0,2025-09-22 11:40:06,2026-02-17 05:12:04
1022.0,ripirobo.com,true,26.0,149.0,0.0,85.0,23.0,1.0,1.0,1.0,1.0,2025-10-09 23:48:28,2026-05-03 19:31:38
1023.0,echovision.ae,true,26.0,19.0,47126.0,0.0,0.0,1.0,1.0,1.0,1.0,2025-07-31 01:55:43,2026-04-08 19:44:03
1024.0,boost-your-site-with-homepage-backlinks.us,true,26.0,819.0,0.0,0.0,0.0,1.0,0.0,1.0,1.0,2025-03-31 02:38:34,2026-02-06 01:11:46
1025.0,1xmarketing.com,false,26.0,100.0,42997.0,0.0,0.0,2.0,0.0,0.0,2.0,2024-11-09 10:05:17,
1026.0,kompromat100.info,true,26.0,717.0,0.0,0.0,0.0,1.0,0.0,1.0,1.0,2025-02-09 14:47:31,2026-02-18 14:50:04
1027.0,abcseams.com,false,26.0,97.0,103.0,253.0,74.0,1.0,0.0,0.0,1.0,2025-03-15 12:26:05,
1028.0,aiuse.blog,false,26.0,36.0,91.0,7.0,3.0,1.0,1.0,0.0,1.0,2026-01-05 01:14:39,
1029.0,messmag.com,false,26.0,117.0,917.0,36.0,25.0,2.0,0.0,0.0,2.0,2025-01-17 12:47:07,
1030.0,businessofshopping.com,true,25.0,109.0,0.0,0.0,0.0,1.0,0.0,1.0,1.0,2023-12-20 12:54:27,2025-08-01 18:45:22
1031.0,greenstories.co.in,false,25.0,78.0,5617.0,23.0,73.0,1.0,0.0,0.0,1.0,2023-08-01 02:50:54,
1032.0,startthefup.com,false,25.0,125.0,937.0,445.0,113.0,1.0,0.0,0.0,1.0,2023-08-08 08:02:06,
1033.0,reporterms.com.br,false,25.0,266.0,2071.0,0.0,1.0,1.0,1.0,0.0,1.0,2026-03-03 14:26:45,
1034.0,cindrebay.com,false,25.0,235.0,483.0,4339.0,432.0,1.0,0.0,0.0,1.0,2024-08-15 10:03:07,
1035.0,waxwing.ai,false,25.0,2021.0,18.0,0.0,0.0,4.0,2.0,4.0,4.0,2024-10-20 04:31:29,2025-10-26 15:50:07
1036.0,onlign-lab.com,true,25.0,267.0,9993.0,0.0,2.0,1.0,1.0,0.0,1.0,2025-09-01 18:39:25,
1037.0,netblogpro.com,false,25.0,212.0,16.0,0.0,0.0,1.0,0.0,1.0,1.0,2024-05-12 01:08:54,2025-07-24 00:22:22
1038.0,worldbusinesspromote.com,true,25.0,277.0,9221.0,0.0,0.0,6.0,6.0,1.0,0.0,2026-03-17 07:03:35,
1039.0,textyess.com,false,25.0,98.0,71.0,504.0,10.0,2.0,2.0,0.0,2.0,2026-03-28 20:05:26,
1040.0,newstextarea.com,false,25.0,208.0,69.0,0.0,0.0,1.0,0.0,1.0,1.0,2023-08-06 11:05:11,2025-09-25 14:32:55
1041.0,sewingtrip.com,false,25.0,163.0,5878.0,0.0,0.0,1.0,1.0,0.0,1.0,2025-09-26 16:34:06,
1042.0,acreaovivo.com,false,25.0,162.0,3060.0,345.0,79.0,1.0,1.0,0.0,1.0,2026-02-11 21:08:35,
1043.0,missmv.com,false,25.0,342.0,97.0,15.0,26.0,1.0,0.0,1.0,1.0,2024-09-23 07:14:09,2025-09-03 17:36:28
1044.0,incredibletech.org,false,25.0,45.0,190.0,18.0,35.0,4.0,0.0,0.0,4.0,2023-12-28 10:24:30,
1045.0,aeocontent.ai,false,25.0,7.0,4.0,0.0,0.0,1.0,1.0,1.0,0.0,2026-04-17 11:04:54,2026-05-07 15:00:58
1046.0,treepz.com,false,25.0,178.0,17.0,138.0,2.0,1.0,0.0,1.0,1.0,2023-11-07 04:35:39,2025-08-03 21:44:42
1047.0,cruzazul.org.br,true,25.0,169.0,2867.0,130.0,116.0,1.0,1.0,1.0,1.0,2025-08-27 11:15:12,2025-12-12 06:18:06
1048.0,forinov.fr,false,25.0,42.0,7236.0,227.0,229.0,1.0,0.0,0.0,1.0,2025-04-09 18:31:36,
1049.0,motherbase.ai,false,25.0,177.0,140545.0,12.0,12.0,2.0,0.0,1.0,2.0,2023-11-21 13:23:45,
1050.0,bijanairconditioningllc.com,false,25.0,51.0,3.0,0.0,0.0,1.0,1.0,1.0,1.0,2025-05-31 22:38:25,2026-01-21 21:59:28
1051.0,mediprospects.ai,true,25.0,36.0,127917.0,0.0,0.0,1.0,1.0,1.0,1.0,2025-05-30 22:41:47,2025-08-09 03:31:46
1052.0,oeste360.com,false,24.0,73.0,5620.0,193.0,72.0,1.0,1.0,0.0,1.0,2026-02-11 19:18:38,
1053.0,toplinkranker.shop,true,24.0,11.0,2.0,0.0,0.0,4.0,4.0,0.0,0.0,2026-05-11 19:27:29,
1054.0,spring-invest.com,false,24.0,114.0,232.0,32.0,1.0,1.0,0.0,0.0,1.0,2023-07-22 14:00:32,
1055.0,caleyowellness.com,false,24.0,30.0,4.0,0.0,0.0,4.0,4.0,0.0,0.0,2025-09-16 13:42:49,
1056.0,premiumseolinks.shop,false,24.0,7.0,2.0,0.0,0.0,4.0,4.0,0.0,0.0,2026-05-09 01:09:16,
1057.0,authoritybacklinks.shop,false,24.0,8.0,2.0,0.0,0.0,4.0,4.0,0.0,0.0,2026-05-08 04:02:02,
1058.0,linkrankboost.shop,true,24.0,7.0,2.0,0.0,0.0,4.0,4.0,0.0,0.0,2026-05-10 11:53:22,
1059.0,pbnseolinks.shop,false,24.0,7.0,2.0,0.0,0.0,4.0,4.0,0.0,0.0,2026-05-07 06:42:55,
1060.0,seolinkpro.shop,false,24.0,6.0,2.0,0.0,0.0,4.0,4.0,0.0,0.0,2026-05-08 05:38:22,
1061.0,ranklinkx.shop,true,24.0,7.0,2.0,0.0,0.0,4.0,4.0,0.0,0.0,2026-05-09 02:58:18,
1062.0,linkseopro.shop,false,24.0,6.0,2.0,0.0,0.0,4.0,4.0,0.0,0.0,2026-05-07 01:06:03,
1063.0,linkrankseo.shop,true,24.0,4.0,2.0,0.0,0.0,1.0,1.0,0.0,0.0,2026-05-09 02:27:01,
1064.0,ranklinkpro.shop,false,24.0,5.0,2.0,0.0,0.0,4.0,4.0,0.0,0.0,2026-05-10 03:26:10,
1065.0,icmsmt.com,true,24.0,113.0,5444590.0,0.0,2.0,1.0,0.0,0.0,1.0,2024-09-30 12:20:00,
1066.0,u.ventures,false,24.0,122.0,89.0,13.0,14.0,1.0,0.0,0.0,1.0,2025-02-06 10:47:07,
1067.0,australianwebdirectory.info,true,24.0,391.0,0.0,0.0,0.0,2.0,0.0,2.0,0.0,2025-04-28 15:26:08,2026-03-12 10:50:46
1068.0,bonline.hu,true,24.0,217.0,8496.0,22.0,13.0,4.0,1.0,0.0,4.0,2024-03-31 00:05:06,
1069.0,who-wants-pbn-links.xyz,true,24.0,115.0,0.0,0.0,0.0,1.0,1.0,1.0,1.0,2025-07-06 18:05:12,2026-02-07 17:26:54
1070.0,emnoticia.com.br,false,24.0,94.0,1911.0,93.0,11.0,1.0,1.0,0.0,0.0,2026-03-04 12:31:32,
1071.0,ideas.xyz,false,24.0,30.0,1.0,0.0,0.0,1.0,1.0,0.0,0.0,2026-03-22 03:15:50,
1072.0,prensadebabel.com.br,false,24.0,267.0,4955.0,44.0,101.0,1.0,1.0,0.0,1.0,2026-02-11 17:21:33,
1073.0,skinmedicalsd.com,true,24.0,88.0,52665.0,1.0,2.0,1.0,1.0,1.0,1.0,2025-09-15 00:02:37,2026-02-18 19:03:29
1074.0,pricelabsolutions.com,false,24.0,136.0,40.0,440.0,92.0,2.0,2.0,1.0,2.0,2025-11-28 18:10:17,
1075.0,fashioninsta.ai,false,23.0,54.0,103.0,901.0,164.0,4.0,4.0,2.0,4.0,2025-10-04 12:29:23,
1076.0,vuink.com,false,23.0,177.0,679551.0,0.0,0.0,6.0,6.0,1.0,6.0,2026-01-03 04:58:39,
1077.0,marketresearchforecast.com,false,23.0,89.0,44051.0,0.0,2.0,2.0,0.0,2.0,1.0,2024-07-28 13:53:24,2026-04-21 01:47:27
1078.0,sunnyside-pbn-domains.club,true,23.0,752.0,0.0,0.0,0.0,1.0,1.0,1.0,1.0,2025-06-10 03:06:00,2026-01-04 19:31:05
1079.0,evokeexperiences.com,false,23.0,58.0,9.0,4.0,2.0,2.0,2.0,0.0,0.0,2025-12-01 03:58:01,
1080.0,investmentmap.com.ua,false,23.0,68.0,99.0,129.0,44.0,4.0,0.0,0.0,4.0,2024-06-15 05:00:10,
1081.0,startup.inc,false,23.0,21.0,99.0,20.0,5.0,3.0,0.0,0.0,3.0,2023-11-26 12:49:23,
1082.0,cubeduel.com,false,23.0,435.0,1290.0,7.0,7.0,8.0,0.0,8.0,8.0,2025-03-13 22:02:21,2026-04-04 07:07:48
1083.0,bluehost.es,false,23.0,138.0,90.0,67.0,17.0,1.0,0.0,1.0,1.0,2025-02-28 18:51:44,2025-09-26 20:49:27
1084.0,prolinkseo.com,true,23.0,141.0,0.0,0.0,0.0,2.0,0.0,2.0,0.0,2025-03-17 13:10:38,2026-03-26 14:23:18
1085.0,oreporterregional.com.br,false,23.0,134.0,3767.0,286.0,121.0,1.0,1.0,0.0,1.0,2026-02-11 22:39:49,
1086.0,data-surfer.com,false,23.0,161.0,29067.0,0.0,0.0,1.0,1.0,1.0,1.0,2026-01-06 22:56:02,2026-05-20 10:43:35
1087.0,jsd.co.uk,false,23.0,292.0,704.0,378.0,87.0,3.0,3.0,0.0,3.0,2026-01-31 21:45:09,
1088.0,mirrago.com,false,23.0,111.0,20.0,14.0,6.0,1.0,1.0,0.0,0.0,2026-04-28 14:01:09,
1089.0,imhvacmarketing.com,true,23.0,187.0,0.0,0.0,0.0,2.0,0.0,2.0,2.0,2025-04-30 19:12:26,2026-03-11 10:20:58
1090.0,tweekly.ru,true,23.0,78.0,4160.0,29.0,2.0,1.0,0.0,1.0,1.0,2023-11-14 02:26:22,2025-11-15 05:59:11
1091.0,ayozat.com,false,23.0,124.0,704.0,356.0,183.0,3.0,0.0,0.0,0.0,2024-04-04 14:59:20,
1092.0,athens-escorts.info,true,23.0,570.0,0.0,0.0,0.0,1.0,0.0,1.0,1.0,2025-04-17 03:56:26,2026-01-28 05:13:34
1093.0,brandience.com,false,22.0,217.0,190.0,783.0,109.0,2.0,1.0,1.0,2.0,2025-05-03 16:40:07,
1094.0,newmarketpitch.com,false,22.0,136.0,6451.0,139.0,17.0,1.0,1.0,0.0,1.0,2026-03-13 16:14:24,
1095.0,thewalkmag.com,false,22.0,71.0,618.0,761.0,211.0,1.0,0.0,0.0,1.0,2024-04-07 02:01:26,
1096.0,jornalpontagrossa.com.br,false,22.0,223.0,3526.0,5987.0,134.0,1.0,1.0,0.0,1.0,2026-03-08 15:52:48,
1097.0,professionalconnector.com,false,22.0,313.0,92.0,13.0,3.0,2.0,1.0,1.0,2.0,2023-08-07 00:06:10,
1098.0,omnifynd.com,false,22.0,953.0,215.0,110.0,18.0,2.0,2.0,0.0,2.0,2025-09-03 03:58:22,
1099.0,alternative.to,false,22.0,211.0,0.0,398.0,12.0,37.0,14.0,0.0,0.0,2025-03-07 09:08:41,
1100.0,webbranddirectory.com,true,22.0,211.0,8746150.0,0.0,0.0,2.0,2.0,0.0,2.0,2025-12-30 08:58:19,
1101.0,ensobrands.com,false,22.0,142.0,75.0,502.0,82.0,2.0,0.0,0.0,2.0,2024-03-06 18:53:42,
1102.0,seolink.info,true,22.0,666.0,0.0,0.0,0.0,1.0,0.0,1.0,0.0,2025-04-04 13:05:40,2026-02-12 14:43:30
1103.0,her-age.com,false,22.0,1129.0,201.0,999.0,229.0,2.0,1.0,1.0,2.0,2023-08-12 20:22:57,
1104.0,keithdeverell.net,false,22.0,124.0,0.0,0.0,0.0,1.0,0.0,1.0,1.0,2024-03-10 00:01:40,2025-08-30 18:41:40
1105.0,petelulu.com,true,22.0,133.0,252.0,0.0,3.0,57.0,57.0,26.0,0.0,2026-01-23 10:02:18,
1106.0,saogoncaloagora.com.br,false,22.0,135.0,2270.0,380.0,56.0,1.0,1.0,0.0,1.0,2026-02-11 18:45:17,
1107.0,thejoue.com,false,22.0,669.0,1010.0,155.0,62.0,1.0,0.0,0.0,1.0,2023-08-28 11:29:29,
1108.0,likeuclothing.com,false,22.0,251.0,0.0,0.0,0.0,22.0,22.0,0.0,0.0,2025-08-06 11:22:33,
1109.0,databoostdirectory.com,true,22.0,77.0,8763933.0,0.0,0.0,2.0,2.0,0.0,2.0,2025-10-01 04:11:09,
1110.0,alisonhoenes.com,false,22.0,121.0,191.0,500.0,469.0,1.0,0.0,0.0,1.0,2024-01-20 10:30:19,
1111.0,odiariodoparana.com.br,false,22.0,64.0,7167.0,3.0,6.0,1.0,1.0,0.0,1.0,2026-02-11 17:28:20,
1112.0,bodly.app,false,22.0,14.0,33.0,264.0,38.0,1.0,1.0,0.0,1.0,2025-08-16 22:21:09,
1113.0,unanswered.io,false,22.0,396.0,0.0,9.0,3.0,4.0,4.0,0.0,0.0,2026-02-20 12:25:12,
1114.0,baccho.best,false,22.0,40.0,23.0,0.0,0.0,1.0,0.0,1.0,0.0,2024-10-03 23:57:29,2025-07-28 16:34:18
1115.0,backlinkdirectory.site,true,22.0,1013.0,2953690.0,0.0,0.0,1.0,1.0,1.0,1.0,2025-10-16 05:06:05,2026-05-25 22:24:20
1116.0,netzender.com,false,22.0,375.0,13425.0,0.0,0.0,3.0,0.0,3.0,3.0,2024-03-26 22:10:57,2025-10-13 00:10:53
1117.0,densipaper.net,true,22.0,250.0,14121.0,0.0,0.0,5.0,1.0,0.0,5.0,2025-03-03 20:20:44,
1118.0,digest.pro,false,22.0,35.0,19.0,8.0,15.0,1.0,0.0,1.0,0.0,2024-11-15 23:35:57,2025-06-27 07:38:25
1119.0,reviewbolt.com,false,21.0,304.0,59819.0,0.0,0.0,1.0,1.0,0.0,1.0,2026-04-21 05:01:34,
1120.0,botucatuonline.com,false,21.0,84.0,7534.0,93.0,62.0,1.0,1.0,0.0,1.0,2026-02-12 12:20:40,
1121.0,worldwidedigest.com,false,21.0,1239.0,490.0,0.0,0.0,3.0,0.0,0.0,0.0,2024-06-14 07:34:35,
1122.0,minory.org,false,21.0,232.0,28410.0,135.0,46.0,1.0,0.0,0.0,1.0,2023-12-31 07:49:41,
1123.0,xishanghui.net,false,21.0,383.0,2923.0,0.0,0.0,10.0,0.0,2.0,10.0,2023-12-21 13:25:01,
1124.0,muvon.es,true,21.0,132.0,7139.0,343.0,124.0,1.0,1.0,1.0,1.0,2025-08-09 22:03:17,2025-12-06 06:02:50
1125.0,vidmid.com,false,21.0,210.0,0.0,0.0,1.0,3.0,0.0,3.0,2.0,2024-04-23 18:38:17,2026-02-15 01:26:19
1126.0,brapodcast.se,false,21.0,127.0,2569.0,0.0,0.0,1.0,0.0,1.0,1.0,2024-07-02 01:56:34,2025-09-20 08:40:46
1127.0,portalantenados.com.br,false,21.0,92.0,4813.0,16.0,45.0,1.0,1.0,0.0,1.0,2026-02-12 03:45:47,
1128.0,shine-magazine.com,true,21.0,111.0,9626.0,0.0,0.0,3.0,0.0,1.0,3.0,2024-07-05 07:42:57,
1129.0,region.co.in,true,21.0,259.0,60.0,0.0,1.0,1.0,0.0,0.0,0.0,2024-11-08 04:01:46,
1130.0,storifygo.com,true,21.0,541.0,2931.0,0.0,0.0,5.0,2.0,5.0,5.0,2024-02-29 01:06:15,2026-05-08 19:50:46
1131.0,dr70-links.co.uk,true,21.0,75.0,0.0,0.0,0.0,1.0,1.0,1.0,1.0,2025-06-06 12:01:48,2026-01-27 14:56:09
1132.0,seobacklinks.agency,true,21.0,468.0,0.0,0.0,0.0,1.0,1.0,1.0,0.0,2025-06-11 14:44:04,2026-01-01 01:55:08
1133.0,ranisonline.co.uk,false,20.0,170.0,18.0,177.0,63.0,1.0,0.0,1.0,1.0,2023-11-19 16:58:46,2026-05-29 06:07:19
1134.0,siliconvalleyrw.com,false,20.0,450.0,0.0,415.0,20.0,1.0,0.0,0.0,0.0,2023-07-26 23:27:33,
1135.0,oalfenense.com.br,false,20.0,99.0,2210.0,15.0,40.0,1.0,1.0,0.0,1.0,2026-03-03 07:06:44,
1136.0,f4.fund,true,20.0,1713.0,23255.0,8669.0,3197.0,2.0,2.0,1.0,2.0,2026-02-23 21:19:57,
1137.0,rank-fast.agency,true,20.0,651.0,0.0,0.0,0.0,3.0,3.0,3.0,0.0,2025-06-02 23:17:31,2026-04-08 19:25:19
1138.0,mundotecnologia.info,true,20.0,354.0,0.0,0.0,0.0,1.0,0.0,1.0,1.0,2025-05-08 18:31:53,2026-03-05 03:46:49
1139.0,inferscience.com,false,20.0,140.0,73.0,1226.0,295.0,1.0,1.0,0.0,0.0,2025-08-23 05:29:36,
1140.0,jinfengapparel.com,false,20.0,126.0,2844.0,4309.0,3616.0,3.0,0.0,0.0,3.0,2025-03-13 20:42:58,
1141.0,fitezapp.com,false,20.0,37.0,47.0,0.0,0.0,2.0,0.0,0.0,2.0,2025-04-26 20:49:11,
1142.0,justfirefits.com,false,20.0,241.0,0.0,0.0,0.0,1.0,0.0,1.0,0.0,2025-02-08 12:58:26,2026-05-28 10:39:52
1143.0,rankvanceseo.info,true,20.0,709.0,4.511939E7,0.0,0.0,1.0,1.0,0.0,1.0,2025-08-30 02:24:01,
1144.0,ituade.com,false,19.0,37.0,38.0,0.0,0.0,1.0,0.0,0.0,0.0,2023-07-24 11:47:52,
1145.0,promptpanda.io,false,19.0,148.0,1491.0,74.0,18.0,1.0,0.0,0.0,1.0,2024-09-01 18:11:45,
1146.0,gazetadorn.com.br,false,19.0,208.0,2032.0,35.0,50.0,2.0,2.0,0.0,2.0,2026-02-11 17:00:48,
1147.0,binaryintelligence.org,false,19.0,35.0,3842.0,0.0,0.0,2.0,0.0,2.0,2.0,2024-08-20 03:09:11,2025-12-15 19:14:04
1148.0,jonmonsir.com,false,19.0,36.0,22.0,0.0,0.0,1.0,1.0,0.0,0.0,2026-01-18 03:29:07,
1149.0,norliteagg.com,false,19.0,149.0,19.0,166.0,14.0,35.0,35.0,7.0,0.0,2025-06-29 05:59:58,
1150.0,emporiumdigital.online,false,19.0,71.0,2022.0,0.0,0.0,2.0,0.0,2.0,2.0,2023-10-27 07:27:57,2025-06-09 21:07:38
1151.0,forbesblog.org,false,19.0,288.0,34.0,0.0,1.0,3.0,0.0,3.0,3.0,2025-05-10 10:19:09,2025-06-11 21:12:53
1152.0,backlinks.click,true,19.0,268.0,0.0,0.0,0.0,1.0,0.0,1.0,0.0,2024-09-02 16:03:56,2026-03-16 08:20:25
1153.0,daolink.mom,true,19.0,110.0,340.0,0.0,0.0,4.0,4.0,4.0,0.0,2026-01-05 09:41:25,2026-04-12 21:42:22
1154.0,neoaztlan.com,true,19.0,777.0,2826.0,0.0,0.0,6.0,4.0,4.0,6.0,2023-09-09 07:02:55,
1155.0,moviesrock.nl,true,19.0,79.0,0.0,0.0,0.0,1.0,1.0,1.0,1.0,2025-07-09 09:10:58,2026-02-25 15:39:26
1156.0,usdirectorylist.com,true,19.0,77.0,8756893.0,0.0,0.0,2.0,2.0,0.0,2.0,2025-09-27 15:55:19,
1157.0,obviouslyapparel.com,false,19.0,268.0,451.0,12757.0,3388.0,1.0,0.0,0.0,1.0,2024-03-08 21:07:42,
1158.0,ai-ecosystem.org,false,19.0,505.0,51421.0,409.0,114.0,2.0,1.0,0.0,2.0,2023-12-30 20:12:56,
1159.0,spalabeautyskin.com,true,19.0,10.0,3608.0,0.0,0.0,1.0,1.0,1.0,1.0,2025-09-28 07:31:18,2026-02-04 23:30:18
1160.0,techntools.co.uk,false,19.0,28.0,0.0,0.0,0.0,1.0,0.0,1.0,1.0,2023-07-26 20:57:54,2025-09-01 01:18:03
1161.0,selfie-battles-are-for-amateurs-tim--kalin-from-seodomains-here.com,true,19.0,688.0,0.0,0.0,0.0,1.0,1.0,1.0,1.0,2025-06-15 04:10:57,2026-01-13 07:37:12
1162.0,getwebsiteworth.com,true,19.0,348.0,4.02188515E8,0.0,0.0,6.0,6.0,0.0,6.0,2025-12-16 14:04:28,
1163.0,sunnyjophotography.com,true,18.0,754.0,1921.0,0.0,0.0,2.0,0.0,0.0,0.0,2023-08-18 01:00:54,
1164.0,businessline.global,false,18.0,1059.0,20.0,0.0,1.0,1.0,0.0,1.0,1.0,2025-04-19 20:14:54,2025-10-16 04:41:37
1165.0,desmo.gr,false,18.0,3.0,9688.0,0.0,0.0,1.0,0.0,1.0,1.0,2025-03-28 03:51:10,2026-02-19 15:46:38
1166.0,jornalintegracao.com,false,18.0,100.0,2840.0,42.0,39.0,1.0,1.0,0.0,1.0,2026-03-08 01:32:57,
1167.0,sojitz-ti.us,false,18.0,60.0,857.0,72.0,13.0,1.0,0.0,0.0,1.0,2025-03-14 05:47:04,
1168.0,ty-fashion.com,false,18.0,50.0,29.0,2.0,3.0,3.0,0.0,0.0,0.0,2025-03-07 12:15:46,
1169.0,toolsinfo.com,false,18.0,60.0,22558.0,0.0,9.0,4.0,4.0,3.0,4.0,2025-12-23 00:51:57,
1170.0,thetailoredco.com,false,18.0,101.0,150.0,404.0,108.0,3.0,0.0,0.0,3.0,2023-07-27 16:37:02,
1171.0,myhon.ch,true,18.0,1047.0,0.0,0.0,0.0,1.0,1.0,1.0,1.0,2025-06-03 22:04:10,2026-03-15 00:58:57
1172.0,webdirectoryzone.com,true,18.0,218.0,0.0,0.0,0.0,2.0,2.0,2.0,2.0,2025-06-07 12:59:39,2026-04-18 17:45:56
1173.0,phytnews.com,false,18.0,44.0,344.0,0.0,0.0,2.0,2.0,0.0,2.0,2026-05-14 00:05:17,
1174.0,fauxfoe.com,true,18.0,28.0,1080.0,0.0,0.0,1.0,1.0,1.0,1.0,2025-09-06 21:10:48,2025-11-14 14:16:09
1175.0,compworth.com,true,18.0,138.0,46.0,0.0,0.0,1.0,1.0,0.0,0.0,2026-04-11 20:48:34,
1176.0,sendscale.com,true,18.0,25.0,10643.0,7.0,22.0,1.0,1.0,0.0,1.0,2026-05-06 20:35:30,
1177.0,mydevotionalbook.com,true,18.0,36.0,62954.0,0.0,0.0,1.0,1.0,1.0,1.0,2025-08-05 02:42:46,2025-11-10 18:12:35
1178.0,best-dragon.com,false,18.0,27.0,2696.0,0.0,0.0,1.0,0.0,0.0,1.0,2025-04-25 11:55:15,
1179.0,hackathon.expert,false,18.0,18.0,12.0,0.0,0.0,2.0,0.0,0.0,0.0,2023-07-25 19:23:31,
1180.0,cyrixx.com,false,18.0,31.0,3836.0,0.0,0.0,1.0,0.0,1.0,0.0,2024-01-06 08:39:35,2025-07-06 05:50:08
1181.0,realnews.com.br,false,18.0,127.0,6774.0,9240.0,201.0,1.0,1.0,0.0,1.0,2026-02-11 17:22:14,
1182.0,marketingexperts.click,true,18.0,487.0,11.0,0.0,0.0,10.0,10.0,0.0,0.0,2026-02-08 23:45:29,
1183.0,setulog.com,false,18.0,34.0,1.0,0.0,0.0,1.0,0.0,1.0,0.0,2024-03-08 05:37:06,2025-06-10 04:29:58
1184.0,dicaappdodia.com,false,18.0,173.0,7795.0,6.0,49.0,1.0,1.0,0.0,1.0,2026-02-11 19:29:48,
1185.0,clothingmanufacturerltd.com,false,18.0,67.0,2.0,4.0,5.0,1.0,1.0,0.0,0.0,2025-09-25 19:02:26,
1186.0,tvbrusque.com.br,false,18.0,105.0,2712.0,23.0,51.0,1.0,1.0,0.0,1.0,2026-02-11 19:44:25,
1187.0,businessplankit.com,false,18.0,37.0,38.0,0.0,0.0,1.0,0.0,0.0,0.0,2025-04-08 12:10:44,
1188.0,museum-hub.org,false,18.0,61.0,30.0,0.0,0.0,1.0,0.0,0.0,0.0,2023-07-25 21:09:03,
1189.0,sophelle.com,false,18.0,136.0,327.0,285.0,73.0,2.0,1.0,2.0,2.0,2023-08-03 17:21:08,2026-02-02 19:51:43
1190.0,linkzonedirectory.com,true,18.0,263.0,0.0,0.0,0.0,1.0,1.0,1.0,1.0,2025-07-06 04:00:22,2025-08-06 06:54:04
1191.0,jornalcorreiodeuberlandia.com.br,false,17.0,112.0,3338.0,193.0,88.0,1.0,1.0,0.0,1.0,2026-02-12 00:40:29,
1192.0,lighthousegroup.co,true,17.0,62.0,673.0,12.0,2.0,1.0,0.0,1.0,1.0,2025-03-02 22:50:17,2025-09-02 18:38:33
1193.0,aleksandraswigut.com,false,17.0,45.0,48048.0,11.0,2.0,1.0,1.0,1.0,1.0,2025-08-30 10:34:19,2026-03-28 11:46:52
1194.0,ahrefsdirectory.com,true,17.0,832.0,0.0,0.0,0.0,1.0,0.0,1.0,1.0,2025-05-20 12:20:59,2026-02-15 05:16:54
1195.0,qa-animals.info,true,17.0,494.0,0.0,0.0,0.0,1.0,1.0,1.0,1.0,2025-07-12 01:38:08,2026-02-01 03:27:20
1196.0,evalyze.ai,false,17.0,120.0,806.0,1757.0,820.0,1.0,1.0,0.0,1.0,2026-05-13 17:15:48,
1197.0,enrouteeditor.com,false,17.0,244.0,1477.0,0.0,1.0,2.0,0.0,0.0,2.0,2023-07-24 19:41:00,
1198.0,kokbisa.id,false,17.0,39.0,437.0,387.0,34.0,1.0,0.0,0.0,1.0,2023-07-22 18:27:13,
1199.0,institutofilantropia.org.br,false,17.0,146.0,3241.0,0.0,0.0,1.0,1.0,0.0,1.0,2026-05-08 04:52:04,
1200.0,archiebronsonoutfit.net,true,17.0,805.0,2170.0,0.0,0.0,1.0,0.0,0.0,0.0,2023-07-27 16:21:26,
1201.0,vix.lt,true,17.0,160.0,0.0,0.0,0.0,1.0,1.0,1.0,1.0,2025-07-18 02:20:20,2026-02-21 23:02:56
1202.0,madeingermany.sk,true,17.0,17.0,4324.0,8.0,5.0,1.0,1.0,1.0,1.0,2025-07-15 05:29:35,2025-09-17 14:57:41
1203.0,numazu-j.net,true,17.0,68.0,153.0,0.0,1.0,1.0,0.0,1.0,1.0,2024-07-10 11:56:26,2025-09-09 00:30:51
1204.0,afre.org,true,16.0,734.0,2736.0,0.0,0.0,2.0,0.0,2.0,2.0,2025-01-11 02:21:59,2026-05-11 08:10:03
1205.0,mps-commerce.com,false,16.0,111.0,23.0,4.0,5.0,1.0,0.0,0.0,0.0,2023-07-25 03:45:13,
1206.0,linkboostdirectory.com,true,16.0,211.0,8768248.0,0.0,1.0,2.0,2.0,0.0,2.0,2025-08-24 02:13:29,
1207.0,beaconpointcolorado.com,true,16.0,52.0,352.0,0.0,0.0,1.0,1.0,0.0,0.0,2026-03-05 12:02:59,
1208.0,globalrankdirectory.com,true,16.0,190.0,8767092.0,0.0,0.0,2.0,2.0,0.0,2.0,2025-12-24 19:43:12,
1209.0,worldseodirectory.com,true,16.0,195.0,8765676.0,0.0,0.0,2.0,2.0,0.0,2.0,2025-08-30 20:48:46,
1210.0,seotrafficdirectory.com,true,16.0,185.0,8764630.0,0.0,0.0,2.0,2.0,0.0,2.0,2025-09-29 22:55:08,
1211.0,trustblurbs.com,false,16.0,20.0,1431.0,38.0,29.0,1.0,1.0,0.0,1.0,2025-10-09 20:47:12,
1212.0,99-best.website,true,16.0,806.0,5.0,0.0,0.0,2.0,2.0,2.0,0.0,2025-11-18 23:22:51,2026-05-05 11:56:32
1213.0,georgetownindy.com,false,16.0,1801.0,159.0,1905.0,237.0,1.0,0.0,0.0,1.0,2024-03-02 23:00:02,
1214.0,mentibus.xyz,false,16.0,154.0,79301.0,0.0,0.0,1.0,1.0,1.0,1.0,2026-02-04 08:14:46,2026-04-02 05:08:48
1215.0,evolvenova.com,true,16.0,43.0,138.0,1.0,1.0,1.0,0.0,0.0,1.0,2025-02-23 12:32:13,
1216.0,diganoticias.com.br,false,16.0,45.0,2526.0,1.0,6.0,1.0,1.0,0.0,1.0,2026-04-10 09:22:51,
1217.0,grupoabcnews.com.br,false,16.0,62.0,1854.0,82.0,67.0,1.0,1.0,0.0,1.0,2026-02-26 00:47:32,
1218.0,manomode.com,true,16.0,63.0,819.0,18.0,14.0,4.0,4.0,0.0,4.0,2025-12-20 10:04:53,
1219.0,republicpost.in,true,16.0,246.0,11.0,0.0,6.0,2.0,1.0,0.0,0.0,2024-07-08 15:28:18,
1220.0,l8shop.net,true,16.0,792.0,2186.0,0.0,0.0,1.0,0.0,1.0,0.0,2023-09-07 02:00:29,2026-05-11 02:23:12
1221.0,stackviv.ai,false,16.0,120.0,66.0,0.0,0.0,1.0,1.0,0.0,0.0,2025-12-26 11:11:58,
1222.0,directorycloudhub.com,true,16.0,127.0,8768450.0,0.0,0.0,2.0,2.0,0.0,2.0,2025-10-15 06:29:50,
1223.0,monyomonyo.net,false,16.0,105.0,49585.0,0.0,0.0,2.0,0.0,0.0,2.0,2024-06-22 11:45:33,
1224.0,seosolodirectory.com,true,16.0,359.0,0.0,0.0,0.0,2.0,0.0,2.0,2.0,2025-05-14 19:01:24,2026-02-11 17:59:19
1225.0,bluelinestyle.com,false,16.0,111.0,84.0,17.0,33.0,2.0,0.0,0.0,0.0,2024-01-24 23:26:20,
1226.0,domainsproject.org,false,16.0,81.0,43.0,47.0,19.0,9.0,9.0,9.0,9.0,2025-12-17 20:58:26,2026-01-05 03:34:38
1227.0,papasearch.net,false,16.0,274.0,1693863.0,0.0,1.0,5.0,5.0,0.0,5.0,2026-05-14 20:04:43,
1228.0,gatewaycatalog.com,true,16.0,186.0,0.0,0.0,0.0,2.0,0.0,2.0,2.0,2025-04-30 18:51:06,2026-01-29 07:52:53
1229.0,searchstackdirectory.com,true,16.0,156.0,8763028.0,0.0,0.0,2.0,2.0,0.0,2.0,2025-10-06 09:29:48,
1230.0,seoboast.site,true,15.0,1021.0,8.0,0.0,0.0,1.0,1.0,1.0,1.0,2025-10-12 19:33:45,2025-12-21 23:07:22
1231.0,deviantdigital.io,false,15.0,2.0,97.0,1.0,1.0,1.0,1.0,0.0,1.0,2025-10-04 02:43:43,
1232.0,noticiasdosjornais.com.br,false,15.0,49.0,6684.0,0.0,0.0,1.0,1.0,0.0,1.0,2026-05-08 01:18:53,
1233.0,velokrivbass.com,true,15.0,274.0,0.0,0.0,0.0,3.0,1.0,3.0,3.0,2025-05-01 10:00:14,2026-03-08 00:15:51
1234.0,guestpostwebdirectory.com,true,15.0,241.0,8767197.0,0.0,0.0,3.0,3.0,1.0,3.0,2025-07-26 22:53:37,
1235.0,owoliving.com,true,15.0,201.0,1564.0,0.0,0.0,6.0,0.0,6.0,6.0,2024-10-07 23:07:35,2025-10-03 09:24:50
1236.0,casteworld.com,true,15.0,545.0,457.0,0.0,0.0,2.0,0.0,0.0,0.0,2024-08-04 16:18:09,
1237.0,555vcto.com,false,15.0,62.0,629.0,1.0,2.0,1.0,0.0,0.0,1.0,2023-07-28 14:59:09,
1238.0,cloudpick.ai,false,15.0,72.0,594.0,508.0,220.0,2.0,2.0,0.0,0.0,2025-07-08 20:09:54,
1239.0,linkdirectoryzone.com,true,15.0,56.0,8761155.0,0.0,0.0,2.0,2.0,0.0,2.0,2025-09-27 07:12:53,
1240.0,uk-wire.com,false,15.0,235.0,7011.0,1.0,6.0,2.0,2.0,0.0,2.0,2025-08-24 11:17:56,
1241.0,pagina1.com.br,false,15.0,299.0,703.0,4249.0,375.0,2.0,2.0,2.0,2.0,2026-02-11 19:24:35,2026-04-25 09:53:12
1242.0,saasdiscovery.com,true,15.0,248.0,0.0,0.0,4.0,1.0,0.0,0.0,0.0,2023-08-07 12:46:11,
1243.0,ploetzlicher-kindstod.org,true,15.0,780.0,2241.0,0.0,0.0,1.0,0.0,0.0,0.0,2024-08-08 12:34:53,
1244.0,bbeb.com,false,15.0,64.0,927.0,228.0,117.0,2.0,0.0,0.0,2.0,2024-09-24 07:55:44,
1245.0,scorpionplanogram.com,false,15.0,86.0,105.0,710.0,119.0,1.0,0.0,1.0,1.0,2024-09-05 10:49:30,2025-10-20 16:16:25
1246.0,alljobs.info,true,15.0,142.0,3.94908493E8,0.0,0.0,4.0,4.0,0.0,4.0,2026-05-12 23:01:03,
1247.0,seowebsitesdirectory.com,true,15.0,234.0,8764715.0,0.0,0.0,2.0,2.0,0.0,2.0,2025-09-29 01:13:01,
1248.0,muksalcreative.com,false,15.0,44.0,113.0,107.0,6.0,1.0,1.0,0.0,1.0,2025-12-02 02:16:27,
1249.0,sandobap.com,true,15.0,673.0,2703.0,0.0,0.0,1.0,0.0,0.0,1.0,2023-08-19 22:51:31,
1250.0,marketinghubdirectory.com,true,15.0,241.0,8768336.0,0.0,0.0,3.0,3.0,1.0,3.0,2025-07-24 17:58:02,
1251.0,marketingzonedirectory.com,true,15.0,234.0,0.0,0.0,0.0,1.0,1.0,1.0,1.0,2025-07-26 21:11:50,2026-03-30 08:14:55
1252.0,oscobrasdanoticia.com.br,false,15.0,73.0,3432.0,8.0,7.0,1.0,1.0,0.0,1.0,2026-02-12 10:54:19,
1253.0,soycurly.com,true,15.0,28.0,952.0,3.0,4.0,1.0,1.0,1.0,1.0,2025-09-08 04:47:10,2026-01-08 22:49:53
1254.0,geti.cl,false,15.0,137.0,119.0,2039.0,324.0,1.0,1.0,0.0,1.0,2025-09-10 18:57:29,
1255.0,aidirectoryzone.com,true,14.0,362.0,0.0,0.0,0.0,1.0,1.0,1.0,1.0,2025-06-03 18:56:38,2026-03-05 21:42:57
1256.0,aiia.tech,false,14.0,65.0,12062.0,0.0,1.0,1.0,0.0,0.0,1.0,2023-08-15 07:04:34,
1257.0,authorityprodirectory.com,true,14.0,187.0,8765373.0,0.0,1.0,2.0,2.0,0.0,2.0,2025-10-20 09:31:13,
1258.0,smartcdripper.com,true,14.0,350.0,0.0,0.0,3.0,2.0,0.0,2.0,2.0,2025-05-01 18:49:49,2026-03-05 11:48:13
1259.0,berthascafephoenix.com,true,14.0,683.0,2990.0,0.0,0.0,1.0,0.0,0.0,1.0,2023-08-26 23:09:48,
1260.0,clientsbee.com,true,14.0,49.0,323207.0,0.0,0.0,1.0,1.0,0.0,1.0,2026-05-28 09:55:14,
1261.0,ourcutebabies.com,true,14.0,101.0,0.0,0.0,0.0,1.0,0.0,1.0,1.0,2025-05-09 18:17:42,2025-07-01 10:54:45
1262.0,seotechdirectory.com,true,14.0,289.0,0.0,0.0,0.0,2.0,0.0,2.0,2.0,2025-05-16 15:56:17,2026-02-19 08:00:58
1263.0,patriciahaueiss.com,false,14.0,42.0,259.0,0.0,0.0,1.0,0.0,0.0,1.0,2023-07-25 13:32:07,
1264.0,dlsserve.com,false,14.0,127.0,9860.0,0.0,0.0,1.0,0.0,1.0,1.0,2023-08-21 06:51:35,2025-08-17 00:23:52
1265.0,scoopandshare.com,false,14.0,34.0,64.0,0.0,2.0,1.0,0.0,0.0,1.0,2025-05-01 11:58:08,
1266.0,bywaterhideout.com,false,14.0,671.0,2430.0,0.0,0.0,1.0,1.0,0.0,0.0,2026-05-04 10:51:34,
1267.0,techbillion.co.uk,false,14.0,28.0,0.0,0.0,0.0,1.0,0.0,1.0,1.0,2024-09-24 10:32:13,2025-09-23 21:45:38
1268.0,traffichubdirectory.com,true,14.0,205.0,8766069.0,0.0,1.0,2.0,2.0,0.0,2.0,2025-09-29 14:55:06,
1269.0,themetaversespectrum.com,false,14.0,65.0,153.0,0.0,0.0,2.0,0.0,2.0,2.0,2023-07-27 03:36:42,2025-11-15 16:24:41
1270.0,vmora.com,false,14.0,66.0,77.0,79.0,55.0,2.0,1.0,1.0,2.0,2023-10-08 07:36:04,
1271.0,voyageinns.com,false,14.0,106.0,512.0,0.0,0.0,1.0,1.0,0.0,1.0,2025-09-11 13:16:25,
1272.0,revistamatrimoni.com.br,false,14.0,55.0,6312.0,8.0,8.0,1.0,1.0,0.0,1.0,2026-03-03 14:17:57,
1273.0,allthingscircular.com,false,14.0,56.0,199.0,18.0,32.0,1.0,1.0,0.0,1.0,2025-11-16 08:03:46,
1274.0,theskylinepub.com,true,14.0,674.0,1482.0,0.0,0.0,1.0,0.0,0.0,0.0,2023-07-28 09:28:19,
1275.0,viraltrench.com,false,14.0,454.0,3677.0,8.0,8.0,3.0,0.0,0.0,3.0,2023-07-26 03:15:22,
1276.0,semrushdirectory.com,true,14.0,524.0,8768256.0,0.0,0.0,3.0,3.0,1.0,3.0,2025-08-04 01:37:47,
1277.0,cheaplebronjamesshoes2014.com,true,14.0,760.0,2724.0,0.0,0.0,2.0,0.0,0.0,2.0,2025-03-25 22:21:18,
1278.0,damianistores.com,false,14.0,173.0,125.0,1546.0,946.0,1.0,0.0,0.0,1.0,2024-06-18 13:37:59,
1279.0,girleffect-jobs.org,true,14.0,668.0,1607.0,0.0,0.0,1.0,1.0,0.0,0.0,2026-05-03 18:30:17,
1280.0,portalvv8.com.br,false,14.0,37.0,2727.0,795.0,134.0,1.0,1.0,0.0,1.0,2026-02-11 19:53:11,
1281.0,infinity-press.jp,false,14.0,137.0,1761.0,7.0,22.0,3.0,0.0,0.0,0.0,2024-03-29 03:05:21,
1282.0,saas-nation.com,false,14.0,136.0,102.0,3.0,16.0,1.0,0.0,0.0,1.0,2023-07-22 12:54:37,
1283.0,unstuckengine.com,false,14.0,61.0,36.0,3.0,3.0,1.0,0.0,1.0,1.0,2024-07-24 01:45:10,2026-05-28 12:54:44
1284.0,tasteofthaiharrisonburg.com,true,14.0,653.0,2091.0,0.0,0.0,1.0,0.0,0.0,0.0,2023-08-02 18:10:27,
1285.0,clovirtualfashion.blog,false,14.0,7.0,137.0,4.0,4.0,5.0,0.0,0.0,5.0,2024-05-05 18:48:30,
1286.0,ageokousei.jp,true,13.0,454.0,0.0,0.0,0.0,1.0,0.0,1.0,1.0,2025-04-03 08:26:44,2026-02-15 18:20:09
1287.0,nabookarts.com,true,13.0,121.0,0.0,0.0,0.0,2.0,0.0,2.0,2.0,2025-05-01 16:08:01,2026-02-04 12:53:42
1288.0,leadnoticia.com.br,false,13.0,12.0,1835.0,15.0,4.0,1.0,1.0,0.0,1.0,2026-02-11 19:07:04,
1289.0,allwebsites.net,true,13.0,268.0,30.0,0.0,1.0,1.0,0.0,1.0,0.0,2023-09-30 11:43:36,2026-04-23 07:50:12
1290.0,toplist.co.in,true,13.0,363.0,86.0,0.0,0.0,1.0,0.0,1.0,0.0,2024-08-06 03:15:41,2026-04-12 08:31:26
1291.0,aventure.vc,false,13.0,881.0,10053.0,618.0,566.0,2.0,2.0,0.0,0.0,2025-07-25 15:30:59,
1292.0,giro1.com.br,false,13.0,43.0,2506.0,83.0,35.0,1.0,1.0,0.0,1.0,2026-02-12 11:51:32,
1293.0,linuxnov.com,false,13.0,207.0,3390.0,0.0,0.0,1.0,0.0,1.0,1.0,2024-10-05 03:32:35,2025-07-09 21:19:59
1294.0,paultandesigns.com,false,13.0,654.0,2170.0,0.0,0.0,1.0,0.0,0.0,0.0,2023-09-03 17:30:05,
1295.0,ereleasewire.com,false,13.0,317.0,41.0,0.0,0.0,2.0,0.0,2.0,2.0,2023-10-30 03:33:50,2026-05-11 08:45:35
1296.0,rethinkconnect.com,false,13.0,116.0,16.0,42.0,11.0,1.0,0.0,1.0,1.0,2025-05-06 22:43:06,2025-11-12 13:50:35
1297.0,jacobverghese.info,true,13.0,978.0,0.0,0.0,0.0,1.0,0.0,1.0,1.0,2025-01-29 22:55:22,2026-02-21 04:48:39
1298.0,matthughesphoto.com,false,13.0,78.0,3.0,0.0,0.0,1.0,0.0,1.0,0.0,2023-11-29 14:40:08,2025-12-14 12:16:28
1299.0,beago.ai,false,13.0,50.0,16.0,0.0,0.0,5.0,0.0,5.0,5.0,2025-02-28 14:09:56,2026-01-19 10:29:44
1300.0,thefword.ai,false,13.0,77.0,245.0,248.0,80.0,9.0,6.0,6.0,9.0,2024-08-23 17:15:40,
1301.0,nextwavehellas.com,true,13.0,30.0,10072.0,0.0,0.0,1.0,1.0,1.0,1.0,2025-08-24 05:50:42,2026-01-08 12:15:17
1302.0,solodirectoryzone.com,true,13.0,118.0,0.0,0.0,0.0,1.0,1.0,1.0,1.0,2025-07-06 01:20:58,2026-03-22 09:00:47
1303.0,nycluxorlimo.com,false,13.0,67.0,199.0,0.0,0.0,1.0,0.0,1.0,1.0,2025-04-26 19:46:07,2026-02-07 17:50:53
1304.0,rankongoogle.agency,true,13.0,100.0,0.0,0.0,0.0,4.0,4.0,0.0,0.0,2025-12-25 16:24:20,
1305.0,debateparaiba.com.br,false,13.0,206.0,1297.0,26.0,10.0,1.0,1.0,0.0,1.0,2026-03-17 04:51:33,
1306.0,topsiterankdirectory.com,true,13.0,109.0,8764642.0,0.0,0.0,2.0,2.0,0.0,2.0,2025-10-17 08:16:54,
1307.0,greenchoiceaffiliates.com,false,13.0,31.0,260.0,0.0,0.0,3.0,2.0,3.0,3.0,2024-09-26 03:12:33,2026-05-25 02:30:29
1308.0,powerlinkdirectory.com,true,13.0,128.0,8767023.0,0.0,0.0,2.0,2.0,0.0,2.0,2025-09-30 19:37:53,
1309.0,ahrefs-links.com,true,13.0,216.0,8766977.0,0.0,0.0,2.0,2.0,0.0,2.0,2025-09-29 15:08:13,
1310.0,bettermirror.io,true,13.0,11.0,4.0,0.0,0.0,2.0,2.0,0.0,0.0,2025-09-28 09:37:58,
1311.0,truegazette.com,false,13.0,156.0,4534.0,0.0,0.0,1.0,0.0,0.0,1.0,2025-01-01 02:06:14,
1312.0,qualium-systems.com,false,13.0,211.0,344.0,175.0,40.0,1.0,0.0,0.0,1.0,2023-07-24 07:16:25,
1313.0,allaroundplastics.com,false,13.0,54.0,61.0,286.0,86.0,6.0,6.0,0.0,6.0,2025-11-20 11:29:36,
1314.0,inhealthbody.co.uk,true,13.0,587.0,1082.0,0.0,0.0,1.0,0.0,0.0,1.0,2025-03-14 15:24:44,
1315.0,founderweekly.com,false,13.0,150.0,2189.0,0.0,0.0,1.0,0.0,0.0,1.0,2025-01-18 07:35:05,
1316.0,wardrobewonderspro.com,true,13.0,589.0,1065.0,0.0,0.0,1.0,0.0,0.0,1.0,2025-03-17 05:11:32,
1317.0,kaitphotography.com.au,false,13.0,140.0,3.0,0.0,0.0,1.0,0.0,1.0,0.0,2023-08-17 01:07:13,2026-02-11 03:11:54
1318.0,bonusgate.org,false,12.0,468.0,0.0,0.0,0.0,1.0,0.0,1.0,1.0,2023-08-29 17:39:18,2025-07-05 15:35:20
1319.0,katmoviehd.wf,true,12.0,820.0,0.0,0.0,0.0,1.0,1.0,1.0,1.0,2025-06-05 04:00:06,2026-02-13 14:53:09
1320.0,shopselegante.com,true,12.0,581.0,606.0,0.0,0.0,3.0,3.0,2.0,3.0,2026-03-18 02:53:06,
1321.0,apexmasterexpos.com,true,12.0,15.0,17976.0,0.0,3.0,3.0,3.0,0.0,3.0,2026-01-03 06:55:52,
1322.0,smartdirectoryhub.com,true,12.0,156.0,8762877.0,0.0,0.0,2.0,2.0,0.0,2.0,2025-09-28 20:46:26,
1323.0,webmind.mk,false,12.0,19.0,334.0,9.0,9.0,1.0,0.0,0.0,0.0,2024-05-03 12:09:24,
1324.0,astrafit.com,true,12.0,173.0,42.0,0.0,1.0,2.0,0.0,0.0,2.0,2024-09-28 01:28:35,
1325.0,newfashion.zone,false,12.0,41.0,130.0,17.0,21.0,2.0,0.0,0.0,2.0,2023-07-24 12:06:52,
1326.0,markettradingessentials.com,false,12.0,229.0,11256.0,0.0,0.0,2.0,1.0,1.0,2.0,2024-11-25 22:16:34,
1327.0,stanbase.tech,true,12.0,11.0,36.0,0.0,0.0,2.0,2.0,2.0,2.0,2026-01-25 22:19:54,2026-05-19 12:30:37
1328.0,ai-fitness-engineer.com,false,12.0,73.0,74.0,0.0,0.0,1.0,0.0,1.0,1.0,2024-12-25 18:21:36,2025-10-04 14:34:04
1329.0,rankpilot.shop,true,12.0,525.0,0.0,0.0,0.0,4.0,4.0,0.0,0.0,2025-09-18 23:25:03,
1330.0,moneygame.pro,true,12.0,1055.0,3.9307037E7,0.0,0.0,1.0,1.0,1.0,1.0,2025-05-30 14:39:40,2026-02-18 21:07:45
1331.0,500ee.co,false,12.0,30.0,94.0,5.0,4.0,1.0,0.0,0.0,1.0,2023-07-25 05:26:30,
1332.0,cna7.com.br,false,12.0,100.0,2242.0,14.0,41.0,1.0,1.0,0.0,1.0,2026-02-12 09:26:56,
1333.0,cosmaneura.com,false,12.0,37.0,8.0,0.0,0.0,2.0,2.0,0.0,0.0,2025-07-18 01:50:59,
1334.0,iee.org.ua,false,12.0,201.0,6650.0,170.0,150.0,8.0,8.0,0.0,0.0,2026-01-24 10:48:48,
1335.0,agmermer.pro,true,12.0,656.0,9126.0,0.0,0.0,3.0,2.0,3.0,3.0,2025-04-23 01:09:08,2026-03-13 12:03:55
1336.0,aibacklinkdirectory.com,true,12.0,75.0,0.0,0.0,0.0,2.0,2.0,2.0,2.0,2025-08-25 14:50:35,2025-11-12 11:44:15
1337.0,primedirectoryzone.com,true,12.0,77.0,0.0,0.0,0.0,1.0,1.0,1.0,1.0,2025-07-31 21:32:19,2026-03-25 12:36:04
1338.0,primesolodirectory.com,true,12.0,52.0,8766222.0,0.0,0.0,2.0,2.0,0.0,2.0,2025-09-30 03:10:46,
1339.0,cbsservicesusa.com,true,12.0,354.0,8851.0,0.0,0.0,1.0,1.0,1.0,1.0,2025-06-10 15:04:58,2025-10-31 04:16:28
1340.0,tvinterbam.com.br,false,12.0,44.0,1724.0,17.0,3.0,1.0,1.0,0.0,1.0,2026-04-15 03:56:40,
1341.0,circuitoabertonews.com.br,false,12.0,19.0,1657.0,0.0,4.0,1.0,1.0,0.0,1.0,2026-03-12 23:11:32,
1342.0,proitukraine.org,true,12.0,41.0,250.0,0.0,0.0,1.0,0.0,0.0,1.0,2023-07-21 11:02:59,
1343.0,whenregistered.com,true,12.0,217.0,0.0,0.0,0.0,1.0,0.0,1.0,0.0,2024-08-27 22:32:54,2026-01-25 03:05:54
1344.0,toptierdirectory.com,true,12.0,87.0,8761281.0,0.0,0.0,3.0,3.0,1.0,3.0,2025-06-14 04:58:10,
1345.0,theglossychic.com,false,12.0,540.0,1183.0,0.0,1.0,1.0,0.0,0.0,1.0,2023-12-08 00:50:48,
1346.0,faishion.ai,false,12.0,32.0,19.0,0.0,0.0,1.0,0.0,1.0,1.0,2024-06-07 16:56:57,2026-02-19 01:04:28
1347.0,blucactus.co.za,false,11.0,323.0,0.0,0.0,0.0,1.0,1.0,1.0,1.0,2025-09-22 02:51:21,2025-10-18 20:40:52
1348.0,globalmaxdirectory.com,true,11.0,95.0,0.0,0.0,0.0,1.0,1.0,1.0,1.0,2025-07-08 18:26:23,2025-08-06 15:03:33
1349.0,themasterdirectory.com,true,11.0,93.0,8756900.0,0.0,0.0,3.0,3.0,1.0,3.0,2025-07-15 10:11:12,
1350.0,w3bdirectory.com,true,11.0,94.0,81.0,0.0,0.0,2.0,1.0,0.0,0.0,2025-05-03 23:54:48,
1351.0,na-magazine.com,false,11.0,28.0,247.0,119.0,10.0,1.0,0.0,0.0,1.0,2024-09-24 18:16:31,
1352.0,newest-expired-domains-here.click,true,11.0,123.0,0.0,0.0,0.0,1.0,1.0,1.0,1.0,2025-07-17 10:38:54,2026-03-04 05:10:55
1353.0,mypodcastdata.com,false,11.0,49.0,488200.0,434.0,176.0,3.0,3.0,0.0,3.0,2026-02-07 11:17:45,
1354.0,mustach.com.br,false,11.0,51.0,2135.0,13.0,10.0,1.0,1.0,0.0,1.0,2026-02-12 05:59:29,
1355.0,paylas.io,false,11.0,326.0,4845.0,332.0,96.0,2.0,0.0,0.0,2.0,2023-07-26 00:25:30,
1356.0,contrank.com,false,11.0,243.0,5270.0,0.0,0.0,1.0,0.0,0.0,1.0,2024-06-05 09:29:50,
1357.0,businessrankdirectory.com,true,11.0,416.0,0.0,0.0,0.0,2.0,1.0,2.0,2.0,2025-05-19 17:44:25,2026-03-10 02:46:52
1358.0,octopusera.com,false,11.0,26.0,29.0,0.0,0.0,2.0,1.0,0.0,2.0,2025-05-09 11:12:48,
1359.0,weartotrack.com,false,11.0,205.0,169.0,0.0,0.0,1.0,1.0,0.0,0.0,2025-08-01 04:38:20,
1360.0,salgskurser.info,false,11.0,5.0,11736.0,0.0,0.0,2.0,2.0,0.0,2.0,2025-10-16 00:01:03,
1361.0,societemag.com,false,11.0,269.0,2681.0,0.0,3.0,2.0,0.0,0.0,2.0,2024-07-01 21:07:17,
1362.0,techvisionstudio.com,false,11.0,152.0,125.0,0.0,0.0,1.0,0.0,1.0,1.0,2025-04-30 16:25:15,2025-09-13 17:52:29
1363.0,websitefinder.org,true,11.0,246.0,1.0,0.0,0.0,1.0,0.0,1.0,0.0,2025-01-18 22:54:24,2026-04-03 11:18:24
1364.0,foresighthealthcoaching.com,false,11.0,36.0,311.0,0.0,0.0,5.0,0.0,5.0,0.0,2025-03-14 09:59:02,2026-01-08 07:52:58
1365.0,prodirectoryguide.com,true,11.0,163.0,0.0,0.0,0.0,2.0,2.0,2.0,2.0,2025-06-09 23:02:10,2026-03-15 05:01:53
1366.0,horizonsport.shop,false,11.0,33.0,78.0,2.0,4.0,4.0,0.0,1.0,4.0,2024-11-26 19:35:01,
1367.0,bizdirectoryrank.com,true,11.0,413.0,0.0,0.0,0.0,2.0,0.0,2.0,2.0,2025-05-12 05:12:09,2026-03-22 21:38:51
1368.0,mach-mal-urlaub.eu,false,11.0,41.0,40.0,0.0,2.0,1.0,1.0,0.0,1.0,2025-12-17 20:16:51,
1369.0,zas.ventures,true,11.0,61.0,384.0,4.0,2.0,2.0,0.0,2.0,2.0,2023-09-18 23:39:51,2025-10-18 11:24:28
1370.0,glamtabloid.com,false,11.0,82.0,741.0,0.0,0.0,3.0,0.0,0.0,3.0,2024-01-08 11:47:18,
1371.0,magazinehubs.net,false,11.0,101.0,1549.0,0.0,0.0,2.0,0.0,0.0,2.0,2024-08-06 13:34:09,
1372.0,australianwebdirectory.shop,true,11.0,893.0,0.0,0.0,0.0,1.0,0.0,1.0,1.0,2025-04-29 02:15:32,2026-01-21 02:04:55
1373.0,leeds.tech,true,11.0,60.0,39.0,0.0,0.0,1.0,0.0,1.0,1.0,2025-03-01 23:21:33,2025-08-22 02:49:28
1374.0,folhadoamapa.com,false,11.0,64.0,2308.0,8.0,6.0,1.0,1.0,0.0,1.0,2026-02-12 02:24:58,
1375.0,seobooastdirectory.com,true,11.0,350.0,0.0,0.0,0.0,2.0,0.0,2.0,2.0,2025-05-15 06:25:44,2026-04-04 20:21:16
1376.0,rankeddirectory.com,true,11.0,186.0,0.0,0.0,0.0,3.0,3.0,3.0,3.0,2025-06-10 19:18:43,2026-04-12 04:24:04
1377.0,highauthoritydirectory.com,true,11.0,1314.0,8762808.0,0.0,0.0,2.0,2.0,0.0,2.0,2025-09-11 19:36:40,
1378.0,ewelinakowalczyk.pl,true,11.0,26.0,40564.0,0.0,0.0,1.0,1.0,1.0,1.0,2025-09-15 05:21:46,2026-04-23 15:47:03
1379.0,glance.app,false,11.0,38.0,281.0,0.0,0.0,3.0,3.0,0.0,3.0,2026-04-02 22:23:48,
1380.0,galaxidi.eu,true,10.0,31.0,4102.0,0.0,1.0,1.0,1.0,1.0,1.0,2025-09-12 23:22:44,2025-10-20 07:24:05
1381.0,thedirectoryportal.com,true,10.0,143.0,0.0,0.0,0.0,3.0,3.0,3.0,3.0,2025-06-01 23:44:18,2026-04-07 03:22:54
1382.0,karishmacreations.com,false,10.0,226.0,1.0,0.0,0.0,1.0,0.0,1.0,1.0,2023-11-24 09:32:32,2026-03-24 13:54:23
1383.0,bel-gescher.de,false,10.0,42.0,50530.0,89.0,8.0,1.0,1.0,1.0,1.0,2025-07-18 11:46:42,2026-04-09 22:44:36
1384.0,abcofprocurement.com,false,10.0,49.0,162.0,8.0,6.0,2.0,1.0,0.0,2.0,2023-07-29 20:18:28,
1385.0,cossar.shop,true,10.0,132.0,197.0,0.0,0.0,1.0,1.0,1.0,0.0,2025-09-18 07:06:50,2025-09-28 00:42:57
1386.0,theninthworld.com,false,10.0,88.0,2188.0,0.0,0.0,12.0,0.0,0.0,12.0,2023-07-20 08:07:02,
1387.0,quartetoradioweb.com.br,false,10.0,66.0,2640.0,1148.0,110.0,1.0,1.0,0.0,1.0,2026-02-12 09:03:31,
1388.0,luxwrite.com,false,10.0,188.0,293.0,0.0,0.0,7.0,0.0,7.0,7.0,2025-02-21 02:09:59,2025-07-13 09:44:17
1389.0,sinaunangpanahon.com,false,10.0,61.0,106.0,11.0,89.0,1.0,0.0,0.0,0.0,2025-02-15 01:42:11,
1390.0,topmarketingdirectory.com,true,10.0,147.0,0.0,0.0,0.0,1.0,1.0,1.0,1.0,2025-07-27 03:32:40,2025-08-06 21:36:11
1391.0,aadhunik.ai,false,10.0,47.0,1413.0,316.0,24.0,1.0,1.0,0.0,1.0,2025-10-02 06:24:46,
1392.0,learn3dfashion.com,false,10.0,60.0,128.0,312.0,68.0,1.0,0.0,1.0,1.0,2025-04-17 05:03:41,2025-05-29 10:17:18
1393.0,ma7.vc,false,10.0,29.0,34.0,72.0,3.0,1.0,0.0,1.0,1.0,2025-02-10 07:48:39,2025-12-17 13:57:07
1394.0,tbshomelamp.com,false,10.0,33.0,0.0,0.0,1.0,1.0,0.0,1.0,1.0,2025-01-25 17:19:57,2025-06-09 19:34:21
1395.0,angelboss.com.br,false,10.0,207.0,2499.0,4.0,3.0,4.0,4.0,1.0,4.0,2026-02-12 15:52:11,
1396.0,websiterace.com,true,10.0,65.0,3.90915656E8,0.0,0.0,5.0,5.0,0.0,5.0,2026-02-04 10:06:01,
1397.0,usaseodirectory.com,true,10.0,219.0,8768452.0,0.0,0.0,2.0,2.0,0.0,2.0,2025-10-02 23:49:18,
1398.0,yelpdirectory.com,true,10.0,237.0,0.0,0.0,0.0,2.0,2.0,2.0,2.0,2025-07-09 17:27:52,2026-03-22 07:26:53
1399.0,phdeck.com,false,10.0,88.0,61818.0,0.0,0.0,56.0,27.0,56.0,56.0,2025-01-22 06:36:52,2026-04-27 18:47:59
1400.0,luxuryonsales.com,false,10.0,148.0,258.0,0.0,0.0,1.0,1.0,0.0,1.0,2025-07-04 14:43:07,
1401.0,ratemyaisite.com,true,10.0,21.0,76419.0,1.0,13.0,1.0,1.0,0.0,1.0,2026-05-10 00:00:10,
1402.0,seobacklinkdirectory.com,true,10.0,229.0,0.0,0.0,0.0,1.0,1.0,1.0,1.0,2025-07-13 15:00:10,2026-03-20 21:43:00
1403.0,saasdirectorywebsites.com,true,10.0,295.0,0.0,0.0,0.0,3.0,3.0,3.0,3.0,2025-06-05 13:08:31,2026-04-16 13:59:18
1404.0,seoprodirectory.com,true,10.0,133.0,8763611.0,0.0,0.0,2.0,2.0,0.0,2.0,2025-12-27 09:37:34,
1405.0,metaversebusinessconference.com,false,10.0,82.0,149.0,22.0,11.0,1.0,0.0,0.0,1.0,2023-12-08 22:30:21,
1406.0,trenerka.ai,false,10.0,117.0,1665.0,5.0,3.0,2.0,2.0,0.0,0.0,2026-02-22 09:37:03,
1407.0,chapadagrande.com,false,10.0,55.0,2686.0,18.0,8.0,1.0,1.0,0.0,1.0,2026-02-11 19:05:30,
1408.0,educationforgirls.org,false,10.0,176.0,3286.0,0.0,0.0,17.0,0.0,17.0,4.0,2024-04-05 14:29:57,2026-03-26 06:12:19
1409.0,clad.you,false,10.0,66.0,34.0,2.0,1.0,1.0,1.0,0.0,1.0,2026-03-27 22:00:21,
1410.0,entrecidades.net,false,10.0,67.0,1615.0,0.0,7.0,1.0,1.0,1.0,1.0,2026-02-11 19:18:40,2026-05-26 21:21:26
1411.0,aimartz.com,true,9.0,605.0,1058.0,21.0,3.0,1.0,1.0,0.0,1.0,2026-05-28 04:18:05,
1412.0,portaldafeira.com.br,false,9.0,188.0,2642.0,2.0,19.0,1.0,1.0,0.0,1.0,2026-02-12 15:10:27,
1413.0,lookingglasslifestyle.com,false,9.0,287.0,514.0,7.0,15.0,1.0,1.0,0.0,1.0,2025-07-09 05:51:41,
1414.0,bestai.com,false,9.0,76.0,395.0,141.0,1.0,1.0,0.0,1.0,1.0,2025-03-31 17:11:51,2026-01-03 04:38:00
1415.0,founderlodge.com,false,9.0,81.0,25197.0,53.0,59.0,4.0,0.0,0.0,2.0,2023-08-03 07:34:05,
1416.0,penhanews.com.br,false,9.0,60.0,3333.0,57.0,41.0,1.0,1.0,0.0,1.0,2026-02-12 14:36:38,
1417.0,unomidias.com.br,false,9.0,152.0,118.0,4.0,4.0,1.0,1.0,1.0,1.0,2026-02-11 19:27:15,2026-04-26 20:10:14
1418.0,ucmeet.info,false,9.0,30.0,73.0,0.0,1.0,2.0,0.0,1.0,2.0,2023-10-14 12:52:00,
1419.0,joinminimal.com,false,9.0,163.0,146.0,262.0,58.0,2.0,2.0,0.0,0.0,2025-08-31 17:26:35,
1420.0,portalaltonia.com.br,false,9.0,72.0,2705.0,477.0,103.0,1.0,1.0,0.0,1.0,2026-02-11 19:21:52,
1421.0,businessideakit.com,false,9.0,42.0,4.0,0.0,0.0,1.0,1.0,1.0,0.0,2025-08-11 04:57:52,2025-09-08 09:46:10
1422.0,ready.pro,true,9.0,20.0,18.0,0.0,0.0,7.0,7.0,1.0,0.0,2026-04-03 01:04:09,
1423.0,portalnarede.com.br,false,9.0,54.0,2148.0,11.0,7.0,1.0,1.0,0.0,1.0,2026-02-12 07:53:53,
1424.0,tribunapopular.net,false,9.0,64.0,2303.0,8.0,4.0,1.0,1.0,0.0,1.0,2026-02-11 17:58:32,
1425.0,ukrrudprom.eu,false,9.0,17.0,10172.0,6.0,4.0,1.0,1.0,0.0,1.0,2026-05-16 02:33:04,
1426.0,love.net.in,true,9.0,207.0,26.0,0.0,0.0,1.0,0.0,0.0,0.0,2023-11-28 22:07:55,
1427.0,frogmanmindfulness.com,true,9.0,42.0,33185.0,0.0,0.0,1.0,1.0,1.0,1.0,2025-06-01 14:12:37,2026-02-22 05:26:41
1428.0,supremedirectory.com,true,9.0,74.0,0.0,0.0,0.0,2.0,2.0,2.0,2.0,2025-09-09 19:50:54,2025-11-09 04:08:04
1429.0,sepiastories.in,false,9.0,1070.0,351.0,9339.0,1192.0,1.0,1.0,1.0,1.0,2025-10-08 05:54:59,2025-12-20 04:52:31
1430.0,list.show,true,9.0,138.0,102.0,0.0,0.0,3.0,3.0,0.0,0.0,2025-11-29 13:06:01,
1431.0,easthillscasuals.com,false,9.0,150.0,1123.0,276.0,161.0,3.0,0.0,2.0,3.0,2024-07-15 20:39:41,
1432.0,linkstock.net,false,9.0,231.0,14.0,0.0,0.0,1.0,0.0,1.0,0.0,2023-12-04 09:08:08,2026-04-27 10:44:35
1433.0,linkwebdirectory.com,true,9.0,296.0,0.0,0.0,0.0,1.0,0.0,1.0,0.0,2025-03-26 01:48:22,2026-02-01 10:44:12
1434.0,josedecastro.net,false,8.0,68.0,12.0,3.0,1.0,1.0,0.0,1.0,1.0,2024-05-01 07:08:06,2025-06-11 21:30:20
1435.0,useaihub.tech,true,8.0,2.0,2904.0,0.0,0.0,2.0,2.0,1.0,2.0,2025-09-30 11:00:24,
1436.0,scangeni.us,false,8.0,17.0,90.0,0.0,0.0,1.0,0.0,1.0,0.0,2025-02-11 22:43:14,2026-03-14 23:42:43
1437.0,addurl.pw,true,8.0,84.0,0.0,0.0,0.0,1.0,0.0,1.0,0.0,2024-09-23 14:12:55,2026-02-27 15:43:07
1438.0,gymijet.com,false,8.0,46.0,71.0,11.0,2.0,1.0,1.0,0.0,1.0,2025-11-04 16:15:25,
1439.0,k89design.com,false,8.0,114.0,445.0,10.0,12.0,1.0,0.0,0.0,1.0,2024-02-04 08:22:05,
1440.0,icecct.com,true,8.0,567.0,3907766.0,0.0,0.0,1.0,0.0,0.0,1.0,2024-09-29 19:50:14,
1441.0,alenews.pl,true,8.0,1104.0,0.0,0.0,0.0,1.0,1.0,1.0,1.0,2025-05-30 15:54:57,2026-02-24 07:37:57
1442.0,beatable.co,true,8.0,71.0,869.0,70.0,4.0,8.0,8.0,0.0,0.0,2025-10-07 16:18:46,
1443.0,pickmybot.com,false,8.0,28.0,0.0,94.0,8.0,3.0,3.0,0.0,0.0,2025-09-04 06:23:30,
1444.0,savetheweb.org,true,8.0,106.0,20.0,0.0,0.0,3.0,0.0,3.0,0.0,2025-04-08 04:13:06,2025-11-20 23:13:13
1445.0,chjornal.com.br,false,8.0,8.0,1597.0,4.0,6.0,1.0,1.0,0.0,1.0,2026-02-25 00:58:52,
1446.0,wilsonsmedia.com,false,8.0,162.0,12982.0,0.0,0.0,1.0,0.0,1.0,1.0,2023-10-28 12:31:33,2026-01-22 08:44:42
1447.0,elitebioscience.co,false,8.0,69.0,222.0,0.0,5.0,1.0,1.0,0.0,1.0,2025-08-14 07:47:28,
1448.0,topdir.net,true,8.0,203.0,0.0,0.0,2.0,1.0,0.0,1.0,0.0,2023-07-29 01:05:29,2026-02-22 01:35:08
1449.0,dlit.co,false,8.0,169.0,3.0,0.0,0.0,5.0,0.0,5.0,4.0,2023-08-01 13:19:30,2026-02-24 07:41:16
1450.0,million.pro,true,8.0,186.0,0.0,0.0,0.0,1.0,0.0,1.0,0.0,2024-08-17 22:27:07,2026-03-25 14:31:40
1451.0,fygurs.com,false,8.0,42.0,2266.0,143.0,26.0,2.0,2.0,0.0,2.0,2026-04-29 01:57:23,
1452.0,exampledirectory.com,true,8.0,75.0,4.0,0.0,0.0,2.0,1.0,2.0,0.0,2025-05-11 12:53:07,2026-01-23 12:32:37
1453.0,weeblydirectory.com,true,8.0,48.0,0.0,0.0,0.0,2.0,2.0,2.0,2.0,2025-08-28 20:53:21,2026-04-20 17:44:58
1454.0,anjana.co.in,true,8.0,180.0,42.0,0.0,1.0,1.0,0.0,0.0,0.0,2023-11-19 01:52:21,
1455.0,primeseodirectory.com,true,8.0,40.0,0.0,0.0,0.0,2.0,2.0,2.0,2.0,2025-09-27 22:40:05,2025-12-04 21:05:58
1456.0,techlist.ai,true,8.0,10.0,70572.0,0.0,0.0,8.0,8.0,0.0,8.0,2026-05-15 21:49:58,
1457.0,dainiknepalgunj.com,true,8.0,53.0,355.0,83.0,7.0,1.0,1.0,1.0,1.0,2025-09-20 19:26:10,2026-01-08 01:25:59
1458.0,discussion.co.in,true,8.0,165.0,46.0,0.0,0.0,1.0,0.0,0.0,0.0,2025-02-25 20:37:03,
1459.0,livewebsites.net,true,8.0,90.0,0.0,0.0,0.0,1.0,0.0,1.0,0.0,2024-10-11 12:46:15,2026-03-05 11:21:42
1460.0,fldh.info,true,8.0,416.0,0.0,0.0,0.0,1.0,0.0,1.0,1.0,2025-02-10 02:33:05,2026-03-06 02:51:52
1461.0,booksreadr.org,true,8.0,177.0,3.94923138E8,0.0,0.0,2.0,2.0,0.0,2.0,2026-02-04 22:16:21,
1462.0,ideamill.info,false,8.0,116.0,1692.0,0.0,1.0,1.0,1.0,0.0,1.0,2026-01-19 08:20:27,
1463.0,zhygg.com,true,8.0,142.0,0.0,0.0,0.0,1.0,0.0,1.0,0.0,2024-08-03 17:41:38,2026-02-02 11:24:46
1464.0,techstorym2m.hu,false,8.0,112.0,1249.0,41.0,8.0,2.0,0.0,0.0,2.0,2023-08-04 08:38:40,
1465.0,gpsdanoticia.com.br,false,8.0,132.0,1430.0,0.0,1.0,1.0,1.0,0.0,1.0,2026-04-07 19:08:47,
1466.0,backlink.solutions,true,8.0,69.0,0.0,0.0,0.0,1.0,0.0,1.0,0.0,2024-12-15 01:35:59,2026-02-08 05:26:30
1467.0,fashionsgalleria.com,false,8.0,26.0,0.0,0.0,0.0,1.0,0.0,1.0,1.0,2024-09-25 08:59:02,2025-12-02 05:58:17
1468.0,kiantp.com,false,7.0,64.0,83.0,7.0,4.0,2.0,1.0,1.0,2.0,2025-03-08 05:10:37,
1469.0,masterclass.pk,false,7.0,22.0,22.0,27.0,5.0,1.0,0.0,1.0,1.0,2025-02-12 21:07:33,2025-06-22 19:37:24
1470.0,touristpoint.in,true,7.0,166.0,0.0,2.0,24.0,1.0,0.0,1.0,0.0,2023-11-28 18:19:16,2025-05-29 09:27:55
1471.0,newdirectory.in,true,7.0,51.0,0.0,0.0,0.0,1.0,0.0,1.0,0.0,2025-02-20 16:58:25,2026-02-19 03:48:04
1472.0,this-is-not-what-you-think-it-is-at-all.us,true,7.0,738.0,0.0,0.0,0.0,1.0,1.0,1.0,1.0,2025-06-04 08:30:16,2026-03-12 05:57:51
1473.0,linkscrawl.com,true,7.0,101.0,0.0,0.0,2.0,1.0,0.0,1.0,0.0,2024-07-20 03:17:16,2026-02-14 11:35:46
1474.0,portaldojj.com.br,false,7.0,73.0,6661.0,0.0,6.0,1.0,1.0,0.0,1.0,2026-03-31 07:36:26,
1475.0,theshoeboxnyc.com,false,7.0,661.0,2224.0,0.0,0.0,1.0,0.0,0.0,1.0,2023-08-12 08:42:14,
1476.0,buntya.com,true,7.0,208.0,0.0,0.0,0.0,1.0,0.0,1.0,0.0,2024-08-27 23:44:46,2026-04-06 18:37:43
1477.0,topdoma.in,true,7.0,191.0,0.0,0.0,11.0,1.0,0.0,1.0,0.0,2024-11-05 15:37:11,2026-03-01 03:28:13
1478.0,flickrdirectory.com,true,7.0,40.0,0.0,0.0,0.0,1.0,1.0,1.0,1.0,2025-10-31 03:10:49,2025-12-03 09:24:10
1479.0,fotb.news,false,7.0,22.0,726.0,34.0,25.0,1.0,1.0,0.0,1.0,2025-08-27 00:06:11,
1480.0,seohubdirectory.com,true,7.0,226.0,1039833.0,0.0,0.0,1.0,1.0,0.0,1.0,2025-09-26 23:04:54,
1481.0,metacrun.ch,false,7.0,14.0,1184.0,0.0,0.0,1.0,0.0,0.0,1.0,2023-07-23 12:13:11,
1482.0,netizenposts.com,false,7.0,30.0,9.0,0.0,0.0,14.0,14.0,14.0,14.0,2025-06-19 11:41:41,2025-07-15 23:43:19
1483.0,sortis.bg,false,7.0,24.0,14.0,0.0,4.0,1.0,0.0,0.0,1.0,2023-08-08 11:47:07,
1484.0,new.net.in,false,7.0,172.0,64.0,0.0,5.0,1.0,0.0,0.0,0.0,2023-10-11 08:32:46,
1485.0,seodirectorypro.com,true,7.0,104.0,8765473.0,0.0,1.0,2.0,2.0,0.0,2.0,2025-10-23 11:01:36,
1486.0,ycm.info,true,7.0,47.0,3.91692068E8,0.0,0.0,6.0,6.0,0.0,6.0,2026-05-11 07:45:29,
1487.0,backlinks.cyou,true,7.0,650.0,68.0,0.0,2.0,1.0,1.0,0.0,0.0,2025-09-30 13:29:20,
1488.0,list.net.in,true,7.0,201.0,13.0,0.0,0.0,1.0,0.0,1.0,0.0,2023-11-21 10:35:44,2026-04-02 12:20:02
1489.0,avozdosmunicipios.com.br,false,7.0,55.0,2087.0,0.0,2.0,1.0,1.0,0.0,1.0,2026-03-04 22:28:34,
1490.0,retreattasmania.com.au,true,7.0,24.0,50758.0,0.0,0.0,1.0,0.0,1.0,1.0,2025-04-10 06:18:57,2026-04-22 22:33:46
1491.0,startupintros.com,false,7.0,742.0,110370.0,6972.0,4321.0,3.0,3.0,0.0,3.0,2026-04-21 11:25:09,
1492.0,techosmo.com,false,7.0,77.0,45.0,0.0,0.0,1.0,1.0,1.0,1.0,2025-09-17 01:41:42,2025-12-15 11:57:35
1493.0,statuscaptions.com,true,7.0,322.0,5.0,0.0,0.0,5.0,0.0,5.0,5.0,2023-11-02 03:54:48,2025-10-19 19:06:55
1494.0,a3apparelnyc.com,false,7.0,29.0,14.0,2.0,4.0,1.0,0.0,0.0,1.0,2023-07-25 19:05:41,
1495.0,coffee-web.ru,false,7.0,122.0,11490.0,223.0,185.0,2.0,1.0,0.0,2.0,2024-08-13 13:57:31,
1496.0,webdesignerdirectory.in,true,7.0,30.0,0.0,0.0,0.0,1.0,0.0,1.0,0.0,2024-11-29 09:50:50,2026-04-01 05:28:56
1497.0,noticiasdefato.com.br,false,7.0,43.0,1978.0,5.0,9.0,1.0,1.0,0.0,1.0,2026-02-12 13:52:20,
1498.0,imperio.com.my,true,7.0,8.0,84675.0,305.0,3.0,1.0,1.0,1.0,1.0,2025-09-19 05:56:19,2026-03-20 01:16:14
1499.0,mandatobahia.com.br,false,7.0,34.0,925.0,9.0,16.0,1.0,1.0,1.0,1.0,2026-02-11 17:36:04,2026-05-27 20:43:55
1500.0,globalecommerce.org,true,7.0,142.0,3.95330821E8,0.0,0.0,2.0,2.0,0.0,2.0,2025-12-30 02:35:13,
1501.0,way2check.cv,true,7.0,73.0,3.96116603E8,0.0,0.0,2.0,2.0,0.0,2.0,2026-05-12 03:21:11,
1502.0,feelfree.in,true,7.0,2475.0,60.0,0.0,14.0,1.0,0.0,0.0,0.0,2023-11-12 04:02:05,
1503.0,ctmedweightloss.com,false,7.0,51.0,12.0,117.0,34.0,22.0,22.0,0.0,0.0,2026-04-02 09:44:17,
1504.0,airframe.ai,false,7.0,38.0,14967.0,20.0,36.0,2.0,2.0,1.0,2.0,2026-03-07 20:51:23,
1505.0,thediscountinfo.com,false,7.0,84.0,32.0,0.0,0.0,1.0,0.0,0.0,1.0,2024-12-16 09:51:20,
1506.0,domains-links-backlinks-all-for-purchase.homes,true,7.0,750.0,0.0,0.0,0.0,1.0,1.0,1.0,1.0,2025-06-10 22:52:56,2026-01-25 13:50:18
1507.0,boulevardrobnera.pl,true,7.0,38.0,1806.0,0.0,1.0,1.0,1.0,1.0,1.0,2025-10-16 15:03:53,2026-01-31 18:29:46
1508.0,karkafihair.ae,true,7.0,339.0,5900.0,39.0,17.0,1.0,1.0,1.0,1.0,2025-07-28 16:40:54,2025-10-08 19:35:18
1509.0,rephraseai.tech,false,7.0,54.0,59.0,1.0,2.0,2.0,0.0,2.0,2.0,2025-05-15 22:18:07,2025-09-27 20:24:26
1510.0,garderobo.ai,false,7.0,77.0,59.0,1.0,5.0,2.0,0.0,0.0,2.0,2024-01-20 22:06:38,
1511.0,360hoje.com.br,false,7.0,18.0,2927.0,76.0,20.0,1.0,1.0,0.0,1.0,2026-02-11 19:21:28,
1512.0,bestadultdirectory.com,true,7.0,38.0,73.0,0.0,0.0,2.0,1.0,0.0,0.0,2025-05-07 00:44:23,
1513.0,awtvnews.com.br,false,7.0,15.0,2103.0,8.0,4.0,1.0,1.0,0.0,1.0,2026-05-08 06:23:35,
1514.0,estilonewsms.com.br,false,7.0,7.0,706.0,18.0,1.0,1.0,1.0,0.0,1.0,2026-03-21 20:18:02,
1515.0,anoticiacerta.com.br,false,7.0,58.0,3081.0,13.0,14.0,1.0,1.0,0.0,1.0,2026-02-12 06:21:28,
1516.0,informedsauce.com,false,7.0,52.0,1068.0,72.0,35.0,1.0,0.0,0.0,1.0,2023-07-29 19:48:53,
1517.0,officialwebsites.in,true,7.0,206.0,42.0,0.0,3.0,1.0,0.0,0.0,0.0,2023-09-06 01:43:31,
1518.0,cnbv.com.br,false,7.0,46.0,2798.0,8.0,3.0,1.0,1.0,0.0,1.0,2026-02-11 19:42:26,
1519.0,aquinabahia.com.br,false,7.0,48.0,1240.0,0.0,0.0,1.0,1.0,1.0,1.0,2026-03-05 13:36:38,2026-04-11 13:36:00
1520.0,rankvanceauthority.info,true,6.0,692.0,3.1414286E7,0.0,0.0,1.0,1.0,1.0,1.0,2025-08-31 00:30:04,2025-11-26 23:05:45
1521.0,postacie.ai,false,6.0,69.0,1015.0,13.0,7.0,1.0,1.0,0.0,0.0,2026-02-25 05:16:28,
1522.0,tumblrdirectory.com,true,6.0,48.0,0.0,0.0,0.0,2.0,2.0,2.0,2.0,2025-09-27 07:15:22,2026-04-16 02:55:21
1523.0,newfilms.in,true,6.0,220.0,0.0,0.0,0.0,1.0,0.0,1.0,0.0,2024-11-16 14:11:26,2026-02-18 11:59:09
1524.0,pixelsauce.co,false,6.0,311.0,48.0,396.0,119.0,2.0,2.0,0.0,0.0,2025-09-09 21:30:06,
1525.0,mediumdirectory.com,true,6.0,39.0,0.0,0.0,0.0,2.0,2.0,2.0,2.0,2025-10-19 23:33:33,2026-04-15 16:50:42
1526.0,surekha.co.in,true,6.0,227.0,43.0,0.0,4.0,1.0,0.0,0.0,0.0,2025-03-01 14:33:15,
1527.0,onemilliondomains.com,true,6.0,77.0,63.0,0.0,0.0,2.0,1.0,0.0,0.0,2025-05-02 06:36:32,
1528.0,all-steroid.com,true,6.0,79.0,296.0,0.0,0.0,3.0,0.0,3.0,3.0,2025-03-07 07:08:26,2025-07-11 05:42:37
1529.0,digitamizer.com,false,6.0,105.0,250.0,0.0,1.0,1.0,0.0,1.0,1.0,2025-03-15 15:27:05,2026-02-23 02:12:16
1530.0,circularloopholes.net,false,6.0,38.0,270.0,3.0,1.0,1.0,0.0,0.0,1.0,2025-01-04 11:12:25,
1531.0,goodguilt.com,false,6.0,150.0,46.0,0.0,0.0,1.0,0.0,1.0,0.0,2025-01-19 13:40:24,2025-12-05 23:05:17
1532.0,dailygeekreport.com,false,6.0,115.0,8939.0,0.0,0.0,1.0,1.0,0.0,1.0,2025-07-07 23:56:49,
1533.0,aquafreshprime.com,false,6.0,204.0,0.0,0.0,0.0,6.0,0.0,6.0,6.0,2025-05-06 12:52:25,2025-12-22 12:15:57
1534.0,aitechbrief.com,false,6.0,29.0,4.0,0.0,0.0,2.0,2.0,0.0,0.0,2025-10-30 12:57:42,
1535.0,galagov.tv,false,6.0,64.0,0.0,0.0,0.0,1.0,0.0,1.0,1.0,2024-02-04 02:20:34,2025-09-01 00:33:56
1536.0,sushila.co.in,true,6.0,214.0,54.0,0.0,0.0,1.0,0.0,0.0,0.0,2025-03-21 13:41:15,
1537.0,meainfissi.com,true,6.0,28.0,3266.0,0.0,0.0,1.0,1.0,1.0,1.0,2025-08-07 07:21:17,2026-01-20 09:34:22
1538.0,ateliersociety.com,false,6.0,38.0,15.0,0.0,0.0,1.0,0.0,0.0,1.0,2023-11-22 02:30:13,
1539.0,opinanews.com.br,false,6.0,307.0,937.0,191.0,89.0,1.0,1.0,1.0,1.0,2026-02-11 17:51:41,2026-05-16 10:19:30
1540.0,earthkey.blog,false,6.0,9.0,2314.0,89.0,58.0,1.0,0.0,0.0,1.0,2024-07-12 01:51:54,
1541.0,seoelitedirectory.com,true,6.0,41.0,2.0,0.0,0.0,2.0,2.0,2.0,2.0,2025-09-28 07:28:41,2025-12-04 09:03:27
1542.0,allistingdirectory.com,true,6.0,110.0,8768126.0,1.0,2.0,2.0,2.0,0.0,2.0,2025-10-08 16:14:30,
1543.0,musweb.org,true,6.0,93.0,618209.0,0.0,0.0,1.0,1.0,0.0,1.0,2026-01-10 10:12:08,
1544.0,sajnet.com.br,false,6.0,55.0,2640.0,19.0,37.0,1.0,1.0,0.0,1.0,2026-02-11 19:28:14,
1545.0,backlink.work,true,6.0,108.0,1.0,0.0,0.0,1.0,0.0,1.0,0.0,2024-08-17 13:15:35,2026-04-14 00:55:17
1546.0,dietexerciseshop.com,false,6.0,43.0,86.0,0.0,0.0,2.0,2.0,1.0,2.0,2025-09-30 17:34:11,
1547.0,linkbuildingdirectory.com,true,6.0,57.0,2359478.0,0.0,0.0,2.0,2.0,2.0,2.0,2025-09-28 20:22:09,2026-04-17 04:54:21
1548.0,saaswebdirectory.com,true,6.0,43.0,0.0,0.0,0.0,2.0,2.0,2.0,2.0,2025-09-06 15:48:48,2025-11-12 01:42:02
1549.0,startup-seeker.com,true,6.0,268.0,157974.0,8.0,20.0,17.0,17.0,15.0,17.0,2025-12-18 23:16:46,
1550.0,webusdirectory.com,true,6.0,45.0,2.0,0.0,0.0,2.0,2.0,2.0,2.0,2025-08-30 10:55:36,2026-04-20 01:38:20
1551.0,warazon.com,true,6.0,37.0,2.0,0.0,0.0,2.0,1.0,2.0,0.0,2025-05-27 11:30:10,2025-10-08 09:40:10
1552.0,sv3dprinterai.com,false,6.0,39.0,677.0,0.0,0.0,2.0,2.0,0.0,0.0,2026-02-03 05:21:54,
1553.0,claroblog.com.ni,false,6.0,22.0,0.0,0.0,0.0,1.0,1.0,1.0,1.0,2025-09-12 02:55:00,2025-11-14 05:16:33
1554.0,hermesoutletsmall.com,false,6.0,33.0,678.0,0.0,2.0,1.0,1.0,0.0,1.0,2025-12-18 08:29:15,
1555.0,verifieddirectory.com,true,6.0,65.0,0.0,0.0,0.0,2.0,2.0,2.0,2.0,2025-08-28 22:14:36,2025-11-30 08:25:29
1556.0,agoradiario.com.br,false,6.0,51.0,2227.0,47.0,36.0,1.0,1.0,0.0,1.0,2026-02-14 14:06:01,
1557.0,vivergoias.com.br,false,6.0,54.0,1883.0,1.0,17.0,1.0,1.0,1.0,1.0,2026-02-11 20:03:20,2026-05-13 21:25:15
1558.0,socialrankdirectory.com,true,6.0,37.0,0.0,0.0,0.0,2.0,2.0,2.0,2.0,2025-10-01 03:30:14,2026-04-17 00:39:38
1559.0,daniellecrobinson.com,false,6.0,125.0,1683.0,2.0,1.0,5.0,0.0,5.0,5.0,2024-10-08 09:40:10,2025-07-13 04:35:16
1560.0,backlinksdirectoryhub.com,true,6.0,37.0,44989.0,0.0,0.0,2.0,2.0,2.0,2.0,2025-09-19 16:58:56,2026-04-24 05:13:54
1561.0,topsaasdirectory.com,true,6.0,40.0,2.0,0.0,0.0,2.0,2.0,2.0,2.0,2025-09-29 19:18:24,2026-04-28 18:21:54
1562.0,icicec.com,true,6.0,79.0,112956.0,0.0,0.0,1.0,0.0,1.0,1.0,2025-03-15 12:05:22,2025-11-14 18:44:40
1563.0,aiarticledirectory.com,true,6.0,49.0,0.0,0.0,0.0,2.0,2.0,2.0,2.0,2025-08-31 13:26:46,2025-12-03 11:59:15
1564.0,seodirectoryzone.com,true,6.0,39.0,0.0,0.0,0.0,2.0,2.0,2.0,2.0,2025-08-28 05:37:51,2026-04-14 12:48:42
1565.0,seologixdirectory.com,true,6.0,38.0,0.0,0.0,0.0,2.0,2.0,2.0,2.0,2025-09-10 11:21:50,2026-04-26 06:44:40
1566.0,mariamandu.com.br,false,6.0,140.0,1532.0,44.0,22.0,1.0,1.0,0.0,1.0,2026-02-12 12:37:08,
1567.0,botsquad.ai,true,6.0,31.0,957.0,0.0,0.0,2.0,2.0,0.0,2.0,2025-12-03 16:04:15,
1568.0,prolistingdirectory.com,true,6.0,36.0,0.0,0.0,0.0,2.0,2.0,2.0,2.0,2025-09-03 17:12:58,2026-04-17 02:42:11
1569.0,insightmarketreports.com,false,6.0,9.0,81.0,0.0,0.0,2.0,2.0,0.0,0.0,2026-05-08 01:15:39,
1570.0,thehubnews.org,true,6.0,113.0,1060.0,16.0,4.0,2.0,0.0,0.0,2.0,2023-07-22 13:46:47,
1571.0,linkflowdirectory.com,true,6.0,36.0,0.0,0.0,0.0,2.0,2.0,2.0,2.0,2025-09-29 23:26:51,2025-11-12 02:35:18
1572.0,saasdirectoryzone.com,true,6.0,40.0,0.0,0.0,0.0,2.0,2.0,2.0,2.0,2025-09-04 04:20:17,2025-11-08 07:01:11
1573.0,indexaward.com,true,6.0,42.0,2.15388039E8,0.0,0.0,3.0,3.0,0.0,3.0,2026-05-24 02:01:44,
1574.0,edustamp.com,false,6.0,30.0,9.0,0.0,0.0,1.0,0.0,1.0,1.0,2024-11-01 05:44:26,2025-07-14 21:00:23
1575.0,fashioncast.co,false,6.0,37.0,97.0,2.0,4.0,1.0,0.0,0.0,1.0,2023-07-22 06:51:37,
1576.0,topbacklinksdirectory.com,true,6.0,35.0,0.0,0.0,0.0,2.0,2.0,2.0,2.0,2025-09-30 17:04:17,2026-04-18 16:31:55
1577.0,plushpast.com,false,6.0,107.0,5.0,6.0,7.0,2.0,2.0,0.0,0.0,2025-09-28 09:18:49,
1578.0,futurimmediat.net,false,6.0,59.0,14.0,0.0,0.0,4.0,0.0,4.0,4.0,2024-12-23 16:23:21,2026-02-21 19:27:18
1579.0,indiansociety.in,true,6.0,145.0,0.0,0.0,0.0,1.0,0.0,1.0,0.0,2023-09-26 17:22:02,2025-08-29 12:38:52
1580.0,scienceandtechblog.com,false,6.0,136.0,814.0,0.0,0.0,1.0,0.0,1.0,0.0,2023-11-25 19:53:06,2025-12-10 18:27:59
1581.0,xiweiundies.com,false,6.0,42.0,1435.0,75.0,121.0,2.0,0.0,0.0,2.0,2024-11-21 20:30:25,
1582.0,mongolmicron.mn,true,6.0,5.0,12750.0,0.0,0.0,1.0,0.0,1.0,1.0,2025-03-18 11:04:29,2025-05-31 22:26:31
1583.0,destaquecapixaba.com,false,6.0,35.0,2761.0,1.0,4.0,1.0,1.0,0.0,1.0,2026-02-11 19:14:00,
1584.0,lgd.my.id,false,6.0,28.0,21.0,0.0,0.0,1.0,1.0,0.0,1.0,2025-07-21 14:17:53,
1585.0,laludotheque.fr,true,6.0,60.0,12354.0,1.0,1.0,1.0,1.0,1.0,1.0,2025-10-15 09:53:17,2026-04-10 19:39:54
1586.0,realbeijngfoodhouse.com,false,5.0,57.0,114.0,121.0,12.0,1.0,0.0,1.0,1.0,2025-04-17 12:57:21,2025-06-10 15:07:14
1587.0,searchhotels.in,true,5.0,205.0,48.0,0.0,22.0,1.0,0.0,0.0,0.0,2024-08-23 18:19:49,
1588.0,mybesh.com,true,5.0,76.0,2723.0,0.0,0.0,1.0,1.0,0.0,1.0,2025-12-26 15:32:27,
1589.0,seo-lpo.net,false,5.0,63.0,34680.0,0.0,0.0,1.0,0.0,1.0,1.0,2023-07-30 10:47:29,2025-12-23 07:23:57
1590.0,digitalbeehive.net,true,5.0,39.0,2584.0,4.0,7.0,2.0,0.0,0.0,2.0,2023-08-06 06:40:04,
1591.0,muchmore.in,true,5.0,158.0,0.0,0.0,0.0,1.0,0.0,1.0,0.0,2023-09-04 00:52:32,2026-02-20 05:53:11
1592.0,aadarsh.in,true,5.0,121.0,0.0,0.0,9.0,2.0,0.0,2.0,0.0,2023-10-25 08:36:11,2026-02-19 05:14:24
1593.0,realceostories.com,false,5.0,44.0,3703.0,0.0,0.0,1.0,1.0,0.0,1.0,2026-02-19 02:07:21,
1594.0,futurelifenetwork.com,false,5.0,54.0,248.0,0.0,0.0,2.0,2.0,0.0,2.0,2025-07-25 01:22:26,
1595.0,arabicwebdirectory.com,true,5.0,2305.0,0.0,0.0,0.0,1.0,0.0,1.0,0.0,2024-12-31 05:34:02,2026-02-17 15:57:13
1596.0,pudhe.com,true,5.0,49.0,3.67868096E8,0.0,0.0,2.0,2.0,1.0,2.0,2026-03-05 22:29:16,
1597.0,windowspc.software,false,5.0,37.0,6.0,0.0,0.0,4.0,4.0,0.0,0.0,2026-05-12 01:28:05,
1598.0,coreflect.org,true,5.0,125.0,811.0,0.0,0.0,2.0,0.0,2.0,2.0,2023-12-24 19:59:27,2025-12-20 04:29:16
1599.0,ayanaactive.com,false,5.0,40.0,142.0,33.0,19.0,1.0,0.0,0.0,1.0,2024-10-25 05:27:14,
1600.0,panderzinedistro.com,false,5.0,159.0,299.0,0.0,0.0,1.0,0.0,0.0,1.0,2024-01-14 07:07:53,
1601.0,uwirepr.com,true,5.0,29.0,1429.0,32.0,11.0,91.0,73.0,64.0,91.0,2023-07-25 06:50:24,
1602.0,urldirectory.net,true,5.0,171.0,0.0,0.0,0.0,1.0,0.0,1.0,0.0,2025-03-16 05:30:13,2026-01-04 21:49:11
1603.0,linkdonation.com,true,5.0,91.0,0.0,0.0,0.0,1.0,0.0,1.0,0.0,2024-08-30 09:03:03,2026-02-22 23:09:53
1604.0,vinosite.com.br,false,5.0,51.0,2359.0,13.0,11.0,1.0,1.0,0.0,1.0,2026-02-11 23:11:45,
1605.0,idcheat.com,true,5.0,107.0,1127.0,0.0,0.0,1.0,1.0,1.0,1.0,2025-08-25 20:20:05,2025-12-10 16:09:54
1606.0,sunnahtravel.id,false,5.0,45.0,5.0,2.0,1.0,2.0,0.0,2.0,2.0,2025-01-27 03:54:59,2025-05-31 21:30:45
1607.0,157.245.224.202,false,5.0,49.0,0.0,0.0,0.0,5.0,0.0,5.0,0.0,2023-12-06 05:02:47,2025-09-16 22:09:29
1608.0,teemosoft.net,true,5.0,136.0,324.0,0.0,0.0,2.0,2.0,0.0,2.0,2025-10-11 09:19:12,
1609.0,plantaoms.com.br,false,5.0,45.0,1906.0,0.0,1.0,1.0,1.0,0.0,1.0,2026-04-28 12:58:59,
1610.0,somniacsecurity.com,false,5.0,37.0,476.0,1.0,3.0,2.0,0.0,0.0,2.0,2025-03-16 04:01:09,
1611.0,newtoyou.net,false,5.0,226.0,18.0,495.0,39.0,12.0,0.0,1.0,12.0,2024-01-10 09:02:12,
1612.0,bonus.work,false,5.0,26.0,722.0,0.0,0.0,1.0,0.0,1.0,1.0,2025-05-06 16:02:05,2026-04-10 07:54:27
1613.0,topdirectory.co.in,true,5.0,80.0,37.0,0.0,0.0,1.0,0.0,0.0,0.0,2025-01-10 03:50:08,
1614.0,ultratendencias.com,false,5.0,47.0,4151.0,0.0,1.0,1.0,0.0,0.0,1.0,2023-09-01 10:06:46,
1615.0,workover-rigs.com,false,4.9,44.0,1600.0,0.0,0.0,4.0,0.0,4.0,4.0,2024-10-07 03:11:31,2025-07-17 21:17:02
1616.0,sbookscan.com,true,4.9,125.0,64.0,0.0,1.0,1.0,1.0,0.0,0.0,2026-04-02 03:50:52,
1617.0,oraculonews.com.br,false,4.9,61.0,7167.0,91.0,24.0,1.0,1.0,0.0,1.0,2026-02-11 19:19:34,
1618.0,abiteks.com.tr,false,4.8,29.0,125.0,70.0,35.0,1.0,0.0,0.0,1.0,2023-07-24 11:50:34,
1619.0,july.co.in,true,4.8,216.0,38.0,0.0,2.0,1.0,0.0,0.0,0.0,2023-11-06 09:08:26,
1620.0,driftseo.click,true,4.8,493.0,0.0,0.0,0.0,1.0,0.0,1.0,0.0,2025-01-07 19:36:00,2026-01-04 20:26:42
1621.0,businesslistingportal.com,true,4.8,11.0,8765060.0,0.0,0.0,2.0,2.0,0.0,2.0,2025-12-23 01:48:39,
1622.0,rankvanceagency.info,true,4.8,6.0,2.0218538E7,0.0,0.0,1.0,1.0,0.0,1.0,2025-10-05 05:16:33,
1623.0,easexpense.com,false,4.7,35.0,12.0,80.0,57.0,1.0,0.0,1.0,0.0,2025-03-28 06:16:47,2026-01-22 15:35:22
1624.0,newsbizarre.com,false,4.7,314.0,808.0,0.0,0.0,3.0,0.0,3.0,3.0,2025-03-21 19:53:11,2025-12-25 10:19:49
1625.0,misterequinox.com,true,4.7,23.0,14320.0,0.0,0.0,1.0,1.0,1.0,1.0,2025-08-14 20:37:03,2026-04-24 03:36:37
1626.0,one.net.in,false,4.7,213.0,22.0,0.0,1.0,1.0,0.0,0.0,0.0,2024-11-27 14:32:53,
1627.0,lockercpa.pl,true,4.7,234.0,0.0,0.0,0.0,1.0,1.0,1.0,1.0,2025-06-09 21:49:29,2026-02-23 05:15:26
1628.0,janhit.in,true,4.7,128.0,0.0,0.0,8.0,1.0,0.0,1.0,0.0,2025-02-01 17:34:47,2026-02-26 13:08:22
1629.0,dfkcompany.com,false,4.7,81.0,17.0,0.0,1.0,1.0,0.0,0.0,0.0,2024-05-11 03:07:28,
1630.0,openintel.uk,false,4.7,54.0,768.0,6.0,24.0,1.0,1.0,1.0,1.0,2026-02-26 23:43:18,2026-05-18 02:15:52
1631.0,obul.net,false,4.7,39.0,0.0,0.0,0.0,1.0,0.0,1.0,1.0,2023-08-09 23:40:01,2025-07-18 03:54:35
1632.0,domainsdirectory.org,true,4.6,42.0,0.0,0.0,0.0,1.0,0.0,1.0,0.0,2025-01-10 12:39:09,2026-03-05 12:31:46
1633.0,nmadvokati.com,false,4.6,39.0,185.0,0.0,0.0,2.0,0.0,2.0,2.0,2025-04-06 07:30:00,2025-06-01 06:02:21
1634.0,addurl.pro,true,4.6,65.0,0.0,0.0,0.0,1.0,0.0,1.0,0.0,2023-08-31 07:44:14,2026-02-04 05:23:17
1635.0,bfymirror.com,false,4.6,50.0,487.0,991.0,367.0,13.0,13.0,4.0,13.0,2025-09-11 04:57:15,
1636.0,eturkey.net,true,4.6,113.0,0.0,0.0,0.0,1.0,1.0,1.0,0.0,2025-06-01 06:03:17,2026-02-16 20:34:19
1637.0,topy.ai,true,4.6,84.0,725.0,0.0,5.0,1.0,1.0,0.0,1.0,2025-08-01 06:25:02,
1638.0,achilleaschaldaeakes.gr,true,4.6,11.0,554.0,0.0,0.0,1.0,1.0,1.0,1.0,2025-08-13 22:03:31,2025-10-06 11:39:03
1639.0,redecearatv.com.br,false,4.6,32.0,2345.0,0.0,0.0,1.0,1.0,0.0,1.0,2026-02-14 01:50:26,
1640.0,statelessgroup.com,false,4.5,27.0,0.0,0.0,0.0,7.0,0.0,7.0,7.0,2023-12-21 18:00:14,2025-11-16 00:52:04
1641.0,domainnamesbook.com,true,4.5,86.0,0.0,0.0,0.0,1.0,0.0,1.0,0.0,2024-10-16 17:21:11,2026-02-12 11:36:10
1642.0,allreviews.in,true,4.5,209.0,0.0,0.0,4.0,1.0,0.0,1.0,0.0,2024-09-03 05:58:21,2026-03-05 12:38:42
1643.0,fashionic.ca,false,4.5,23.0,63.0,23.0,8.0,7.0,1.0,0.0,7.0,2025-02-23 11:12:38,
1644.0,allaboutseo.net,true,4.5,120.0,0.0,0.0,0.0,1.0,0.0,1.0,0.0,2025-05-17 09:57:55,2026-02-24 07:43:21
1645.0,blogdoamazonas.com.br,false,4.5,37.0,2798.0,2.0,4.0,1.0,1.0,0.0,1.0,2026-02-17 11:42:48,
1646.0,wsorlaw.com,false,4.5,65.0,126.0,1681.0,259.0,1.0,0.0,0.0,1.0,2025-02-27 21:58:34,
1647.0,1stcallglasscare.com,true,4.5,162.0,2.9369834E7,0.0,0.0,1.0,1.0,1.0,1.0,2025-10-01 01:28:22,2026-05-04 13:43:10
1648.0,packages.pw,true,4.5,107.0,0.0,0.0,0.0,1.0,0.0,1.0,0.0,2023-09-29 01:11:05,2026-02-23 03:39:23
1649.0,favicool.com,true,4.5,4.0,207791.0,0.0,1.0,1.0,1.0,0.0,1.0,2026-01-24 11:33:56,
1650.0,redsurgeapparel.com,false,4.4,42.0,286.0,20.0,26.0,1.0,1.0,0.0,1.0,2026-04-23 07:09:15,
1651.0,mydomaininfo.com,true,4.4,48.0,0.0,0.0,0.0,2.0,0.0,2.0,0.0,2024-08-16 03:08:55,2026-02-06 09:43:15
1652.0,umbrelly.cloud,false,4.4,49.0,24.0,23.0,2.0,1.0,0.0,0.0,1.0,2024-08-30 10:02:15,
1653.0,indianwebsites.in,true,4.4,42.0,0.0,0.0,9.0,1.0,0.0,1.0,0.0,2023-11-06 03:24:10,2026-03-02 15:29:44
1654.0,panoramainconfidentes.com.br,false,4.4,4.0,109.0,0.0,2.0,1.0,1.0,1.0,1.0,2026-02-13 09:03:07,2026-02-21 00:31:20
1655.0,tryisilk.com,false,4.4,90.0,0.0,0.0,0.0,2.0,0.0,2.0,0.0,2024-10-15 06:28:21,2025-08-30 09:02:05
1656.0,mayavarta.com,false,4.4,66.0,21.0,68.0,34.0,1.0,0.0,0.0,1.0,2024-04-26 20:27:32,
1657.0,reddo.cloud,false,4.4,119.0,0.0,0.0,0.0,21.0,0.0,21.0,21.0,2025-02-25 17:42:15,2026-01-25 16:39:08
1658.0,ketaki.co.in,true,4.4,681.0,51.0,0.0,4.0,1.0,0.0,0.0,0.0,2023-12-06 06:29:27,
1659.0,dowidth.com,false,4.3,12.0,8.0,0.0,0.0,1.0,1.0,0.0,0.0,2025-09-22 23:41:51,
1660.0,uuaa.net,true,4.3,51.0,3845.0,7.0,12.0,2372.0,2372.0,2370.0,2372.0,2025-12-15 18:35:27,
1661.0,globallinkdirectory.com,true,4.3,63.0,0.0,0.0,0.0,1.0,0.0,1.0,0.0,2024-12-30 02:10:27,2026-03-01 09:20:32
1662.0,blogdir.net,true,4.3,50.0,0.0,0.0,0.0,1.0,0.0,1.0,0.0,2024-08-30 02:03:36,2026-03-24 03:41:36
1663.0,domainnameshub.com,true,4.3,39.0,0.0,0.0,0.0,1.0,0.0,1.0,0.0,2024-12-02 08:39:24,2026-02-22 11:21:43
1664.0,hansika.co.in,true,4.3,170.0,43.0,0.0,3.0,1.0,0.0,0.0,0.0,2023-09-20 22:18:53,
1665.0,income.net.in,true,4.3,167.0,2.0,0.0,0.0,1.0,0.0,1.0,0.0,2024-08-11 04:05:37,2026-04-05 13:03:12
1666.0,technologyoffashion.com,false,4.3,27.0,18.0,0.0,0.0,1.0,0.0,0.0,1.0,2024-11-29 09:20:54,
1667.0,thewholelifestyle.com,true,4.3,231.0,5336.0,0.0,0.0,1.0,1.0,1.0,1.0,2025-09-10 00:42:35,2025-12-31 15:08:20
1668.0,techieheap.com,false,4.3,90.0,0.0,0.0,0.0,2.0,0.0,2.0,2.0,2023-07-28 08:29:42,2025-09-19 09:31:33
1669.0,entrepreneurscruise.com,true,4.3,187.0,318.0,0.0,0.0,1.0,0.0,1.0,1.0,2025-04-22 12:15:05,2025-07-25 14:46:25
1670.0,pagesearch.net,true,4.2,107.0,3.42449006E8,0.0,0.0,6.0,6.0,0.0,6.0,2026-02-11 03:44:28,
1671.0,cinefila.mx,false,4.2,111.0,2370.0,45.0,58.0,1.0,1.0,0.0,0.0,2025-07-17 02:44:15,
1672.0,lagonoticias.com.br,false,4.2,118.0,2378.0,0.0,1.0,1.0,1.0,0.0,1.0,2026-02-15 08:12:29,
1673.0,the2020workplace.com,false,4.2,40.0,921.0,0.0,0.0,4.0,0.0,4.0,4.0,2025-01-07 14:00:20,2025-07-12 20:34:14
1674.0,tunca.org,true,4.2,52.0,3.5674966E8,0.0,0.0,1.0,1.0,0.0,1.0,2026-05-17 00:25:19,
1675.0,kajol.pw,true,4.2,78.0,0.0,0.0,0.0,1.0,0.0,1.0,0.0,2025-05-12 16:42:11,2026-02-20 09:42:17
1676.0,publicdirectory.in,true,4.2,80.0,0.0,0.0,0.0,1.0,0.0,1.0,0.0,2025-01-02 20:40:21,2026-02-06 13:52:15
1677.0,summary.co.in,true,4.2,165.0,40.0,2.0,4.0,1.0,0.0,0.0,0.0,2025-01-06 17:57:31,
1678.0,mandakini.co.in,true,4.2,169.0,37.0,0.0,5.0,1.0,0.0,0.0,0.0,2023-11-20 15:47:52,
1679.0,priveatelier.ae,false,4.2,33.0,20.0,507.0,68.0,1.0,0.0,0.0,1.0,2024-07-02 02:33:49,
1680.0,clickitapema.com,false,4.2,48.0,1869.0,15.0,22.0,1.0,1.0,0.0,1.0,2026-03-09 16:48:08,
1681.0,runningwebsites.net,true,4.1,70.0,54752.0,0.0,0.0,1.0,1.0,1.0,1.0,2026-02-01 18:59:49,2026-03-24 01:22:01
1682.0,aboutdirectory.com,true,4.1,101.0,12.0,0.0,0.0,2.0,1.0,2.0,0.0,2025-05-23 01:20:33,2025-12-07 16:37:21
1683.0,phinin.com,true,4.1,44.0,73.0,0.0,1.0,2.0,2.0,0.0,0.0,2025-06-03 05:33:47,
1684.0,egyptiandirectory.com,true,4.1,82.0,2.31138632E8,0.0,0.0,1.0,1.0,0.0,1.0,2026-02-15 14:03:23,
1685.0,bakbak.in,true,4.1,43.0,0.0,0.0,1.0,1.0,0.0,1.0,0.0,2023-10-06 12:36:15,2026-03-11 17:18:55
1686.0,listmydomain.com,true,4.1,110.0,0.0,0.0,0.0,1.0,0.0,1.0,0.0,2024-12-22 15:59:22,2026-02-24 11:37:07
1687.0,briefnews.eu,false,4.1,155.0,15437.0,0.0,0.0,2.0,2.0,0.0,2.0,2026-05-08 09:56:22,
1688.0,textile-journal.com,false,4.1,7.0,84.0,0.0,1.0,4.0,4.0,0.0,4.0,2025-11-30 19:18:26,
1689.0,topdirectory.in,true,4.1,27.0,0.0,0.0,0.0,1.0,0.0,1.0,0.0,2024-12-02 06:43:31,2026-02-07 10:14:16
1690.0,domaindexer.com,true,4.0,32.0,0.0,0.0,0.0,1.0,1.0,0.0,0.0,2026-05-09 09:08:06,
1691.0,backlinks.directory,true,4.0,74.0,0.0,0.0,0.0,1.0,0.0,1.0,0.0,2023-09-10 04:11:19,2026-02-14 11:54:02
1692.0,pentonmovie.com,false,4.0,51.0,285.0,0.0,0.0,4.0,0.0,4.0,4.0,2025-01-26 08:26:10,2026-01-07 09:10:52
1693.0,cricketinfo.co.in,true,4.0,130.0,55.0,0.0,2.0,2.0,0.0,1.0,0.0,2023-11-03 05:07:26,
1694.0,bizbrainstorms.com,false,4.0,41.0,269.0,1.0,2.0,2.0,0.0,1.0,2.0,2023-12-25 00:05:12,
1695.0,portalbrasileira.com.br,false,4.0,54.0,2364.0,219.0,82.0,1.0,1.0,0.0,1.0,2026-02-13 15:02:10,
1696.0,alpana.co.in,true,4.0,116.0,26.0,0.0,1.0,1.0,1.0,0.0,0.0,2025-06-02 20:49:12,
1697.0,jr-residence.com,true,4.0,131.0,113534.0,0.0,0.0,1.0,0.0,1.0,1.0,2025-03-20 02:22:52,2025-07-13 08:11:59
1698.0,shubhangi.co.in,true,4.0,81.0,28.0,0.0,4.0,1.0,0.0,0.0,0.0,2025-05-09 03:19:04,
1699.0,kaahu.us,false,4.0,7.0,8.0,0.0,1.0,2.0,0.0,2.0,2.0,2025-01-21 16:27:27,2026-02-15 12:25:13
1700.0,marathiinfo.archi,true,3.9,73.0,0.0,0.0,0.0,1.0,1.0,1.0,0.0,2025-06-03 18:08:54,2025-08-22 08:58:49
1701.0,onemanarmy.in,true,3.9,586.0,1.0,1.0,9.0,1.0,0.0,1.0,0.0,2025-01-05 07:41:59,2026-04-22 05:10:48
1702.0,actusenews.com,true,3.9,72.0,39299.0,0.0,0.0,1.0,1.0,1.0,1.0,2025-07-12 22:37:03,2026-02-17 02:56:11
1703.0,pratibha.pw,true,3.9,92.0,0.0,0.0,0.0,1.0,0.0,1.0,0.0,2024-10-10 10:20:07,2026-02-17 07:33:54
1704.0,cricketlive.co.in,true,3.9,135.0,44.0,0.0,0.0,1.0,0.0,0.0,0.0,2024-10-14 02:28:20,
1705.0,estupidez-artificial.com,false,3.8,136.0,736.0,0.0,0.0,1.0,1.0,0.0,1.0,2026-03-25 08:12:14,
1706.0,knitika.com,false,3.8,965.0,861.0,0.0,0.0,243.0,243.0,237.0,0.0,2025-07-26 14:54:29,
1707.0,domainsquiz.com,true,3.8,1590.0,0.0,0.0,0.0,1.0,1.0,1.0,0.0,2025-06-04 06:39:53,2026-02-13 05:44:46
1708.0,backlinks.win,true,3.8,51.0,21.0,0.0,0.0,1.0,0.0,1.0,0.0,2024-01-06 03:08:05,2025-08-20 10:35:26
1709.0,easydirectory.in,true,3.8,111.0,0.0,0.0,0.0,1.0,0.0,1.0,0.0,2025-03-16 01:28:28,2026-03-03 00:49:06
1710.0,hsuansu.com,false,3.8,26.0,1937.0,0.0,0.0,6.0,3.0,6.0,6.0,2025-04-06 21:08:50,2025-10-13 19:16:54
1711.0,cashbackdeals.in,true,3.8,127.0,1.0,0.0,0.0,1.0,0.0,1.0,0.0,2024-08-23 16:13:03,2026-02-09 13:48:46
1712.0,wearz.app,false,3.8,18.0,159.0,2.0,2.0,3.0,3.0,1.0,3.0,2025-07-23 04:28:47,
1713.0,cheapuggsforsalesonline.com,true,3.8,56.0,548.0,0.0,0.0,2.0,0.0,0.0,2.0,2023-07-20 16:59:03,
1714.0,braid.in,true,3.7,50.0,4.0,0.0,0.0,3.0,1.0,3.0,0.0,2025-04-15 19:03:16,2025-12-04 20:45:01
1715.0,marielaim.com,false,3.7,30.0,24.0,0.0,0.0,1.0,0.0,0.0,1.0,2025-03-14 08:03:43,
1716.0,rankvancelinks.info,true,3.7,70.0,1.4748795E7,0.0,0.0,1.0,1.0,0.0,1.0,2025-10-23 20:44:13,
1717.0,estadaodaparaiba.com.br,false,3.7,48.0,2290.0,0.0,2.0,1.0,1.0,0.0,1.0,2026-02-23 07:49:52,
1718.0,pantanalemdia.com.br,false,3.7,43.0,1433.0,0.0,3.0,1.0,1.0,0.0,1.0,2026-04-04 06:54:29,
1719.0,heshmore.com,false,3.7,43.0,9.0,0.0,0.0,1.0,0.0,1.0,1.0,2023-11-07 01:18:08,2026-04-03 04:36:38
1720.0,trainspottingusa.com,false,3.7,108.0,0.0,0.0,0.0,2.0,0.0,2.0,2.0,2024-01-01 06:07:20,2025-07-02 01:42:30
1721.0,bestweddingdirectory.com,true,3.7,36.0,56.0,0.0,0.0,1.0,1.0,0.0,0.0,2025-08-10 08:29:34,
1722.0,achievedomains.com,true,3.7,49.0,52.0,0.0,0.0,1.0,0.0,0.0,0.0,2025-03-09 07:04:09,
1723.0,trenerpersonalny.ai,false,3.7,20.0,761.0,0.0,0.0,1.0,1.0,0.0,0.0,2026-02-24 02:16:57,
1724.0,pensatocantins.com.br,false,3.7,39.0,2255.0,0.0,0.0,1.0,1.0,0.0,1.0,2026-05-08 02:45:05,
1725.0,uxui.studio,false,3.6,6.0,0.0,0.0,0.0,1.0,1.0,1.0,1.0,2025-07-14 18:15:00,2025-11-29 03:29:36
1726.0,masrawysat111.com,true,3.6,66.0,10507.0,47.0,52.0,1.0,1.0,0.0,1.0,2026-04-28 23:56:51,
1727.0,livebacklinks.com,true,3.6,82.0,0.0,0.0,4.0,1.0,0.0,1.0,0.0,2025-03-15 15:05:31,2026-02-10 16:29:52
1728.0,australianwebdirectory.club,true,3.6,78.0,28.0,0.0,0.0,3.0,2.0,3.0,0.0,2025-05-22 22:44:17,2026-04-28 13:05:21
1729.0,yhype.me,true,3.6,584.0,70768.0,504.0,32.0,1.0,1.0,0.0,1.0,2026-02-05 12:02:35,
1730.0,businesslinksdirectory.com,true,3.6,27.0,0.0,0.0,0.0,2.0,0.0,2.0,0.0,2025-05-04 03:43:46,2026-02-10 09:53:32
1731.0,sitelinkdirectory.com,true,3.6,88.0,0.0,0.0,0.0,2.0,0.0,2.0,0.0,2025-05-12 20:31:31,2026-02-16 12:01:23
1732.0,nycarticles.xyz,false,3.6,147.0,119.0,0.0,0.0,1.0,0.0,0.0,1.0,2023-10-13 20:43:21,
1733.0,joinjapan.jp,false,3.6,64.0,773.0,79.0,42.0,1.0,0.0,0.0,1.0,2024-02-23 03:15:10,
1734.0,wondomain.com,true,3.6,31.0,0.0,0.0,0.0,1.0,0.0,1.0,0.0,2024-12-02 13:51:27,2026-01-12 16:10:12
1735.0,mohini.pw,true,3.5,32.0,0.0,0.0,0.0,1.0,0.0,1.0,0.0,2024-10-26 02:18:28,2026-02-15 00:42:18
1736.0,genuinewebdirectory.com,true,3.5,48.0,0.0,1.0,1.0,1.0,0.0,1.0,0.0,2024-09-30 09:34:49,2025-07-01 13:44:00
1737.0,dasbui.com,true,3.5,96.0,41224.0,430.0,35.0,1.0,1.0,1.0,1.0,2025-08-16 13:40:32,2026-01-22 12:17:19
1738.0,showdirectory.in,true,3.5,23.0,0.0,0.0,0.0,2.0,0.0,2.0,0.0,2024-07-22 02:46:18,2026-03-15 02:14:58
1739.0,all.ind.in,true,3.5,10.0,9.0,0.0,0.0,1.0,0.0,1.0,0.0,2025-05-21 05:32:24,2025-08-25 12:31:15
1740.0,faroldoes.com.br,false,3.5,11.0,2233.0,6.0,21.0,1.0,1.0,0.0,1.0,2026-03-28 22:33:19,
1741.0,bestmillion.net,true,3.5,79.0,0.0,0.0,0.0,1.0,0.0,1.0,0.0,2025-03-03 04:17:09,2026-02-27 05:43:11
1742.0,banjarava.com,true,3.5,67.0,84491.0,0.0,0.0,1.0,1.0,1.0,1.0,2025-08-16 18:53:57,2026-04-25 14:07:25
1743.0,anganwadi.in,true,3.5,143.0,42.0,0.0,0.0,1.0,1.0,0.0,0.0,2026-03-24 06:47:44,
1744.0,resourcelinkai.com,true,3.5,36.0,4243.0,0.0,0.0,2.0,2.0,0.0,2.0,2025-06-02 22:50:16,
1745.0,010mt.com,false,3.5,37.0,0.0,0.0,0.0,2.0,2.0,2.0,2.0,2025-09-07 02:33:25,2025-10-01 02:20:41
1746.0,addondirectory.com,true,3.5,36.0,0.0,0.0,0.0,1.0,0.0,1.0,0.0,2024-11-16 06:50:29,2026-03-13 22:20:15
1747.0,directorylinkservice.com,true,3.4,65.0,0.0,0.0,0.0,2.0,1.0,2.0,0.0,2025-05-02 00:22:58,2026-04-10 12:07:14
1748.0,riva.co.ke,true,3.4,165.0,116014.0,2.0,1.0,1.0,1.0,1.0,1.0,2025-07-27 11:37:35,2025-09-24 16:02:08
1749.0,todaywork.co.uk,false,3.4,8.0,199.0,0.0,1.0,2.0,2.0,1.0,2.0,2025-12-26 14:42:44,
1750.0,websitesreports.com,true,3.4,38.0,48.0,0.0,1.0,1.0,0.0,0.0,0.0,2025-05-11 17:53:45,
1751.0,packersandmoversbook.com,true,3.4,29.0,0.0,0.0,0.0,1.0,0.0,1.0,0.0,2025-05-05 17:45:04,2026-03-16 13:28:38
1752.0,domainsc.com,true,3.4,55.0,3.82059696E8,0.0,0.0,2.0,2.0,0.0,2.0,2026-03-18 04:28:29,
1753.0,domainbutton.com,true,3.4,28.0,22.0,0.0,0.0,2.0,1.0,2.0,0.0,2025-05-24 01:41:18,2025-09-10 11:15:13
1754.0,searchalldomains.com,true,3.4,31.0,0.0,0.0,0.0,1.0,0.0,1.0,0.0,2024-12-02 15:20:49,2026-03-10 09:41:01
1755.0,helpmeessay.com,false,3.4,48.0,585.0,0.0,0.0,1.0,0.0,1.0,1.0,2025-05-06 22:48:55,2025-07-01 14:23:09
1756.0,directorylinkup.com,true,3.4,78.0,0.0,0.0,0.0,2.0,0.0,2.0,0.0,2025-05-06 18:58:29,2026-03-25 01:10:32
1757.0,teaserclub.com,true,3.4,83.0,24413.0,922.0,555.0,6.0,3.0,6.0,6.0,2024-12-11 04:42:25,2025-07-11 05:19:28
1758.0,campingtours.in,true,3.4,50.0,2.0,0.0,0.0,2.0,0.0,2.0,0.0,2025-04-22 12:00:55,2026-03-17 19:52:43
1759.0,indiancompaniesdirectory.com,true,3.4,19.0,2.0,0.0,0.0,1.0,0.0,1.0,0.0,2025-05-04 04:23:33,2025-10-05 20:31:26
1760.0,everythingonline.in,true,3.4,51.0,4.0,0.0,0.0,4.0,2.0,4.0,0.0,2025-04-21 23:06:43,2025-09-06 23:18:11
1761.0,engines.pro,true,3.3,49.0,21.0,0.0,0.0,2.0,0.0,2.0,0.0,2025-04-17 02:44:36,2026-03-27 16:33:53
1762.0,researchaxiom.com,false,3.3,4.0,39.0,0.0,0.0,2.0,2.0,0.0,0.0,2026-05-10 21:16:54,
1763.0,moderoozmag.com,false,3.3,27.0,198.0,8.0,8.0,2.0,0.0,1.0,2.0,2023-12-29 12:22:52,
1764.0,woldemar.net.ua,false,3.3,115.0,2008.0,32.0,8.0,1.0,0.0,0.0,1.0,2023-08-01 18:26:18,
1765.0,mytechmanager.net,false,3.3,27.0,562.0,0.0,0.0,1.0,0.0,0.0,1.0,2025-01-01 01:38:07,
1766.0,fagros.shop,true,3.3,123.0,197.0,0.0,0.0,1.0,1.0,1.0,0.0,2025-09-21 20:23:09,2025-09-30 00:56:41
1767.0,litesoftware.com,true,3.3,67.0,3.0,0.0,0.0,1.0,1.0,1.0,0.0,2025-06-09 19:43:38,2025-10-07 08:34:57
1768.0,techpark.org,true,3.3,80.0,5.0,0.0,0.0,1.0,0.0,1.0,0.0,2025-04-08 12:32:35,2025-11-21 12:47:12
1769.0,popcornbusiness.com,true,3.3,70.0,1.0,0.0,0.0,1.0,1.0,1.0,0.0,2025-06-28 05:32:50,2025-09-10 07:48:04
1770.0,websitesocean.com,true,3.3,66.0,9.0,0.0,0.0,1.0,0.0,1.0,0.0,2025-05-03 23:13:58,2025-08-15 05:42:25
1771.0,allbestdomains.online,true,3.3,58.0,0.0,0.0,0.0,2.0,0.0,2.0,0.0,2025-04-30 23:45:06,2025-06-27 04:08:24
1772.0,getrootd.com,false,3.3,38.0,5.0,0.0,0.0,6.0,3.0,0.0,6.0,2023-11-01 03:37:17,
1773.0,newsblogsports.site,true,3.3,4.0,4.8604586E7,0.0,0.0,1.0,1.0,0.0,1.0,2026-05-10 13:37:59,
1774.0,fitbodyarizona.com,false,3.3,58.0,105.0,107.0,49.0,1.0,0.0,0.0,1.0,2025-01-22 10:36:04,
1775.0,freeglobaldirectory.com,true,3.3,31.0,8.0,0.0,0.0,2.0,1.0,2.0,0.0,2025-05-16 20:30:11,2025-08-24 12:04:19
1776.0,indianwebsolution.com,true,3.3,31.0,0.0,0.0,0.0,1.0,1.0,1.0,0.0,2025-06-02 11:32:32,2026-02-11 02:22:40
1777.0,linkus.in,true,3.3,8.0,0.0,0.0,0.0,3.0,2.0,3.0,0.0,2025-04-24 22:10:21,2026-04-05 16:54:46
1778.0,staging-spocket.co,false,3.3,24.0,2254.0,0.0,0.0,6.0,6.0,0.0,6.0,2026-01-26 03:42:43,
1779.0,lifesblog.com,true,3.3,32.0,55.0,0.0,0.0,2.0,2.0,0.0,0.0,2025-06-03 00:53:45,
1780.0,dghub.ru,true,3.3,31.0,0.0,0.0,0.0,3.0,3.0,3.0,3.0,2025-07-15 18:36:59,2026-03-08 23:59:23
1781.0,x.nom.co,true,3.3,26.0,4.0,0.0,0.0,2.0,0.0,2.0,0.0,2025-05-05 07:03:17,2025-08-19 13:08:45
1782.0,restsuite.com,true,3.3,32.0,15.0,0.0,0.0,1.0,0.0,1.0,0.0,2025-05-12 00:30:24,2025-08-15 07:04:17
1783.0,way2advertise.financial,true,3.3,4.0,0.0,0.0,0.0,1.0,0.0,1.0,0.0,2025-04-16 04:46:23,2025-09-11 07:51:46
1784.0,listrecord.com,true,3.3,27.0,5.0,0.0,0.0,4.0,3.0,4.0,0.0,2025-04-10 12:03:22,2025-11-21 22:37:06
1785.0,viewbook.in,true,3.3,2.0,12.0,0.0,0.0,2.0,0.0,2.0,0.0,2025-04-09 03:32:47,2025-07-03 02:36:09
1786.0,mautivemail.com,true,3.2,17.0,849.0,0.0,0.0,1.0,0.0,1.0,1.0,2025-02-23 07:15:27,2026-01-12 23:05:34
1787.0,lrdancefashion.com,false,3.2,25.0,15.0,0.0,0.0,1.0,0.0,0.0,1.0,2025-01-03 19:26:25,
1788.0,litohotel.gr,false,3.2,25.0,3.0,1.0,2.0,1.0,0.0,1.0,1.0,2023-08-03 17:34:54,2025-07-23 13:10:33
1789.0,radarnewsamazonas.com,false,3.2,55.0,2329.0,0.0,5.0,1.0,1.0,0.0,1.0,2026-02-11 21:32:38,
1790.0,jornalvozdooeste.com.br,false,3.2,37.0,2347.0,17.0,21.0,1.0,1.0,0.0,1.0,2026-02-12 17:02:56,
1791.0,blogdojornalistacamilo.com.br,false,3.2,11.0,1900.0,2.0,2.0,1.0,1.0,0.0,1.0,2026-05-05 19:30:12,
1792.0,lifeconceptual.com,false,3.1,524.0,2545.0,0.0,0.0,1.0,0.0,0.0,1.0,2024-06-13 14:43:43,
1793.0,100gjx.com,true,3.1,28.0,277.0,0.0,0.0,2.0,2.0,0.0,2.0,2025-07-31 01:46:50,
1794.0,reewrites.com,false,3.0,5.0,741.0,0.0,0.0,1.0,0.0,0.0,1.0,2025-03-31 04:16:29,
1795.0,thesunnewstoday.com,false,3.0,586.0,0.0,0.0,0.0,1.0,0.0,1.0,0.0,2023-08-03 05:50:24,2025-09-24 16:04:55
1796.0,chinesenews.co,true,3.0,31.0,3.0,0.0,0.0,12.0,9.0,12.0,12.0,2024-11-15 05:39:09,2026-02-09 11:46:04
1797.0,stackscan.com,false,2.9,34.0,0.0,218.0,54.0,1.0,1.0,0.0,0.0,2026-05-23 21:23:10,
1798.0,china-clothing-manufacturer.com,false,2.9,164.0,1535.0,0.0,0.0,1.0,1.0,0.0,1.0,2025-10-25 05:52:31,
1799.0,etongarment.com,false,2.9,245.0,1540.0,0.0,0.0,1.0,1.0,0.0,1.0,2025-12-05 19:12:13,
1800.0,newsconquest.com,false,2.9,83.0,0.0,0.0,0.0,1.0,0.0,1.0,0.0,2024-12-19 01:14:45,2025-09-02 10:18:09
1801.0,tvbc.com.br,false,2.8,38.0,1831.0,2.0,8.0,1.0,1.0,0.0,1.0,2026-02-16 05:07:53,
1802.0,tpc.com.la,true,2.8,2.0,0.0,0.0,0.0,3.0,0.0,3.0,3.0,2024-05-19 18:26:25,2025-07-19 01:11:06
1803.0,dilmithtech.com,false,2.8,24.0,0.0,0.0,0.0,1.0,0.0,1.0,1.0,2025-05-15 18:03:14,2026-04-18 04:03:12
1804.0,trusthub.me,false,2.8,26.0,18751.0,0.0,0.0,2.0,1.0,0.0,2.0,2025-01-19 17:58:48,
1805.0,raising.fi,true,2.8,22.0,50211.0,10.0,10.0,1.0,1.0,0.0,1.0,2026-03-31 01:46:42,
1806.0,essentialyfe.com,false,2.8,111.0,7.0,35.0,3.0,2.0,2.0,0.0,0.0,2025-11-08 09:26:13,
1807.0,obarbas.com,true,2.8,50.0,3874.0,0.0,0.0,1.0,0.0,1.0,1.0,2023-09-22 02:55:08,2026-05-08 19:46:13
1808.0,theoswalfurniture.com,true,2.8,60.0,2550.0,0.0,0.0,1.0,1.0,1.0,1.0,2025-07-16 14:40:47,2026-04-08 07:08:19
1809.0,aobii.com,true,2.7,181.0,0.0,0.0,0.0,1.0,0.0,1.0,1.0,2025-02-08 01:49:51,2025-06-29 00:13:19
1810.0,fexwear.net,false,2.7,4.0,8.0,0.0,0.0,1.0,1.0,0.0,0.0,2025-09-14 03:48:39,
1811.0,techtesy.com,true,2.7,98.0,0.0,0.0,0.0,6.0,2.0,6.0,6.0,2023-07-26 00:09:02,2026-03-13 15:47:47
1812.0,rm7portaldenoticias.com.br,false,2.7,10.0,1827.0,0.0,1.0,1.0,1.0,0.0,1.0,2026-04-07 11:02:00,
1813.0,aliwu.me,false,2.7,28.0,0.0,0.0,0.0,1.0,0.0,1.0,1.0,2025-05-10 05:17:52,2026-02-19 10:06:36
1814.0,marketers.doctor,false,2.6,12.0,17.0,0.0,0.0,1.0,0.0,0.0,0.0,2025-02-01 22:34:28,
1815.0,combinadonoticias.com.br,false,2.6,2.0,1123.0,0.0,0.0,1.0,1.0,0.0,1.0,2026-03-08 18:01:40,
1816.0,telecommande-domotique.com,false,2.6,31.0,0.0,0.0,0.0,1.0,0.0,1.0,1.0,2024-02-11 22:43:06,2025-08-04 05:40:32
1817.0,clubnseries.com,false,2.6,56.0,368.0,0.0,0.0,1.0,0.0,1.0,1.0,2024-02-16 01:27:01,2025-10-04 12:17:50
1818.0,yktsk.top,true,2.6,139.0,59920.0,0.0,0.0,1.0,1.0,1.0,1.0,2025-07-11 16:49:59,2026-01-26 07:04:55
1819.0,carlosleen.com.br,false,2.6,40.0,1599.0,278.0,48.0,1.0,1.0,0.0,1.0,2026-02-12 05:06:55,
1820.0,symbolesmedia.com,true,2.6,31.0,869.0,0.0,0.0,1.0,0.0,1.0,1.0,2024-06-23 16:57:58,2025-06-02 03:12:59
1821.0,elloai.com,false,2.6,53.0,12.0,0.0,1.0,1.0,1.0,0.0,1.0,2025-08-22 15:00:40,
1822.0,dadmadeinbritain.co.uk,false,2.6,32.0,125.0,0.0,0.0,1.0,0.0,0.0,1.0,2024-03-28 08:53:18,
1823.0,blueone.es,true,2.6,25.0,170873.0,0.0,0.0,1.0,1.0,1.0,1.0,2025-07-12 19:08:53,2026-04-28 07:40:15
1824.0,linksdirectory.in,true,2.5,48.0,0.0,0.0,1.0,1.0,1.0,1.0,0.0,2025-06-04 23:08:50,2026-02-09 05:51:06
1825.0,emixstore.com,true,2.5,326.0,21528.0,0.0,0.0,1.0,1.0,1.0,1.0,2025-05-31 08:45:43,2026-04-05 05:02:25
1826.0,micromarketinsights.com,false,2.5,33.0,6053.0,0.0,0.0,1.0,1.0,0.0,1.0,2025-12-10 20:22:52,
1827.0,searchmore.com,false,2.5,31.0,17121.0,0.0,0.0,2.0,2.0,2.0,2.0,2025-07-13 03:38:55,2026-02-03 09:42:51
1828.0,littlepig.cloud,true,2.5,38.0,158.0,0.0,0.0,1.0,1.0,1.0,1.0,2025-09-26 15:43:15,2026-01-26 01:54:50
1829.0,itutranslationservices.com,false,2.5,209.0,2.0,32.0,5.0,1.0,0.0,1.0,1.0,2025-04-01 14:54:50,2025-06-02 14:17:28
1830.0,bestwebstats.com,true,2.5,36.0,3.71526037E8,0.0,0.0,2.0,2.0,0.0,2.0,2026-05-09 19:22:41,
1831.0,seo-anomaly-mexico.online,true,2.5,54.0,215.0,0.0,0.0,3.0,3.0,0.0,0.0,2025-10-28 23:42:54,
1832.0,michelklein.nl,false,2.5,5.0,1250.0,0.0,0.0,2.0,2.0,0.0,2.0,2026-01-03 17:41:50,
1833.0,jornalcandeias.com.br,false,2.5,50.0,972.0,245.0,9.0,1.0,1.0,0.0,1.0,2026-02-15 07:08:33,
1834.0,bolchhanepal.com,false,2.4,57.0,15.0,0.0,0.0,1.0,1.0,1.0,1.0,2025-10-21 16:57:18,2026-04-21 10:21:16
1835.0,hadadesign.co,false,2.4,27.0,32.0,0.0,0.0,1.0,0.0,0.0,1.0,2023-07-23 02:06:10,
1836.0,manaexim.com,true,2.4,30.0,18789.0,0.0,0.0,1.0,1.0,1.0,1.0,2025-09-22 12:26:04,2025-12-26 20:17:36
1837.0,leosforu.com,false,2.4,34.0,719.0,0.0,0.0,3.0,0.0,3.0,3.0,2024-10-08 00:53:13,2025-08-08 14:35:44
1838.0,realpioneiro.com.br,false,2.4,39.0,1483.0,51.0,44.0,1.0,1.0,1.0,1.0,2026-02-11 17:28:22,2026-05-24 23:45:03
1839.0,salamatcharity.org,false,2.4,34.0,1540.0,0.0,0.0,7.0,7.0,0.0,0.0,2025-12-05 07:56:53,
1840.0,nafesta.com.br,false,2.4,43.0,2605.0,0.0,4.0,1.0,1.0,0.0,1.0,2026-04-01 15:35:33,
1841.0,rnb.tv.br,false,2.3,34.0,1815.0,4.0,9.0,1.0,1.0,0.0,1.0,2026-02-22 08:58:13,
1842.0,mipaoverseas.com,false,2.3,34.0,12409.0,0.0,1.0,1.0,1.0,0.0,1.0,2026-05-11 10:40:16,
1843.0,marketsignalreports.com,false,2.3,9.0,53.0,0.0,0.0,1.0,1.0,0.0,0.0,2026-05-07 20:27:42,
1844.0,constructionways.com,false,2.3,1.0,0.0,0.0,0.0,1.0,1.0,1.0,1.0,2025-07-02 10:26:24,2026-02-17 14:01:04
1845.0,anthonylukephotography.com,false,2.3,30.0,1619.0,0.0,0.0,2.0,0.0,2.0,2.0,2025-02-09 18:26:46,2025-09-13 11:18:54
1846.0,justrp.net,false,2.3,117.0,2772.0,0.0,0.0,7.0,0.0,7.0,2.0,2024-03-27 11:27:27,2025-09-29 05:45:23
1847.0,nbjmapparel.com,false,2.3,1.0,0.0,0.0,0.0,12.0,7.0,12.0,0.0,2025-04-07 08:55:48,2025-11-16 21:11:21
1848.0,innovscovid19.com,false,2.3,30.0,784.0,3.0,2.0,1.0,0.0,0.0,1.0,2023-07-28 15:45:20,
1849.0,circutrix.top,false,2.3,27.0,5.0,0.0,0.0,1.0,0.0,1.0,1.0,2025-01-04 14:02:39,2025-12-03 16:15:41
1850.0,inckredible.com,false,2.2,199.0,175.0,0.0,0.0,1.0,0.0,0.0,0.0,2023-07-21 07:43:32,
1851.0,undressai.buzz,false,2.2,18.0,0.0,7.0,8.0,1.0,0.0,1.0,0.0,2025-04-02 20:54:07,2026-01-04 16:39:28
1852.0,acquire.co.in,true,2.2,12.0,2.0,0.0,0.0,4.0,4.0,0.0,0.0,2026-04-24 04:23:51,
1853.0,computerreview.com,false,2.2,106.0,30903.0,7.0,2.0,2.0,0.0,1.0,2.0,2023-07-30 03:24:53,
1854.0,correiopantanal.com.br,false,2.2,8.0,2127.0,22.0,4.0,1.0,1.0,0.0,1.0,2026-02-22 17:29:43,
1855.0,read.org.in,true,2.2,15.0,3.92903068E8,0.0,0.0,2.0,2.0,0.0,2.0,2026-05-12 02:33:58,
1856.0,aistacks.app,true,2.2,2.0,1063.0,0.0,0.0,3.0,3.0,0.0,3.0,2026-04-29 12:34:34,
1857.0,ultimz.com,false,2.2,26.0,0.0,0.0,0.0,1.0,0.0,1.0,1.0,2024-01-24 06:36:41,2025-08-08 16:28:30
1858.0,findit.co.in,true,2.2,6.0,2.0,12.0,22.0,2.0,2.0,0.0,0.0,2026-04-24 00:24:59,
1859.0,mos99.club,true,2.2,305.0,349.0,0.0,0.0,1.0,1.0,1.0,0.0,2026-04-22 12:14:26,2026-05-06 12:00:07
1860.0,bonfimdigital.com,false,2.2,33.0,2506.0,8.0,8.0,1.0,1.0,0.0,1.0,2026-02-15 06:41:54,
1861.0,addurl.in,true,2.1,5.0,2.0,476.0,36.0,3.0,3.0,0.0,0.0,2026-04-26 10:20:32,
1862.0,allinone.co.in,true,2.1,5.0,2.0,0.0,0.0,4.0,4.0,0.0,0.0,2026-04-21 03:36:43,
1863.0,impactooeste.com.br,false,2.1,12.0,1915.0,241.0,138.0,1.0,1.0,0.0,1.0,2026-02-12 07:28:30,
1864.0,arzbtc.com,false,2.1,307.0,2.0,0.0,0.0,1.0,0.0,1.0,1.0,2023-08-06 12:13:33,2025-06-11 18:56:20
1865.0,shotsecret.com,true,2.1,60.0,143.0,0.0,0.0,1.0,0.0,0.0,1.0,2025-02-25 15:29:29,
1866.0,writtn.com,false,2.1,33.0,9871.0,0.0,0.0,1.0,0.0,0.0,1.0,2023-09-04 05:46:53,
1867.0,latchleg.com,true,2.1,18.0,0.0,0.0,0.0,1.0,0.0,1.0,1.0,2024-08-09 22:06:11,2025-07-10 07:33:00
1868.0,kalimnosgourmet.com.ar,true,2.1,119.0,1855.0,329.0,12.0,1.0,1.0,1.0,1.0,2025-08-26 13:48:32,2025-12-17 03:35:05
1869.0,thimblealterations.com,false,2.1,47.0,38.0,176.0,94.0,1.0,0.0,0.0,1.0,2023-12-26 01:49:07,
1870.0,sztucznainteligencja.si,false,2.0,22.0,531.0,0.0,0.0,1.0,0.0,0.0,1.0,2024-01-06 02:34:36,
1871.0,linksnatcher.com,true,2.0,54.0,3.9679167E8,0.0,0.0,2.0,2.0,0.0,2.0,2026-03-29 12:21:30,
1872.0,jornaldaraposo.com.br,false,2.0,35.0,2014.0,21.0,9.0,1.0,1.0,0.0,1.0,2026-02-11 19:24:14,
1873.0,endlineproject.com,false,2.0,29.0,1682.0,0.0,0.0,1.0,1.0,0.0,1.0,2025-06-10 09:49:09,
1874.0,aliceinfarmland.com,false,1.9,51.0,274.0,0.0,0.0,1.0,0.0,0.0,1.0,2025-02-12 05:19:23,
1875.0,alostora.online,true,1.9,13.0,752.0,0.0,0.0,1.0,1.0,1.0,1.0,2025-07-23 13:15:57,2025-12-29 05:07:28
1876.0,ozwayrealty.com.au,false,1.9,124.0,0.0,0.0,0.0,2.0,0.0,2.0,2.0,2024-03-25 06:24:52,2025-07-28 21:09:56
1877.0,bulkgen.ai,false,1.9,10.0,15.0,1.0,1.0,1.0,0.0,0.0,1.0,2025-02-17 08:10:05,
1878.0,krasa-russia.ru,false,1.9,117.0,2838.0,0.0,0.0,6.0,0.0,0.0,6.0,2024-05-14 04:51:39,
1879.0,wallpapers.pro,true,1.9,20.0,3.81145663E8,0.0,0.0,6.0,6.0,0.0,6.0,2026-05-12 22:56:23,
1880.0,aienabledhub.com,true,1.9,302.0,0.0,0.0,0.0,11.0,0.0,11.0,11.0,2025-01-13 23:52:16,2026-04-15 08:12:33
1881.0,aiwa-ai.com,true,1.9,38.0,4290.0,3.0,5.0,1.0,1.0,0.0,1.0,2026-01-19 11:54:05,
1882.0,rankvance.info,true,1.9,64.0,2.1132608E7,0.0,0.0,1.0,1.0,1.0,1.0,2025-09-29 23:57:25,2026-02-23 01:03:30
1883.0,info-welt.com,false,1.9,397.0,7.0,0.0,0.0,1.0,0.0,0.0,0.0,2025-04-03 05:33:18,
1884.0,moroccocloser.com,false,1.8,108.0,247.0,421.0,96.0,1.0,0.0,0.0,0.0,2025-03-14 16:45:16,
1885.0,allwebsitesdirectory.com,true,1.8,39.0,3.62325915E8,0.0,0.0,1.0,1.0,0.0,1.0,2026-05-09 01:11:07,
1886.0,optimisedwebsites.com,true,1.8,16.0,90908.0,0.0,0.0,1.0,1.0,1.0,1.0,2026-02-05 01:10:22,2026-04-05 08:15:32
1887.0,technologyfeat.com,true,1.8,34.0,8.0,0.0,0.0,1.0,0.0,1.0,1.0,2024-11-06 21:02:04,2025-08-10 05:33:40
1888.0,icassct.com,true,1.8,127.0,3912973.0,0.0,0.0,1.0,0.0,0.0,1.0,2024-10-26 03:31:33,
1889.0,uswebdirectory.com,true,1.8,33.0,60.0,0.0,0.0,1.0,1.0,0.0,0.0,2026-01-02 05:56:51,
1890.0,forgetrainer.ai,false,1.8,4.0,214.0,2.0,5.0,2.0,2.0,0.0,2.0,2026-02-02 14:23:28,
1891.0,einzerce.eu,true,1.8,259.0,0.0,0.0,0.0,1.0,1.0,1.0,1.0,2025-06-11 14:03:44,2025-07-28 00:47:38
1892.0,backlinksources.com,true,1.8,75.0,0.0,0.0,0.0,1.0,0.0,1.0,0.0,2025-05-01 21:43:38,2025-07-13 18:01:53
1893.0,philmora.com,false,1.8,52.0,357.0,0.0,0.0,10.0,10.0,8.0,10.0,2025-07-31 03:45:44,
1894.0,timewarnerent.com,false,1.8,40.0,6953.0,0.0,0.0,3.0,2.0,0.0,3.0,2024-07-29 19:28:56,
1895.0,futurehurry.com,false,1.7,58.0,0.0,0.0,0.0,1.0,0.0,1.0,1.0,2024-01-17 08:55:20,2025-09-16 05:11:52
1896.0,teresinaemfoco.com.br,false,1.7,39.0,1502.0,31.0,75.0,1.0,1.0,0.0,1.0,2026-03-04 22:43:58,
1897.0,taserx26.com,false,1.7,44.0,393.0,0.0,0.0,6.0,0.0,6.0,6.0,2024-10-21 08:31:03,2026-01-15 02:31:05
1898.0,indians.cc,true,1.7,26.0,3.9544874E8,0.0,0.0,2.0,2.0,0.0,2.0,2026-01-27 00:02:10,
1899.0,realmt.com.br,false,1.7,8.0,2910.0,0.0,0.0,1.0,1.0,0.0,1.0,2026-03-25 11:06:13,
1900.0,primecompanydirectory.com,true,1.7,21.0,8750054.0,0.0,0.0,2.0,2.0,0.0,2.0,2026-01-01 07:16:20,
1901.0,buydissertationyjxy.com,false,1.7,166.0,328.0,0.0,0.0,8.0,0.0,8.0,8.0,2024-11-15 00:33:12,2025-12-15 15:22:53
1902.0,hubbry.com,false,1.7,290.0,7319.0,0.0,0.0,6.0,6.0,5.0,5.0,2025-12-22 08:52:58,
1903.0,folhadejardim.com.br,false,1.7,31.0,2131.0,0.0,0.0,1.0,1.0,0.0,1.0,2026-05-10 08:55:17,
1904.0,hoodmapping.org,false,1.7,43.0,0.0,0.0,0.0,1.0,0.0,1.0,0.0,2025-05-08 01:47:01,2025-12-18 23:28:00
1905.0,eliterankdirectory.com,true,1.7,9.0,8740287.0,0.0,0.0,2.0,2.0,0.0,2.0,2026-01-03 03:55:26,
1906.0,redeinterativa.com.br,false,1.7,103.0,852.0,0.0,3.0,1.0,1.0,0.0,1.0,2026-04-05 12:22:08,
1907.0,backlinksolutions.info,true,1.6,5.0,2.6469672E7,0.0,0.0,1.0,1.0,1.0,1.0,2026-01-30 10:30:36,2026-05-01 11:00:35
1908.0,rankvancelinks.online,true,1.6,3.0,2.4504839E7,0.0,0.0,1.0,1.0,1.0,1.0,2025-08-31 12:12:29,2026-05-02 19:14:14
1909.0,vevomusicvideo.com,false,1.6,40.0,1298.0,0.0,0.0,3.0,0.0,3.0,3.0,2025-01-02 20:44:27,2025-07-01 13:20:07
1910.0,livedailynews24.com,false,1.6,33.0,1511.0,0.0,0.0,1.0,0.0,0.0,1.0,2024-10-17 16:40:10,
1911.0,the-web-radar.com,false,1.6,8.0,5377.0,131.0,81.0,1.0,1.0,0.0,0.0,2026-04-12 15:32:20,
1912.0,morningjog.com.br,false,1.6,17.0,1226.0,14.0,19.0,1.0,1.0,0.0,1.0,2025-07-01 21:54:52,
1913.0,theindex.work,false,1.6,11.0,27439.0,4.0,18.0,1.0,0.0,0.0,1.0,2024-10-04 00:50:15,
1914.0,friendsofsuffolkdowns.com,false,1.6,30.0,0.0,0.0,0.0,2.0,0.0,2.0,0.0,2023-10-31 03:30:57,2025-06-27 14:07:42
1915.0,monolith.co,false,1.6,29.0,225.0,0.0,0.0,1.0,0.0,0.0,1.0,2023-07-25 23:06:35,
1916.0,kryptocurrency.in,true,1.6,29.0,0.0,0.0,0.0,1.0,1.0,1.0,0.0,2025-07-15 14:02:26,2025-09-05 22:20:59
1917.0,best10k.com,false,1.6,28.0,4.0,0.0,0.0,1.0,1.0,0.0,0.0,2025-12-21 14:03:46,
1918.0,untoldjobs.com,false,1.6,26.0,9520.0,0.0,0.0,2.0,0.0,2.0,2.0,2024-08-12 15:19:05,2026-02-12 01:24:13
1919.0,repithwin.com,false,1.6,38.0,24224.0,4.0,1.0,2.0,1.0,0.0,2.0,2023-08-04 23:03:57,
1920.0,fatoms.com.br,false,1.5,32.0,1556.0,28.0,2.0,1.0,1.0,0.0,1.0,2026-02-12 03:35:29,
1921.0,dailyboredage.com,false,1.5,3.0,0.0,0.0,0.0,1.0,1.0,1.0,1.0,2025-08-06 20:36:06,2025-09-24 04:36:11
1922.0,encoders.studio,false,1.5,33.0,89.0,420.0,38.0,1.0,0.0,0.0,1.0,2024-11-05 20:54:02,
1923.0,bravewave.com,true,1.5,31.0,712.0,0.0,0.0,1.0,0.0,1.0,1.0,2023-07-30 04:24:41,2026-04-25 03:36:25
1924.0,gymgbf.com,false,1.5,183.0,476.0,30.0,2.0,1.0,0.0,1.0,1.0,2025-04-04 17:50:33,2025-06-26 10:52:17
1925.0,aiforfree.online,false,1.5,26.0,482.0,0.0,0.0,1.0,1.0,0.0,1.0,2025-11-30 01:11:16,
1926.0,techinsights.ai,false,1.5,8.0,393.0,0.0,0.0,2.0,1.0,0.0,2.0,2025-01-18 09:10:20,
1927.0,ardriftclub.com,false,1.5,51.0,611.0,30.0,11.0,3.0,0.0,0.0,3.0,2024-09-25 13:27:44,
1928.0,portalespia.com.br,false,1.5,7.0,859.0,0.0,0.0,1.0,1.0,1.0,1.0,2026-02-13 10:59:57,2026-05-21 09:38:53
1929.0,rehmansolutions.com,true,1.5,144.0,27751.0,0.0,0.0,1.0,1.0,1.0,1.0,2025-08-25 21:10:40,2025-12-22 03:32:00
1930.0,shopdigest.com,false,1.4,33.0,6245.0,0.0,3.0,4.0,0.0,4.0,4.0,2025-02-07 17:07:11,2025-10-19 07:08:35
1931.0,socips.com,true,1.4,180.0,1422.0,0.0,0.0,1.0,0.0,1.0,1.0,2025-05-12 19:59:50,2025-12-10 09:16:22
1932.0,tuckerloken.com,false,1.4,25.0,1035.0,0.0,0.0,1.0,0.0,0.0,1.0,2025-04-20 21:17:24,
1933.0,stockstobuynow.com,true,1.4,56.0,4825.0,0.0,0.0,40.0,36.0,36.0,40.0,2024-08-27 22:10:56,
1934.0,abcd-bolig.dk,true,1.4,30.0,1223.0,1.0,2.0,1.0,1.0,1.0,1.0,2025-09-15 00:46:15,2025-12-28 16:02:38
1935.0,maroonsalons.com,true,1.4,169.0,181417.0,0.0,0.0,1.0,1.0,1.0,1.0,2025-08-09 17:03:50,2026-04-17 03:59:45
1936.0,domainanalysis.org,true,1.4,33.0,3.6872984E8,0.0,0.0,2.0,2.0,0.0,2.0,2026-05-09 05:41:09,
1937.0,gazetadejacarei.com.br,false,1.4,7.0,1732.0,16.0,28.0,1.0,1.0,1.0,1.0,2026-03-04 12:29:13,2026-03-24 15:58:43
1938.0,readme-txt.ro,true,1.4,119.0,0.0,0.0,0.0,1.0,1.0,1.0,1.0,2025-07-14 03:14:20,2025-08-31 04:33:48
1939.0,kesarindien.se,true,1.4,55.0,14.0,110.0,10.0,1.0,1.0,1.0,1.0,2025-05-29 21:21:50,2026-01-30 11:08:44
1940.0,radioaltotaquari.com.br,false,1.4,32.0,599.0,2.0,2.0,2.0,2.0,2.0,2.0,2026-02-25 16:11:39,2026-05-20 17:23:27
1941.0,tvplural.com.br,false,1.3,32.0,1818.0,0.0,4.0,1.0,1.0,0.0,1.0,2026-04-12 03:52:53,
1942.0,ecotourismnet.com,false,1.3,48.0,1462.0,0.0,0.0,2.0,0.0,0.0,2.0,2024-07-23 14:48:40,
1943.0,alternativeradar.com,true,1.3,4.0,3296.0,4.0,9.0,1.0,1.0,0.0,1.0,2025-10-30 15:06:08,
1944.0,mindfront.solutions,false,1.3,2.0,156.0,0.0,0.0,1.0,0.0,1.0,1.0,2025-02-24 19:01:39,2025-12-03 05:25:49
1945.0,bahiahoje.ba,false,1.3,6.0,1856.0,0.0,1.0,1.0,1.0,0.0,1.0,2026-04-19 15:33:01,
1946.0,startner.id,false,1.3,30.0,245.0,1640.0,215.0,4.0,0.0,2.0,4.0,2024-08-17 21:50:35,
1947.0,avsarpackersandmovers.com,true,1.3,43.0,39862.0,0.0,0.0,1.0,1.0,1.0,1.0,2025-09-08 12:40:11,2026-03-27 05:04:56
1948.0,kenaimagiclodge.com,false,1.3,99.0,762.0,0.0,0.0,3.0,0.0,3.0,3.0,2025-01-26 15:33:20,2025-09-25 20:16:07
1949.0,geti.pe,false,1.3,11.0,97.0,26.0,3.0,1.0,1.0,0.0,1.0,2025-09-28 20:38:01,
1950.0,fundingtrip.com,false,1.3,43.0,7449.0,83.0,66.0,1.0,1.0,0.0,1.0,2026-01-12 04:30:18,
1951.0,gea.edu.ge,true,1.3,13.0,0.0,0.0,0.0,3.0,1.0,0.0,0.0,2024-11-22 11:50:12,
1952.0,azknit.com,false,1.3,54.0,958.0,27.0,31.0,2.0,2.0,1.0,0.0,2025-09-16 08:03:49,
1953.0,bgfashion.at,false,1.3,4.0,20.0,0.0,0.0,1.0,0.0,0.0,1.0,2025-03-13 19:57:26,
1954.0,mostrandopravoce.com.br,false,1.3,9.0,413.0,0.0,5.0,1.0,1.0,1.0,1.0,2026-03-14 19:04:42,2026-03-21 23:38:03
1955.0,themoneyofficeappstore.com,false,1.3,29.0,12.0,0.0,0.0,1.0,0.0,1.0,1.0,2024-04-06 18:52:00,2025-12-17 18:41:24
1956.0,gg-project.in.ua,false,1.2,7.0,0.0,0.0,0.0,1.0,0.0,1.0,1.0,2024-06-10 19:42:37,2025-07-26 23:37:35
1957.0,investegate.info,false,1.2,40.0,3256.0,3.0,11.0,3.0,1.0,0.0,3.0,2024-09-29 15:43:17,
1958.0,consolidatunegocio.com,false,1.2,29.0,1198.0,0.0,0.0,2.0,0.0,2.0,2.0,2024-10-09 09:00:06,2025-07-10 19:38:05
1959.0,verandersignalen.nl,false,1.2,3.0,139.0,0.0,0.0,1.0,0.0,1.0,1.0,2025-02-11 11:25:52,2026-05-28 10:26:40
1960.0,srkonline.net,false,1.2,34.0,66.0,191.0,1.0,1.0,0.0,0.0,1.0,2024-08-12 16:40:57,
1961.0,portalnv1.com.br,false,1.2,4.0,1372.0,0.0,0.0,1.0,1.0,0.0,1.0,2026-04-27 13:09:10,
1962.0,dehometal.com,false,1.2,135.0,27.0,13.0,10.0,2.0,0.0,0.0,2.0,2024-11-15 10:12:34,
1963.0,enteratyourownrisk.org,true,1.2,27.0,0.0,0.0,0.0,1.0,0.0,1.0,1.0,2025-03-31 01:05:36,2026-02-01 12:24:08
1964.0,tcdcmaterials.com,true,1.2,27.0,0.0,0.0,0.0,1.0,0.0,1.0,1.0,2024-07-11 06:22:14,2025-07-25 11:01:34
1965.0,smartifydaily.com,false,1.2,3.0,158.0,0.0,0.0,1.0,0.0,0.0,1.0,2025-05-15 01:49:50,
1966.0,azeesystems.com,true,1.1,53.0,28611.0,0.0,0.0,9.0,3.0,0.0,9.0,2024-04-26 17:58:51,
1967.0,nurpurfitnessnews.com,false,1.1,37.0,1329.0,0.0,3.0,1.0,1.0,0.0,1.0,2025-12-02 19:56:48,
1968.0,seo-anomaly-tokyo.space,true,1.1,61.0,211.0,0.0,0.0,3.0,3.0,0.0,0.0,2025-10-23 19:36:27,
1969.0,seo-anomaly-istanbul.website,true,1.1,55.0,216.0,0.0,0.0,3.0,3.0,0.0,0.0,2025-10-27 12:26:12,
1970.0,seo-anomaly-karachi.website,true,1.1,54.0,209.0,0.0,0.0,3.0,3.0,0.0,0.0,2025-10-23 19:08:48,
1971.0,worldkempochampionships.com,false,1.1,47.0,0.0,0.0,0.0,1.0,0.0,1.0,1.0,2023-07-30 15:31:58,2025-07-14 17:01:52
1972.0,saveuastartups.com,false,1.1,30.0,26.0,0.0,0.0,2.0,0.0,0.0,2.0,2023-07-21 08:00:23,
1973.0,onortenews.com.br,false,1.1,32.0,1969.0,15.0,11.0,1.0,1.0,0.0,1.0,2026-03-19 03:00:34,
1974.0,investinglists.com,false,1.1,11.0,35136.0,1.0,3.0,4.0,4.0,0.0,4.0,2025-07-13 12:45:24,
1975.0,plantaominas.com.br,false,1.0,4.0,1422.0,2.0,6.0,1.0,1.0,1.0,1.0,2026-02-12 06:07:36,2026-05-25 23:00:51
1976.0,mountsinai.co.uk,false,1.0,74.0,0.0,0.0,0.0,1.0,0.0,1.0,1.0,2025-02-21 11:24:36,2025-06-02 06:26:11
1977.0,hkfashionmall.com,false,1.0,74.0,0.0,0.0,0.0,1.0,0.0,1.0,1.0,2023-12-05 23:02:45,2025-09-28 09:59:20
1978.0,blackinn.com.br,false,1.0,31.0,283.0,25.0,3.0,1.0,1.0,1.0,1.0,2025-06-06 09:33:01,2025-08-15 01:01:06
1979.0,jirnal.com,false,1.0,43.0,0.0,0.0,0.0,1.0,0.0,1.0,1.0,2023-09-01 15:32:10,2026-01-19 15:02:15
1980.0,pokemonnatures.co.uk,false,1.0,55.0,0.0,0.0,0.0,1.0,0.0,1.0,1.0,2024-02-18 04:09:09,2025-07-03 02:49:07
1981.0,howtobecome.us,false,1.0,4.0,0.0,0.0,0.0,1.0,0.0,0.0,0.0,2025-05-01 23:06:58,
1982.0,cgs.co.il,false,1.0,11.0,2.0,2.0,1.0,2.0,0.0,2.0,2.0,2024-09-29 23:37:44,2025-10-23 12:04:32
1983.0,netornot.at,false,1.0,30.0,1647.0,2.0,11.0,24.0,0.0,0.0,24.0,2023-07-25 04:51:44,
1984.0,passionofessence.com,false,1.0,58.0,50.0,8.0,17.0,1.0,0.0,0.0,1.0,2025-04-10 07:48:48,
1985.0,seo-anomaly-kolkata.website,true,1.0,58.0,210.0,0.0,0.0,3.0,3.0,0.0,0.0,2025-10-24 04:38:46,
1986.0,seo-anomaly-osaka.site,true,1.0,54.0,216.0,0.0,0.0,3.0,3.0,0.0,0.0,2025-10-23 21:00:24,
1987.0,taacontecendo.com.br,false,1.0,30.0,1382.0,0.0,0.0,1.0,1.0,0.0,1.0,2026-04-08 13:39:28,
1988.0,investworksgallery.com,true,1.0,50.0,79978.0,0.0,0.0,2.0,2.0,2.0,2.0,2025-09-12 21:30:42,2026-04-05 20:37:51
1989.0,cantabriaindustrial.com,false,1.0,30.0,433.0,0.0,0.0,4.0,0.0,4.0,4.0,2025-01-30 23:44:36,2025-07-10 19:48:39
1990.0,seo-anomaly-sao-paulo.site,true,1.0,64.0,210.0,0.0,0.0,3.0,3.0,0.0,0.0,2025-10-27 20:39:40,
1991.0,tvcupula.com.br,false,1.0,9.0,990.0,0.0,1.0,1.0,1.0,0.0,1.0,2026-05-09 12:47:49,
1992.0,seo-anomaly-shenzhen.website,true,0.9,60.0,213.0,0.0,0.0,3.0,3.0,0.0,0.0,2025-10-25 15:51:57,
1993.0,seo-anomaly-shenzhen.online,true,0.9,60.0,213.0,0.0,0.0,3.0,3.0,0.0,0.0,2025-10-23 19:32:05,
1994.0,seo-anomaly-moscow.site,true,0.9,60.0,215.0,0.0,0.0,3.0,3.0,0.0,0.0,2025-10-23 23:45:50,
1995.0,seo-anomaly-manila.online,true,0.9,63.0,212.0,0.0,0.0,3.0,3.0,0.0,0.0,2025-10-24 05:21:36,
1996.0,seo-anomaly-sao-paulo.online,true,0.9,59.0,212.0,0.0,0.0,3.0,3.0,0.0,0.0,2025-10-23 20:17:56,
1997.0,seo-anomaly-mexico.space,true,0.9,59.0,208.0,0.0,0.0,3.0,3.0,0.0,0.0,2025-10-24 00:03:40,
1998.0,seo-anomaly-sao-paulo.website,true,0.9,56.0,213.0,0.0,0.0,3.0,3.0,0.0,0.0,2025-10-24 16:00:57,
1999.0,seo-anomaly-cairo.online,true,0.9,57.0,209.0,0.0,0.0,3.0,3.0,0.0,0.0,2025-10-24 23:26:23,
2000.0,seo-anomaly-mumbai.site,true,0.9,60.0,214.0,0.0,0.0,3.0,3.0,0.0,0.0,2025-10-23 19:56:46,
2001.0,seo-anomaly-guangzhou.site,true,0.9,53.0,210.0,0.0,0.0,3.0,3.0,0.0,0.0,2025-10-29 06:05:23,
2002.0,seo-anomaly-jakarta.site,true,0.9,59.0,213.0,0.0,0.0,3.0,3.0,0.0,0.0,2025-10-24 16:01:06,
2003.0,seo-anomaly-shanghai.site,true,0.9,61.0,214.0,0.0,0.0,3.0,3.0,0.0,0.0,2025-10-23 19:17:56,
2004.0,seo-anomaly-istanbul.site,true,0.9,56.0,214.0,0.0,0.0,3.0,3.0,0.0,0.0,2025-10-23 18:43:30,
2005.0,seo-anomaly-dhaka.website,true,0.9,57.0,213.0,0.0,0.0,3.0,3.0,0.0,0.0,2025-11-01 03:07:52,
2006.0,seo-anomaly-shanghai.online,true,0.9,55.0,216.0,0.0,0.0,3.0,3.0,0.0,0.0,2025-10-27 14:08:14,
2007.0,seo-anomaly-jakarta.space,true,0.9,55.0,208.0,0.0,0.0,3.0,3.0,0.0,0.0,2025-10-23 18:44:23,
2008.0,seo-anomaly-kolkata.online,true,0.9,55.0,203.0,0.0,0.0,3.0,3.0,0.0,0.0,2025-10-24 17:28:02,
2009.0,seo-anomaly-shenzhen.site,true,0.9,57.0,209.0,0.0,0.0,3.0,3.0,0.0,0.0,2025-10-24 03:48:28,
2010.0,seo-anomaly-los-angeles.online,true,0.9,59.0,212.0,0.0,0.0,3.0,3.0,0.0,0.0,2025-10-23 19:27:59,
2011.0,hao123.com.cn,true,0.9,42.0,276.0,0.0,2.0,2.0,0.0,0.0,2.0,2024-09-20 16:33:16,
2012.0,seo-anomaly-mexico.website,true,0.9,58.0,215.0,0.0,0.0,3.0,3.0,0.0,0.0,2025-10-24 03:49:44,
2013.0,seo-anomaly-lagos.site,true,0.9,53.0,215.0,0.0,0.0,3.0,3.0,0.0,0.0,2025-10-23 21:13:02,
2014.0,seo-anomaly-delhi.online,true,0.9,56.0,208.0,0.0,0.0,3.0,3.0,0.0,0.0,2025-10-31 19:18:32,
2015.0,seo-anomaly-lagos.online,true,0.9,55.0,211.0,0.0,0.0,3.0,3.0,0.0,0.0,2025-10-26 13:52:26,
2016.0,seo-anomaly-jakarta.website,true,0.9,55.0,212.0,0.0,0.0,3.0,3.0,0.0,0.0,2025-10-25 06:59:57,
2017.0,seo-anomaly-karachi.space,true,0.9,53.0,208.0,0.0,0.0,3.0,3.0,0.0,0.0,2025-10-23 19:24:52,
2018.0,seo-anomaly-dhaka.online,true,0.9,53.0,214.0,0.0,0.0,3.0,3.0,0.0,0.0,2025-10-23 18:55:28,
2019.0,seo-anomaly-los-angeles.website,true,0.9,56.0,216.0,0.0,0.0,3.0,3.0,0.0,0.0,2025-10-23 18:40:11,
2020.0,seo-anomaly-beijing.website,true,0.9,54.0,214.0,0.0,0.0,3.0,3.0,0.0,0.0,2025-10-23 19:40:29,
2021.0,seo-anomaly-manila.space,true,0.9,52.0,211.0,0.0,0.0,3.0,3.0,0.0,0.0,2025-10-23 21:49:20,
2022.0,seo-anomaly-kolkata.site,true,0.9,54.0,213.0,0.0,0.0,3.0,3.0,0.0,0.0,2025-10-23 19:11:04,
2023.0,vrfashionmuseum.com,false,0.9,27.0,14.0,4.0,1.0,1.0,1.0,0.0,1.0,2025-12-17 06:20:24,
2024.0,seo-anomaly-lagos.website,true,0.9,54.0,208.0,0.0,0.0,3.0,3.0,0.0,0.0,2025-10-25 12:11:01,
2025.0,seo-anomaly-manila.website,true,0.9,53.0,214.0,0.0,0.0,3.0,3.0,0.0,0.0,2025-10-25 01:52:38,
2026.0,seo-anomaly-mexico.site,true,0.9,53.0,215.0,0.0,0.0,3.0,3.0,0.0,0.0,2025-10-23 20:29:33,
2027.0,seo-anomaly-seoul.online,true,0.9,54.0,208.0,0.0,0.0,3.0,3.0,0.0,0.0,2025-10-28 11:49:25,
2028.0,seo-anomaly-lahore.site,true,0.9,52.0,214.0,0.0,0.0,3.0,3.0,0.0,0.0,2025-10-23 19:06:32,
2029.0,seo-anomaly-tianjin.site,true,0.9,52.0,216.0,0.0,0.0,3.0,3.0,0.0,0.0,2025-10-24 17:58:06,
2030.0,seo-anomaly-dhaka.site,true,0.9,52.0,214.0,0.0,0.0,3.0,3.0,0.0,0.0,2025-10-23 23:46:14,
2031.0,seo-anomaly-guangzhou.website,true,0.9,52.0,215.0,0.0,0.0,3.0,3.0,0.0,0.0,2025-10-23 22:16:59,
2032.0,seo-anomaly-tianjin.website,true,0.9,53.0,216.0,0.0,0.0,3.0,3.0,0.0,0.0,2025-10-27 19:18:37,
2033.0,seo-anomaly-rio.website,true,0.9,52.0,211.0,0.0,0.0,3.0,3.0,0.0,0.0,2025-10-23 23:34:59,
2034.0,seo-anomaly-karachi.site,true,0.9,52.0,208.0,0.0,0.0,3.0,3.0,0.0,0.0,2025-10-24 06:45:29,
2035.0,seo-anomaly-lahore.online,true,0.9,52.0,215.0,0.0,0.0,3.0,3.0,0.0,0.0,2025-10-23 21:25:37,
2036.0,seo-anomaly-tianjin.online,true,0.9,53.0,212.0,0.0,0.0,3.0,3.0,0.0,0.0,2025-10-23 20:05:12,
2037.0,seo-anomaly-chongqing.online,true,0.9,52.0,210.0,0.0,0.0,3.0,3.0,0.0,0.0,2025-10-23 19:42:42,
2038.0,seo-anomaly-tokyo.online,true,0.9,52.0,215.0,0.0,0.0,3.0,3.0,0.0,0.0,2025-10-23 20:22:31,
2039.0,seo-anomaly-chongqing.site,true,0.9,52.0,214.0,0.0,0.0,3.0,3.0,0.0,0.0,2025-10-23 21:41:13,
2040.0,seo-anomaly-istanbul.online,true,0.9,52.0,215.0,0.0,0.0,3.0,3.0,0.0,0.0,2025-10-23 19:54:06,
2041.0,seo-anomaly-moscow.website,true,0.9,52.0,212.0,0.0,0.0,3.0,3.0,0.0,0.0,2025-10-24 03:54:13,
2042.0,seo-anomaly-guangzhou.online,true,0.9,53.0,211.0,0.0,0.0,3.0,3.0,0.0,0.0,2025-10-23 20:14:46,
2043.0,seo-anomaly-rio.online,true,0.9,52.0,211.0,0.0,0.0,3.0,3.0,0.0,0.0,2025-10-23 19:01:49,
2044.0,seo-anomaly-tokyo.website,true,0.9,52.0,212.0,0.0,0.0,3.0,3.0,0.0,0.0,2025-10-23 21:18:07,
2045.0,seo-anomaly-rio.site,true,0.9,52.0,214.0,0.0,0.0,3.0,3.0,0.0,0.0,2025-10-23 20:11:34,
2046.0,seo-anomaly-beijing.online,true,0.9,52.0,215.0,0.0,0.0,3.0,3.0,0.0,0.0,2025-10-23 19:06:54,
2047.0,seo-anomaly-manila.site,true,0.9,54.0,214.0,0.0,0.0,3.0,3.0,0.0,0.0,2025-10-23 20:51:08,
2048.0,seo-anomaly-karachi.online,true,0.9,52.0,216.0,0.0,0.0,3.0,3.0,0.0,0.0,2025-10-27 00:38:30,
2049.0,seo-anomaly-cairo.website,true,0.9,52.0,211.0,0.0,0.0,3.0,3.0,0.0,0.0,2025-10-23 19:18:45,
2050.0,seo-anomaly-chongqing.website,true,0.9,52.0,215.0,0.0,0.0,3.0,3.0,0.0,0.0,2025-10-24 21:46:14,
2051.0,seo-anomaly-moscow.online,true,0.9,52.0,214.0,0.0,0.0,3.0,3.0,0.0,0.0,2025-10-23 18:43:26,
2052.0,seo-anomaly-seoul.site,true,0.9,53.0,212.0,0.0,0.0,3.0,3.0,0.0,0.0,2025-10-27 08:27:08,
2053.0,seo-anomaly-mumbai.online,true,0.9,53.0,212.0,0.0,0.0,3.0,3.0,0.0,0.0,2025-10-23 19:29:34,
2054.0,seo-anomaly-osaka.online,true,0.9,52.0,212.0,0.0,0.0,3.0,3.0,0.0,0.0,2025-10-24 01:06:15,
2055.0,seo-anomaly-delhi.website,true,0.9,52.0,213.0,0.0,0.0,3.0,3.0,0.0,0.0,2025-10-23 19:45:06,
2056.0,seo-anomaly-seoul.website,true,0.9,53.0,211.0,0.0,0.0,3.0,3.0,0.0,0.0,2025-10-23 19:36:40,
2057.0,seo-anomaly-beijing.site,true,0.9,52.0,216.0,0.0,0.0,3.0,3.0,0.0,0.0,2025-10-23 23:29:33,
2058.0,seo-anomaly-jakarta.online,true,0.9,52.0,215.0,0.0,0.0,3.0,3.0,0.0,0.0,2025-10-24 02:09:07,
2059.0,seo-anomaly-lahore.website,true,0.9,53.0,214.0,0.0,0.0,3.0,3.0,0.0,0.0,2025-10-23 21:40:58,
2060.0,seo-anomaly-mumbai.website,true,0.9,53.0,213.0,0.0,0.0,3.0,3.0,0.0,0.0,2025-10-23 19:44:00,
2061.0,seo-anomaly-tokyo.site,true,0.9,52.0,213.0,0.0,0.0,3.0,3.0,0.0,0.0,2025-10-29 08:50:35,
2062.0,seo-anomaly-osaka.website,true,0.9,52.0,215.0,0.0,0.0,3.0,3.0,0.0,0.0,2025-10-23 19:09:15,
2063.0,seo-anomaly-cairo.site,true,0.9,52.0,212.0,0.0,0.0,3.0,3.0,0.0,0.0,2025-10-24 00:21:35,
2064.0,seo-anomaly-shanghai.website,true,0.9,52.0,215.0,0.0,0.0,3.0,3.0,0.0,0.0,2025-10-23 22:13:14,
2065.0,seo-anomaly-delhi.site,true,0.9,53.0,211.0,0.0,0.0,3.0,3.0,0.0,0.0,2025-10-23 19:53:42,
2066.0,trainwithdaveoc.com,false,0.9,57.0,41.0,3365.0,801.0,3.0,2.0,3.0,0.0,2025-05-27 09:17:37,2026-05-10 10:18:40
2067.0,seo-anomaly-cairo.space,true,0.9,51.0,208.0,0.0,0.0,3.0,3.0,0.0,0.0,2025-10-24 00:23:19,
2068.0,seo-anomaly-chongqing.space,true,0.9,51.0,211.0,0.0,0.0,3.0,3.0,0.0,0.0,2025-10-24 00:26:58,
2069.0,seo-anomaly-lahore.space,true,0.9,51.0,204.0,0.0,0.0,3.0,3.0,0.0,0.0,2025-10-24 02:24:28,
2070.0,seo-anomaly-seoul.space,true,0.9,52.0,208.0,0.0,0.0,3.0,3.0,0.0,0.0,2025-10-23 20:05:25,
2071.0,seo-anomaly-delhi.space,true,0.9,51.0,207.0,0.0,0.0,3.0,3.0,0.0,0.0,2025-10-23 19:16:46,
2072.0,seo-anomaly-beijing.space,true,0.9,51.0,211.0,0.0,0.0,3.0,3.0,0.0,0.0,2025-10-23 23:13:14,
2073.0,seo-anomaly-shenzhen.space,true,0.9,51.0,205.0,0.0,0.0,3.0,3.0,0.0,0.0,2025-10-23 21:10:14,
2074.0,seo-anomaly-los-angeles.space,true,0.9,52.0,208.0,0.0,0.0,3.0,3.0,0.0,0.0,2025-10-25 06:00:20,
2075.0,seo-anomaly-osaka.space,true,0.9,51.0,211.0,0.0,0.0,3.0,3.0,0.0,0.0,2025-10-23 19:54:58,
2076.0,seo-anomaly-shanghai.space,true,0.9,51.0,212.0,0.0,0.0,3.0,3.0,0.0,0.0,2025-10-23 19:48:13,
2077.0,seo-anomaly-tianjin.space,true,0.9,52.0,207.0,0.0,0.0,3.0,3.0,0.0,0.0,2025-10-23 20:30:19,
2078.0,seo-anomaly-dhaka.space,true,0.9,51.0,208.0,0.0,0.0,3.0,3.0,0.0,0.0,2025-10-24 00:07:28,
2079.0,seo-anomaly-istanbul.space,true,0.9,51.0,208.0,0.0,0.0,3.0,3.0,0.0,0.0,2025-10-23 20:09:28,
2080.0,seo-anomaly-guangzhou.space,true,0.9,51.0,210.0,0.0,0.0,3.0,3.0,0.0,0.0,2025-10-23 19:40:44,
2081.0,seo-anomaly-mumbai.space,true,0.9,51.0,208.0,0.0,0.0,3.0,3.0,0.0,0.0,2025-10-23 23:09:15,
2082.0,seo-anomaly-moscow.space,true,0.9,51.0,212.0,0.0,0.0,3.0,3.0,0.0,0.0,2025-10-23 21:41:30,
2083.0,seo-anomaly-rio.space,true,0.9,52.0,207.0,0.0,0.0,3.0,3.0,0.0,0.0,2025-10-28 04:01:05,
2084.0,seo-anomaly-kolkata.space,true,0.9,51.0,208.0,0.0,0.0,3.0,3.0,0.0,0.0,2025-10-24 02:35:31,
2085.0,seo-anomaly-sao-paulo.space,true,0.9,51.0,209.0,0.0,0.0,3.0,3.0,0.0,0.0,2025-10-24 01:59:46,
2086.0,seo-anomaly-lagos.space,true,0.9,51.0,210.0,0.0,0.0,3.0,3.0,0.0,0.0,2025-10-25 16:21:14,
2087.0,unicornalert.io,false,0.9,33.0,3389.0,10.0,8.0,1.0,0.0,0.0,1.0,2023-08-08 09:38:36,
2088.0,carajasemfoco.com.br,false,0.9,30.0,1234.0,14.0,5.0,1.0,1.0,0.0,1.0,2026-02-12 09:30:29,
2089.0,marktvalue.com,false,0.9,48.0,6.0,0.0,0.0,4.0,0.0,4.0,4.0,2024-09-26 09:32:41,2025-12-26 16:08:07
2090.0,cdavidcooley.com,false,0.8,32.0,890.0,0.0,0.0,2.0,1.0,0.0,2.0,2025-04-20 06:08:50,
2091.0,digitallifecentral.com,false,0.8,67.0,1409.0,0.0,0.0,5.0,0.0,5.0,5.0,2024-10-18 08:37:46,2025-08-07 19:17:03
2092.0,qualityinformaticsconsulting.com,false,0.8,48.0,727.0,0.0,1.0,2.0,2.0,0.0,2.0,2025-09-29 17:07:11,
2093.0,goaskuncle.com,false,0.8,36.0,0.0,0.0,0.0,1.0,0.0,1.0,0.0,2025-01-05 20:17:36,2026-05-12 08:18:40
2094.0,sporstcenter.com,true,0.8,30.0,3.58227682E8,0.0,0.0,1.0,1.0,0.0,1.0,2026-05-17 20:29:22,
2095.0,fdlaesthetics.com,false,0.8,53.0,322.0,34.0,12.0,1.0,1.0,0.0,1.0,2026-01-23 21:28:10,
2096.0,fd1.ir,true,0.8,6.0,12.0,0.0,1.0,1.0,0.0,1.0,1.0,2024-10-18 04:22:05,2025-09-16 03:30:28
2097.0,integrativestudiesandarts.org,false,0.8,129.0,0.0,0.0,0.0,1.0,0.0,1.0,1.0,2023-07-29 18:08:49,2026-01-02 12:56:48
2098.0,applyleads.com,true,0.8,87.0,15.0,0.0,0.0,1.0,0.0,1.0,0.0,2025-05-10 17:16:36,2025-09-05 00:33:11
2099.0,tectivor.com,false,0.8,4.0,76.0,252.0,3.0,1.0,0.0,0.0,1.0,2025-04-09 05:38:50,
2100.0,wonvision.com,true,0.8,93.0,3.7717572E8,0.0,0.0,5.0,5.0,0.0,5.0,2026-05-18 11:37:03,
2101.0,destaquebrasil.net,false,0.8,3.0,1436.0,0.0,0.0,1.0,1.0,0.0,1.0,2026-02-17 08:54:02,
2102.0,top365.in,false,0.7,7.0,0.0,0.0,0.0,1.0,0.0,1.0,1.0,2023-11-22 03:38:38,2025-06-06 21:29:58
2103.0,ecommerceappreview.com,false,0.7,4.0,101.0,0.0,0.0,1.0,1.0,0.0,1.0,2025-08-08 03:14:49,
2104.0,retrieve.tools,true,0.7,31.0,3405.0,8.0,6.0,1.0,1.0,0.0,1.0,2025-07-13 13:18:44,
2105.0,crayeon3.com,false,0.7,31.0,0.0,0.0,0.0,1.0,0.0,1.0,0.0,2024-05-22 06:36:10,2025-09-27 11:23:27
2106.0,tribuna316.com.br,false,0.7,5.0,1294.0,0.0,4.0,1.0,1.0,0.0,1.0,2026-05-09 13:58:07,
2107.0,trivenirenewables.com,false,0.7,33.0,0.0,42.0,3.0,2.0,0.0,2.0,2.0,2025-04-25 22:04:14,2025-07-28 10:19:19
2108.0,borapb.com.br,false,0.7,3.0,1172.0,0.0,1.0,1.0,1.0,0.0,1.0,2026-05-07 13:50:02,
2109.0,95fmoficial.com.br,false,0.7,80.0,783.0,159.0,35.0,1.0,1.0,1.0,1.0,2026-02-11 19:16:11,2026-05-21 01:16:03
2110.0,startnewsbr.com.br,false,0.7,3.0,1505.0,0.0,0.0,1.0,1.0,0.0,1.0,2026-03-07 15:32:16,
2111.0,qualityfoamandmattress.com,true,0.7,26.0,112.0,32.0,1.0,1.0,1.0,1.0,1.0,2025-07-23 16:02:46,2025-10-04 21:10:22
2112.0,informationblogger.com,false,0.7,57.0,182.0,0.0,0.0,1.0,0.0,0.0,1.0,2024-10-11 08:54:14,
2113.0,okkels.com,false,0.7,27.0,373.0,8.0,3.0,1.0,0.0,0.0,1.0,2024-07-08 13:37:43,
2114.0,sheinya.net,false,0.7,30.0,401.0,0.0,0.0,1.0,1.0,0.0,1.0,2025-09-27 07:18:36,
2115.0,riffherald.com,false,0.6,25.0,3.0,0.0,0.0,1.0,0.0,1.0,1.0,2024-06-15 01:55:54,2025-12-14 12:38:56
2116.0,boxingshortscustom.com,false,0.6,133.0,14.0,0.0,0.0,1.0,0.0,0.0,1.0,2025-01-28 03:20:50,
2117.0,homesecuritycamp.com,false,0.6,58.0,0.0,0.0,0.0,2.0,0.0,2.0,0.0,2024-05-31 18:39:08,2026-04-13 14:25:01
2118.0,domainsandsites.com,true,0.6,57.0,26.0,0.0,1.0,1.0,1.0,1.0,0.0,2025-06-01 04:57:04,2026-02-16 02:33:57
2119.0,bizagility.org,false,0.6,40.0,69.0,0.0,0.0,2.0,2.0,2.0,2.0,2025-08-22 05:13:37,2025-10-15 20:27:30
2120.0,flylabs.fun,false,0.6,10.0,3.0,0.0,0.0,1.0,1.0,1.0,1.0,2026-04-16 20:16:50,2026-04-25 06:22:20
2121.0,pdcasecurity.com,false,0.6,34.0,625.0,0.0,0.0,2.0,2.0,2.0,2.0,2025-09-18 12:15:42,2025-12-20 10:03:01
2122.0,r-links-bhs.xyz,true,0.6,109.0,45.0,0.0,0.0,30.0,30.0,0.0,0.0,2026-02-25 12:39:17,
2123.0,holzbau-schmid.de,true,0.6,23.0,22.0,0.0,0.0,1.0,1.0,1.0,1.0,2025-10-09 04:05:01,2025-10-24 05:59:26
2124.0,decoupage-paper.com,false,0.6,32.0,65971.0,0.0,0.0,1.0,1.0,0.0,0.0,2026-05-25 23:53:05,
2125.0,fashion2d.com,false,0.6,121.0,276.0,0.0,0.0,4.0,0.0,4.0,4.0,2025-01-18 13:20:06,2026-04-24 00:20:17
2126.0,reflectionevents.co.in,true,0.6,21.0,2021.0,0.0,0.0,1.0,1.0,1.0,1.0,2025-10-21 14:04:53,2026-02-26 06:57:30
2127.0,akvaloo.info,true,0.6,30.0,23.0,0.0,0.0,4.0,4.0,1.0,0.0,2025-08-18 04:52:03,
2128.0,amateursexytube.com,false,0.6,42.0,1540.0,0.0,0.0,1.0,0.0,1.0,1.0,2025-02-02 09:01:28,2025-06-25 00:25:27
2129.0,27k.io,false,0.6,25.0,0.0,0.0,0.0,1.0,0.0,1.0,1.0,2024-11-04 09:34:39,2025-10-10 14:35:30
2130.0,cueform.ai,false,0.6,3.0,33.0,0.0,0.0,4.0,4.0,0.0,0.0,2025-07-10 05:47:28,
2131.0,evolvesv.org,true,0.6,1263.0,19210.0,7.0,5.0,3.0,2.0,0.0,3.0,2024-12-23 06:53:58,
2132.0,luxury-yachtcharters.com,false,0.6,30.0,503.0,0.0,0.0,4.0,3.0,4.0,4.0,2025-02-05 05:47:19,2026-04-29 02:30:26
2133.0,y-links-bhs.xyz,true,0.6,90.0,45.0,0.0,0.0,30.0,30.0,0.0,0.0,2026-02-26 15:44:53,
2134.0,kopivy.com,false,0.6,32.0,22129.0,0.0,0.0,3.0,3.0,0.0,3.0,2026-01-31 09:23:34,
2135.0,saasreviewinsights.com,true,0.5,33.0,2223.0,0.0,6.0,1.0,1.0,1.0,1.0,2025-09-07 00:45:07,2026-05-24 03:26:09
2136.0,interior-design-decor.com,false,0.5,37.0,538.0,0.0,0.0,3.0,0.0,3.0,3.0,2024-10-07 00:01:31,2025-08-10 20:35:42
2137.0,zuevwndpl.com,false,0.5,54.0,0.0,0.0,0.0,1.0,0.0,1.0,0.0,2024-12-06 14:44:30,2025-08-09 21:51:47
2138.0,1000businessconcepts.com,false,0.5,29.0,161.0,0.0,0.0,1.0,0.0,0.0,0.0,2024-03-08 02:34:53,
2139.0,barreiras40graus.com.br,false,0.5,30.0,628.0,2.0,7.0,1.0,1.0,0.0,1.0,2026-02-12 09:16:43,
2140.0,u-links-bhs.xyz,true,0.5,89.0,45.0,0.0,0.0,30.0,30.0,0.0,0.0,2026-02-24 07:00:27,
2141.0,q-links-bhs.xyz,true,0.5,88.0,44.0,0.0,0.0,30.0,30.0,0.0,0.0,2026-03-03 23:58:54,
2142.0,p-links-bhs.xyz,true,0.5,88.0,45.0,0.0,0.0,30.0,30.0,0.0,0.0,2026-03-05 11:59:29,
2143.0,e-links-bhs.xyz,true,0.5,88.0,45.0,0.0,0.0,30.0,30.0,0.0,0.0,2026-03-05 09:48:06,
2144.0,ms1noticias.com.br,false,0.5,29.0,788.0,0.0,0.0,1.0,1.0,0.0,1.0,2026-04-26 16:53:26,
2145.0,bailbondsus.com,true,0.5,65.0,2560.0,0.0,0.0,1.0,1.0,1.0,1.0,2025-08-29 15:19:31,2025-12-25 00:49:23
2146.0,dapago.net,false,0.5,27.0,57776.0,0.0,0.0,1.0,1.0,0.0,0.0,2026-05-18 11:59:40,
2147.0,shovel.report,true,0.5,17.0,13751.0,0.0,0.0,1.0,0.0,1.0,1.0,2024-12-05 04:03:48,2026-04-24 18:46:09
2148.0,comparable-companies.com,true,0.5,70.0,615339.0,0.0,0.0,1.0,1.0,0.0,1.0,2025-07-13 19:10:13,
2149.0,carcleaningrt.nl,true,0.5,9.0,25393.0,0.0,0.0,1.0,1.0,1.0,1.0,2025-09-24 18:35:33,2026-03-20 21:42:14
2150.0,sv3dprinter.com,false,0.5,124.0,0.0,0.0,0.0,4.0,0.0,4.0,4.0,2023-08-03 09:33:47,2025-07-24 22:37:03
2151.0,rankvanceboost.info,true,0.4,71.0,6012083.0,0.0,0.0,1.0,1.0,1.0,1.0,2025-08-31 09:53:23,2026-05-03 09:15:06
2152.0,induscollection.com,false,0.4,28.0,23.0,0.0,1.0,1.0,1.0,0.0,1.0,2025-06-25 19:49:59,
2153.0,boyleagrisupplies.ie,true,0.4,7.0,5484.0,0.0,1.0,1.0,0.0,1.0,1.0,2025-04-28 12:38:15,2025-07-15 19:23:18
2154.0,igcar.cc,false,0.4,10.0,740.0,0.0,0.0,3.0,0.0,3.0,3.0,2025-02-11 05:27:03,2025-07-11 09:36:20
2155.0,hukuktakariyerkulubu.net,false,0.4,34.0,125.0,37.0,17.0,1.0,0.0,0.0,1.0,2024-02-12 23:48:42,
2156.0,nexttravel.in,true,0.4,23.0,21.0,0.0,0.0,1.0,1.0,0.0,0.0,2025-06-01 05:55:31,
2157.0,theface.in,true,0.4,7.0,9.3312797E7,0.0,0.0,1.0,1.0,0.0,1.0,2026-05-16 19:15:15,
2158.0,nftnewsme.com,false,0.4,50.0,248.0,0.0,0.0,1.0,0.0,0.0,1.0,2023-08-05 14:22:13,
2159.0,constitute.net,true,0.4,57.0,2.0,0.0,0.0,1.0,1.0,1.0,0.0,2026-02-25 04:17:50,2026-04-16 21:42:20
2160.0,o-links-bhs.xyz,true,0.4,103.0,45.0,0.0,0.0,30.0,30.0,0.0,0.0,2026-02-25 09:18:38,
2161.0,bittlebits.ai,true,0.4,14.0,3254.0,0.0,0.0,1.0,1.0,1.0,1.0,2025-10-19 20:22:35,2025-11-21 16:34:00
2162.0,saudeevidabr.website,true,0.4,24.0,0.0,0.0,0.0,1.0,0.0,1.0,1.0,2024-05-01 21:19:52,2025-08-24 09:01:10
2163.0,tyres.pro,true,0.4,7.0,3.7147103E7,0.0,0.0,1.0,1.0,0.0,1.0,2026-05-14 06:55:20,
2164.0,mtsemfiltro.com.br,false,0.4,3.0,1583.0,0.0,1.0,1.0,1.0,0.0,1.0,2026-02-14 19:38:22,
2165.0,dmmn.net,false,0.4,40.0,1821.0,0.0,0.0,6.0,3.0,6.0,0.0,2024-10-29 17:48:23,2025-10-02 07:46:17
2166.0,msfronteira.com.br,false,0.4,29.0,1807.0,2.0,3.0,1.0,1.0,0.0,1.0,2026-02-12 14:34:40,
2167.0,lucreziaaltamodasposa.com,true,0.4,26.0,0.0,0.0,0.0,1.0,0.0,1.0,1.0,2024-06-15 19:21:24,2025-05-30 07:54:47
2168.0,alzahwah.xyz,true,0.3,1515.0,459912.0,0.0,0.0,1.0,1.0,1.0,1.0,2026-02-18 20:36:42,2026-05-03 02:38:37
2169.0,lifeajoi.xyz,true,0.3,1513.0,383395.0,0.0,0.0,1.0,1.0,1.0,1.0,2026-02-25 11:10:46,2026-04-08 17:58:48
2170.0,tvme2024.xyz,true,0.3,1517.0,316977.0,0.0,0.0,1.0,1.0,1.0,1.0,2026-02-26 23:29:26,2026-04-30 18:37:57
2171.0,asateeen.xyz,true,0.3,1516.0,253521.0,0.0,0.0,1.0,1.0,1.0,1.0,2026-02-24 19:45:14,2026-04-26 18:51:08
2172.0,amapulse.xyz,true,0.3,1517.0,266230.0,0.0,0.0,1.0,1.0,1.0,1.0,2026-02-17 11:29:48,2026-03-30 10:51:14
2173.0,uwakjitu.xyz,true,0.3,1515.0,440730.0,0.0,0.0,1.0,1.0,1.0,1.0,2026-02-21 17:18:23,2026-05-10 21:23:26
2174.0,163shayu.xyz,true,0.3,1516.0,532083.0,0.0,0.0,1.0,1.0,0.0,1.0,2026-02-17 11:59:27,
2175.0,powurmax.xyz,true,0.3,1511.0,254845.0,0.0,0.0,1.0,1.0,1.0,1.0,2026-02-20 03:32:25,2026-02-20 05:25:10
2176.0,putaoav4.xyz,true,0.3,1512.0,425165.0,0.0,0.0,1.0,1.0,1.0,1.0,2026-02-16 07:58:49,2026-04-04 07:18:20
2177.0,turmadoradiobahia.com.br,false,0.3,1.0,462.0,0.0,0.0,1.0,1.0,0.0,1.0,2026-05-07 07:09:31,
2178.0,direitapalmense.com.br,false,0.3,1.0,397.0,0.0,0.0,1.0,1.0,0.0,1.0,2026-03-04 04:41:08,
2179.0,jatapop.com.br,false,0.3,1.0,679.0,0.0,0.0,1.0,1.0,0.0,1.0,2026-04-07 16:37:58,
2180.0,minutogo.com,false,0.3,26.0,557.0,0.0,0.0,1.0,1.0,0.0,1.0,2026-05-15 14:28:54,
2181.0,falaverdadems.com.br,false,0.3,1.0,310.0,0.0,0.0,1.0,1.0,0.0,1.0,2026-02-11 20:04:40,
2182.0,portalsantananews.com,false,0.3,1.0,1485.0,0.0,3.0,1.0,1.0,0.0,1.0,2026-05-07 06:38:52,
2183.0,t-links-bhs.xyz,true,0.3,94.0,45.0,0.0,0.0,30.0,30.0,0.0,0.0,2026-02-25 15:38:31,
2184.0,domain.com.lc,true,0.3,13.0,3.83352992E8,0.0,0.0,1.0,1.0,0.0,1.0,2026-05-13 03:19:24,
2185.0,w-links-bhs.xyz,true,0.3,93.0,45.0,0.0,0.0,30.0,30.0,0.0,0.0,2026-02-25 18:30:00,
2186.0,virtualpersonaltrainer.co,false,0.3,36.0,507.0,0.0,0.0,1.0,1.0,0.0,1.0,2026-01-02 18:40:43,
2187.0,pentopeg.com,false,0.3,27.0,13.0,22.0,8.0,2.0,2.0,0.0,2.0,2026-01-08 05:14:01,
2188.0,jam01.com,true,0.3,28.0,6518.0,0.0,0.0,1.0,1.0,1.0,1.0,2025-09-29 18:48:25,2026-04-18 15:22:38
2189.0,i-links-bhs.xyz,true,0.3,87.0,44.0,0.0,0.0,30.0,30.0,0.0,0.0,2026-03-03 21:36:23,
2190.0,wayrocks.xyz,true,0.3,1513.0,495092.0,0.0,0.0,1.0,1.0,1.0,1.0,2026-02-18 19:54:13,2026-05-24 07:43:25
2191.0,airankseverything.com,true,0.3,10.0,4462.0,0.0,0.0,1.0,1.0,0.0,1.0,2025-08-23 20:58:37,
2192.0,trophydaughter.com,false,0.3,31.0,2049.0,17.0,1.0,18.0,18.0,0.0,18.0,2025-12-22 03:21:39,
2193.0,mfgpro.tech,true,0.3,70.0,0.0,0.0,0.0,1.0,0.0,1.0,0.0,2025-04-25 05:24:29,2025-07-12 22:19:13
2194.0,medicalsupplystore.xyz,true,0.3,1881.0,488933.0,0.0,0.0,1.0,1.0,1.0,1.0,2026-02-22 15:26:24,2026-04-22 16:45:05
2195.0,fixgaragedoorwellesley.com,false,0.3,30.0,111.0,0.0,0.0,2.0,0.0,2.0,2.0,2025-04-09 06:17:02,2025-12-28 15:02:41
2196.0,thenoublejournal.com,false,0.3,41.0,10.0,2.0,3.0,1.0,0.0,0.0,0.0,2023-12-22 00:07:12,
2197.0,aipwo.com,true,0.3,47.0,0.0,0.0,0.0,1.0,0.0,1.0,1.0,2025-05-09 23:54:11,2025-07-11 07:08:50
2198.0,campingdubuc.com,true,0.3,28.0,165.0,0.0,1.0,1.0,1.0,1.0,1.0,2025-08-08 06:03:38,2025-08-24 02:13:44
2199.0,stayamor.xyz,true,0.3,1501.0,375810.0,0.0,0.0,2.0,2.0,2.0,2.0,2026-02-23 18:49:26,2026-05-09 02:07:14
2200.0,goatwind.xyz,true,0.3,1500.0,509023.0,0.0,0.0,5.0,5.0,4.0,5.0,2026-02-15 07:05:38,
2201.0,theappnote.de,false,0.3,5.0,712.0,3.0,3.0,1.0,1.0,0.0,1.0,2026-03-12 22:02:20,
2202.0,yimiaogj.xyz,true,0.3,1497.0,540519.0,0.0,0.0,1.0,1.0,0.0,1.0,2026-02-16 09:28:03,
2203.0,utmeblog.com,true,0.3,27.0,6.0,0.0,0.0,4.0,3.0,4.0,0.0,2025-01-03 20:58:08,2025-12-30 05:34:18
2204.0,inbaloza.com,false,0.3,31.0,2308.0,0.0,0.0,4.0,0.0,4.0,4.0,2025-03-27 07:33:57,2025-09-09 02:01:49
2205.0,superxxxwomen.xyz,true,0.3,1539.0,423486.0,0.0,0.0,1.0,1.0,1.0,1.0,2026-02-22 14:42:09,2026-05-29 14:04:58
2206.0,a035.xyz,true,0.3,1510.0,526598.0,0.0,0.0,4.0,4.0,1.0,4.0,2026-02-14 20:59:28,
2207.0,queries.co.in,true,0.3,6.0,1178159.0,0.0,0.0,1.0,1.0,1.0,1.0,2026-02-17 05:14:32,2026-03-17 11:30:06
2208.0,xjnat3enj6.xyz,true,0.3,1534.0,555762.0,0.0,0.0,2.0,2.0,0.0,2.0,2026-02-15 22:26:25,
2209.0,thejob.tech,false,0.3,27.0,1715.0,0.0,0.0,6.0,6.0,2.0,6.0,2026-03-25 21:03:28,
2210.0,markarnoldblog.com,false,0.3,99.0,716.0,0.0,0.0,1.0,1.0,1.0,1.0,2025-05-29 01:34:19,2025-07-12 04:00:31
2211.0,essencialnaweb.com.br,false,0.3,28.0,54.0,0.0,0.0,1.0,0.0,1.0,1.0,2023-12-12 10:01:00,2025-05-30 12:12:58
2212.0,naperville-taxi.com,false,0.3,39.0,284.0,0.0,0.0,3.0,0.0,3.0,3.0,2025-04-25 18:10:08,2026-01-04 03:53:42
2213.0,techbiztools.com,false,0.3,32.0,2.0,0.0,1.0,4.0,0.0,4.0,4.0,2024-01-28 00:02:54,2026-04-10 07:19:53
2214.0,derekrobinsonphotography.com,false,0.2,37.0,0.0,0.0,0.0,1.0,0.0,1.0,1.0,2024-04-05 01:59:04,2025-08-24 07:32:18
2215.0,batangtabon.com,false,0.2,33.0,39.0,0.0,0.0,3.0,0.0,3.0,3.0,2025-04-01 16:29:35,2025-05-29 03:06:23
2216.0,iaqwqqor.xyz,true,0.2,1290.0,369406.0,0.0,0.0,1.0,1.0,0.0,1.0,2026-02-25 05:28:05,
2217.0,evaronix.xyz,true,0.2,1291.0,496231.0,0.0,0.0,1.0,1.0,0.0,1.0,2026-02-16 23:07:16,
2218.0,spruce27.xyz,true,0.2,1290.0,421888.0,0.0,0.0,1.0,1.0,1.0,1.0,2026-02-15 01:12:40,2026-04-21 22:44:50
2219.0,deyomist.xyz,true,0.2,1291.0,404735.0,0.0,0.0,2.0,2.0,1.0,2.0,2026-02-22 17:20:56,
2220.0,banishcancer.org,false,0.2,27.0,94.0,0.0,0.0,1.0,1.0,0.0,0.0,2026-02-27 14:15:38,
2221.0,viiibozn.xyz,true,0.2,1227.0,492954.0,0.0,0.0,1.0,1.0,1.0,1.0,2026-02-27 18:22:22,2026-03-31 16:03:33
2222.0,saibonfx.xyz,true,0.2,1223.0,414328.0,0.0,0.0,1.0,1.0,1.0,1.0,2026-02-24 03:40:58,2026-05-09 23:29:54
2223.0,99yards.co,true,0.2,4.0,16.0,0.0,0.0,1.0,0.0,1.0,1.0,2024-07-24 13:12:37,2025-08-10 02:07:35
2224.0,jponcasi.xyz,true,0.2,1183.0,485157.0,0.0,0.0,2.0,2.0,1.0,2.0,2026-02-19 01:33:30,
2225.0,tidnjufh.xyz,true,0.2,1183.0,424749.0,0.0,0.0,1.0,1.0,1.0,1.0,2026-02-21 18:24:50,2026-04-11 00:48:58
2226.0,igloozoa.xyz,true,0.2,1184.0,407655.0,0.0,0.0,1.0,1.0,1.0,1.0,2026-02-15 21:13:48,2026-04-08 15:02:16
2227.0,bpbl.com.tw,true,0.2,1.0,10965.0,0.0,0.0,1.0,1.0,1.0,1.0,2025-06-02 09:44:44,2026-04-18 19:36:24
2228.0,jojokaka.xyz,true,0.2,1121.0,465796.0,0.0,0.0,3.0,3.0,2.0,3.0,2026-02-19 00:50:53,
2229.0,aitoolsplayground.com,true,0.2,25.0,0.0,0.0,0.0,2.0,0.0,2.0,2.0,2023-09-10 13:07:31,2025-07-14 02:47:03
2230.0,ctbgck8u.xyz,true,0.2,1121.0,456083.0,0.0,0.0,1.0,1.0,0.0,1.0,2026-02-23 03:18:45,
2231.0,amathe.in,true,0.2,329.0,36607.0,0.0,0.0,1.0,0.0,1.0,1.0,2025-02-19 01:43:54,2026-02-11 12:42:43
2232.0,cesstank.xyz,true,0.2,1120.0,490440.0,0.0,0.0,2.0,2.0,2.0,2.0,2026-02-16 11:18:00,2026-04-08 02:16:51
2233.0,zzsaifei.xyz,true,0.2,1117.0,525836.0,0.0,0.0,3.0,3.0,2.0,3.0,2026-02-19 06:26:53,
2234.0,ipulsefr.xyz,true,0.2,1120.0,320549.0,0.0,0.0,2.0,2.0,0.0,2.0,2026-02-18 10:00:51,
2235.0,ajlsilva.xyz,true,0.2,1118.0,377916.0,0.0,0.0,1.0,1.0,0.0,1.0,2026-02-19 12:40:30,
2236.0,brumifan.xyz,true,0.2,1119.0,584938.0,0.0,0.0,2.0,2.0,0.0,2.0,2026-02-20 21:16:21,
2237.0,shiakidz.xyz,true,0.2,1118.0,530900.0,0.0,0.0,1.0,1.0,0.0,1.0,2026-02-22 15:55:01,
2238.0,dr-waseem.com,true,0.2,44.0,2408.0,0.0,0.0,1.0,0.0,1.0,1.0,2025-02-25 22:02:58,2025-12-23 10:37:51
2239.0,futurumenergy.com,false,0.2,51.0,0.0,0.0,0.0,1.0,0.0,1.0,1.0,2024-05-26 17:18:24,2025-06-12 14:18:58
2240.0,awakensolar.com,true,0.2,114.0,882.0,0.0,0.0,1.0,0.0,1.0,1.0,2025-04-28 13:35:21,2026-02-12 04:47:24
2241.0,jassinsights.com,false,0.2,3.0,14.0,0.0,0.0,4.0,4.0,4.0,4.0,2025-07-04 04:39:04,2026-04-02 05:40:27
2242.0,sinergia.su,false,0.2,23.0,0.0,0.0,0.0,1.0,0.0,1.0,1.0,2024-06-16 03:32:29,2025-08-22 20:18:57
2243.0,garagedoorinstallationplano.com,true,0.2,34.0,2032.0,0.0,0.0,1.0,1.0,1.0,1.0,2025-09-30 04:18:46,2026-01-16 07:14:30
2244.0,healthbeautyreviewer.com,false,0.2,35.0,416.0,0.0,0.0,1.0,0.0,0.0,1.0,2025-03-30 17:02:33,
2245.0,roboticcontent.com,false,0.2,34.0,3065.0,0.0,0.0,3.0,1.0,0.0,3.0,2023-11-21 09:09:38,
2246.0,uaewebdirectory.info,true,0.2,3.0,0.0,0.0,0.0,1.0,1.0,1.0,1.0,2026-02-23 04:10:07,2026-04-16 18:50:42
2247.0,beaubellasboutique.com,true,0.2,32.0,139.0,1.0,2.0,2.0,2.0,0.0,2.0,2025-12-21 06:24:12,
2248.0,phaarmaa.xyz,true,0.2,1173.0,365238.0,0.0,0.0,1.0,1.0,1.0,1.0,2026-02-26 12:14:28,2026-04-04 09:04:02
2249.0,palmgone.xyz,true,0.2,1170.0,359219.0,0.0,0.0,1.0,1.0,1.0,1.0,2026-02-19 18:03:43,2026-03-28 22:52:29
2250.0,myntraco.xyz,true,0.2,1171.0,380094.0,0.0,0.0,1.0,1.0,1.0,1.0,2026-02-19 16:03:27,2026-03-26 20:57:19
2251.0,wayofara.xyz,true,0.2,1172.0,491468.0,0.0,0.0,1.0,1.0,1.0,1.0,2026-02-26 22:21:18,2026-04-07 05:42:26
2252.0,jlhphotographyyorkshire.com,false,0.2,28.0,331.0,0.0,0.0,1.0,1.0,0.0,1.0,2026-05-18 16:26:28,
2253.0,cloami.com,false,0.2,32.0,187.0,562.0,141.0,2.0,0.0,0.0,2.0,2025-01-15 20:04:50,
2254.0,brodatsalicia.com,true,0.2,28.0,1269.0,0.0,0.0,1.0,1.0,1.0,1.0,2025-06-10 11:33:53,2025-12-16 22:55:49
2255.0,works.asia,true,0.2,3.0,0.0,0.0,0.0,2.0,1.0,2.0,0.0,2025-04-26 14:20:13,2025-09-08 02:56:01
2256.0,subsites.net,true,0.2,80.0,5.0,0.0,0.0,3.0,0.0,3.0,0.0,2025-04-16 20:27:40,2025-12-04 10:11:37
2257.0,superfounders.org,false,0.2,34.0,1054.0,0.0,0.0,1.0,0.0,0.0,1.0,2023-09-27 19:23:07,
2258.0,bizbeavers.com,false,0.2,30.0,0.0,0.0,0.0,2.0,0.0,2.0,0.0,2023-07-23 03:26:56,2025-07-31 12:03:27
2259.0,dafontfree.info,false,0.2,59.0,1399.0,0.0,0.0,1.0,0.0,1.0,1.0,2025-01-03 20:29:28,2025-09-10 23:15:49
2260.0,ecokouture.com,false,0.2,2.0,512.0,0.0,0.0,1.0,1.0,1.0,1.0,2025-09-29 20:00:22,2025-12-03 20:09:55
2261.0,healthroutedaily.org,false,0.2,1.0,45297.0,0.0,0.0,5.0,5.0,0.0,5.0,2026-05-09 23:47:54,
2262.0,marathiladies.com,false,0.2,31.0,3.15175788E8,0.0,0.0,1.0,1.0,0.0,1.0,2026-05-16 14:49:39,
2263.0,seo-anomaly-lumos.online,true,0.1,26.0,74.0,0.0,0.0,1.0,1.0,0.0,0.0,2026-01-27 13:04:23,
2264.0,seo-anomaly-rennervate.online,true,0.1,26.0,73.0,0.0,0.0,1.0,1.0,0.0,0.0,2026-01-28 11:13:52,
2265.0,seo-anomaly-accio.online,true,0.1,26.0,74.0,0.0,0.0,1.0,1.0,0.0,0.0,2026-01-28 01:28:13,
2266.0,seo-anomaly-muffliato.online,true,0.1,26.0,73.0,0.0,0.0,1.0,1.0,0.0,0.0,2026-01-28 11:28:31,
2267.0,seo-anomaly-expecto-patronum.online,true,0.1,26.0,74.0,0.0,0.0,1.0,1.0,0.0,0.0,2026-01-28 07:05:43,
2268.0,seo-anomaly-expecto-patronum.site,true,0.1,25.0,73.0,0.0,0.0,1.0,1.0,0.0,0.0,2026-03-05 01:21:57,
2269.0,seo-anomaly-rennervate.site,true,0.1,25.0,73.0,0.0,0.0,1.0,1.0,0.0,0.0,2026-03-04 05:29:29,
2270.0,seo-anomaly-finite-incantatem.online,true,0.1,25.0,73.0,0.0,0.0,1.0,1.0,0.0,0.0,2026-01-27 17:58:10,
2271.0,seo-anomaly-petrificus-totalus.online,true,0.1,25.0,74.0,0.0,0.0,1.0,1.0,0.0,0.0,2026-01-28 08:36:33,
2272.0,seo-anomaly-wingardium-leviosa.website,true,0.1,25.0,73.0,0.0,0.0,1.0,1.0,0.0,0.0,2026-03-04 08:30:04,
2273.0,seo-anomaly-episkey.website,true,0.1,25.0,69.0,0.0,0.0,1.0,1.0,0.0,0.0,2026-03-05 05:06:57,
2274.0,seo-anomaly-avada-kedavra.website,true,0.1,25.0,74.0,0.0,0.0,1.0,1.0,0.0,0.0,2026-03-04 08:04:39,
2275.0,seo-anomaly-protego.website,true,0.1,25.0,74.0,0.0,0.0,1.0,1.0,0.0,0.0,2026-03-04 06:06:05,
2276.0,seo-anomaly-stupefy.website,true,0.1,25.0,73.0,0.0,0.0,1.0,1.0,0.0,0.0,2026-03-05 07:48:33,
2277.0,seo-anomaly-reparo.site,true,0.1,25.0,71.0,0.0,0.0,1.0,1.0,0.0,0.0,2026-03-04 21:48:15,
2278.0,seo-anomaly-episkey.online,true,0.1,25.0,73.0,0.0,0.0,1.0,1.0,0.0,0.0,2026-01-29 23:21:37,
2279.0,seo-anomaly-wingardium-leviosa.site,true,0.1,25.0,74.0,0.0,0.0,1.0,1.0,0.0,0.0,2026-03-04 04:13:18,
2280.0,seo-anomaly-nox.website,true,0.1,25.0,73.0,0.0,0.0,1.0,1.0,0.0,0.0,2026-03-05 05:27:30,
2281.0,seo-anomaly-confundus.online,true,0.1,25.0,72.0,0.0,0.0,1.0,1.0,0.0,0.0,2026-01-27 21:11:14,
2282.0,seo-anomaly-crucio.website,true,0.1,25.0,71.0,0.0,0.0,1.0,1.0,0.0,0.0,2026-03-05 01:34:24,
2283.0,seo-anomaly-expelliarmus.site,true,0.1,25.0,72.0,0.0,0.0,1.0,1.0,0.0,0.0,2026-01-27 14:05:05,
2284.0,seo-anomaly-silencio.site,true,0.1,25.0,74.0,0.0,0.0,1.0,1.0,0.0,0.0,2026-03-04 06:28:26,
2285.0,seo-anomaly-rennervate.website,true,0.1,25.0,74.0,0.0,0.0,1.0,1.0,0.0,0.0,2026-03-04 10:52:03,
2286.0,seo-anomaly-incendio.online,true,0.1,25.0,74.0,0.0,0.0,1.0,1.0,0.0,0.0,2026-01-28 01:55:54,
2287.0,seo-anomaly-muffliato.website,true,0.1,25.0,73.0,0.0,0.0,1.0,1.0,0.0,0.0,2026-03-05 06:08:06,
2288.0,seo-anomaly-finite-incantatem.site,true,0.1,25.0,74.0,0.0,0.0,1.0,1.0,0.0,0.0,2026-01-28 13:20:42,
2289.0,seo-anomaly-stupefy.site,true,0.1,25.0,70.0,0.0,0.0,1.0,1.0,0.0,0.0,2026-03-05 05:03:53,
2290.0,seo-anomaly-imperio.online,true,0.1,25.0,74.0,0.0,0.0,1.0,1.0,0.0,0.0,2026-01-28 09:54:54,
2291.0,seo-anomaly-silencio.website,true,0.1,25.0,72.0,0.0,0.0,1.0,1.0,0.0,0.0,2026-03-05 02:35:55,
2292.0,seo-anomaly-expecto-patronum.website,true,0.1,25.0,74.0,0.0,0.0,1.0,1.0,0.0,0.0,2026-03-05 05:01:30,
2293.0,seo-anomaly-lumos.website,true,0.1,25.0,72.0,0.0,0.0,1.0,1.0,0.0,0.0,2026-03-04 07:50:13,
2294.0,seo-anomaly-aguamenti.site,true,0.1,25.0,74.0,0.0,0.0,1.0,1.0,0.0,0.0,2026-01-28 13:13:13,
2295.0,seo-anomaly-obliviate.site,true,0.1,25.0,71.0,0.0,0.0,1.0,1.0,0.0,0.0,2026-01-27 13:52:40,
2296.0,seo-anomaly-accio.website,true,0.1,25.0,73.0,0.0,0.0,1.0,1.0,0.0,0.0,2026-03-05 02:10:24,
2297.0,seo-anomaly-protego.online,true,0.1,25.0,73.0,0.0,0.0,1.0,1.0,0.0,0.0,2026-01-28 10:47:49,
2298.0,seo-anomaly-wingardium-leviosa.online,true,0.1,25.0,74.0,0.0,0.0,1.0,1.0,0.0,0.0,2026-01-28 10:25:42,
2299.0,seo-anomaly-imperio.site,true,0.1,25.0,74.0,0.0,0.0,1.0,1.0,0.0,0.0,2026-01-28 11:01:08,
2300.0,seo-anomaly-reducto.website,true,0.1,25.0,73.0,0.0,0.0,1.0,1.0,0.0,0.0,2026-03-04 22:54:11,
2301.0,seo-anomaly-aguamenti.website,true,0.1,25.0,73.0,0.0,0.0,1.0,1.0,0.0,0.0,2026-03-05 06:31:40,
2302.0,seo-anomaly-expelliarmus.online,true,0.1,25.0,74.0,0.0,0.0,1.0,1.0,0.0,0.0,2026-01-27 18:37:50,
2303.0,seo-anomaly-reparo.website,true,0.1,25.0,74.0,0.0,0.0,1.0,1.0,0.0,0.0,2026-03-04 04:12:21,
2304.0,seo-anomaly-nox.site,true,0.1,25.0,72.0,0.0,0.0,1.0,1.0,0.0,0.0,2026-01-27 20:34:33,
2305.0,seo-anomaly-obliviate.online,true,0.1,25.0,74.0,0.0,0.0,1.0,1.0,0.0,0.0,2026-01-28 13:08:43,
2306.0,seo-anomaly-imperio.website,true,0.1,25.0,74.0,0.0,0.0,1.0,1.0,0.0,0.0,2026-03-04 09:02:28,
2307.0,seo-anomaly-levicorpus.site,true,0.1,25.0,70.0,0.0,0.0,1.0,1.0,0.0,0.0,2026-01-28 08:40:49,
2308.0,seo-anomaly-stupefy.online,true,0.1,25.0,74.0,0.0,0.0,1.0,1.0,0.0,0.0,2026-01-27 13:37:08,
2309.0,seo-anomaly-nox.online,true,0.1,25.0,73.0,0.0,0.0,1.0,1.0,0.0,0.0,2026-01-27 13:26:27,
2310.0,seo-anomaly-aparecium.site,true,0.1,25.0,73.0,0.0,0.0,1.0,1.0,0.0,0.0,2026-01-28 10:39:07,
2311.0,seo-anomaly-incendio.site,true,0.1,25.0,73.0,0.0,0.0,1.0,1.0,0.0,0.0,2026-01-28 09:04:50,
2312.0,seo-anomaly-expelliarmus.website,true,0.1,25.0,73.0,0.0,0.0,1.0,1.0,0.0,0.0,2026-03-04 22:26:58,
2313.0,seo-anomaly-petrificus-totalus.site,true,0.1,25.0,72.0,0.0,0.0,1.0,1.0,0.0,0.0,2026-01-27 21:41:01,
2314.0,seo-anomaly-incendio.website,true,0.1,25.0,70.0,0.0,0.0,1.0,1.0,0.0,0.0,2026-03-04 10:39:14,
2315.0,seo-anomaly-confundus.site,true,0.1,25.0,67.0,0.0,0.0,1.0,1.0,0.0,0.0,2026-03-04 12:14:56,
2316.0,seo-anomaly-accio.site,true,0.1,25.0,71.0,0.0,0.0,1.0,1.0,0.0,0.0,2026-01-27 14:30:45,
2317.0,seo-anomaly-episkey.site,true,0.1,25.0,70.0,0.0,0.0,1.0,1.0,0.0,0.0,2026-03-05 08:34:36,
2318.0,seo-anomaly-crucio.online,true,0.1,25.0,74.0,0.0,0.0,1.0,1.0,0.0,0.0,2026-01-29 20:33:01,
2319.0,seo-anomaly-silencio.online,true,0.1,25.0,73.0,0.0,0.0,1.0,1.0,0.0,0.0,2026-01-27 15:53:17,
2320.0,seo-anomaly-levicorpus.website,true,0.1,25.0,74.0,0.0,0.0,1.0,1.0,0.0,0.0,2026-03-05 08:40:04,
2321.0,seo-anomaly-confundus.website,true,0.1,25.0,73.0,0.0,0.0,1.0,1.0,0.0,0.0,2026-03-04 22:24:54,
2322.0,seo-anomaly-muffliato.site,true,0.1,25.0,74.0,0.0,0.0,1.0,1.0,0.0,0.0,2026-01-28 09:44:04,
2323.0,seo-anomaly-levicorpus.online,true,0.1,25.0,74.0,0.0,0.0,1.0,1.0,0.0,0.0,2026-01-27 15:09:37,
2324.0,seo-anomaly-petrificus-totalus.website,true,0.1,25.0,73.0,0.0,0.0,1.0,1.0,0.0,0.0,2026-03-05 06:39:14,
2325.0,seo-anomaly-avada-kedavra.online,true,0.1,25.0,73.0,0.0,0.0,1.0,1.0,0.0,0.0,2026-01-28 12:11:47,
2326.0,seo-anomaly-reducto.online,true,0.1,25.0,73.0,0.0,0.0,1.0,1.0,0.0,0.0,2026-01-27 15:12:18,
2327.0,seo-anomaly-finite-incantatem.website,true,0.1,25.0,70.0,0.0,0.0,1.0,1.0,0.0,0.0,2026-03-04 05:17:43,
2328.0,seo-anomaly-reducto.site,true,0.1,25.0,74.0,0.0,0.0,1.0,1.0,0.0,0.0,2026-03-04 06:15:13,
2329.0,seo-anomaly-obliviate.website,true,0.1,25.0,73.0,0.0,0.0,1.0,1.0,0.0,0.0,2026-03-05 02:06:35,
2330.0,seo-anomaly-lumos.site,true,0.1,25.0,74.0,0.0,0.0,1.0,1.0,0.0,0.0,2026-01-28 08:36:02,
2331.0,seo-anomaly-aguamenti.online,true,0.1,25.0,74.0,0.0,0.0,1.0,1.0,0.0,0.0,2026-01-28 10:47:48,
2332.0,seo-anomaly-crucio.site,true,0.1,25.0,74.0,0.0,0.0,1.0,1.0,0.0,0.0,2026-03-05 03:04:29,
2333.0,seo-anomaly-protego.site,true,0.1,25.0,74.0,0.0,0.0,1.0,1.0,0.0,0.0,2026-03-04 10:22:00,
2334.0,my-elegance.de,false,0.1,10.0,41280.0,0.0,0.0,1.0,0.0,1.0,1.0,2025-04-04 22:46:42,2026-04-21 09:39:25
2335.0,seo-anomaly-aparecium.online,true,0.1,25.0,74.0,0.0,0.0,1.0,1.0,0.0,0.0,2026-01-29 10:33:39,
2336.0,seo-anomaly-aparecium.website,true,0.1,25.0,74.0,0.0,0.0,1.0,1.0,0.0,0.0,2026-03-04 15:29:18,
2337.0,seo-anomaly-reparo.online,true,0.1,25.0,70.0,0.0,0.0,1.0,1.0,0.0,0.0,2026-01-27 17:00:44,
2338.0,seo-anomaly-aguamenti.space,true,0.1,23.0,68.0,0.0,0.0,1.0,1.0,0.0,0.0,2026-01-27 21:25:21,
2339.0,seo-anomaly-rennervate.space,true,0.1,23.0,68.0,0.0,0.0,1.0,1.0,0.0,0.0,2026-01-27 17:41:17,
2340.0,seo-anomaly-obliviate.space,true,0.1,23.0,67.0,0.0,0.0,1.0,1.0,0.0,0.0,2026-01-28 01:54:57,
2341.0,seo-anomaly-muffliato.space,true,0.1,23.0,68.0,0.0,0.0,1.0,1.0,0.0,0.0,2026-01-27 13:31:21,
2342.0,seo-anomaly-wingardium-leviosa.space,true,0.1,23.0,67.0,0.0,0.0,1.0,1.0,0.0,0.0,2026-01-27 12:47:05,
2343.0,seo-anomaly-expelliarmus.space,true,0.1,23.0,68.0,0.0,0.0,1.0,1.0,0.0,0.0,2026-01-27 12:59:11,
2344.0,seo-anomaly-levicorpus.space,true,0.1,23.0,68.0,0.0,0.0,1.0,1.0,0.0,0.0,2026-01-27 19:46:00,
2345.0,seo-anomaly-stupefy.space,true,0.1,23.0,67.0,0.0,0.0,1.0,1.0,0.0,0.0,2026-01-28 21:20:14,
2346.0,seo-anomaly-protego.space,true,0.1,23.0,68.0,0.0,0.0,1.0,1.0,0.0,0.0,2026-01-29 03:26:19,
2347.0,seo-anomaly-expecto-patronum.space,true,0.1,23.0,68.0,0.0,0.0,1.0,1.0,0.0,0.0,2026-01-27 18:55:43,
2348.0,seo-anomaly-episkey.space,true,0.1,23.0,68.0,0.0,0.0,1.0,1.0,0.0,0.0,2026-01-27 13:51:05,
2349.0,seo-anomaly-nox.space,true,0.1,23.0,68.0,0.0,0.0,1.0,1.0,0.0,0.0,2026-01-27 14:45:17,
2350.0,seo-anomaly-aparecium.space,true,0.1,23.0,68.0,0.0,0.0,1.0,1.0,0.0,0.0,2026-01-28 20:52:00,
2351.0,seo-anomaly-silencio.space,true,0.1,23.0,68.0,0.0,0.0,1.0,1.0,0.0,0.0,2026-01-30 12:41:06,
2352.0,seo-anomaly-finite-incantatem.space,true,0.1,23.0,68.0,0.0,0.0,1.0,1.0,0.0,0.0,2026-01-28 19:41:33,
2353.0,seo-anomaly-reparo.space,true,0.1,23.0,68.0,0.0,0.0,1.0,1.0,0.0,0.0,2026-01-27 16:24:29,
2354.0,seo-anomaly-confundus.space,true,0.1,23.0,68.0,0.0,0.0,1.0,1.0,0.0,0.0,2026-01-27 13:25:54,
2355.0,seo-anomaly-reducto.space,true,0.1,23.0,68.0,0.0,0.0,1.0,1.0,0.0,0.0,2026-01-27 17:49:10,
2356.0,seo-anomaly-avada-kedavra.space,true,0.1,23.0,68.0,0.0,0.0,1.0,1.0,0.0,0.0,2026-01-27 16:58:14,
2357.0,seo-anomaly-imperio.space,true,0.1,23.0,68.0,0.0,0.0,1.0,1.0,0.0,0.0,2026-01-27 17:07:12,
2358.0,seo-anomaly-crucio.space,true,0.1,23.0,68.0,0.0,0.0,1.0,1.0,0.0,0.0,2026-01-28 21:02:32,
2359.0,seo-anomaly-incendio.space,true,0.1,23.0,67.0,0.0,0.0,1.0,1.0,0.0,0.0,2026-01-28 21:01:47,
2360.0,seo-anomaly-lumos.space,true,0.1,23.0,68.0,0.0,0.0,1.0,1.0,0.0,0.0,2026-01-27 13:47:45,
2361.0,seo-anomaly-petrificus-totalus.space,true,0.1,23.0,68.0,0.0,0.0,1.0,1.0,0.0,0.0,2026-01-27 15:56:39,
2362.0,seo-anomaly-accio.space,true,0.1,23.0,68.0,0.0,0.0,1.0,1.0,0.0,0.0,2026-01-28 21:31:15,
2363.0,packersandmoversdirectory.com,true,0.1,38.0,31.0,0.0,0.0,1.0,0.0,0.0,0.0,2025-04-14 04:03:01,
2364.0,lotscomic.com,false,0.1,26.0,890.0,0.0,0.0,2.0,2.0,1.0,2.0,2025-07-25 17:12:56,
2365.0,seo-anomaly-los-angeles.site,true,0.1,32.0,210.0,0.0,0.0,3.0,3.0,0.0,0.0,2025-10-27 08:36:14,
2366.0,nexusnext.agency,true,0.1,63.0,0.0,0.0,0.0,4.0,4.0,0.0,0.0,2026-03-20 23:12:35,
2367.0,sbconsultoriacr.com,false,0.1,29.0,5.0,0.0,1.0,1.0,0.0,1.0,1.0,2025-04-19 01:25:19,2025-06-10 11:02:50
2368.0,24hourlocksmithphoenixaz.com,true,0.1,31.0,770.0,0.0,0.0,1.0,1.0,1.0,1.0,2025-08-31 11:45:58,2025-12-13 09:05:30
2369.0,gbgmt.com,false,0.1,3.0,260.0,0.0,0.0,8.0,5.0,0.0,0.0,2025-05-21 04:25:24,
2370.0,defender.co.in,true,0.1,7.0,33.0,0.0,0.0,1.0,1.0,0.0,0.0,2026-05-07 00:24:25,
2371.0,topinternetdeal.com,true,0.1,24.0,106045.0,0.0,0.0,1.0,1.0,1.0,1.0,2025-08-23 23:40:28,2025-11-17 07:36:57
2372.0,yourwebdirectory.com,true,0.1,31.0,4.0,0.0,0.0,2.0,2.0,2.0,0.0,2025-10-01 06:11:52,2025-12-02 22:17:28
2373.0,infofair24.com,false,0.1,48.0,1678.0,0.0,0.0,2.0,0.0,0.0,2.0,2025-04-08 22:12:42,
2374.0,seo-cartel-maragogype.xyz,false,0.1,20.0,24.0,0.0,0.0,3.0,3.0,0.0,0.0,2026-05-23 01:36:20,
2375.0,seo-cartel-robusta.xyz,false,0.1,20.0,24.0,0.0,0.0,3.0,3.0,0.0,0.0,2026-05-22 18:05:25,
2376.0,seo-cartel-typica.xyz,false,0.1,20.0,24.0,0.0,0.0,3.0,3.0,0.0,0.0,2026-05-22 17:04:25,
2377.0,seo-cartel-arabica.xyz,false,0.1,20.0,24.0,0.0,0.0,3.0,3.0,0.0,0.0,2026-05-22 11:42:11,
2378.0,seo-cartel-geisha.xyz,false,0.1,20.0,24.0,0.0,0.0,3.0,3.0,0.0,0.0,2026-05-22 09:44:26,
2379.0,seo-cartel-bourbon.xyz,false,0.1,20.0,25.0,0.0,0.0,2.0,2.0,0.0,0.0,2026-05-22 09:43:59,
2380.0,seo-cartel-excelsa.xyz,false,0.1,20.0,24.0,0.0,0.0,2.0,2.0,0.0,0.0,2026-05-22 12:23:05,
2381.0,seo-cartel-caturra.xyz,false,0.1,20.0,26.0,0.0,0.0,3.0,3.0,0.0,0.0,2026-05-22 18:41:13,
2382.0,seo-cartel-castillo.xyz,false,0.1,20.0,24.0,0.0,0.0,2.0,2.0,0.0,0.0,2026-05-22 13:31:12,
2383.0,seo-cartel-liberica.xyz,false,0.1,20.0,24.0,0.0,0.0,3.0,3.0,0.0,0.0,2026-05-22 10:42:23,
2384.0,babassusoaps.com,false,0.1,33.0,68.0,9.0,6.0,2.0,0.0,0.0,2.0,2023-09-15 04:11:45,
2385.0,corporacionclev.com,true,0.1,28.0,22661.0,0.0,1.0,1.0,1.0,1.0,1.0,2025-06-13 14:53:09,2025-12-18 03:40:32
2386.0,cheap-backlinks-here.ink,true,0.1,5.0,9976.0,0.0,0.0,1.0,1.0,0.0,1.0,2026-04-24 11:15:48,
2387.0,srilankaandmaldives.com,false,0.1,40.0,1579.0,0.0,0.0,1.0,0.0,1.0,1.0,2025-01-04 06:24:06,2025-09-30 08:47:26
2388.0,fullclassical.com,true,0.1,66.0,25.0,0.0,0.0,2.0,0.0,2.0,0.0,2025-05-07 19:34:38,2025-09-30 19:16:22
2389.0,information.net.in,true,0.1,49.0,4.0,0.0,0.0,2.0,0.0,2.0,0.0,2025-04-15 03:53:36,2025-11-09 05:18:06
2390.0,cermin.id,false,0.1,27.0,188.0,561.0,5.0,1.0,1.0,0.0,1.0,2025-09-30 20:35:20,
2391.0,vistalocksmithca.com,false,0.1,30.0,3195.0,0.0,0.0,1.0,1.0,1.0,1.0,2025-08-10 23:20:38,2025-12-18 22:54:53
2392.0,webworthchecker.kitchen,true,0.1,3.0,2.0,0.0,0.0,1.0,1.0,1.0,0.0,2025-06-03 14:41:43,2025-08-21 13:02:41
2393.0,dirtyknowledge.com,true,0.1,25.0,2.0,0.0,0.0,2.0,2.0,2.0,0.0,2025-08-31 04:48:53,2025-09-30 00:01:35
2394.0,freemarathi.com,true,0.1,30.0,0.0,0.0,0.0,1.0,0.0,1.0,0.0,2025-03-31 11:22:53,2025-08-31 03:41:01
2395.0,xpertbookkeepingplus.com,true,0.1,27.0,1377.0,0.0,0.0,1.0,1.0,1.0,1.0,2025-07-26 02:02:12,2026-03-17 09:55:07
2396.0,lnhospital.com,true,0.1,34.0,4458.0,0.0,0.0,1.0,1.0,1.0,1.0,2025-08-31 16:33:29,2025-11-10 16:30:21
2397.0,1stchoicesugarlandductcleaning.com,true,0.1,27.0,28289.0,0.0,0.0,1.0,1.0,1.0,1.0,2025-08-19 23:08:15,2026-01-19 22:37:59
2398.0,enterprisedirectoryhub.com,true,0.1,11.0,8754880.0,0.0,0.0,2.0,2.0,0.0,2.0,2025-10-25 04:47:37,
2399.0,seo-cartel-mibirizi.xyz,false,0.1,14.0,1.0,0.0,0.0,3.0,3.0,0.0,0.0,2026-05-26 23:08:49,
2400.0,seo-cartel-tabi.xyz,false,0.1,14.0,1.0,0.0,0.0,3.0,3.0,0.0,0.0,2026-05-27 13:08:20,
2401.0,seo-cartel-catuai.xyz,false,0.1,14.0,1.0,0.0,0.0,2.0,2.0,0.0,0.0,2026-05-27 03:22:16,
2402.0,seo-cartel-heirloom.xyz,false,0.1,14.0,1.0,0.0,0.0,3.0,3.0,0.0,0.0,2026-05-28 02:37:31,
2403.0,cnadwo.info,true,0.1,1311.0,300737.0,0.0,0.0,1.0,1.0,1.0,1.0,2026-02-26 20:36:28,2026-03-08 07:43:11
2404.0,seo-cartel-ethiosar.xyz,false,0.1,14.0,0.0,0.0,0.0,2.0,2.0,0.0,0.0,2026-05-27 01:50:41,
2405.0,seo-cartel-obata.xyz,false,0.1,14.0,1.0,0.0,0.0,2.0,2.0,0.0,0.0,2026-05-27 02:00:52,
2406.0,seo-cartel-batian.xyz,false,0.1,14.0,1.0,0.0,0.0,3.0,3.0,0.0,0.0,2026-05-27 05:11:51,
2407.0,seo-cartel-laurina.xyz,false,0.1,14.0,1.0,0.0,0.0,2.0,2.0,0.0,0.0,2026-05-26 23:15:28,
2408.0,5msbu.info,true,0.1,1306.0,304273.0,0.0,0.0,1.0,1.0,1.0,1.0,2026-02-26 10:31:56,2026-03-09 13:13:05
2409.0,seo-cartel-jackson.xyz,false,0.1,14.0,1.0,0.0,0.0,3.0,3.0,0.0,0.0,2026-05-26 22:09:19,
2410.0,seo-cartel-kent.xyz,false,0.1,14.0,24.0,0.0,0.0,3.0,3.0,0.0,0.0,2026-05-25 00:09:01,
2411.0,seo-cartel-pacamara.xyz,false,0.1,14.0,1.0,0.0,0.0,3.0,3.0,0.0,0.0,2026-05-27 04:42:46,
2412.0,seo-cartel-villasarchi.xyz,false,0.1,14.0,1.0,0.0,0.0,3.0,3.0,0.0,0.0,2026-05-27 09:40:34,
2413.0,seo-cartel-tipica.xyz,false,0.1,14.0,1.0,0.0,0.0,2.0,2.0,0.0,0.0,2026-05-27 05:47:51,
2414.0,seo-cartel-mundonovo.xyz,false,0.1,14.0,1.0,0.0,0.0,2.0,2.0,0.0,0.0,2026-05-26 23:47:03,
2415.0,seo-cartel-pacas.xyz,false,0.1,14.0,1.0,0.0,0.0,3.0,3.0,0.0,0.0,2026-05-27 05:49:26,
2416.0,seo-cartel-ruiru.xyz,false,0.1,14.0,24.0,0.0,0.0,3.0,3.0,0.0,0.0,2026-05-24 11:54:44,
2417.0,seo-cartel-sl28.xyz,false,0.1,14.0,1.0,0.0,0.0,2.0,2.0,0.0,0.0,2026-05-26 20:11:05,
2418.0,seo-cartel-icatu.xyz,false,0.1,14.0,1.0,0.0,0.0,3.0,3.0,0.0,0.0,2026-05-27 05:15:03,
2419.0,seo-cartel-sl34.xyz,false,0.1,14.0,1.0,0.0,0.0,2.0,2.0,0.0,0.0,2026-05-27 15:37:17,
2420.0,dlgmr.info,true,0.1,1291.0,283223.0,0.0,0.0,1.0,1.0,1.0,1.0,2026-02-27 02:07:24,2026-03-09 07:17:59
2421.0,domains.foundation,true,0.1,8.0,50.0,0.0,0.0,1.0,1.0,0.0,0.0,2026-01-03 00:49:37,
2422.0,ismath.net,false,0.1,32.0,0.0,0.0,0.0,1.0,1.0,1.0,1.0,2025-09-25 00:54:51,2025-12-20 21:31:49
2423.0,cityantik.com,false,0.0,32.0,243.0,0.0,0.0,1.0,1.0,0.0,1.0,2026-03-05 16:26:07,
2424.0,ldq4kn.info,true,0.0,1287.0,297747.0,0.0,0.0,1.0,1.0,1.0,1.0,2026-02-26 16:33:57,2026-03-09 06:14:18
2425.0,mb7ih.info,true,0.0,1294.0,333908.0,0.0,0.0,2.0,2.0,2.0,2.0,2026-02-27 10:08:45,2026-03-20 08:22:43
2426.0,kghkh.info,true,0.0,1293.0,320205.0,0.0,0.0,1.0,1.0,1.0,1.0,2026-02-27 16:22:54,2026-03-07 13:14:48
2427.0,lbkgu.info,true,0.0,1275.0,280129.0,0.0,0.0,1.0,1.0,1.0,1.0,2026-02-27 05:24:12,2026-03-09 08:18:45
2428.0,weqts.info,true,0.0,1277.0,325426.0,0.0,0.0,2.0,2.0,2.0,2.0,2026-02-27 01:10:12,2026-03-16 12:48:49
2429.0,gepaw.info,true,0.0,1284.0,319468.0,0.0,0.0,2.0,2.0,2.0,2.0,2026-02-26 21:05:29,2026-03-12 19:28:58
2430.0,svk7in.info,true,0.0,1273.0,305078.0,0.0,0.0,1.0,1.0,1.0,1.0,2026-02-26 06:30:53,2026-03-08 05:40:32
2431.0,kawasebroker.com,true,0.0,27.0,0.0,0.0,0.0,2.0,0.0,2.0,2.0,2025-03-11 08:56:28,2025-07-06 06:06:42
2432.0,baltimorelocksmithco.com,true,0.0,29.0,3646.0,0.0,0.0,1.0,1.0,1.0,1.0,2025-09-22 19:42:57,2026-01-28 04:19:34
2433.0,ufnyc.info,true,0.0,1284.0,322552.0,0.0,0.0,1.0,1.0,1.0,1.0,2026-02-27 02:09:09,2026-03-10 03:49:48
2434.0,backlink-agency.online,true,0.0,5.0,8482410.0,0.0,0.0,1.0,1.0,1.0,1.0,2026-01-04 02:08:38,2026-05-02 16:46:01
2435.0,apprank.io,false,0.0,37.0,31273.0,65.0,3.0,1.0,1.0,0.0,1.0,2026-05-17 22:59:20,
2436.0,peritobarcelona.com,true,0.0,32.0,45916.0,0.0,1.0,1.0,0.0,1.0,1.0,2025-03-28 09:12:39,2026-02-01 05:27:48
2437.0,yphy1q.info,true,0.0,698.0,475942.0,0.0,0.0,1.0,1.0,0.0,1.0,2026-02-15 23:20:22,
2438.0,m0fg6up7a.info,true,0.0,700.0,294001.0,0.0,0.0,1.0,1.0,1.0,1.0,2026-02-23 17:57:54,2026-04-14 18:17:23
2439.0,s0vk5o.info,true,0.0,702.0,505749.0,0.0,0.0,1.0,1.0,1.0,1.0,2026-02-14 13:46:21,2026-04-11 21:09:33
2440.0,1bygpdq.info,true,0.0,699.0,451855.0,0.0,0.0,3.0,3.0,1.0,3.0,2026-02-14 17:47:09,
2441.0,intrex3is.info,true,0.0,699.0,482202.0,0.0,0.0,1.0,1.0,0.0,1.0,2026-02-21 05:52:02,
2442.0,63n90q0lo.info,true,0.0,697.0,421619.0,0.0,0.0,1.0,1.0,1.0,1.0,2026-02-23 19:17:38,2026-04-14 19:28:52
2443.0,l9wiil4h3.info,true,0.0,710.0,441820.0,0.0,0.0,3.0,3.0,3.0,3.0,2026-02-16 19:02:18,2026-04-13 07:10:27
2444.0,z1sluw9nz.info,true,0.0,696.0,508192.0,0.0,0.0,1.0,1.0,1.0,1.0,2026-02-17 05:02:23,2026-04-07 21:35:20
2445.0,7zrxh7c0m.info,true,0.0,700.0,450080.0,0.0,0.0,2.0,2.0,2.0,2.0,2026-02-14 23:28:04,2026-04-06 17:21:29
2446.0,gmjjw00mt.info,true,0.0,697.0,528255.0,0.0,0.0,2.0,2.0,0.0,2.0,2026-02-20 02:05:04,
2447.0,7wyrj3ny2.info,true,0.0,701.0,384081.0,0.0,0.0,2.0,2.0,2.0,2.0,2026-02-15 17:56:36,2026-04-30 22:05:34
2448.0,mtbeec.info,true,0.0,704.0,376799.0,0.0,0.0,1.0,1.0,0.0,1.0,2026-02-19 14:58:40,
2449.0,oe3fg7.info,true,0.0,710.0,439197.0,0.0,0.0,2.0,2.0,1.0,2.0,2026-02-16 00:06:48,
2450.0,qlfevxi.info,true,0.0,703.0,518569.0,0.0,0.0,1.0,1.0,1.0,1.0,2026-02-17 11:58:00,2026-04-09 07:44:12
2451.0,xnphtxn.info,true,0.0,697.0,478281.0,0.0,0.0,1.0,1.0,1.0,1.0,2026-02-20 06:55:59,2026-04-09 10:05:49
2452.0,9wl7ky.info,true,0.0,701.0,462539.0,0.0,0.0,1.0,1.0,0.0,1.0,2026-02-16 05:42:59,
2453.0,y66kcwq.info,true,0.0,699.0,471328.0,0.0,0.0,1.0,1.0,0.0,1.0,2026-02-21 22:04:58,
2454.0,qgyn5t2ee.info,true,0.0,698.0,442967.0,0.0,0.0,1.0,1.0,1.0,1.0,2026-02-24 00:39:35,2026-04-20 23:41:02
2455.0,qzrzhvm.info,true,0.0,699.0,337734.0,0.0,0.0,1.0,1.0,0.0,1.0,2026-02-20 22:54:13,
2456.0,sdofqj.info,true,0.0,698.0,443485.0,0.0,0.0,2.0,2.0,0.0,2.0,2026-02-21 17:09:15,
2457.0,78ej63bzu.info,true,0.0,703.0,486881.0,0.0,0.0,1.0,1.0,0.0,1.0,2026-02-18 20:13:26,
2458.0,dfx185bn6.info,true,0.0,702.0,408324.0,0.0,0.0,1.0,1.0,0.0,1.0,2026-02-26 08:50:26,
2459.0,q4xlmw.info,true,0.0,700.0,406655.0,0.0,0.0,1.0,1.0,1.0,1.0,2026-02-18 06:07:41,2026-04-06 03:55:59
2460.0,gw266d.info,true,0.0,701.0,416684.0,0.0,0.0,1.0,1.0,1.0,1.0,2026-02-20 01:43:10,2026-04-24 21:59:23
2461.0,r8oiub.info,true,0.0,702.0,487289.0,0.0,0.0,1.0,1.0,0.0,1.0,2026-02-25 22:15:14,
2462.0,wioqxp.info,true,0.0,700.0,412303.0,0.0,0.0,1.0,1.0,0.0,1.0,2026-02-15 21:08:49,
2463.0,2eady8.info,true,0.0,704.0,493145.0,0.0,0.0,4.0,4.0,3.0,4.0,2026-02-16 01:48:21,
2464.0,xugsrri.info,true,0.0,697.0,485182.0,0.0,0.0,2.0,2.0,2.0,2.0,2026-02-20 09:09:42,2026-04-19 00:39:11
2465.0,12qjdv8n3.info,true,0.0,700.0,439816.0,0.0,0.0,1.0,1.0,1.0,1.0,2026-02-22 14:39:24,2026-04-12 07:40:05
2466.0,vylsn6t.info,true,0.0,697.0,450271.0,0.0,0.0,1.0,1.0,0.0,1.0,2026-02-19 10:20:26,
2467.0,evbm19.info,true,0.0,702.0,405057.0,0.0,0.0,1.0,1.0,1.0,1.0,2026-02-22 17:02:19,2026-04-11 19:21:14
2468.0,h4244e.info,true,0.0,698.0,504449.0,0.0,0.0,1.0,1.0,1.0,1.0,2026-02-19 00:31:15,2026-04-11 15:56:26
2469.0,yuwl3s.info,true,0.0,706.0,411557.0,0.0,0.0,2.0,2.0,2.0,2.0,2026-02-20 18:18:54,2026-04-11 09:25:29
2470.0,fhjrjld75.info,true,0.0,698.0,448103.0,0.0,0.0,1.0,1.0,1.0,1.0,2026-02-21 03:37:07,2026-04-11 06:30:38
2471.0,jnsz3385.info,true,0.0,702.0,532440.0,0.0,0.0,1.0,1.0,0.0,1.0,2026-02-21 21:38:52,
2472.0,wzwzk0sc.info,true,0.0,700.0,493220.0,0.0,0.0,2.0,2.0,1.0,2.0,2026-02-21 07:07:44,
2473.0,ncfq3u.info,true,0.0,698.0,513880.0,0.0,0.0,2.0,2.0,2.0,2.0,2026-02-16 22:19:08,2026-04-24 16:20:50
2474.0,w2i1opgx1.info,true,0.0,698.0,520736.0,0.0,0.0,3.0,3.0,1.0,3.0,2026-02-14 23:48:50,
2475.0,h6wdf7.info,true,0.0,703.0,409282.0,0.0,0.0,1.0,1.0,1.0,1.0,2026-02-24 04:25:06,2026-04-13 09:02:24
2476.0,3tvwt2fqr.info,true,0.0,702.0,486116.0,0.0,0.0,1.0,1.0,1.0,1.0,2026-02-20 16:32:29,2026-04-14 17:28:58
2477.0,2za4gn.info,true,0.0,698.0,385894.0,0.0,0.0,1.0,1.0,1.0,1.0,2026-02-23 17:29:36,2026-04-11 20:16:32
2478.0,ol002f.info,true,0.0,705.0,452517.0,0.0,0.0,1.0,1.0,1.0,1.0,2026-02-21 11:05:39,2026-04-10 09:41:42
2479.0,uqire74ej.info,true,0.0,702.0,400391.0,0.0,0.0,2.0,2.0,1.0,2.0,2026-02-18 11:33:39,
2480.0,a3666k.info,true,0.0,698.0,371027.0,0.0,0.0,1.0,1.0,0.0,1.0,2026-02-27 19:22:35,
2481.0,cphjsdv.info,true,0.0,706.0,489210.0,0.0,0.0,2.0,2.0,1.0,2.0,2026-02-21 09:55:42,
2482.0,zyipdx.info,true,0.0,706.0,477747.0,0.0,0.0,1.0,1.0,0.0,1.0,2026-02-22 07:18:04,
2483.0,pt1clvma1.info,true,0.0,699.0,486179.0,0.0,0.0,1.0,1.0,0.0,1.0,2026-02-26 05:29:55,
2484.0,ebeh8c.info,true,0.0,700.0,459973.0,0.0,0.0,2.0,2.0,2.0,2.0,2026-02-20 05:06:15,2026-04-12 21:10:11
2485.0,8zw1di.info,true,0.0,696.0,476402.0,0.0,0.0,1.0,1.0,1.0,1.0,2026-02-16 22:01:59,2026-04-15 06:24:29
2486.0,agtlbgsra.info,true,0.0,703.0,442925.0,0.0,0.0,1.0,1.0,1.0,1.0,2026-02-16 01:25:29,2026-04-04 14:04:14
2487.0,4ayf9vcgj.info,true,0.0,698.0,478972.0,0.0,0.0,1.0,1.0,1.0,1.0,2026-02-17 09:49:32,2026-04-17 02:43:51
2488.0,fcex8f.info,true,0.0,705.0,357828.0,0.0,0.0,1.0,1.0,0.0,1.0,2026-02-17 11:00:40,
2489.0,dn4tj1.info,true,0.0,698.0,417420.0,0.0,0.0,2.0,2.0,1.0,2.0,2026-02-15 08:10:07,
2490.0,4haq66dl.info,true,0.0,699.0,500164.0,0.0,0.0,2.0,2.0,1.0,2.0,2026-02-19 05:41:46,
2491.0,wyp7vt.info,true,0.0,704.0,442583.0,0.0,0.0,2.0,2.0,2.0,2.0,2026-02-20 20:57:13,2026-04-22 07:38:18
2492.0,v7ww7krhb.info,true,0.0,698.0,451391.0,0.0,0.0,1.0,1.0,0.0,1.0,2026-02-14 20:54:25,
2493.0,seg4jfgow.info,true,0.0,700.0,467873.0,0.0,0.0,1.0,1.0,1.0,1.0,2026-02-15 05:27:48,2026-04-05 19:28:49
2494.0,np75wl.info,true,0.0,704.0,396518.0,0.0,0.0,3.0,3.0,3.0,3.0,2026-02-17 14:49:00,2026-04-30 14:03:37
2495.0,ooqyovi.info,true,0.0,699.0,518654.0,0.0,0.0,1.0,1.0,0.0,1.0,2026-02-14 19:31:34,
2496.0,ayyxypo.info,true,0.0,702.0,518087.0,0.0,0.0,1.0,1.0,0.0,1.0,2026-02-19 22:55:25,
2497.0,bdd1pr.info,true,0.0,699.0,527887.0,0.0,0.0,1.0,1.0,0.0,1.0,2026-02-20 19:58:52,
2498.0,bifsl2.info,true,0.0,700.0,478212.0,0.0,0.0,1.0,1.0,1.0,1.0,2026-02-18 12:41:47,2026-04-10 20:49:02
2499.0,8kp867.info,true,0.0,698.0,543058.0,0.0,0.0,1.0,1.0,1.0,1.0,2026-02-15 17:52:41,2026-04-26 09:01:24
2500.0,eskywook.info,true,0.0,699.0,502565.0,0.0,0.0,3.0,3.0,2.0,3.0,2026-02-15 05:24:42,
2501.0,n70r27.info,true,0.0,701.0,501255.0,0.0,0.0,3.0,3.0,0.0,3.0,2026-02-20 05:39:48,
2502.0,29m1i30mb.info,true,0.0,698.0,376908.0,0.0,0.0,3.0,3.0,2.0,3.0,2026-02-23 18:38:04,
2503.0,ptdc9vaba.info,true,0.0,698.0,532612.0,0.0,0.0,1.0,1.0,0.0,1.0,2026-02-18 18:51:58,
2504.0,0d48jskn9.info,true,0.0,695.0,451554.0,0.0,0.0,1.0,1.0,1.0,1.0,2026-02-25 12:12:02,2026-04-14 09:30:54
2505.0,ul1jmpxvr.info,true,0.0,697.0,407038.0,0.0,0.0,1.0,1.0,1.0,1.0,2026-02-19 11:26:20,2026-04-10 16:38:09
2506.0,t6unz9.info,true,0.0,693.0,482190.0,0.0,0.0,2.0,2.0,2.0,2.0,2026-02-20 02:46:22,2026-04-11 15:17:58
2507.0,h1m2t9.info,true,0.0,695.0,397419.0,0.0,0.0,1.0,1.0,0.0,1.0,2026-02-20 07:11:36,
2508.0,0c6peylfj.info,true,0.0,699.0,324771.0,0.0,0.0,1.0,1.0,1.0,1.0,2026-02-27 05:30:53,2026-04-15 23:48:55
2509.0,rnvkcll.info,true,0.0,697.0,504477.0,0.0,0.0,1.0,1.0,1.0,1.0,2026-02-14 23:58:13,2026-04-04 03:23:31
2510.0,ct3pd0mdv.info,true,0.0,694.0,388859.0,0.0,0.0,1.0,1.0,1.0,1.0,2026-02-18 16:14:12,2026-04-09 15:49:47
2511.0,i1hudlpjt.info,true,0.0,696.0,353243.0,0.0,0.0,1.0,1.0,1.0,1.0,2026-02-26 05:32:06,2026-04-15 01:37:30
2512.0,rx6fjpuhs.info,true,0.0,693.0,465257.0,0.0,0.0,2.0,2.0,0.0,2.0,2026-02-20 15:16:34,
2513.0,vj2in1h0.info,true,0.0,696.0,404046.0,0.0,0.0,1.0,1.0,1.0,1.0,2026-02-18 21:42:01,2026-04-07 15:16:50
2514.0,gnu61u1f1.info,true,0.0,700.0,434166.0,0.0,0.0,2.0,2.0,1.0,2.0,2026-02-16 20:17:39,
2515.0,varoaz.info,true,0.0,695.0,393686.0,0.0,0.0,1.0,1.0,1.0,1.0,2026-02-22 03:56:00,2026-04-16 03:57:42
2516.0,3a977kjm.info,true,0.0,695.0,426005.0,0.0,0.0,2.0,2.0,0.0,2.0,2026-02-19 19:21:19,
2517.0,bwumsct.info,true,0.0,697.0,444009.0,0.0,0.0,1.0,1.0,1.0,1.0,2026-02-20 21:53:30,2026-04-22 10:44:04
2518.0,ynw69sksu.info,true,0.0,694.0,493168.0,0.0,0.0,1.0,1.0,1.0,1.0,2026-02-19 21:13:36,2026-04-23 20:29:25
2519.0,dzqtlurg7.info,true,0.0,697.0,463130.0,0.0,0.0,1.0,1.0,0.0,1.0,2026-02-23 00:29:30,
2520.0,ukrygg.info,true,0.0,696.0,425809.0,0.0,0.0,1.0,1.0,1.0,1.0,2026-02-17 03:15:54,2026-04-06 23:34:55
2521.0,ulb5h4.info,true,0.0,695.0,424698.0,0.0,0.0,1.0,1.0,0.0,1.0,2026-02-14 23:12:46,
2522.0,osdyrcl.info,true,0.0,694.0,437899.0,0.0,0.0,1.0,1.0,1.0,1.0,2026-02-18 23:33:57,2026-04-06 11:48:57
2523.0,s642dk5g.info,true,0.0,693.0,456342.0,0.0,0.0,3.0,3.0,3.0,3.0,2026-02-19 09:12:23,2026-04-19 18:36:28
2524.0,aux8uw.info,true,0.0,697.0,400720.0,0.0,0.0,1.0,1.0,1.0,1.0,2026-02-16 15:35:46,2026-04-20 12:53:29
2525.0,xxes54.info,true,0.0,697.0,532942.0,0.0,0.0,2.0,2.0,0.0,2.0,2026-02-15 21:45:28,
2526.0,kxwdez2of.info,true,0.0,694.0,400412.0,0.0,0.0,1.0,1.0,0.0,1.0,2026-02-19 02:32:21,
2527.0,pzoudoe.info,true,0.0,695.0,524262.0,0.0,0.0,2.0,2.0,0.0,2.0,2026-02-14 16:39:39,
2528.0,ikuxx7.info,true,0.0,694.0,488883.0,0.0,0.0,2.0,2.0,1.0,2.0,2026-02-16 17:39:56,
2529.0,ivvm6msnz.info,true,0.0,695.0,463090.0,0.0,0.0,1.0,1.0,1.0,1.0,2026-02-26 17:34:30,2026-04-18 23:29:01
2530.0,ozw3ngu1.info,true,0.0,695.0,352853.0,0.0,0.0,1.0,1.0,1.0,1.0,2026-02-18 08:27:25,2026-04-06 18:03:34
2531.0,wizardandwitch.com,false,0.0,32.0,1178.0,0.0,0.0,4.0,0.0,4.0,4.0,2024-10-07 07:06:03,2025-09-04 21:02:02
2532.0,gcmbest.top,false,0.0,6.0,0.0,0.0,0.0,1.0,0.0,1.0,1.0,2024-01-20 11:15:53,2025-07-06 15:01:02
2533.0,giftingy.com,true,0.0,42.0,25582.0,0.0,1.0,1.0,1.0,1.0,1.0,2025-09-15 05:21:58,2026-02-03 22:01:33
2534.0,globaleventify.com,true,0.0,37.0,0.0,0.0,0.0,2.0,0.0,2.0,2.0,2025-01-26 08:45:42,2025-05-29 16:28:46
2535.0,seozino.com,true,0.0,12.0,0.0,0.0,0.0,1.0,1.0,1.0,0.0,2025-05-30 05:08:16,2026-03-07 03:07:44
2536.0,gh4rfb.asia,true,0.0,661.0,389862.0,0.0,0.0,1.0,1.0,1.0,1.0,2026-02-19 10:28:07,2026-04-10 15:25:07
2537.0,7y85xy.asia,true,0.0,662.0,466218.0,0.0,0.0,1.0,1.0,1.0,1.0,2026-02-23 18:04:42,2026-04-17 19:24:44
2538.0,efxvz4.asia,true,0.0,659.0,502368.0,0.0,0.0,3.0,3.0,3.0,3.0,2026-02-15 01:34:56,2026-04-15 20:33:25
2539.0,6su9iz.asia,true,0.0,663.0,467684.0,0.0,0.0,1.0,1.0,1.0,1.0,2026-02-21 02:34:46,2026-04-10 17:47:25
2540.0,5ftzc4.asia,true,0.0,662.0,495588.0,0.0,0.0,3.0,3.0,2.0,3.0,2026-02-18 21:32:41,
2541.0,4aumjg.asia,true,0.0,666.0,565512.0,0.0,0.0,2.0,2.0,0.0,2.0,2026-02-16 07:48:26,
2542.0,gs8dfd.asia,true,0.0,666.0,505715.0,0.0,0.0,1.0,1.0,0.0,1.0,2026-02-24 05:56:59,
2543.0,do1nlq.asia,true,0.0,664.0,421768.0,0.0,0.0,1.0,1.0,0.0,1.0,2026-02-28 05:01:43,
2544.0,6482f8.asia,true,0.0,661.0,558737.0,0.0,0.0,3.0,3.0,0.0,3.0,2026-02-14 23:05:23,
2545.0,5g81mo.asia,true,0.0,660.0,337092.0,0.0,0.0,2.0,2.0,1.0,2.0,2026-02-23 22:09:22,
2546.0,emx1mp.asia,true,0.0,664.0,429128.0,0.0,0.0,2.0,2.0,2.0,2.0,2026-02-22 10:25:31,2026-05-13 13:10:24
2547.0,cj5w8d.asia,true,0.0,662.0,459838.0,0.0,0.0,1.0,1.0,1.0,1.0,2026-02-27 09:16:36,2026-04-22 12:07:24
2548.0,alcym8.asia,true,0.0,657.0,423847.0,0.0,0.0,1.0,1.0,1.0,1.0,2026-02-18 13:07:57,2026-04-08 01:24:48
2549.0,d9jtli.asia,true,0.0,649.0,554265.0,0.0,0.0,1.0,1.0,0.0,1.0,2026-02-21 16:02:26,
2550.0,2rdd6k.asia,true,0.0,666.0,474027.0,0.0,0.0,1.0,1.0,1.0,1.0,2026-02-27 00:12:33,2026-04-21 17:34:56
2551.0,glw7cf.asia,true,0.0,658.0,519874.0,0.0,0.0,2.0,2.0,0.0,2.0,2026-02-22 04:59:47,
2552.0,16lb91.asia,true,0.0,654.0,412086.0,0.0,0.0,1.0,1.0,0.0,1.0,2026-02-22 04:36:48,
2553.0,400gj4.asia,true,0.0,657.0,453134.0,0.0,0.0,2.0,2.0,0.0,2.0,2026-02-19 22:07:56,
2554.0,79o909.asia,true,0.0,656.0,468027.0,0.0,0.0,1.0,1.0,1.0,1.0,2026-02-26 04:47:24,2026-04-15 01:07:28
2555.0,3qgjga.asia,true,0.0,652.0,381776.0,0.0,0.0,1.0,1.0,0.0,1.0,2026-02-21 03:44:29,
2556.0,7dq82z.asia,true,0.0,657.0,457255.0,0.0,0.0,2.0,2.0,2.0,2.0,2026-02-18 16:10:38,2026-04-13 23:12:16
2557.0,fc54yj.asia,true,0.0,668.0,441920.0,0.0,0.0,1.0,1.0,1.0,1.0,2026-02-27 11:40:43,2026-03-31 11:59:48
2558.0,3ceayx.asia,true,0.0,663.0,538160.0,0.0,0.0,1.0,1.0,0.0,1.0,2026-02-20 22:12:35,
2559.0,6dfrea.asia,true,0.0,655.0,441129.0,0.0,0.0,1.0,1.0,1.0,1.0,2026-02-19 06:36:55,2026-05-09 03:46:33
2560.0,dd2ffw.asia,true,0.0,660.0,441816.0,0.0,0.0,2.0,2.0,0.0,2.0,2026-02-15 18:21:48,
2561.0,2ie4wt.asia,true,0.0,662.0,489874.0,0.0,0.0,2.0,2.0,1.0,2.0,2026-02-14 16:28:07,
2562.0,bui6qi.asia,true,0.0,655.0,448554.0,0.0,0.0,1.0,1.0,1.0,1.0,2026-02-18 10:17:59,2026-04-24 23:14:44
2563.0,51118.asia,true,0.0,660.0,444236.0,0.0,0.0,3.0,3.0,0.0,3.0,2026-02-19 23:45:58,
2564.0,2p9owg.asia,true,0.0,655.0,413323.0,0.0,0.0,3.0,3.0,1.0,3.0,2026-02-14 19:09:35,
2565.0,5tzuyg.asia,true,0.0,658.0,525353.0,0.0,0.0,1.0,1.0,0.0,1.0,2026-02-25 21:09:29,
2566.0,8c8afb.asia,true,0.0,649.0,408446.0,0.0,0.0,1.0,1.0,1.0,1.0,2026-02-19 03:36:50,2026-04-04 12:00:56
2567.0,2w7oa5.asia,true,0.0,652.0,466143.0,0.0,0.0,2.0,2.0,2.0,2.0,2026-02-16 21:27:27,2026-04-10 05:56:38
2568.0,2qo0c1.asia,true,0.0,653.0,482225.0,0.0,0.0,2.0,2.0,2.0,2.0,2026-02-18 07:47:05,2026-04-07 16:06:42
2569.0,0wc0sb.asia,true,0.0,660.0,462895.0,0.0,0.0,1.0,1.0,0.0,1.0,2026-02-15 06:16:24,
2570.0,aby4tb.asia,true,0.0,652.0,446782.0,0.0,0.0,1.0,1.0,0.0,1.0,2026-02-23 16:45:40,
2571.0,chq1se.asia,true,0.0,658.0,436294.0,0.0,0.0,1.0,1.0,0.0,1.0,2026-02-24 06:25:03,
2572.0,es7und.asia,true,0.0,659.0,513311.0,0.0,0.0,1.0,1.0,1.0,1.0,2026-02-25 05:18:54,2026-04-12 21:46:18
2573.0,hur50o.asia,true,0.0,661.0,520445.0,0.0,0.0,1.0,1.0,0.0,1.0,2026-02-16 23:39:42,
2574.0,as175c.asia,true,0.0,656.0,403518.0,0.0,0.0,1.0,1.0,0.0,1.0,2026-02-15 00:43:24,
2575.0,1ceaae.asia,true,0.0,660.0,452855.0,0.0,0.0,2.0,2.0,1.0,2.0,2026-02-14 19:32:22,
2576.0,23hh0r.asia,true,0.0,656.0,490585.0,0.0,0.0,1.0,1.0,0.0,1.0,2026-02-23 02:31:00,
2577.0,f6kmxw.asia,true,0.0,662.0,453022.0,0.0,0.0,5.0,5.0,4.0,5.0,2026-02-15 22:36:53,
2578.0,hcckb5.asia,true,0.0,668.0,459655.0,0.0,0.0,2.0,2.0,2.0,2.0,2026-02-18 07:39:28,2026-04-10 17:30:44
2579.0,11t0mr.asia,true,0.0,654.0,475447.0,0.0,0.0,1.0,1.0,0.0,1.0,2026-02-23 20:36:35,
2580.0,n9vco3.asia,true,0.0,652.0,381390.0,0.0,0.0,1.0,1.0,1.0,1.0,2026-02-16 04:21:20,2026-04-08 15:46:48
2581.0,fac813.asia,true,0.0,654.0,464956.0,0.0,0.0,2.0,2.0,2.0,2.0,2026-02-17 01:42:05,2026-04-18 02:37:27
2582.0,2bzv4r.asia,true,0.0,654.0,425406.0,0.0,0.0,1.0,1.0,1.0,1.0,2026-02-17 13:20:43,2026-04-11 14:12:35
2583.0,86rlah.asia,true,0.0,646.0,476481.0,0.0,0.0,1.0,1.0,1.0,1.0,2026-02-26 08:33:38,2026-05-16 10:22:42
2584.0,es9hw7.asia,true,0.0,659.0,464716.0,0.0,0.0,4.0,4.0,4.0,4.0,2026-02-15 14:13:38,2026-04-30 14:37:09
2585.0,21fifk.asia,true,0.0,665.0,409137.0,0.0,0.0,1.0,1.0,1.0,1.0,2026-02-23 17:10:29,2026-04-13 21:58:37
2586.0,3bsmin.asia,true,0.0,657.0,480430.0,0.0,0.0,2.0,2.0,0.0,2.0,2026-02-15 20:23:06,
2587.0,6orx9l.asia,true,0.0,649.0,449254.0,0.0,0.0,1.0,1.0,1.0,1.0,2026-02-16 16:36:58,2026-04-03 10:05:26
2588.0,25twxl.asia,true,0.0,660.0,416793.0,0.0,0.0,1.0,1.0,0.0,1.0,2026-02-16 21:35:09,
2589.0,dkr4az.asia,true,0.0,658.0,398707.0,0.0,0.0,2.0,2.0,2.0,2.0,2026-02-17 09:24:38,2026-04-09 21:49:40
2590.0,e13x98.asia,true,0.0,654.0,517044.0,0.0,0.0,1.0,1.0,0.0,1.0,2026-02-17 13:50:28,
2591.0,lagnalu.com,true,0.0,51.0,9.0,0.0,0.0,3.0,1.0,3.0,0.0,2025-04-30 23:43:01,2025-10-22 02:20:05
2592.0,hs6wzh.asia,true,0.0,664.0,466949.0,0.0,0.0,5.0,5.0,4.0,5.0,2026-02-19 21:50:00,
2593.0,d39ubs.asia,true,0.0,658.0,332485.0,0.0,0.0,1.0,1.0,1.0,1.0,2026-02-15 23:18:03,2026-02-16 03:11:59
2594.0,ex68ks.asia,true,0.0,662.0,421969.0,0.0,0.0,1.0,1.0,1.0,1.0,2026-02-20 11:41:27,2026-04-09 04:23:07
2595.0,m7n3gj.asia,true,0.0,667.0,458441.0,0.0,0.0,1.0,1.0,1.0,1.0,2026-02-15 03:42:44,2026-03-31 17:17:32
2596.0,em8uno.asia,true,0.0,654.0,443875.0,0.0,0.0,2.0,2.0,2.0,2.0,2026-02-16 13:38:51,2026-04-09 15:43:22
2597.0,02vvra.asia,true,0.0,656.0,307848.0,0.0,0.0,1.0,1.0,1.0,1.0,2026-02-21 21:07:43,2026-03-26 06:01:21
2598.0,9p9uwn.asia,true,0.0,659.0,542689.0,0.0,0.0,1.0,1.0,1.0,1.0,2026-02-17 00:01:32,2026-04-11 09:37:59
2599.0,65rl28.asia,true,0.0,657.0,420135.0,0.0,0.0,1.0,1.0,1.0,1.0,2026-02-22 19:03:52,2026-04-11 22:43:09
2600.0,5zopi2.asia,true,0.0,662.0,484507.0,0.0,0.0,2.0,2.0,2.0,2.0,2026-02-19 02:03:27,2026-04-09 06:22:15
2601.0,09rptt.asia,true,0.0,659.0,428709.0,0.0,0.0,2.0,2.0,1.0,2.0,2026-02-16 11:16:57,
2602.0,df0wv9.asia,true,0.0,654.0,464558.0,0.0,0.0,2.0,2.0,2.0,2.0,2026-02-20 05:36:53,2026-04-09 16:15:08
2603.0,6h83d8.asia,true,0.0,669.0,546824.0,0.0,0.0,1.0,1.0,0.0,1.0,2026-02-16 05:07:30,
2604.0,8f7rer.asia,true,0.0,652.0,435856.0,0.0,0.0,2.0,2.0,2.0,2.0,2026-02-15 22:47:09,2026-04-21 17:12:06
2605.0,d3mb7c.asia,true,0.0,653.0,392931.0,0.0,0.0,1.0,1.0,1.0,1.0,2026-02-25 15:23:13,2026-04-13 12:26:56
2606.0,44kr7g.asia,true,0.0,660.0,527271.0,0.0,0.0,2.0,2.0,0.0,2.0,2026-02-22 13:15:59,
2607.0,41pncv.asia,true,0.0,655.0,441762.0,0.0,0.0,1.0,1.0,1.0,1.0,2026-02-17 12:44:20,2026-04-06 01:09:05
2608.0,875tut.asia,true,0.0,654.0,446959.0,0.0,0.0,3.0,3.0,2.0,3.0,2026-02-19 19:40:45,
2609.0,9id8n7.asia,true,0.0,658.0,449536.0,0.0,0.0,1.0,1.0,1.0,1.0,2026-02-18 14:44:18,2026-04-12 07:00:46
2610.0,p0qquj.asia,true,0.0,664.0,578256.0,0.0,0.0,3.0,3.0,1.0,3.0,2026-02-15 04:51:43,
2611.0,6c463d.asia,true,0.0,662.0,459835.0,0.0,0.0,3.0,3.0,3.0,3.0,2026-02-18 15:29:16,2026-04-23 09:30:56
2612.0,isbs2u.asia,true,0.0,653.0,431119.0,0.0,0.0,2.0,2.0,1.0,2.0,2026-02-15 00:13:00,
2613.0,bf2g4e.asia,true,0.0,662.0,427323.0,0.0,0.0,1.0,1.0,1.0,1.0,2026-02-24 04:35:49,2026-05-15 18:51:46
2614.0,45eywv.asia,true,0.0,653.0,540872.0,0.0,0.0,1.0,1.0,0.0,1.0,2026-02-18 22:34:39,
2615.0,a23hpq.asia,true,0.0,658.0,460491.0,0.0,0.0,1.0,1.0,1.0,1.0,2026-02-17 16:06:25,2026-04-08 20:07:53
2616.0,bnxiv5.asia,true,0.0,665.0,436952.0,0.0,0.0,1.0,1.0,1.0,1.0,2026-02-24 04:58:11,2026-04-20 12:21:04
2617.0,fa32fc.asia,true,0.0,656.0,310851.0,0.0,0.0,1.0,1.0,1.0,1.0,2026-02-25 16:38:24,2026-04-25 07:50:53
2618.0,6vp6vt.asia,true,0.0,662.0,377948.0,0.0,0.0,1.0,1.0,0.0,1.0,2026-02-21 04:22:31,
2619.0,85t82t.asia,true,0.0,655.0,481531.0,0.0,0.0,2.0,2.0,2.0,2.0,2026-02-21 21:55:17,2026-04-09 16:36:06
2620.0,d1a2ub.asia,true,0.0,655.0,386174.0,0.0,0.0,3.0,3.0,3.0,3.0,2026-02-15 12:21:28,2026-05-09 09:56:08
2621.0,0zgrui.asia,true,0.0,662.0,520676.0,0.0,0.0,2.0,2.0,0.0,2.0,2026-02-18 14:44:47,
2622.0,d1bqaq.asia,true,0.0,658.0,439267.0,0.0,0.0,3.0,3.0,2.0,3.0,2026-02-20 07:06:02,
2623.0,eyaq2d.asia,true,0.0,657.0,440385.0,0.0,0.0,1.0,1.0,1.0,1.0,2026-02-18 19:53:41,2026-04-07 04:51:26
2624.0,4x00at.asia,true,0.0,665.0,497123.0,0.0,0.0,3.0,3.0,0.0,3.0,2026-02-20 14:01:20,
2625.0,39cdg8.asia,true,0.0,654.0,490740.0,0.0,0.0,1.0,1.0,0.0,1.0,2026-02-24 00:16:14,
2626.0,4l283b.asia,true,0.0,663.0,434554.0,0.0,0.0,1.0,1.0,1.0,1.0,2026-02-15 03:28:14,2026-04-22 23:22:37
2627.0,7ku159.asia,true,0.0,653.0,371795.0,0.0,0.0,1.0,1.0,1.0,1.0,2026-02-26 12:03:46,2026-04-16 09:05:39
2628.0,crn61g.asia,true,0.0,664.0,484114.0,0.0,0.0,2.0,2.0,1.0,2.0,2026-02-16 21:21:43,
2629.0,43qos7.asia,true,0.0,651.0,494754.0,0.0,0.0,1.0,1.0,0.0,1.0,2026-02-25 02:35:23,
2630.0,caf6cp.asia,true,0.0,657.0,437284.0,0.0,0.0,1.0,1.0,0.0,1.0,2026-02-14 19:48:40,
2631.0,8ejvs9.asia,true,0.0,645.0,490867.0,0.0,0.0,2.0,2.0,2.0,2.0,2026-02-16 00:44:08,2026-04-16 08:19:44
2632.0,8l3nbi.asia,true,0.0,655.0,479420.0,0.0,0.0,1.0,1.0,1.0,1.0,2026-02-16 13:11:59,2026-04-04 23:24:43
2633.0,louvepedia.com,false,0.0,26.0,0.0,0.0,0.0,2.0,0.0,2.0,2.0,2024-03-30 08:01:11,2025-08-22 14:01:17
2634.0,w5oe.info,true,0.0,1287.0,330112.0,0.0,0.0,1.0,1.0,1.0,1.0,2026-02-27 00:08:30,2026-03-18 04:29:06
2635.0,xho6dj.info,true,0.0,1272.0,367944.0,0.0,0.0,1.0,1.0,1.0,1.0,2026-02-27 05:23:54,2026-03-12 21:51:18
2636.0,nt0y1i.info,true,0.0,1275.0,324043.0,0.0,0.0,1.0,1.0,1.0,1.0,2026-02-26 02:08:08,2026-03-08 19:24:00
2637.0,aj5eu.info,true,0.0,1290.0,313972.0,0.0,0.0,1.0,1.0,1.0,1.0,2026-02-27 10:10:48,2026-03-13 21:35:22
2638.0,ubgomus.info,true,0.0,1276.0,316853.0,0.0,0.0,1.0,1.0,1.0,1.0,2026-02-27 02:05:32,2026-03-23 20:42:55
2639.0,innovatingtechnology.com,true,0.0,64.0,5.0,0.0,0.0,1.0,0.0,1.0,0.0,2025-05-11 18:40:32,2025-08-24 02:21:35
2640.0,engineering-degree-experttoolspro.xyz,true,0.0,701.0,388957.0,0.0,0.0,1.0,1.0,1.0,1.0,2026-02-26 12:27:44,2026-03-20 10:17:35
2641.0,fahadintl.com,true,0.0,33.0,15210.0,0.0,0.0,1.0,0.0,1.0,1.0,2025-04-24 11:40:26,2026-04-25 11:43:05
2642.0,complete-auto-repair-docs.xyz,true,0.0,701.0,415778.0,0.0,0.0,1.0,1.0,0.0,1.0,2026-02-25 11:39:31,
2643.0,toiletrepairmissouricity.com,true,0.0,34.0,2529.0,0.0,0.0,1.0,1.0,1.0,1.0,2025-07-29 17:30:02,2025-12-21 09:53:27
2644.0,xrccreations.com,true,0.0,36.0,6248.0,0.0,0.0,1.0,1.0,1.0,1.0,2025-06-13 06:39:40,2025-08-18 05:56:50
2645.0,bizlidar.com,false,0.0,26.0,0.0,0.0,0.0,1.0,0.0,1.0,1.0,2024-12-01 12:36:51,2025-07-27 11:55:12
2646.0,tpcstech.com,true,0.0,29.0,6.0,0.0,0.0,1.0,0.0,1.0,1.0,2025-01-23 02:58:31,2025-12-09 04:39:42
2647.0,bsn-degree-dataskills.xyz,true,0.0,710.0,399018.0,0.0,0.0,3.0,3.0,2.0,3.0,2026-02-18 22:52:44,
2648.0,kvlxwvi.info,true,0.0,705.0,387632.0,0.0,0.0,2.0,2.0,2.0,2.0,2026-02-23 07:24:19,2026-05-18 05:46:47
2649.0,vgrddpn.info,true,0.0,708.0,430206.0,0.0,0.0,1.0,1.0,1.0,1.0,2026-02-20 19:35:20,2026-04-07 03:47:16
2650.0,osh4f2.asia,true,0.0,706.0,375387.0,0.0,0.0,1.0,1.0,1.0,1.0,2026-02-14 13:56:39,2026-04-04 15:11:18
2651.0,teponoz.info,true,0.0,703.0,400064.0,0.0,0.0,1.0,1.0,1.0,1.0,2026-02-18 23:32:37,2026-04-04 10:54:44
2652.0,data-analysis-studio.xyz,true,0.0,699.0,532972.0,0.0,0.0,2.0,2.0,2.0,2.0,2026-02-15 07:10:52,2026-04-08 15:20:21
2653.0,ujwvutg.info,true,0.0,705.0,405390.0,0.0,0.0,1.0,1.0,1.0,1.0,2026-02-15 14:04:05,2026-03-24 08:45:45
2654.0,justgse.info,true,0.0,708.0,382075.0,0.0,0.0,2.0,2.0,1.0,2.0,2026-02-16 09:49:55,
2655.0,frigostudio.com,false,0.0,39.0,11.0,0.0,0.0,3.0,0.0,3.0,3.0,2025-05-18 04:35:11,2025-06-20 15:28:57
2656.0,mywwvhf.info,true,0.0,699.0,415145.0,0.0,0.0,1.0,1.0,1.0,1.0,2026-02-23 04:24:59,2026-04-13 08:26:42
2657.0,data-analysis-development.xyz,true,0.0,710.0,454384.0,0.0,0.0,1.0,1.0,1.0,1.0,2026-02-23 03:11:56,2026-04-08 19:38:09
2658.0,rbnzlxj.info,true,0.0,710.0,365274.0,0.0,0.0,1.0,1.0,1.0,1.0,2026-02-15 15:46:46,2026-04-04 11:22:26
2659.0,yjuvwiu.info,true,0.0,713.0,422930.0,0.0,0.0,1.0,1.0,1.0,1.0,2026-02-18 17:11:54,2026-04-27 03:12:00
2660.0,aircon-repair-maintenancehelp.xyz,true,0.0,711.0,455972.0,0.0,0.0,2.0,2.0,2.0,2.0,2026-02-18 09:16:18,2026-04-08 11:54:27
2661.0,sqdcgtf.info,true,0.0,699.0,393573.0,0.0,0.0,1.0,1.0,0.0,1.0,2026-02-21 11:41:17,
2662.0,ifrkwjv.info,true,0.0,702.0,376377.0,0.0,0.0,3.0,3.0,2.0,3.0,2026-02-14 17:56:48,
2663.0,practical-fridge-repair-info.xyz,true,0.0,701.0,423282.0,0.0,0.0,1.0,1.0,0.0,1.0,2026-02-25 02:15:01,
2664.0,tidgy8.asia,true,0.0,697.0,388662.0,0.0,0.0,1.0,1.0,1.0,1.0,2026-02-23 19:15:28,2026-04-17 07:09:32
2665.0,urban-auto-repair-point.xyz,true,0.0,713.0,360369.0,0.0,0.0,1.0,1.0,0.0,1.0,2026-02-20 20:16:08,
2666.0,kx474q.asia,true,0.0,701.0,391625.0,0.0,0.0,1.0,1.0,1.0,1.0,2026-02-22 18:00:13,2026-04-13 19:27:54
2667.0,hffefep.info,true,0.0,705.0,448935.0,0.0,0.0,1.0,1.0,1.0,1.0,2026-02-19 22:15:37,2026-04-05 21:58:34
2668.0,bsn-degree-analyticstech.xyz,true,0.0,708.0,457484.0,0.0,0.0,1.0,1.0,1.0,1.0,2026-02-18 22:37:27,2026-04-03 05:11:08
2669.0,livunnz.info,true,0.0,704.0,475811.0,0.0,0.0,2.0,2.0,0.0,2.0,2026-02-15 18:37:16,
2670.0,pnzrqco.info,true,0.0,695.0,433412.0,0.0,0.0,1.0,1.0,1.0,1.0,2026-02-16 03:49:31,2026-04-03 07:13:59
2671.0,pozyzlx.info,true,0.0,693.0,423541.0,0.0,0.0,1.0,1.0,1.0,1.0,2026-02-26 03:58:44,2026-04-05 08:51:09
2672.0,ihfggss.info,true,0.0,702.0,360558.0,0.0,0.0,1.0,1.0,1.0,1.0,2026-02-21 11:39:20,2026-05-02 12:41:32
2673.0,i1b4tt.asia,true,0.0,703.0,420373.0,0.0,0.0,1.0,1.0,1.0,1.0,2026-02-15 22:58:38,2026-05-12 14:39:00
2674.0,iffeqep.info,true,0.0,697.0,488037.0,0.0,0.0,2.0,2.0,1.0,2.0,2026-02-16 09:16:46,
2675.0,ufrrdbn.info,true,0.0,698.0,459355.0,0.0,0.0,1.0,1.0,1.0,1.0,2026-02-22 09:34:27,2026-04-08 19:06:55
2676.0,aircon-repair-expertfix.xyz,true,0.0,694.0,340360.0,0.0,0.0,1.0,1.0,0.0,1.0,2026-02-22 09:31:15,
2677.0,floor-repair-efficientcare.xyz,true,0.0,698.0,418446.0,0.0,0.0,2.0,2.0,2.0,2.0,2026-02-16 01:39:14,2026-04-10 02:41:42
2678.0,rpggffr.info,true,0.0,695.0,399906.0,0.0,0.0,2.0,2.0,2.0,2.0,2026-02-15 01:23:07,2026-04-10 01:09:00
2679.0,airduct-cleaning-skillspro365.xyz,true,0.0,700.0,409056.0,0.0,0.0,2.0,2.0,2.0,2.0,2026-02-18 16:13:25,2026-04-04 14:40:11
2680.0,auto-repair-teamwork365.xyz,true,0.0,695.0,308411.0,0.0,0.0,1.0,1.0,0.0,1.0,2026-02-26 06:08:34,
2681.0,q9zyrv.asia,true,0.0,698.0,425028.0,0.0,0.0,1.0,1.0,1.0,1.0,2026-02-22 01:35:17,2026-04-19 01:14:57
2682.0,hteqdcp.info,true,0.0,704.0,424484.0,0.0,0.0,3.0,3.0,3.0,3.0,2026-02-16 05:46:11,2026-05-05 20:52:18
2683.0,your-fridge-repair-check.xyz,true,0.0,700.0,357622.0,0.0,0.0,2.0,2.0,2.0,2.0,2026-02-20 13:58:53,2026-04-08 06:48:03
2684.0,alkjnaa.info,true,0.0,701.0,511274.0,0.0,0.0,1.0,1.0,0.0,1.0,2026-02-23 18:24:24,
2685.0,jhhykji.info,true,0.0,694.0,452015.0,0.0,0.0,1.0,1.0,0.0,1.0,2026-02-25 13:53:35,
2686.0,u29o4g.asia,true,0.0,703.0,486817.0,0.0,0.0,2.0,2.0,2.0,2.0,2026-02-20 17:35:24,2026-04-10 03:21:34
2687.0,fqbnzll.info,true,0.0,699.0,391602.0,0.0,0.0,1.0,1.0,1.0,1.0,2026-02-16 19:49:37,2026-03-25 07:17:24
2688.0,mbsaraciye.com,true,0.0,26.0,5.0,0.0,0.0,1.0,1.0,1.0,1.0,2025-07-22 02:30:27,2026-03-24 22:28:03
2689.0,auto-repair-service-spot.xyz,true,0.0,699.0,399961.0,0.0,0.0,1.0,1.0,0.0,1.0,2026-02-26 05:26:02,
2690.0,mold-cleaning-teamwork711.xyz,true,0.0,705.0,416017.0,0.0,0.0,2.0,2.0,2.0,2.0,2026-02-16 01:29:26,2026-04-09 01:48:04
2691.0,rdqrvih.info,true,0.0,702.0,427887.0,0.0,0.0,2.0,2.0,1.0,2.0,2026-02-14 20:04:40,
2692.0,clinical-psych-datalab.xyz,true,0.0,699.0,411348.0,0.0,0.0,1.0,1.0,1.0,1.0,2026-02-18 19:04:14,2026-04-09 01:20:11
2693.0,kitgfqc.info,true,0.0,703.0,473105.0,0.0,0.0,1.0,1.0,0.0,1.0,2026-02-20 08:35:41,
2694.0,q3svxv.asia,true,0.0,705.0,414548.0,0.0,0.0,2.0,2.0,2.0,2.0,2026-02-18 10:37:56,2026-05-08 06:24:57
2695.0,dbaznll.info,true,0.0,706.0,453318.0,0.0,0.0,1.0,1.0,0.0,1.0,2026-02-22 17:11:57,
2696.0,olyxyxi.info,true,0.0,699.0,375793.0,0.0,0.0,1.0,1.0,1.0,1.0,2026-02-19 07:45:53,2026-03-06 13:36:34
2697.0,clinical-psych-degree-insightscenterhub.xyz,true,0.0,703.0,413760.0,0.0,0.0,1.0,1.0,1.0,1.0,2026-02-15 11:50:32,2026-03-21 13:27:42
2698.0,ywvugfj.info,true,0.0,695.0,432767.0,0.0,0.0,1.0,1.0,0.0,1.0,2026-02-23 01:05:52,
2699.0,aircon-cleaning-support-line.xyz,true,0.0,701.0,388921.0,0.0,0.0,1.0,1.0,1.0,1.0,2026-02-24 21:35:05,2026-04-12 04:46:57
2700.0,your-aircon-cleaning-check.xyz,true,0.0,701.0,436517.0,0.0,0.0,2.0,2.0,1.0,2.0,2026-02-15 21:38:09,
2701.0,car-freight-map-access.xyz,true,0.0,705.0,351164.0,0.0,0.0,1.0,1.0,1.0,1.0,2026-02-23 20:41:24,2026-04-04 20:19:38
2702.0,vtsseqd.info,true,0.0,704.0,430755.0,0.0,0.0,3.0,3.0,3.0,3.0,2026-02-20 01:29:15,2026-04-08 03:38:06
2703.0,oxv0y5.asia,true,0.0,697.0,401336.0,0.0,0.0,2.0,2.0,2.0,2.0,2026-02-20 02:24:01,2026-04-14 17:49:46
2704.0,clinical-psych-studio.xyz,true,0.0,701.0,413510.0,0.0,0.0,2.0,2.0,1.0,2.0,2026-02-18 21:09:05,
2705.0,mkkjiua.info,true,0.0,700.0,478057.0,0.0,0.0,2.0,2.0,1.0,2.0,2026-02-14 23:07:08,
2706.0,clinical-psych-degree-datasupport.xyz,true,0.0,703.0,464896.0,0.0,0.0,1.0,1.0,1.0,1.0,2026-02-23 07:30:52,2026-04-06 21:04:33
2707.0,floor-repair-helpdeskpro.xyz,true,0.0,703.0,424234.0,0.0,0.0,1.0,1.0,0.0,1.0,2026-02-17 07:59:47,
2708.0,dbammpo.info,true,0.0,697.0,436297.0,0.0,0.0,1.0,1.0,1.0,1.0,2026-02-24 03:09:05,2026-04-18 13:05:49
2709.0,practical-flooring-install-info.xyz,true,0.0,701.0,426052.0,0.0,0.0,6.0,6.0,6.0,6.0,2026-02-16 12:18:51,2026-04-15 06:41:04
2710.0,palxcon.info,true,0.0,703.0,445767.0,0.0,0.0,3.0,3.0,3.0,3.0,2026-02-18 21:42:29,2026-05-28 08:17:13
2711.0,gddrdco.info,true,0.0,702.0,496485.0,0.0,0.0,2.0,2.0,1.0,2.0,2026-02-14 17:01:05,
2712.0,wughgsq.info,true,0.0,700.0,510519.0,0.0,0.0,1.0,1.0,1.0,1.0,2026-02-21 12:46:51,2026-04-05 13:17:16
2713.0,mold-cleaning-maintenanceexperts.xyz,true,0.0,705.0,414640.0,0.0,0.0,2.0,2.0,2.0,2.0,2026-02-22 04:46:04,2026-04-13 22:32:08
2714.0,r821h7.asia,true,0.0,700.0,492153.0,0.0,0.0,1.0,1.0,1.0,1.0,2026-02-27 09:10:44,2026-04-08 18:44:52
2715.0,bbfeqco.info,true,0.0,695.0,425751.0,0.0,0.0,1.0,1.0,1.0,1.0,2026-02-17 08:55:37,2026-04-08 12:39:40
2716.0,uj3iy6.asia,true,0.0,698.0,433125.0,0.0,0.0,1.0,1.0,0.0,1.0,2026-02-16 10:43:04,
2717.0,jt4zb7.asia,true,0.0,697.0,383190.0,0.0,0.0,2.0,2.0,2.0,2.0,2026-02-22 23:18:43,2026-05-13 18:18:32
2718.0,m2d2r0.asia,true,0.0,701.0,428449.0,0.0,0.0,2.0,2.0,1.0,2.0,2026-02-16 19:13:28,
2719.0,data-analysis-careerdeck.xyz,true,0.0,699.0,422131.0,0.0,0.0,1.0,1.0,1.0,1.0,2026-02-18 14:06:55,2026-04-06 11:01:57
2720.0,mold-cleaning-skillspro365.xyz,true,0.0,703.0,407104.0,0.0,0.0,1.0,1.0,0.0,1.0,2026-02-14 15:52:37,
2721.0,j799a5.asia,true,0.0,705.0,435789.0,0.0,0.0,1.0,1.0,1.0,1.0,2026-02-22 03:55:21,2026-05-09 01:15:16
2722.0,jugsrdc.info,true,0.0,701.0,442307.0,0.0,0.0,2.0,2.0,0.0,2.0,2026-02-18 09:02:55,
2723.0,vtfrdpb.info,true,0.0,692.0,407839.0,0.0,0.0,2.0,2.0,1.0,2.0,2026-02-21 20:56:58,
2724.0,hufgseq.info,true,0.0,704.0,370541.0,0.0,0.0,1.0,1.0,1.0,1.0,2026-02-26 14:24:20,2026-04-06 03:22:11
2725.0,zxvhgfe.info,true,0.0,700.0,447358.0,0.0,0.0,1.0,1.0,0.0,1.0,2026-02-18 18:45:38,
2726.0,jugghhl.info,true,0.0,700.0,432120.0,0.0,0.0,1.0,1.0,1.0,1.0,2026-02-19 14:06:29,2026-04-19 00:53:04
2727.0,ljvuivu.info,true,0.0,699.0,476205.0,0.0,0.0,1.0,1.0,0.0,1.0,2026-02-14 18:52:11,
2728.0,mkwxoop.info,true,0.0,699.0,430687.0,0.0,0.0,2.0,2.0,2.0,2.0,2026-02-21 01:57:32,2026-04-18 05:14:11
2729.0,yd5dix.asia,true,0.0,694.0,354194.0,0.0,0.0,3.0,3.0,2.0,3.0,2026-02-17 05:46:53,
2730.0,floor-repair-expertfix.xyz,true,0.0,697.0,453418.0,0.0,0.0,1.0,1.0,1.0,1.0,2026-02-20 18:49:42,2026-04-12 16:53:47
2731.0,rcoamlx.info,true,0.0,702.0,371404.0,0.0,0.0,2.0,2.0,2.0,2.0,2026-02-15 00:39:17,2026-04-03 14:09:12
2732.0,window-repair-service-spot.xyz,true,0.0,702.0,435657.0,0.0,0.0,1.0,1.0,0.0,1.0,2026-02-14 18:05:01,
2733.0,aljvvus.info,true,0.0,704.0,392691.0,0.0,0.0,1.0,1.0,1.0,1.0,2026-02-19 23:17:29,2026-03-26 04:43:40
2734.0,ueeqeqq.info,true,0.0,703.0,466314.0,0.0,0.0,2.0,2.0,1.0,2.0,2026-02-23 00:34:00,
2735.0,engineering-degree-reportdesk.xyz,true,0.0,696.0,435361.0,0.0,0.0,1.0,1.0,0.0,1.0,2026-02-21 04:30:28,
2736.0,i7k9rr.asia,true,0.0,695.0,411386.0,0.0,0.0,1.0,1.0,1.0,1.0,2026-02-20 11:24:53,2026-04-09 16:52:28
2737.0,gutter-repair-expertfix.xyz,true,0.0,693.0,452167.0,0.0,0.0,1.0,1.0,1.0,1.0,2026-02-18 16:03:37,2026-04-07 03:24:22
2738.0,data-analysis-education.xyz,true,0.0,704.0,388910.0,0.0,0.0,1.0,1.0,1.0,1.0,2026-02-21 16:14:59,2026-04-15 15:21:54
2739.0,kigfrdc.info,true,0.0,704.0,468946.0,0.0,0.0,2.0,2.0,0.0,2.0,2026-02-21 06:48:49,
2740.0,gdqdqcp.info,true,0.0,697.0,468205.0,0.0,0.0,1.0,1.0,0.0,1.0,2026-02-21 02:02:58,
2741.0,doaamly.info,true,0.0,701.0,508850.0,0.0,0.0,1.0,1.0,0.0,1.0,2026-02-23 18:06:14,
2742.0,engineering-degree-datateamwork.xyz,true,0.0,708.0,504225.0,0.0,0.0,1.0,1.0,0.0,1.0,2026-02-19 17:06:54,
2743.0,wjbb4p.asia,true,0.0,698.0,426840.0,0.0,0.0,1.0,1.0,1.0,1.0,2026-02-20 05:40:40,2026-04-13 01:14:52
2744.0,practical-car-freight-info.xyz,true,0.0,703.0,399164.0,0.0,0.0,2.0,2.0,2.0,2.0,2026-02-18 20:51:40,2026-04-08 04:37:51
2745.0,whhttft.info,true,0.0,697.0,406196.0,0.0,0.0,1.0,1.0,1.0,1.0,2026-02-19 17:14:27,2026-02-19 21:18:06
2746.0,l2v2lg.asia,true,0.0,699.0,453973.0,0.0,0.0,2.0,2.0,1.0,2.0,2026-02-21 16:11:41,
2747.0,airduct-repair-support-line.xyz,true,0.0,703.0,458370.0,0.0,0.0,1.0,1.0,1.0,1.0,2026-02-15 18:20:11,2026-04-08 20:20:44
2748.0,fdbsseq.info,true,0.0,695.0,411991.0,0.0,0.0,1.0,1.0,1.0,1.0,2026-02-17 00:10:25,2026-05-23 12:36:42
2749.0,flooring-install-map-access.xyz,true,0.0,696.0,451787.0,0.0,0.0,1.0,1.0,0.0,1.0,2026-02-16 18:43:06,
2750.0,zop99i.asia,true,0.0,701.0,454417.0,0.0,0.0,3.0,3.0,3.0,3.0,2026-02-15 04:52:13,2026-04-12 09:26:21
2751.0,mold-cleaning-quickservicepro.xyz,true,0.0,701.0,425478.0,0.0,0.0,1.0,1.0,1.0,1.0,2026-02-19 19:00:11,2026-04-09 14:58:01
2752.0,engineering-degree-resultsprogram.xyz,true,0.0,704.0,485156.0,0.0,0.0,1.0,1.0,1.0,1.0,2026-02-17 09:59:54,2026-04-05 06:45:28
2753.0,scoamqc.info,true,0.0,699.0,397181.0,0.0,0.0,1.0,1.0,0.0,1.0,2026-02-22 14:16:20,
2754.0,ywiugfe.info,true,0.0,703.0,408504.0,0.0,0.0,3.0,3.0,3.0,3.0,2026-02-20 08:58:31,2026-04-07 21:13:27
2755.0,expert-window-repair-lab.xyz,true,0.0,704.0,408133.0,0.0,0.0,1.0,1.0,0.0,1.0,2026-02-25 13:41:51,
2756.0,dommlki.info,true,0.0,699.0,474653.0,0.0,0.0,1.0,1.0,0.0,1.0,2026-02-18 16:47:57,
2757.0,data-analysis-degree-resultsprogram.xyz,true,0.0,694.0,465359.0,0.0,0.0,2.0,2.0,0.0,2.0,2026-02-20 03:04:44,
2758.0,aircon-repair-maintenanceexperts.xyz,true,0.0,702.0,445659.0,0.0,0.0,2.0,2.0,1.0,2.0,2026-02-14 20:26:30,
2759.0,j3omvt.asia,true,0.0,696.0,450595.0,0.0,0.0,1.0,1.0,1.0,1.0,2026-02-15 20:24:43,2026-05-26 14:01:46
2760.0,juhtgse.info,true,0.0,704.0,409608.0,0.0,0.0,1.0,1.0,1.0,1.0,2026-02-15 08:33:58,2026-04-02 16:26:03
2761.0,whfstrq.info,true,0.0,690.0,429931.0,0.0,0.0,2.0,2.0,2.0,2.0,2026-02-20 07:54:28,2026-05-13 12:35:58
2762.0,foxtuning.com,true,0.0,21.0,0.0,0.0,0.0,2.0,0.0,2.0,0.0,2025-04-29 04:39:21,2025-09-04 06:55:44
2763.0,nitelyfemusic.com,true,0.0,25.0,42256.0,0.0,0.0,1.0,1.0,1.0,1.0,2025-07-28 00:04:20,2025-10-24 02:30:31
2764.0,entiredomains.space,true,0.0,7.0,26.0,0.0,0.0,1.0,1.0,0.0,0.0,2025-10-21 13:13:09,
2765.0,raphael-thys.com,false,0.0,23.0,8063.0,0.0,0.0,5.0,5.0,0.0,5.0,2026-01-15 11:04:53,
2766.0,nftgeekbybone.com,true,0.0,26.0,3.0,0.0,0.0,1.0,0.0,0.0,0.0,2023-12-01 20:35:37,
2767.0,backlinkmasters.online,true,0.0,3.0,17057.0,0.0,0.0,1.0,1.0,1.0,1.0,2026-01-22 23:42:25,2026-03-23 15:39:49
2768.0,nukoe.com,false,0.0,26.0,1238.0,31.0,17.0,10.0,10.0,0.0,10.0,2026-05-20 17:00:11,
2769.0,jjj.st,true,0.0,1.0,0.0,0.0,0.0,1.0,0.0,1.0,1.0,2025-03-10 00:51:52,2025-12-12 21:54:07
2770.0,onlinegeeks.info,true,0.0,3.0,467.0,0.0,0.0,3.0,0.0,0.0,3.0,2025-02-05 15:54:18,
2771.0,generalknowledge.net.in,true,0.0,2.0,50.0,0.0,0.0,2.0,2.0,1.0,0.0,2025-06-02 08:38:17,
2772.0,ygluk.com,true,0.0,28.0,6699.0,0.0,0.0,1.0,0.0,1.0,0.0,2025-04-03 00:25:59,2026-04-21 08:12:20
2773.0,millennialshoppe.com,false,0.0,43.0,1809.0,0.0,0.0,2.0,0.0,0.0,2.0,2025-05-01 01:44:31,
2774.0,seodiff.io,false,0.0,24.0,30784.0,0.0,0.0,9.0,9.0,0.0,1.0,2026-05-08 14:47:34,
2775.0,thesavingsinfo.com,false,0.0,2.0,6.0,0.0,0.0,1.0,1.0,1.0,1.0,2025-10-14 04:55:41,2025-10-22 19:03:27
2776.0,zoomlockwireless.com,false,0.0,37.0,1432.0,0.0,0.0,4.0,0.0,4.0,4.0,2024-10-20 10:47:34,2025-07-09 01:59:31
2777.0,choiceculture.com.au,false,0.0,3.0,8.0,0.0,0.0,1.0,0.0,0.0,1.0,2024-03-13 23:40:40,
2778.0,lotnisko24.pl,true,0.0,29.0,4608.0,0.0,0.0,1.0,1.0,1.0,1.0,2025-10-04 08:28:23,2026-04-19 05:52:54
2779.0,newsupdated.in,false,0.0,6.0,19.0,0.0,0.0,1.0,1.0,0.0,0.0,2026-05-14 16:35:19,
2780.0,contotudo.com.br,false,0.0,25.0,136.0,0.0,0.0,1.0,1.0,1.0,0.0,2026-04-05 17:02:24,2026-04-20 06:01:22
2781.0,thepreludestyle.com,true,0.0,33.0,498.0,0.0,0.0,2.0,0.0,2.0,2.0,2025-02-20 13:38:40,2025-07-13 01:22:35
2782.0,raneer.com,false,0.0,32.0,0.0,0.0,0.0,3.0,0.0,3.0,3.0,2024-07-29 16:08:16,2025-07-14 17:42:45
2783.0,brightflame.in,true,0.0,1.0,750.0,0.0,0.0,1.0,1.0,1.0,1.0,2025-06-11 04:42:37,2026-01-10 19:18:00
2784.0,findhere.in,true,0.0,10.0,75.0,0.0,0.0,1.0,1.0,0.0,0.0,2026-03-26 01:12:49,
2785.0,54.202.59.27,false,0.0,7.0,0.0,0.0,0.0,13.0,0.0,13.0,13.0,2023-08-05 08:51:38,2025-08-05 03:27:47
2786.0,ipsglobalsafe.com,true,0.0,113.0,2623.0,31.0,2.0,1.0,1.0,1.0,1.0,2025-08-28 03:30:28,2025-10-31 17:41:35
2787.0,nairobitechhub.com,false,0.0,27.0,8075.0,0.0,0.0,1.0,0.0,0.0,1.0,2024-10-03 14:31:43,
2788.0,revivemedicalcare.com,false,0.0,34.0,8.0,0.0,0.0,2.0,2.0,2.0,0.0,2026-01-03 12:49:04,2026-04-03 13:45:45
2789.0,climovo.com,false,0.0,3.0,352.0,0.0,4.0,1.0,1.0,0.0,1.0,2026-03-11 15:00:29,
2790.0,independentenews.com.br,true,0.0,26.0,2560.0,0.0,0.0,1.0,0.0,1.0,1.0,2025-03-15 03:29:04,2026-01-03 01:25:38
2791.0,reikinetics.com,false,0.0,1.0,101.0,0.0,0.0,1.0,1.0,0.0,1.0,2025-09-25 06:59:12,
2792.0,cbi76.fr,true,0.0,28.0,1619.0,0.0,0.0,1.0,0.0,1.0,1.0,2024-02-24 08:04:01,2025-08-26 14:24:03
2793.0,localagencysearch.com,false,0.0,26.0,0.0,0.0,0.0,1.0,0.0,1.0,0.0,2025-01-24 16:49:01,2025-09-15 00:54:08
2794.0,domainscrawl.com,true,0.0,5.0,26374.0,0.0,0.0,1.0,1.0,1.0,1.0,2026-01-24 21:47:25,2026-04-30 07:31:04
2795.0,janisbarrett.com,false,0.0,24.0,746.0,0.0,0.0,2.0,0.0,2.0,0.0,2025-04-03 05:53:01,2025-12-13 05:19:44
2796.0,ochamedan.com,true,0.0,103.0,1911.0,0.0,0.0,1.0,1.0,1.0,1.0,2025-09-18 08:55:25,2025-12-05 14:22:51
2797.0,occupationalhealthohs.com,false,0.0,23.0,0.0,0.0,0.0,1.0,0.0,1.0,0.0,2024-05-16 19:45:07,2025-06-05 13:53:34
2798.0,sudinshrestha.info.np,false,0.0,7.0,0.0,0.0,0.0,1.0,0.0,1.0,1.0,2023-08-19 04:18:50,2025-09-04 22:59:58
2799.0,innovativechemicals.pk,true,0.0,6.0,1634.0,0.0,0.0,1.0,1.0,1.0,1.0,2025-09-30 14:29:12,2026-01-08 14:47:46
2800.0,rtbhouse.nl,false,0.0,4.0,64.0,0.0,0.0,4.0,2.0,0.0,0.0,2024-11-20 17:48:42,
2801.0,starlingsandsongbirds.com,false,0.0,25.0,1966.0,0.0,0.0,4.0,0.0,4.0,4.0,2025-03-28 23:54:49,2026-01-07 23:41:35
2802.0,perfectlysustainable.com,false,0.0,25.0,219.0,0.0,0.0,1.0,1.0,0.0,1.0,2025-08-04 18:24:39,
2803.0,technologyzon.com,false,0.0,2.0,0.0,0.0,0.0,6.0,0.0,6.0,6.0,2025-02-24 18:31:48,2025-09-24 00:27:50
2804.0,allbrightepoxyfloorcoatings.com,false,0.0,27.0,931.0,0.0,0.0,2.0,2.0,0.0,2.0,2025-08-01 09:49:46,
2805.0,petrolboys.com,false,0.0,23.0,14.0,0.0,0.0,1.0,1.0,1.0,1.0,2025-08-10 18:41:14,2026-02-24 05:10:41
2806.0,theonlinemarketingguru.com,false,0.0,4.0,0.0,0.0,0.0,1.0,0.0,1.0,1.0,2024-02-23 05:14:07,2025-06-12 17:31:14
2807.0,norveilex.com,true,0.0,46.0,64.0,0.0,0.0,1.0,1.0,0.0,1.0,2026-05-08 17:07:25,
2808.0,kristerselin.com,true,0.0,24.0,6886.0,0.0,0.0,1.0,0.0,1.0,1.0,2025-03-18 09:31:43,2025-12-30 22:47:44
2809.0,fullspeeddesign.com,true,0.0,27.0,318.0,0.0,0.0,8.0,0.0,8.0,8.0,2024-12-10 09:40:27,2026-01-17 05:41:41
2810.0,arlive.me,false,0.0,34.0,3.0,0.0,0.0,2.0,1.0,0.0,0.0,2024-09-28 00:17:42,
2811.0,octonet.net,false,0.0,38.0,18603.0,0.0,0.0,2.0,2.0,0.0,2.0,2025-07-09 10:32:23,
2812.0,jrfantasyrings.com,true,0.0,36.0,0.0,0.0,0.0,1.0,0.0,1.0,1.0,2024-03-27 23:15:33,2025-06-05 05:24:32
2813.0,primefitx.com,true,0.0,4.0,0.0,0.0,0.0,1.0,1.0,0.0,0.0,2025-11-13 18:37:54,
2814.0,hermesmedia.ng,true,0.0,18.0,9279.0,0.0,0.0,1.0,1.0,1.0,1.0,2025-08-07 09:37:28,2025-10-12 09:37:42
2815.0,autoskillai.com,true,0.0,5.0,381.0,0.0,0.0,1.0,1.0,0.0,1.0,2025-08-07 12:48:40,
2816.0,vzreport.com,true,0.0,28.0,1462.0,0.0,0.0,3.0,0.0,3.0,3.0,2025-04-18 10:24:37,2025-09-27 17:54:21
2817.0,flavorglow.online,true,0.0,1.0,0.0,0.0,0.0,1.0,1.0,1.0,1.0,2025-09-26 19:40:04,2025-12-18 13:16:54
2818.0,ebookzdownload.com,false,0.0,1.0,0.0,0.0,0.0,3.0,0.0,3.0,3.0,2023-11-27 01:48:31,2025-07-08 06:28:17
2819.0,summitperformanceconsulting.com,false,0.0,46.0,548.0,0.0,0.0,1.0,1.0,0.0,1.0,2026-03-13 18:49:57,
2820.0,tagparel.com,true,0.0,32.0,0.0,0.0,0.0,1.0,0.0,1.0,1.0,2023-08-24 00:02:45,2025-06-07 06:27:22
2821.0,9363.in,false,0.0,2.0,31.0,0.0,0.0,1.0,1.0,0.0,0.0,2026-05-17 22:37:56,
2822.0,bonyadimag.ir,true,0.0,6.0,1385.0,0.0,0.0,3.0,1.0,0.0,3.0,2025-03-20 12:34:59,
2823.0,pc2network.net,false,0.0,35.0,1624.0,0.0,0.0,2.0,2.0,0.0,2.0,2026-05-17 18:15:07,
2824.0,beautyfrizzocala.com,true,0.0,42.0,7792.0,0.0,0.0,1.0,1.0,1.0,1.0,2025-09-27 08:03:05,2026-03-21 07:15:24
2825.0,drivtu.com,false,0.0,1.0,10845.0,69.0,29.0,1.0,1.0,0.0,1.0,2026-05-09 15:38:25,
2826.0,0deepresearch.com,false,0.0,4.0,949.0,3.0,5.0,1.0,1.0,0.0,1.0,2025-06-09 09:11:05,
2827.0,vo2max.org.uk,false,0.0,23.0,0.0,0.0,0.0,1.0,1.0,1.0,1.0,2026-01-02 21:01:49,2026-04-03 03:25:20
2828.0,flex4zorg.com,true,0.0,29.0,0.0,0.0,0.0,7.0,0.0,7.0,7.0,2024-04-09 23:56:24,2025-07-30 17:21:39
2829.0,g5sp.com,false,0.0,27.0,0.0,0.0,0.0,1.0,0.0,1.0,1.0,2023-08-03 10:25:20,2025-07-01 01:08:50
2830.0,legendforlife.com,true,0.0,24.0,1084.0,0.0,0.0,1.0,1.0,1.0,1.0,2025-10-16 11:24:40,2026-03-14 20:13:53
2831.0,pepio.app,false,0.0,26.0,276.0,3.0,2.0,9.0,9.0,0.0,9.0,2026-05-15 22:18:50,
2832.0,techmongo.com,false,0.0,26.0,13596.0,0.0,0.0,1.0,0.0,0.0,1.0,2024-09-15 04:47:07,
2833.0,tritonwebdesign.com,false,0.0,25.0,615.0,0.0,0.0,2.0,1.0,2.0,2.0,2025-01-15 21:23:48,2025-10-01 15:01:22
2834.0,ancientsilvertreasures.com,true,0.0,30.0,1470.0,0.0,0.0,5.0,0.0,5.0,5.0,2025-01-16 18:32:32,2026-04-11 02:10:46
2835.0,apkornow.com,true,0.0,29.0,0.0,0.0,0.0,3.0,0.0,3.0,3.0,2023-07-30 23:41:17,2026-05-09 10:50:41
2836.0,optimaoverseas.com,true,0.0,27.0,1118.0,0.0,0.0,1.0,1.0,1.0,1.0,2025-09-10 21:23:55,2025-12-18 18:29:21
2837.0,evalqc.com,true,0.0,28.0,0.0,0.0,0.0,1.0,0.0,1.0,1.0,2024-05-09 02:35:33,2025-05-30 23:14:01
2838.0,techmaggie.com,true,0.0,24.0,9074.0,0.0,0.0,3.0,3.0,0.0,3.0,2025-08-09 02:52:57,
2839.0,auraadventures.net,false,0.0,32.0,1170.0,0.0,0.0,1.0,0.0,1.0,1.0,2024-12-19 21:15:18,2026-03-27 15:03:23
2840.0,dossvisualsolutionusa.com,false,0.0,26.0,2000.0,0.0,0.0,4.0,0.0,4.0,4.0,2025-01-26 15:41:29,2025-07-17 10:08:22
2841.0,networksvc.us,true,0.0,4.0,0.0,0.0,0.0,2.0,0.0,2.0,2.0,2024-05-12 09:27:36,2025-10-16 09:19:25
2842.0,gateonai.com,false,0.0,1.0,1372.0,170.0,18.0,1.0,1.0,0.0,1.0,2026-05-08 16:20:09,
2843.0,salary.run,true,0.0,1.0,6948.0,22.0,34.0,4.0,4.0,0.0,4.0,2026-05-10 02:47:15,
2844.0,vacc.com.ar,true,0.0,2.0,19175.0,12.0,1.0,1.0,1.0,1.0,1.0,2025-05-31 14:53:20,2025-12-12 19:35:03
2845.0,getdailyinsights.com,false,0.0,1.0,750.0,0.0,0.0,1.0,1.0,0.0,1.0,2026-02-09 21:49:52,
2846.0,benaf.org,true,0.0,109.0,4.0,0.0,0.0,1.0,0.0,1.0,1.0,2024-08-11 15:50:33,2025-07-12 14:46:45
2847.0,linkspreader.com,true,0.0,25.0,7.0,0.0,0.0,1.0,1.0,0.0,0.0,2026-04-02 11:13:16,
2848.0,whimsynames.com,true,0.0,24.0,0.0,0.0,0.0,1.0,0.0,0.0,0.0,2024-07-09 21:07:10,
2849.0,cre-ko.com,true,0.0,40.0,448.0,0.0,0.0,1.0,1.0,1.0,1.0,2025-09-07 09:47:26,2026-02-08 22:50:16
2850.0,knowledge.direct,false,0.0,77.0,6937.0,0.0,0.0,1.0,1.0,0.0,1.0,2026-01-01 17:34:11,
2851.0,passportphotosize.com,true,0.0,30.0,2186.0,0.0,0.0,10.0,0.0,10.0,10.0,2025-01-14 15:57:36,2025-12-20 07:35:53
2852.0,quickfitpros.com,true,0.0,29.0,31.0,0.0,0.0,2.0,1.0,2.0,2.0,2024-11-07 07:48:27,2026-01-10 23:48:46
2853.0,itefapts.org,true,0.0,105.0,0.0,0.0,0.0,1.0,0.0,1.0,1.0,2024-06-27 06:44:35,2025-06-02 20:37:34
2854.0,wavqg.com,true,0.0,28.0,213.0,0.0,0.0,1.0,1.0,0.0,0.0,2026-05-11 12:10:38,
2855.0,imranmaqbool.net,true,0.0,24.0,0.0,0.0,0.0,3.0,0.0,3.0,3.0,2023-07-28 21:03:57,2025-07-27 12:22:33
2856.0,coffinfitting.com,true,0.0,23.0,256.0,0.0,0.0,2.0,2.0,0.0,2.0,2026-03-08 13:59:08,
2857.0,abra.net.tr,false,0.0,2.0,0.0,0.0,0.0,1.0,0.0,1.0,0.0,2023-08-03 00:21:50,2025-07-16 18:43:33
2858.0,findalternatives.net,false,0.0,1.0,3013.0,33.0,24.0,4.0,4.0,0.0,0.0,2026-05-03 01:22:26,
2859.0,annonseraonline.nu,false,0.0,0.0,0.0,8.0,5.0,1.0,0.0,1.0,1.0,2025-02-26 00:30:23,2026-03-16 10:53:25
2860.0,creativecask.com,false,0.0,0.0,0.0,8.0,9.0,1.0,1.0,0.0,1.0,2026-01-16 01:37:52,
2861.0,flcompres.com,false,0.0,30.0,98266.0,7.0,26.0,1.0,1.0,0.0,1.0,2025-09-19 23:37:11,
2862.0,hzaqii.com,false,0.0,0.0,0.0,6.0,7.0,5.0,5.0,5.0,0.0,2025-09-18 09:29:09,2026-02-19 13:18:13
2863.0,actionxoutsource.com,false,0.0,25.0,5892.0,2.0,1.0,1.0,1.0,1.0,1.0,2025-07-09 11:19:28,2026-02-21 22:49:40
2864.0,seo-cartel-colombia.xyz,false,0.0,0.0,0.0,0.0,0.0,2.0,2.0,0.0,0.0,2026-05-27 09:27:11,
2865.0,mlovethaispa.com,false,0.0,0.0,0.0,0.0,0.0,1.0,1.0,1.0,1.0,2025-07-23 17:34:27,2026-03-31 04:06:21
2866.0,herostylez.com,false,0.0,0.0,0.0,0.0,0.0,9.0,9.0,4.0,0.0,2025-08-09 19:41:46,
2867.0,360wallet.net,true,0.0,28.0,1682.0,0.0,0.0,3.0,0.0,3.0,0.0,2025-03-20 07:12:42,2025-09-28 05:39:08
2868.0,get.ind.in,false,0.0,0.0,0.0,0.0,0.0,1.0,1.0,0.0,0.0,2026-03-04 10:35:56,
2869.0,view-ar.com,false,0.0,0.0,0.0,0.0,2.0,3.0,3.0,0.0,3.0,2026-03-25 05:24:32,
2870.0,rosmarinus.cc,false,0.0,0.0,0.0,0.0,0.0,2.0,0.0,2.0,2.0,2024-12-13 23:33:57,2025-09-27 02:51:47
2871.0,reclamezuil.info,false,0.0,2.0,1431.0,0.0,0.0,1.0,0.0,0.0,1.0,2025-03-16 00:49:08,
2872.0,ศษส.com,false,0.0,0.0,0.0,0.0,0.0,1.0,1.0,1.0,1.0,2025-07-23 20:40:12,2026-02-19 13:02:20
2873.0,flyerventures.one,true,0.0,2.0,492.0,0.0,0.0,2.0,0.0,0.0,2.0,2025-04-26 23:53:45,
2874.0,abcc-platform.org.uk,true,0.0,17.0,25889.0,0.0,0.0,2.0,0.0,0.0,2.0,2025-01-20 09:20:00,
2875.0,aiworld.lat,false,0.0,2.0,1902.0,0.0,0.0,2.0,0.0,0.0,2.0,2025-03-11 09:33:18,
2876.0,returnreduction.com,false,0.0,0.0,0.0,0.0,0.0,11.0,11.0,0.0,11.0,2025-06-18 16:13:00,
2877.0,mentibus.net,false,0.0,0.0,0.0,0.0,0.0,1.0,1.0,0.0,1.0,2026-05-12 03:35:13,
2878.0,stylisticai.com,false,0.0,1.0,0.0,0.0,0.0,2.0,0.0,2.0,2.0,2024-03-07 22:30:30,2025-05-30 22:14:27
2879.0,atyourquery.com,false,0.0,0.0,0.0,0.0,0.0,2.0,0.0,2.0,0.0,2024-02-08 18:25:23,2026-02-03 04:56:27
2880.0,infitechdesign.com,true,0.0,0.0,0.0,0.0,0.0,2.0,2.0,0.0,0.0,2026-04-15 23:29:06,
2881.0,centerforblooddisorder.com,false,0.0,0.0,0.0,0.0,0.0,1.0,1.0,1.0,1.0,2025-07-17 23:31:53,2026-02-16 15:58:20
2882.0,bomplus.com,false,0.0,0.0,0.0,0.0,0.0,1.0,0.0,1.0,1.0,2024-06-18 08:33:58,2025-05-31 16:52:04
2883.0,seourldirectory.com,true,0.0,0.0,0.0,0.0,0.0,2.0,1.0,2.0,0.0,2025-04-10 05:47:05,2026-03-09 15:01:19
2884.0,cutepunk.com,false,0.0,0.0,0.0,0.0,0.0,2.0,0.0,2.0,2.0,2025-03-14 09:44:16,2026-03-10 17:10:56
2885.0,glamvibe.buzz,false,0.0,2.0,0.0,0.0,0.0,1.0,0.0,1.0,0.0,2024-03-12 19:08:35,2025-11-18 06:45:46
2886.0,developerbazaar.site,false,0.0,0.0,0.0,0.0,0.0,1.0,1.0,1.0,0.0,2025-11-11 03:29:55,2026-02-10 04:47:12
2887.0,luxlinus.com,false,0.0,0.0,0.0,0.0,0.0,2.0,2.0,0.0,2.0,2025-09-27 07:28:57,
2888.0,podywala.com,false,0.0,0.0,0.0,0.0,0.0,1.0,1.0,1.0,1.0,2025-08-19 11:28:01,2026-02-13 01:09:12
2889.0,oeave.com,false,0.0,0.0,0.0,0.0,1.0,2.0,2.0,0.0,2.0,2026-05-08 12:52:58,
2890.0,hernancastillon.com,true,0.0,27.0,1931.0,0.0,0.0,1.0,0.0,1.0,1.0,2024-10-06 06:57:16,2025-09-29 02:39:13
2891.0,luceve.com,false,0.0,0.0,0.0,0.0,0.0,3.0,3.0,3.0,3.0,2026-04-04 10:59:30,2026-04-14 10:40:28
2892.0,vitmapositech.com,false,0.0,0.0,0.0,0.0,0.0,1.0,0.0,1.0,1.0,2025-01-19 03:06:01,2025-10-26 00:04:13
2893.0,54.186.117.22,false,0.0,0.0,0.0,0.0,0.0,1.0,1.0,1.0,1.0,2025-06-28 21:56:04,2026-01-15 07:19:17
2894.0,techfitzone.com,true,0.0,2.0,160.0,0.0,0.0,20.0,20.0,19.0,20.0,2025-09-25 03:24:53,
2895.0,gideonos.com,false,0.0,28.0,0.0,0.0,0.0,1.0,1.0,1.0,1.0,2026-01-06 12:00:20,2026-04-22 07:41:45
2896.0,sfes.online,true,0.0,25.0,22.0,0.0,0.0,1.0,0.0,0.0,1.0,2024-01-26 17:37:44,
2897.0,sierradesign.org,false,0.0,0.0,0.0,0.0,0.0,1.0,1.0,0.0,1.0,2026-04-16 12:06:03,
2898.0,speedytimes.com,false,0.0,0.0,0.0,0.0,0.0,1.0,1.0,1.0,0.0,2025-10-24 04:01:49,2026-02-12 06:07:13
2899.0,findailist.com,false,0.0,17.0,3600.0,0.0,0.0,1.0,1.0,0.0,1.0,2026-02-23 04:58:26,
2900.0,estefanylopez.com,false,0.0,0.0,0.0,0.0,0.0,2.0,0.0,0.0,2.0,2024-04-18 16:02:32,
2901.0,anceki.com,false,0.0,0.0,0.0,0.0,0.0,1.0,0.0,0.0,1.0,2025-04-30 10:51:09,
2902.0,algran.com.br,false,0.0,24.0,492.0,0.0,0.0,1.0,1.0,1.0,1.0,2025-08-25 14:12:25,2026-04-01 12:10:27
2903.0,businessedge.news,false,0.0,0.0,0.0,0.0,0.0,1.0,0.0,1.0,1.0,2025-05-19 21:09:41,2025-08-28 17:35:50
2904.0,financiallevel.com,false,0.0,0.0,0.0,0.0,0.0,1.0,1.0,0.0,1.0,2025-08-25 09:11:58,
2905.0,103.151.97.104,true,0.0,0.0,0.0,0.0,0.0,1.0,0.0,1.0,1.0,2024-05-29 13:13:48,2025-07-03 07:26:35
2906.0,getscholarships.de,false,0.0,0.0,0.0,0.0,0.0,1.0,1.0,0.0,1.0,2025-10-07 21:39:54,
2907.0,usaimperial.com,false,0.0,0.0,0.0,0.0,0.0,6.0,0.0,3.0,0.0,2025-03-01 05:26:44,
2908.0,trend-setting.fr,false,0.0,0.0,0.0,0.0,0.0,9.0,1.0,0.0,9.0,2025-03-04 12:59:54,
2909.0,theimageboutique.net,false,0.0,37.0,699.0,0.0,0.0,2.0,0.0,2.0,2.0,2025-04-07 12:01:49,2025-12-18 10:41:53
2910.0,bargainradarpro.com,false,0.0,0.0,0.0,0.0,0.0,1.0,1.0,0.0,1.0,2025-09-17 07:42:21,
2911.0,lcd-tech.com,true,0.0,97.0,34.0,0.0,0.0,1.0,1.0,1.0,1.0,2025-10-08 02:30:40,2025-12-26 21:34:22
2912.0,rockshieldtransport.com,true,0.0,27.0,3433.0,0.0,0.0,1.0,1.0,1.0,1.0,2025-07-27 06:13:41,2026-01-02 00:32:08
2913.0,creativereceipts.com,false,0.0,0.0,0.0,0.0,0.0,1.0,1.0,1.0,1.0,2025-12-21 17:15:52,2026-01-19 00:05:35
2914.0,kmsports88.com,false,0.0,0.0,0.0,0.0,0.0,2.0,0.0,2.0,2.0,2025-03-24 07:44:51,2026-01-23 14:22:31
2915.0,linersa.com,false,0.0,0.0,0.0,0.0,0.0,4.0,0.0,4.0,0.0,2023-12-26 11:26:44,2025-06-05 12:10:33
2916.0,mytechhype.com,false,0.0,0.0,0.0,0.0,0.0,3.0,0.0,3.0,3.0,2023-08-14 01:50:23,2025-05-30 03:28:12
2917.0,sweetycaroline.com,false,0.0,0.0,0.0,0.0,0.0,1.0,0.0,1.0,0.0,2023-07-30 09:13:01,2026-01-07 14:36:05
2918.0,worldgamehub.com,false,0.0,0.0,0.0,0.0,0.0,3.0,0.0,3.0,3.0,2024-10-23 12:26:13,2025-07-15 05:17:17
2919.0,newfishing.ro,false,0.0,0.0,0.0,0.0,0.0,1.0,1.0,1.0,1.0,2025-07-17 05:50:35,2025-09-23 01:42:53
2920.0,elbrishy.com,false,0.0,0.0,0.0,0.0,0.0,1.0,1.0,1.0,1.0,2025-07-30 07:58:15,2025-12-28 01:13:41
2921.0,byoneclicks.com,false,0.0,0.0,0.0,0.0,0.0,1.0,0.0,1.0,1.0,2025-03-14 16:35:50,2026-02-12 22:19:34
2922.0,infomatcher.com,false,0.0,0.0,0.0,0.0,0.0,1.0,1.0,0.0,0.0,2026-01-19 10:57:07,
2923.0,shomaizleather.com,false,0.0,0.0,0.0,0.0,0.0,1.0,0.0,1.0,1.0,2024-10-21 19:03:56,2025-07-10 00:31:15
2924.0,giftyours.in,true,0.0,3.0,0.0,0.0,0.0,1.0,1.0,1.0,1.0,2025-06-11 20:40:17,2025-12-28 12:02:05
2925.0,cleanator.ca,false,0.0,0.0,0.0,0.0,0.0,1.0,1.0,1.0,1.0,2025-08-05 20:09:52,2026-02-24 07:42:51
2926.0,indexed.vc,false,0.0,0.0,0.0,0.0,0.0,1.0,1.0,0.0,1.0,2026-05-24 18:12:23,
2927.0,brouky.tech,false,0.0,0.0,0.0,0.0,0.0,1.0,1.0,0.0,1.0,2026-05-12 09:44:08,
2928.0,drukarnia.dev,false,0.0,0.0,0.0,0.0,0.0,3.0,3.0,0.0,0.0,2026-02-14 22:03:04,
2929.0,iprismsol.com,false,0.0,0.0,0.0,0.0,1.0,1.0,1.0,0.0,0.0,2025-07-29 02:23:09,
2930.0,attitudefitness.top,false,0.0,0.0,0.0,0.0,0.0,1.0,0.0,1.0,1.0,2025-04-23 05:22:23,2025-12-26 11:42:34
2931.0,fluxini.com,false,0.0,31.0,733.0,0.0,0.0,5.0,5.0,0.0,5.0,2026-05-07 12:11:44,
2932.0,payzbillzbillsi.site,false,0.0,2.0,5.0,0.0,0.0,1.0,1.0,1.0,0.0,2025-07-02 18:38:26,2025-12-04 04:23:11
2933.0,textiletv.com,false,0.0,0.0,0.0,0.0,0.0,2.0,0.0,2.0,2.0,2023-08-07 13:26:26,2025-12-27 07:51:17
2934.0,djgoodvibes.com,false,0.0,0.0,0.0,0.0,0.0,1.0,1.0,0.0,0.0,2026-05-02 08:51:59,
2935.0,app3dlook.org,false,0.0,0.0,0.0,0.0,0.0,2.0,0.0,1.0,2.0,2025-04-10 22:02:13,
2936.0,subtlecorp.com,false,0.0,0.0,0.0,0.0,0.0,6.0,0.0,6.0,6.0,2025-02-02 15:42:27,2025-06-21 08:22:22
2937.0,pinoysports.com,false,0.0,0.0,0.0,0.0,0.0,1.0,1.0,0.0,0.0,2026-05-13 19:20:16,
2938.0,financaslucrativas.com.br,false,0.0,0.0,0.0,0.0,0.0,2.0,2.0,1.0,2.0,2025-10-28 11:28:01,
2939.0,startupwho.com,false,0.0,0.0,0.0,0.0,0.0,1.0,1.0,0.0,1.0,2026-04-03 02:47:47,
2940.0,障碍灯.com,false,0.0,0.0,0.0,0.0,0.0,2.0,0.0,2.0,2.0,2025-03-15 17:30:46,2025-12-28 14:27:42
2941.0,fitmattersguide.com,false,0.0,0.0,0.0,0.0,0.0,1.0,1.0,0.0,1.0,2026-04-19 15:46:19,
2942.0,voguecluster.com,false,0.0,0.0,0.0,0.0,0.0,1.0,0.0,1.0,1.0,2024-09-13 23:59:05,2025-07-28 13:58:27
2943.0,cellswift.com,false,0.0,28.0,36.0,0.0,0.0,1.0,0.0,0.0,0.0,2024-09-30 15:50:50,
2944.0,flyerone.org,false,0.0,0.0,0.0,0.0,0.0,1.0,1.0,0.0,1.0,2026-01-21 18:42:27,
2945.0,promomarkets.store,false,0.0,0.0,0.0,0.0,0.0,4.0,4.0,4.0,4.0,2025-09-05 05:46:24,2025-10-18 03:48:57
2946.0,calculate.digital,false,0.0,2.0,0.0,0.0,0.0,1.0,0.0,1.0,1.0,2024-04-05 09:10:39,2025-08-19 08:21:28
2947.0,re9on.com,false,0.0,0.0,0.0,0.0,0.0,1.0,1.0,1.0,1.0,2025-09-29 00:02:48,2026-05-21 02:36:18
2948.0,megadealss.store,false,0.0,0.0,0.0,0.0,0.0,2.0,2.0,2.0,2.0,2025-08-01 12:54:30,2025-09-15 19:26:08
2949.0,waterbased.net,true,0.0,29.0,698.0,0.0,0.0,1.0,0.0,1.0,1.0,2025-03-19 21:21:03,2025-12-04 11:09:18
2950.0,hyger.in,false,0.0,0.0,0.0,0.0,0.0,1.0,0.0,1.0,1.0,2025-01-25 21:00:26,2026-01-26 08:43:51
2951.0,industrynews.info,false,0.0,0.0,0.0,0.0,0.0,1.0,0.0,1.0,1.0,2024-08-31 13:46:00,2025-08-25 13:40:14
2952.0,tradebe.cat,false,0.0,0.0,0.0,0.0,0.0,4.0,0.0,4.0,0.0,2024-10-02 23:00:10,2025-07-01 03:51:30
2953.0,rexezsolutions.com,false,0.0,0.0,0.0,0.0,0.0,1.0,0.0,1.0,1.0,2024-03-16 08:22:53,2025-07-29 13:31:02
2954.0,piaopiaomao.com,false,0.0,0.0,0.0,0.0,0.0,2.0,0.0,2.0,2.0,2025-04-08 09:16:07,2026-03-05 10:53:18
2955.0,naturaeclectica.com,false,0.0,0.0,0.0,0.0,0.0,2.0,0.0,2.0,2.0,2024-12-23 16:15:48,2025-07-11 10:16:43
2956.0,dykeart.blog,false,0.0,0.0,0.0,0.0,0.0,1.0,0.0,0.0,0.0,2025-04-12 04:52:11,
2957.0,angelforce.kz,false,0.0,0.0,0.0,0.0,0.0,1.0,0.0,1.0,1.0,2025-05-18 08:56:39,2025-07-16 15:21:50
2958.0,mediadownloader.net,false,0.0,0.0,0.0,0.0,0.0,1.0,0.0,1.0,1.0,2024-01-19 15:57:35,2025-05-31 18:40:05
2959.0,dsjkghfui.com,false,0.0,0.0,0.0,0.0,0.0,1.0,1.0,0.0,1.0,2025-09-29 16:56:24,
2960.0,civysmupipbm.shop,false,0.0,0.0,0.0,0.0,0.0,3.0,0.0,3.0,0.0,2024-02-06 06:10:58,2025-06-26 16:47:24
2961.0,nccsspringterm.com,false,0.0,0.0,0.0,0.0,0.0,7.0,0.0,7.0,7.0,2023-09-21 13:33:27,2025-09-13 10:01:30
2962.0,holidayrep.com,false,0.0,0.0,0.0,0.0,0.0,1.0,1.0,1.0,0.0,2025-08-04 07:29:13,2025-12-19 19:31:57
2963.0,locationsanilux.ca,false,0.0,0.0,0.0,0.0,0.0,1.0,1.0,1.0,1.0,2025-10-03 04:39:06,2025-12-11 08:55:18
2964.0,rivergarden.com.pk,false,0.0,0.0,0.0,0.0,0.0,1.0,0.0,1.0,1.0,2025-05-22 20:25:28,2026-01-18 17:20:27
2965.0,skygatedigital.com,false,0.0,0.0,0.0,0.0,0.0,1.0,0.0,1.0,1.0,2023-07-22 09:27:34,2025-06-22 08:40:48
2966.0,openwing.ai,false,0.0,12.0,1327.0,0.0,0.0,3.0,0.0,0.0,3.0,2024-12-11 19:03:12,
2967.0,3dlook.in,false,0.0,0.0,0.0,0.0,0.0,1.0,1.0,1.0,1.0,2025-09-20 00:47:27,2025-12-26 15:38:32
2968.0,keepmeupdate.com,false,0.0,0.0,0.0,0.0,0.0,1.0,0.0,0.0,1.0,2025-03-18 02:46:00,
2969.0,ibet168mm.site,false,0.0,0.0,0.0,0.0,0.0,1.0,1.0,1.0,1.0,2025-06-25 20:11:09,2026-02-03 15:25:29
2970.0,komitsu-creative.online,false,0.0,0.0,0.0,0.0,0.0,1.0,0.0,1.0,1.0,2025-01-07 10:39:01,2025-09-01 04:20:57
2971.0,mrblogify.com,false,0.0,27.0,8.0,0.0,0.0,2.0,0.0,2.0,2.0,2024-08-04 07:50:29,2026-01-09 18:20:37
2972.0,ucodesofttech.com,false,0.0,0.0,0.0,0.0,0.0,3.0,3.0,3.0,3.0,2025-07-17 10:29:13,2025-08-17 20:53:02
2973.0,gylox.tech,false,0.0,26.0,7818.0,0.0,0.0,1.0,0.0,1.0,1.0,2025-05-09 20:37:02,2026-02-27 16:53:42
2974.0,lfezy.com,false,0.0,0.0,0.0,0.0,0.0,4.0,4.0,0.0,4.0,2025-11-05 18:25:58,
2975.0,aiproductphoto.pl,false,0.0,0.0,0.0,0.0,0.0,2.0,1.0,0.0,2.0,2025-04-11 12:36:27,
2976.0,fwstg.com,false,0.0,0.0,0.0,0.0,0.0,1.0,1.0,1.0,1.0,2025-05-29 16:39:29,2026-03-09 18:35:58
2977.0,caimpare.ai,true,0.0,6.0,12500.0,0.0,0.0,2.0,2.0,0.0,2.0,2025-10-20 00:04:10,
2978.0,marceldotcom.com,false,0.0,0.0,0.0,0.0,0.0,2.0,0.0,2.0,2.0,2025-01-04 11:19:04,2026-02-09 14:40:37
2979.0,novusinnovation.com,false,0.0,24.0,0.0,0.0,0.0,2.0,0.0,2.0,2.0,2024-07-18 13:49:02,2025-08-10 01:30:05
2980.0,healify.info,false,0.0,0.0,0.0,0.0,0.0,4.0,4.0,0.0,0.0,2025-12-23 01:58:56,
2981.0,passivedrop.com,false,0.0,0.0,0.0,0.0,0.0,1.0,1.0,0.0,1.0,2025-07-08 05:38:13,
2982.0,gethealthy.pro,false,0.0,0.0,0.0,0.0,0.0,1.0,0.0,0.0,0.0,2025-05-02 21:13:57,
2983.0,synergyweightlossclinic.com,false,0.0,0.0,0.0,0.0,0.0,1.0,1.0,0.0,1.0,2025-08-21 01:48:52,
2984.0,kusumrajpvtiti.in,true,0.0,0.0,0.0,0.0,0.0,1.0,1.0,1.0,1.0,2025-09-13 17:03:22,2026-01-23 21:35:32
2985.0,bprubber2564.com,false,0.0,0.0,0.0,0.0,0.0,1.0,1.0,1.0,1.0,2025-07-27 14:34:49,2025-10-07 06:06:25
2986.0,mygraphicsstore.com,false,0.0,0.0,0.0,0.0,0.0,1.0,0.0,1.0,1.0,2025-03-17 17:57:36,2026-02-25 16:37:37
2987.0,voodoospiritualhealer.com,false,0.0,26.0,4586.0,0.0,0.0,1.0,1.0,1.0,1.0,2025-08-22 08:08:30,2026-03-27 02:52:27
2988.0,metastack.cc,false,0.0,2.0,615.0,0.0,0.0,2.0,0.0,0.0,2.0,2024-02-28 01:45:45,
2989.0,xmxyzl.com,false,0.0,0.0,0.0,0.0,0.0,3.0,1.0,3.0,3.0,2023-10-24 19:52:21,2025-11-25 19:18:10
2990.0,thelascaux.com,false,0.0,0.0,0.0,0.0,1.0,1.0,0.0,0.0,1.0,2024-02-08 06:28:25,
2991.0,pouraaly.com,false,0.0,0.0,0.0,0.0,0.0,1.0,1.0,1.0,1.0,2025-07-29 14:47:14,2025-09-20 02:12:45
2992.0,igetpeoplefit.com,false,0.0,0.0,0.0,0.0,0.0,1.0,1.0,0.0,1.0,2025-11-27 21:25:38,
2993.0,bakerpropertiesltd.co.uk,false,0.0,0.0,0.0,0.0,0.0,1.0,0.0,1.0,1.0,2025-05-17 14:53:50,2026-04-24 12:41:10
2994.0,trustblurbs.org,false,0.0,0.0,0.0,0.0,0.0,1.0,0.0,1.0,1.0,2025-04-23 20:33:34,2026-01-19 05:46:46
2995.0,drukarnia.blog,false,0.0,0.0,0.0,0.0,0.0,2.0,2.0,0.0,0.0,2026-01-28 05:10:01,
2996.0,ua-talks.com,false,0.0,0.0,0.0,0.0,0.0,1.0,0.0,0.0,0.0,2023-07-21 20:19:55,
2997.0,buildtrendbykj.com,false,0.0,0.0,0.0,0.0,0.0,1.0,1.0,1.0,1.0,2025-09-28 20:25:40,2025-10-13 16:44:05
2998.0,loadstoneconsulting.com,false,0.0,0.0,0.0,0.0,0.0,1.0,1.0,0.0,1.0,2026-04-04 15:49:50,
2999.0,drhugocedron.com,false,0.0,0.0,0.0,0.0,0.0,1.0,1.0,1.0,1.0,2025-06-12 06:00:32,2026-02-09 10:27:30
3000.0,globeza.site,false,0.0,0.0,0.0,0.0,0.0,1.0,1.0,0.0,1.0,2026-01-01 23:00:37,
3001.0,timelessthrifttrends.com,false,0.0,0.0,0.0,0.0,0.0,1.0,0.0,1.0,0.0,2025-02-20 12:17:11,2026-02-09 16:47:46
3002.0,c38s.com,false,0.0,0.0,0.0,0.0,0.0,2.0,2.0,1.0,0.0,2025-06-11 03:21:41,
3003.0,cavosec.ai,false,0.0,0.0,0.0,0.0,0.0,3.0,3.0,3.0,3.0,2025-12-28 01:42:19,2026-04-17 23:25:15
3004.0,fitcoachdom.com,false,0.0,0.0,0.0,0.0,0.0,2.0,2.0,0.0,2.0,2025-11-03 09:53:40,
3005.0,lukechristou.com,false,0.0,0.0,0.0,0.0,0.0,18.0,18.0,0.0,18.0,2025-12-02 01:06:16,
3006.0,alexlabarces.com,false,0.0,29.0,746.0,0.0,0.0,2.0,2.0,0.0,2.0,2025-07-28 09:27:36,
3007.0,softwarelinkers.xyz,false,0.0,0.0,0.0,0.0,0.0,1.0,0.0,1.0,1.0,2024-08-30 05:50:15,2025-06-12 02:57:09
3008.0,rspn.rw,false,0.0,0.0,0.0,0.0,0.0,1.0,1.0,1.0,1.0,2025-07-30 17:36:08,2026-01-12 02:37:49
3009.0,techsyngys.com,false,0.0,0.0,0.0,0.0,0.0,1.0,0.0,1.0,1.0,2025-03-04 17:47:42,2026-02-01 14:15:58
3010.0,toemalta.com.br,false,0.0,0.0,0.0,0.0,1.0,1.0,1.0,0.0,1.0,2026-03-22 02:40:47,
3011.0,stylishbelts.com,false,0.0,23.0,1685.0,0.0,0.0,1.0,1.0,0.0,1.0,2025-11-04 16:03:26,
3012.0,roicosmo.biz,false,0.0,0.0,0.0,0.0,0.0,1.0,0.0,1.0,1.0,2025-03-14 06:30:38,2025-10-01 18:15:39
3013.0,anpip.co,false,0.0,0.0,0.0,0.0,0.0,1.0,0.0,1.0,0.0,2024-05-01 20:38:48,2026-05-08 06:43:03
3014.0,aitalentlist.com,false,0.0,0.0,0.0,0.0,0.0,9.0,9.0,0.0,9.0,2026-02-05 09:08:54,
3015.0,globaltrends.site,true,0.0,9.0,3.0,0.0,0.0,1.0,0.0,1.0,0.0,2025-02-21 09:04:00,2025-12-13 18:08:37
3016.0,sscguide.com,false,0.0,0.0,0.0,0.0,0.0,1.0,1.0,0.0,0.0,2026-05-15 05:36:05,
3017.0,zurzai.com,false,0.0,0.0,0.0,0.0,0.0,1.0,0.0,1.0,1.0,2025-04-07 11:04:04,2025-12-14 02:58:14
3018.0,yugalglobal.com,false,0.0,0.0,0.0,0.0,0.0,2.0,0.0,0.0,0.0,2025-01-05 02:01:58,
3019.0,fashionme.io,false,0.0,0.0,0.0,0.0,0.0,2.0,2.0,0.0,2.0,2026-05-15 21:08:37,
3020.0,24hourlocksmithportland.com,false,0.0,0.0,0.0,0.0,0.0,1.0,1.0,1.0,1.0,2025-09-28 00:27:17,2026-04-19 04:27:35
3021.0,modegenie.fr,false,0.0,0.0,0.0,0.0,0.0,1.0,1.0,0.0,1.0,2026-04-29 10:34:29,
3022.0,blogingexpress.com,false,0.0,23.0,10576.0,0.0,0.0,1.0,1.0,0.0,1.0,2026-05-22 00:53:59,
3023.0,warp-driven.com.cn,false,0.0,0.0,0.0,0.0,0.0,15.0,15.0,0.0,0.0,2025-12-19 20:04:20,
3024.0,tiavialva.com,false,0.0,0.0,0.0,0.0,0.0,1.0,1.0,0.0,1.0,2026-04-28 01:35:43,
3025.0,fluxsofts.com,false,0.0,0.0,0.0,0.0,0.0,1.0,1.0,1.0,0.0,2025-08-30 16:45:18,2026-01-13 13:52:02
3026.0,codeoflearning.com,false,0.0,0.0,0.0,0.0,0.0,1.0,1.0,0.0,0.0,2026-01-06 23:35:00,
3027.0,twoeagles-eg.com,false,0.0,0.0,0.0,0.0,0.0,1.0,1.0,1.0,1.0,2025-10-02 10:08:19,2026-01-09 09:57:08
3028.0,namraf.com,false,0.0,28.0,2161.0,0.0,0.0,2.0,0.0,2.0,2.0,2025-04-19 20:25:56,2025-10-04 21:36:09
3029.0,dnhtjf.com,false,0.0,0.0,0.0,0.0,0.0,1.0,1.0,1.0,1.0,2025-10-07 12:06:30,2025-11-20 01:53:13
3030.0,ornewyork.com,false,0.0,0.0,0.0,0.0,0.0,1.0,0.0,1.0,1.0,2024-02-04 12:31:23,2026-05-18 00:15:04
3031.0,68.183.3.128,false,0.0,0.0,0.0,0.0,0.0,1.0,0.0,1.0,1.0,2025-05-19 02:08:45,2026-01-06 10:53:05
3032.0,exploreusresearch.com,false,0.0,0.0,0.0,0.0,0.0,1.0,0.0,1.0,1.0,2024-02-17 23:09:15,2025-07-12 18:57:46
3033.0,appgstore.fun,false,0.0,0.0,0.0,0.0,0.0,1.0,0.0,0.0,0.0,2025-02-23 15:51:59,
3034.0,tanghaoit.com,false,0.0,0.0,0.0,0.0,0.0,3.0,3.0,0.0,3.0,2025-10-23 03:29:52,
3035.0,myjobkarta.com,false,0.0,0.0,0.0,0.0,0.0,1.0,0.0,1.0,1.0,2024-09-11 19:31:17,2025-06-07 16:35:26
3036.0,mlhejjim.top,false,0.0,0.0,0.0,0.0,0.0,1.0,0.0,1.0,0.0,2025-01-24 19:54:30,2025-12-03 07:45:21
3037.0,egnets.com,false,0.0,0.0,0.0,0.0,0.0,1.0,0.0,1.0,1.0,2024-05-25 13:51:20,2025-08-20 03:51:53
3038.0,jkuerjxi.top,false,0.0,0.0,0.0,0.0,0.0,2.0,2.0,0.0,2.0,2026-04-10 09:08:40,
3039.0,shopifyforsmallbrands.com,false,0.0,0.0,0.0,0.0,0.0,1.0,1.0,0.0,1.0,2026-03-26 03:42:45,
3040.0,localspadeals.com,false,0.0,0.0,0.0,0.0,0.0,1.0,1.0,1.0,1.0,2025-07-16 20:10:36,2026-04-04 14:15:44
3041.0,mytechnologyoutlet.com,false,0.0,0.0,0.0,0.0,0.0,2.0,2.0,1.0,2.0,2026-01-08 19:26:07,
3042.0,lolaaesthetics.uk,false,0.0,0.0,0.0,0.0,0.0,1.0,0.0,1.0,1.0,2025-04-13 00:37:01,2025-08-11 16:20:16
3043.0,businessjournels.com,false,0.0,0.0,0.0,0.0,0.0,2.0,0.0,2.0,2.0,2023-11-04 16:35:19,2025-08-25 19:11:18
3044.0,tic-inspections.com,false,0.0,0.0,0.0,0.0,0.0,1.0,1.0,1.0,1.0,2025-06-15 15:10:59,2025-08-27 21:08:18
3045.0,kris-design.me,false,0.0,0.0,0.0,0.0,0.0,1.0,1.0,0.0,1.0,2026-02-15 01:35:04,
3046.0,emore-automation.com,false,0.0,0.0,0.0,0.0,0.0,1.0,0.0,1.0,1.0,2025-05-28 08:20:43,2026-02-13 05:04:16
3047.0,technewsdrip.com,false,0.0,0.0,0.0,0.0,0.0,1.0,0.0,0.0,1.0,2024-07-14 17:56:38,
3048.0,theorganicworld.com.pk,false,0.0,0.0,0.0,0.0,0.0,1.0,0.0,1.0,1.0,2025-04-20 09:34:00,2025-08-09 05:44:59
3049.0,asianframes.com,false,0.0,0.0,0.0,0.0,0.0,1.0,0.0,1.0,1.0,2025-05-21 18:35:25,2025-10-25 05:18:56
3050.0,upstartfashion.com,false,0.0,0.0,0.0,0.0,0.0,1.0,0.0,1.0,1.0,2024-07-08 05:57:17,2026-01-05 23:43:47
3051.0,news-hi.tech,false,0.0,0.0,0.0,0.0,0.0,1.0,0.0,1.0,1.0,2025-01-03 05:56:45,2025-08-26 18:11:35
3052.0,singularityimpact.com,false,0.0,0.0,0.0,0.0,0.0,1.0,0.0,1.0,1.0,2024-04-09 09:49:21,2025-06-22 09:59:51
3053.0,a1junkremovalofmcallen.com,true,0.0,0.0,0.0,0.0,0.0,1.0,0.0,1.0,1.0,2025-02-12 00:46:24,2026-01-02 20:24:02
3054.0,pranatha.com,false,0.0,0.0,0.0,0.0,0.0,6.0,0.0,0.0,6.0,2025-01-20 22:37:04,
3055.0,martav.shop,false,0.0,0.0,0.0,0.0,0.0,2.0,2.0,0.0,0.0,2026-05-12 00:57:26,
3056.0,nzenidigital.com,false,0.0,0.0,0.0,0.0,0.0,1.0,0.0,0.0,1.0,2024-05-27 04:26:10,
3057.0,glamvel.com,true,0.0,31.0,0.0,0.0,0.0,4.0,0.0,4.0,4.0,2025-04-07 10:16:07,2026-02-23 05:55:22
3058.0,fivestarinternationalevents.com,false,0.0,0.0,0.0,0.0,0.0,3.0,0.0,3.0,3.0,2024-12-17 13:47:32,2025-08-14 12:31:31
3059.0,chrisha.co,false,0.0,0.0,0.0,0.0,0.0,3.0,0.0,3.0,3.0,2024-09-26 05:05:42,2025-07-13 07:17:44
3060.0,g4ed.org,false,0.0,0.0,0.0,0.0,0.0,1.0,1.0,1.0,1.0,2025-06-03 03:55:25,2026-01-19 10:50:25
3061.0,techknowlogia.live,true,0.0,2.0,203.0,0.0,0.0,1.0,1.0,0.0,1.0,2026-02-13 06:55:48,
3062.0,getajobapplication.com,false,0.0,0.0,0.0,0.0,0.0,1.0,1.0,1.0,1.0,2025-08-02 05:48:22,2026-01-14 14:05:40
3063.0,nidgym.com,true,0.0,2.0,15.0,0.0,0.0,1.0,1.0,0.0,1.0,2025-08-16 19:56:24,
3064.0,technology-news.it,false,0.0,0.0,0.0,0.0,0.0,1.0,1.0,0.0,1.0,2026-05-05 17:14:15,
3065.0,trendsonfire.com,false,0.0,27.0,321.0,0.0,0.0,1.0,1.0,0.0,1.0,2026-05-24 19:58:12,
3066.0,acedemiastudio.com,false,0.0,0.0,0.0,0.0,0.0,1.0,0.0,1.0,1.0,2025-05-17 10:09:47,2026-01-20 06:54:11
3067.0,diyschemes.com,false,0.0,0.0,0.0,0.0,0.0,1.0,1.0,1.0,1.0,2025-08-27 16:58:31,2025-12-21 11:42:09
3068.0,saverzone.store,false,0.0,0.0,0.0,0.0,0.0,2.0,2.0,2.0,2.0,2025-08-30 10:26:47,2026-03-28 16:58:05
3069.0,fangearfinder.com,false,0.0,0.0,0.0,0.0,0.0,1.0,1.0,0.0,1.0,2026-04-01 09:31:55,
3070.0,shonex.icu,false,0.0,0.0,0.0,0.0,0.0,8.0,8.0,1.0,8.0,2026-02-04 04:33:34,
3071.0,besttechstartup.com,false,0.0,0.0,0.0,0.0,0.0,1.0,0.0,1.0,1.0,2025-03-01 05:11:37,2025-12-29 02:50:47
3072.0,rawblissfruitarian.com,false,0.0,0.0,0.0,0.0,0.0,1.0,0.0,1.0,0.0,2025-02-20 16:32:45,2025-07-23 07:11:56
3073.0,fashionsbackstage.com,false,0.0,0.0,0.0,0.0,0.0,1.0,0.0,1.0,0.0,2024-02-19 15:22:25,2025-05-31 10:41:26
