class,domain,dr,domain_traffic,dofollow,first_seen,ahrefs_spam_flag,sample_url_from,url_to,anchor
directory,apple.com,97.0,745852224,False,2026-09-13,False,https://apps.apple.com/kr/app/uniform-pro/id1563033836,https://3dlook.ai/privacy-policy/,개발자의 개인정보 처리방침
directory,cnet.com,91.0,8403995,False,2024-07-01,False,https://download.cnet.com/3dlook-3d-model-of-your-body-outfit-and-masks/3000-31711_4-77430986.html,https://3dlook.ai/,3DLook
directory,crunchbase.com,91.0,4015109,False,2018-10-06,False,https://www.crunchbase.com/organization/3dlook,https://3dlook.ai/,3dlook.ai
directory,appbrain.com,76.0,3060973,False,2026-06-01,False,https://www.appbrain.com/app/uniform-pro/com.tdlook.uniform_app,https://3dlook.ai/,Website
directory,webcatalog.io,58.0,1359562,False,2025-04-15,False,https://webcatalog.io/zh-TW/apps/3dlook,https://3dlook.ai/,3dlook.ai
directory,brandfetch.com,73.0,1284190,True,2026-08-21,True,https://brandfetch.com/3dlook.ai,https://3dlook.ai/,3dlook.ai
directory,bebee.com,68.0,1170791,False,2026-08-26,False,https://bebee.com/us/companies/3dlook,https://3dlook.ai/,3dlook.ai
directory,g2.com,91.0,1064035,False,2024-09-07,False,https://www.g2.com/sellers/3dlook,https://3dlook.ai/,3dlook.ai
directory,builtin.com,86.0,886253,True,2025-07-10,False,https://builtin.com/company/3dlook,https://3dlook.ai/,View Website
directory,uitm.edu.my,74.0,757416,True,2025-07-11,False,https://ir.uitm.edu.my/id/eprint/113223/1/113223.pdf,https://3dlook.ai/content-hub/the-potential-of-ai-in-telehealth/,3DL00K. https://3dlook.ai/content-hub/the-potential-of-ai-in-telehealth/
directory,f6s.com,83.0,490313,False,2023-02-27,False,https://www.f6s.com/member/alexarapov,https://3dlook.ai/,3dlook.me
directory,nbclosangeles.com,82.0,312980,True,2023-04-23,False,https://www.nbclosangeles.com/news/business/money-report/fashionphile-founder-and-cco-explains-why-that-ludicrously-capacious-bag-from-succession-had-a-310-spike-in-online-searches/3140252/,https://3dlook.ai/,3DLOOK
directory,leadiq.com,71.0,188327,False,2024-08-14,False,https://leadiq.com/c/3dlook/5a1dac372300005300a1694f,https://3dlook.ai/,3dlook.ai
directory,trustradius.com,85.0,89822,True,2021-08-31,False,https://www.trustradius.com/products/3dlook-yourfit/pricing,https://3dlook.ai/,visit the product's homepage
directory,sitelike.org,63.0,64129,False,2020-11-18,False,https://www.sitelike.org/similar/presize.ai/,https://3dlook.ai/,3dlook.me
directory,softwareworld.co,73.0,63926,False,2025-03-05,False,https://www.softwareworld.co/fashion-design-software/,https://3dlook.ai/,Visit Website
directory,craft.co,72.0,59444,False,2019-08-17,False,https://craft.co/3dlook/executives,https://3dlook.ai/about_3dlook,3dlook.me
directory,builtinsf.com,65.0,58490,True,2025-06-12,False,https://www.builtinsf.com/company/3dlook,https://3dlook.ai/,View Website
directory,tno.nl,84.0,48987,True,2021-11-17,False,https://publications.tno.nl/publication/34634911/cN1nvd/TNO-2019-P11074.pdf,https://3dlook.ai/,https://3dlook.me/
directory,thecompanycheck.com,55.0,48465,False,2026-08-20,False,https://www.thecompanycheck.com/company/b/3dlook/vg0uyu6hzr04phpwr,https://3dlook.ai/,Visit 3DLOOK website
directory,fashionunited.com,76.0,44128,True,2024-04-20,False,https://fashionunited.com/companies/3dlook,https://3dlook.ai/,3dlook.ai
directory,startupintros.com,29.0,36789,True,2026-04-01,False,https://startupintros.com/orgs/3dlook,https://3dlook.ai/technology/,3dlook.ai/technology
directory,owler.com,73.0,33867,False,2023-08-08,False,https://www.owler.com/reports/3dlook/3dlook-blog-sustainable-fashion-trends-to-watch-in/1684457528357,https://3dlook.ai/content-hub/sustainable-fashion-trends/,3DLOOK Blog Sustainable Fashion Trends to Watch in 2023 and Beyond: Ideas for Apparel Retailers
directory,openvc.app,65.0,28319,False,2022-05-11,False,https://www.openvc.app/fund/Flyer%20One%20Ventures,https://3dlook.ai/,3dlook.me
directory,wiza.co,71.0,28147,True,2025-04-22,True,https://wiza.co/d/3dlook/8ee1/kate-gilbert,https://3dlook.ai/,3dlook.ai
directory,ktu.edu,75.0,28144,True,2025-02-20,False,https://epubl.ktu.edu/object/elaba:217186858/217186858.pdf,https://3dlook.ai/,https://3dlook.ai/
directory,highperformr.ai,56.0,26887,True,2025-07-01,False,https://www.highperformr.ai/company/3dlook,https://3dlook.ai/,https://3dlook.ai
directory,vcsheet.com,37.0,20956,True,2026-04-13,False,https://www.vcsheet.com/fund/flyer-one-ventures,https://3dlook.ai/,3dlook.ai
directory,inventure.com.ua,60.0,20863,False,2025-03-11,False,https://inventure.com.ua/uk/tools/investors/almaz-capital,https://3dlook.ai/,3DLOOK
directory,caplight.com,42.0,20532,True,2026-06-15,False,https://www.caplight.com/company/3dlook,https://3dlook.ai/,https://3dlook.ai/
directory,apis.io,51.0,15346,True,2026-08-01,False,https://apis.io/providers/3d-look/,https://3dlook.ai/contact-us/,Support Support
directory,seedtable.com,65.0,14790,False,2026-06-22,False,https://seedtable.com/companies/3dlook,https://3dlook.ai/content-hub/body-measurement-software/,Body measurement software: who benefits and how
directory,altss.com,31.0,13331,True,2026-06-04,False,https://altss.com/profile/network-vc,https://3dlook.ai/,3dlook (Series A6) logo 3dlook (Series A6)We enable the fashion and uniform industries to provide innovative and personalized shopping experiences bas
directory,universityoffashion.com,48.0,9863,True,2019-11-05,False,https://www.universityoffashion.com/blog/tag/body-scanners/,https://3dlook.ai/,https://3dlook.me/
directory,findalternatives.net,0.5,6597,False,2026-06-05,False,https://findalternatives.net/categories/virtual-fitting,https://3dlook.ai/,Visit 3DLOOK
directory,theventurecodex.com,17.0,6551,True,2026-09-20,False,https://theventurecodex.com/companies/3dlook,https://3dlook.ai/,
directory,partnerbase.com,48.0,5780,False,2026-06-27,False,https://www.partnerbase.com/sophelle/yourfit,https://3dlook.ai/yourfit/,Source Link
directory,gritt.io,34.0,4992,True,2026-08-02,True,https://www.gritt.io/company/3dlook/,https://3dlook.ai/,🌐 3dlook.me
directory,parse.gl,43.0,4988,False,2026-03-17,False,https://parse.gl/brands/3dlook-ai,https://3dlook.ai/,3dlook.ai
directory,ticker.app,38.0,4831,False,2026-04-29,False,https://www.ticker.app/lse/TMT/rns/2021-08-18/half-year-report/9615I,https://3dlook.ai/,www.3dlook.me
directory,f4.fund,23.0,3784,True,2026-04-12,True,https://f4.fund/startups/3dlook-me,https://3dlook.ai/,Visit 3dlook.me ↗
directory,happenstance.ai,51.0,3531,True,2026-05-19,False,https://happenstance.ai/u/vadim-rogovskiy,https://3dlook.ai/about-us/,Favicon image 3dlook.ai
directory,responsify.com,56.0,3394,False,2026-09-11,False,https://www.responsify.com/profile/3dlook-me,https://3dlook.ai/,3dlook.me
directory,majinoukari.com,51.0,3150,True,2024-10-29,False,https://majinoukari.com/2024s-recommended-sites/,https://3dlook.ai/,3dlook.ai
directory,evalyze.ai,29.0,2980,True,2026-09-10,False,https://www.evalyze.ai/investors/pasha-bogdanov,https://3dlook.ai/,
directory,technopolis-group.com,65.0,2567,True,2025-03-24,False,https://technopolis-group.com/wp-content/uploads/2022/05/KK0122068ENN.en_.pdf,https://3dlook.ai/technology/,"Technology. (2021, January 12). 3DLOOK. https://3dlook.me/technology/"
directory,vcnewsdaily.com,56.0,2411,True,2021-03-19,False,https://www.vcnewsdaily.com/3DLOOK/venture-funding.php,https://3dlook.ai/,https://3dlook.me/
directory,explinks.com,59.0,2089,True,2025-02-26,False,https://www.explinks.com/provider/uid20241121723525d9dc50,https://3dlook.ai/,访问官网
directory,massinvestordatabase.com,28.0,2040,True,2018-08-08,False,https://massinvestordatabase.com/publicfirm.php?name=Almaz+Capital,https://3dlook.ai/,web link
directory,ebool.com,51.0,1711,False,2025-05-09,False,https://www.ebool.com/alternatives/astrafit,https://3dlook.ai/,View Product
directory,yp.com,73.0,1513,False,2026-01-03,False,https://dk.yp.com/san-mateo-ca/computer-software-publishers-developers,https://3dlook.ai/,Icon - external link Visit Website
directory,cryptonewsnavigator.com,37.0,1476,False,2026-03-08,False,https://www.cryptonewsnavigator.com/companies/3play-media,https://3dlook.ai/,Visit
directory,aventure.vc,25.0,1219,False,2026-03-25,False,https://aventure.vc/people/alex-arapov,https://3dlook.ai/,Website
directory,trendingaitools.com,21.0,1213,True,2025-12-26,True,https://www.trendingaitools.com/ai-tools/3dlook/,https://3dlook.ai/,
directory,airframe.ai,11.0,1122,True,2026-05-12,False,https://www.airframe.ai/product/3dlook-ai/co-diligence,https://3dlook.ai/,3DLOOK screenshot
directory,parsers.vc,34.0,1097,False,2021-12-26,False,https://parsers.vc/fund/almazcapital.com/,https://3dlook.ai/,3dlook.me
directory,mentibus.xyz,20.0,1046,True,2025-09-18,True,https://www.mentibus.xyz/companies/3dlook,https://3dlook.ai/,
directory,tryfundable.ai,16.0,763,True,2026-06-21,False,https://www.tryfundable.ai/company/3dlook,https://3dlook.ai/,3dlook.me
directory,annuaire-startups.pro,15.0,760,True,2026-05-31,False,https://www.annuaire-startups.pro/3dlook/,https://3dlook.ai/,Site Internet
directory,on-forge.com,74.0,703,True,2025-12-03,False,https://blurbs-stream-test.on-forge.com/v/3dlook.ai,https://3dlook.ai/,
directory,optimly.ai,20.0,695,True,2026-04-13,True,https://optimly.ai/brand/3dlook,https://3dlook.ai/,https://3dlook.ai/
directory,qsbsexpert.com,35.0,630,False,2021-05-30,False,https://www.qsbsexpert.com/directory-company_dir/companydir/3dlook/,https://3dlook.ai/,https://www.3dlook.me
directory,fwdays.com,52.0,611,False,2026-06-25,False,http://fwdays.com/en/event/data-science-fwdays-2021,https://3dlook.ai/,
directory,caplink.capital,0.0,524,False,2026-07-25,False,https://caplink.capital/investor-database/zubr-capital,https://3dlook.ai/,3DLOOK Inc.
directory,joincolab.io,42.0,511,True,2023-11-02,False,https://www.joincolab.io/product/virtual-fitwear,https://3dlook.ai/,42%
directory,usf.com.ua,57.0,472,True,2024-02-23,False,https://usf.com.ua/ume-up-startup-experience24/,https://3dlook.ai/,3DLOOK
directory,inknowvation.com,30.0,434,True,2025-04-26,False,https://modal.linkedin.inknowvation.com/sbir/companies/3dlook-inc,https://3dlook.ai/,www.3dlook.me
directory,startupjedi.vc,34.0,410,True,2021-03-24,False,https://startupjedi.vc/ru/content/ukrainskiy-startap-na-mezhdunarodnom-rynke-3dlook-privlek-65-mln,https://3dlook.ai/,3DLOOK
directory,appsrankings.com,28.0,334,False,2023-03-11,False,https://appsrankings.com/shopify/saia-perfect-fit-2,https://3dlook.ai/,https://3dlook.me
directory,ai-ecosystem.org,19.0,332,True,2025-09-04,False,https://mindmaps.ai-ecosystem.org/profile-view/firm/20487/,https://3dlook.ai/,https://3dlook.me
directory,ctmedweightloss.com,5.0,296,False,2025-11-27,False,https://ctmedweightloss.com/category/personalized-weight-loss-plans/,https://3dlook.ai/content-hub/weight-loss-industry-overview,accessible and effective management solutions
directory,lazyweb.com,38.0,276,True,2026-07-10,False,https://www.lazyweb.com/company/3d-look,https://3dlook.ai/,https://3dlook.ai/
directory,startup.network,44.0,253,True,2021-08-24,False,https://startup.network/programs/439162.html,https://3dlook.ai/,https://3dlook.me/
directory,giant.health,48.0,241,True,2019-06-21,False,https://www.giant.health/attendees,https://3dlook.ai/,Sponsor 32
directory,fashionangelwarrior.com,26.0,210,True,2019-06-19,False,https://fashionangelwarrior.com/resources/free-resources/,https://3dlook.ai/,3D Look
directory,champsignal.com,23.0,205,False,2025-09-20,False,https://champsignal.com/competitors/stylemind.in,https://3dlook.ai/,3DLOOK
directory,partnershare.cn,51.0,159,True,2023-05-15,False,https://www.partnershare.cn/product/3dlook/details,https://3dlook.ai/,3DLOOK
directory,sendscale.com,18.0,152,True,2026-04-14,False,https://www.sendscale.com/company-profile/3dlook-69a67c0de51b768f0176af95,https://3dlook.ai/,3dlook.ai
directory,acquirezy.com,9.0,143,False,2026-08-30,False,https://acquirezy.com/organization/3dlook-1846437,https://3dlook.ai/,Website
directory,akta.pro,18.0,134,False,2026-09-30,False,https://akta.pro/company-profiles/0002viz/3dlook,https://3dlook.ai/content-hub/breast-cancer-related-lymphedema-explained-3d-body-scanning-can-transform-early-detection-monitoring-care-management/,3dlook.ai
directory,solevant.com,7.0,116,True,2026-05-28,False,https://solevant.com/software/yourfit,https://3dlook.ai/yourfit/,Visit Website
directory,buycompanyname.com,20.0,115,True,2020-07-30,False,https://www.buycompanyname.com/startup-naming-trends/,https://3dlook.ai/,3dlook.me
directory,aicatalog.com.ua,24.0,115,True,2026-07-12,False,https://aicatalog.com.ua/tool/3dlook,https://3dlook.ai/,Перейти на 3DLOOK ↗
directory,fundingtrip.com,10.0,108,True,2022-05-26,False,https://fundingtrip.com/f/almaz-capital,https://3dlook.ai/,3DLook.AI
directory,appareltextilesourcing.com,39.0,90,True,2023-07-10,False,https://www.appareltextilesourcing.com/ru/%D0%B4%D0%B8%D0%BD%D0%B0%D0%BC%D0%B8%D0%BA%D0%B8/%D0%B2%D0%B0%D0%B4%D0%B8%D0%BC-%D1%80%D0%BE%D0%B3%D0%BE%D0%B2%D1%81%D0%BA%D0%B8%D0%B9/,https://3dlook.ai/,3DLOOK
directory,escuela-indecopi.edu.pe,29.0,64,True,2026-05-24,False,https://design.escuela-indecopi.edu.pe/en/bsc-fashion-design-smu-singapore-emily-chan.html,https://3dlook.ai/wp-content/uploads/2022/04/emily-chan_g.jpg,TOP 50 sustainable fashion influencers of 2022 3DLOOK
directory,e2.vc,32.0,60,True,2026-07-28,False,https://e2.vc/friends/3d-look,https://3dlook.ai/,visit website↗
directory,investinglists.com,1.0,57,True,2025-07-22,False,https://startupinvestments.investinglists.com/startupfunding/164860_3dlook_series-a,https://3dlook.ai/,Website
directory,unicornalert.io,0.9,53,True,2021-03-19,False,https://www.unicornalert.io/business/3dlook/,https://3dlook.ai/,https://3dlook.me/
directory,angelboss.com.br,8.0,53,True,2026-02-11,False,http://angelboss.com.br/en/2026/02/11/326339-uso-de-bioimpedancia-muda-forma-de-acompanhar-emagrecimento/,https://3dlook.ai/content-hub/glp-1-market/,análises de mercado
directory,investmentmap.com.ua,21.0,52,True,2024-02-15,False,https://investmentmap.com.ua/ukrainian-startups-investment-platform/,https://3dlook.ai/,https://3dlook.me/
directory,technofizi.net,36.0,46,False,2021-08-17,False,https://technofizi.net/sitelike/3dlook.me,https://3dlook.ai/,3dlook.me
directory,almazcapital.com,42.0,24,True,2021-12-08,False,https://jobs.almazcapital.com/companies/3dlook,https://3dlook.ai/,3dlook.me
directory,retrieve.tools,0.9,21,True,2025-05-05,False,https://retrieve.tools/t/3dlook-ai,https://3dlook.ai/,Product
directory,fridaylead.com,0.0,21,False,2026-09-10,False,https://fridaylead.com/company/3dlook,https://3dlook.ai/,3dlook.me
directory,iestpaltohuallaga.edu.pe,0.2,15,True,2026-05-24,False,https://catalog.en.iestpaltohuallaga.edu.pe/en/burlington-medical-catalog.html,https://3dlook.ai/wp-content/uploads/2021/06/sharing-1200x628_3-1.png,How Burlington Medical overcame manual measuring 3DLOOK
directory,fundediq.co,32.0,12,False,2026-08-15,False,https://fundediq.co/3dlook-3dlook-me-funding/,https://3dlook.ai/,www.3dlook.me
directory,saas-nation.com,12.0,11,True,2019-07-26,False,https://catalog.saas-nation.com/ru/3dlook,https://3dlook.ai/,3DLOOK
directory,mobbo.com,48.0,10,True,2026-10-03,False,https://mobbo.com/android/App/com.tdlook.uniform_app/21268410,https://3dlook.ai/,
directory,startupwho.com,0.0,8,True,2026-04-02,False,https://www.startupwho.com/startups,https://3dlook.ai/,3dlook.me
directory,metaversebusinessconference.com,11.0,8,True,2023-12-08,False,https://metaversebusinessconference.com/awards-2023/,https://3dlook.ai/,· 3D Look
directory,fundraisingfox.com,21.0,6,False,2026-07-21,False,https://fundraisingfox.com/companies/3dlook,https://3dlook.ai/,3Dlook website preview
directory,startup.inc,20.0,5,True,2020-11-16,False,https://startup.inc/,https://3dlook.ai/,View
directory,startupreporter.eu,30.0,5,True,2021-03-21,False,https://www.startupreporter.eu/3dlook/,https://3dlook.ai/,3DLOOK
directory,u.ventures,27.0,5,True,2025-02-06,False,https://u.ventures/company/3d-look/,https://3dlook.ai/,Website
directory,agenticcommerceindex.com,0.4,4,True,2026-04-09,False,https://agenticcommerceindex.com/entity/agent-driven-fit-guidance,https://3dlook.ai/,3DLOOK Official Website
directory,newyorktech.com,0.1,3,False,2026-08-22,False,https://newyorktech.com/companies,https://3dlook.ai/,3dlook.ai
directory,the-web-radar.com,2.9,2,False,2026-03-05,False,https://the-web-radar.com/companies/3dlook.ai,https://3dlook.ai/,Website →
directory,apexmasterexpos.com,11.0,1,True,2025-12-26,False,https://apexmasterexpos.com/fashion/exhibitor/,https://3dlook.ai/,3dlook.ai
directory,parentingvista.com,17.0,1,True,2025-08-15,False,https://parentingvista.com/link-directory/,https://3dlook.ai/,https://3dlook.ai
directory,globalrankdirectory.com,14.0,1,True,2025-12-13,False,https://globalrankdirectory.com/directory-website-list-1967/,https://3dlook.ai/,3dlook
directory,comparable-companies.com,0.4,0,True,2022-07-19,False,https://comparable-companies.com/company/dlook-competitors-similar-companies,https://3dlook.ai/,3dlook.me
directory,touristpoints.in,0.9,0,False,2024-10-14,False,https://www.touristpoints.in/domain-list-615,https://3dlook.ai/,3dlook.me
directory,generalknowledge.net.in,0.0,0,False,2025-09-01,False,https://www.generalknowledge.net.in/domain-list-583,https://3dlook.ai/,3dlook.me
directory,lukechristou.com,0.0,0,True,2025-12-02,False,https://lukechristou.com/portfolio-category/fashion-technology/,https://3dlook.ai/content-hub/artificial-intelligence-in-fashion/,Artificial intelligence in fashion: Reshaping the entire industry
directory,kris-design.me,0.0,0,True,2026-02-14,False,https://kris-design.me/3dlook-website,https://3dlook.ai/,Check It Out
directory,discountbook.in,0.0,0,False,2026-05-05,False,https://www.discountbook.in/domain-list-583,https://3dlook.ai/,3dlook.me
directory,mentibus.net,0.0,0,True,2026-05-09,False,https://www.mentibus.net/companies/3dlook,https://3dlook.ai/,
directory,fundraisejet.com,0.0,0,True,2026-08-01,False,https://fundraisejet.com/raise/500-global,https://3dlook.ai/,"3D LookEnterprise Software3DLOOK has developed advanced 3D body scanning technology, offering AI-first mobile body measuring and fit solutions to enha"
directory,newstore.in,0.0,0,False,2026-08-25,False,https://www.newstore.in/domain-list-615,https://3dlook.ai/,3dlook.me
directory,warmrank.com,0.0,0,False,2026-08-16,False,https://www.warmrank.com/company/3dlook,https://3dlook.ai/,3dlook.ai
directory,localdeal.in,0.2,0,False,2026-08-10,False,https://www.localdeal.in/domain-list-615,https://3dlook.ai/,3dlook.me
directory,dgsidq.cyou,0.0,0,False,2026-08-18,False,https://www.dgsidq.cyou/events/disrupt-sf-2018/startup-alley/,https://3dlook.ai/,3DLOOK:
directory,anju.co.in,0.0,0,False,2026-09-29,False,https://www.anju.co.in/domain-list-615,https://3dlook.ai/,3dlook.me
directory,cpl.co.in,0.0,0,False,2026-10-01,False,https://www.cpl.co.in/domain-list-615,https://3dlook.ai/,3dlook.me
directory,ficvision.com,0.0,0,True,2026-10-06,False,https://www.ficvision.com/rozblog/tag/motiflearnin,https://3dlook.ai/,logo.png
directory,saveuastartups.com,1.3,0,True,2022-04-19,False,https://saveuastartups.com/,https://3dlook.ai/,3dlook.me External Link Icon
directory,businesslistingportal.com,4.7,0,True,2025-12-15,False,https://businesslistingportal.com/directory-website-list-1967-marketing-pro-290/,https://3dlook.ai/,3dlook
directory,websitesreports.com,1.7,0,False,2025-04-07,False,https://www.websitesreports.com/domain-list-615,https://3dlook.ai/,3dlook.me
directory,writtn.com,2.5,0,True,2020-09-10,False,https://cast.writtn.com/episode/68745/shop-org-2018-innovation-lab,https://3dlook.ai/,3D Look
directory,micromarketinsights.com,1.6,0,True,2025-12-10,False,https://www.micromarketinsights.com/product/virtual-clothing-try-on-market/,https://3dlook.ai/,3DLOOK
directory,hansika.co.in,2.5,0,False,2019-12-23,False,https://www.hansika.co.in/domain-list-615,https://3dlook.ai/,3dlook.me
directory,eliterankdirectory.com,1.9,0,True,2025-12-15,False,https://eliterankdirectory.com/directory-website-list-345-authority-links-933/,https://3dlook.ai/,3dlook
directory,uswebdirectory.com,1.7,0,False,2025-12-10,False,https://www.uswebdirectory.com/domain-list-615,https://3dlook.ai/,3dlook.me
directory,sushila.co.in,4.0,0,False,2024-10-09,False,https://www.sushila.co.in/domain-list-615,https://3dlook.ai/,3dlook.me
directory,sapientshift.com,2.1,0,False,2026-07-19,False,https://sapientshift.com/use-case/b19a44bb-cfeb-4946-b669-8d775bf667f7,https://3dlook.ai/mobile-tailor/,Mobile Tailor: AI-Powered Body Measuring for Made-to-Measure & On-Demand
directory,nexttravel.in,1.1,0,False,2024-05-23,False,https://www.nexttravel.in/domain-list-177,https://3dlook.ai/,3dlook.me
directory,summary.co.in,2.5,0,False,2024-10-13,False,https://www.summary.co.in/domain-list-615,https://3dlook.ai/,3dlook.me
directory,gateonai.com,1.4,0,True,2026-05-08,False,https://www.gateonai.com/tools/3dlook,https://3dlook.ai/,Visit 3DLOOK
directory,new.net.in,4.9,0,False,2019-07-14,False,https://www.new.net.in/domain-list-615,https://3dlook.ai/,3dlook.me
directory,unbuilt.software,3.1,0,True,2026-08-22,False,https://unbuilt.software/topics/size-fit-memory,https://3dlook.ai/pricing,source page
directory,subdomainfinder.io,2.0,0,True,2026-01-08,False,https://subdomainfinder.io/scans/2026-01-08/3dlook.ai,https://3dlook.ai/,www.3dlook.ai
directory,seohubdirectory.com,5.0,0,True,2025-08-23,False,https://seohubdirectory.com/implementing-sustainable-packaging-as-a-marketing-tool-in-e-commerce/,https://3dlook.ai/,3dlook
directory,dfkcompany.com,9.0,0,False,2022-12-07,False,https://dfkcompany.com/3dlook/,https://3dlook.ai/,http://www.3dlook.me
directory,savetheweb.org,7.0,0,False,2025-04-05,False,https://www.savetheweb.org/domain-list-615,https://3dlook.ai/,3dlook.me
directory,pickmybot.com,9.0,0,False,2025-09-05,False,https://pickmybot.com/best-ai-tools/for-3d-scanning/,https://3dlook.ai/,Visit Website
directory,breldigital.com,7.0,0,True,2026-08-13,False,https://www.breldigital.com/founders/vadim-rogovskiy/,https://3dlook.ai/,Website
directory,smartdirectoryhub.com,12.0,0,True,2025-10-01,False,https://smartdirectoryhub.com/directory-website-list-1967/,https://3dlook.ai/,3dlook
directory,marketinghubdirectory.com,12.0,0,True,2025-09-04,False,https://marketinghubdirectory.com/most-visited-website-list-1967/,https://3dlook.ai/,3dlook
directory,linkboostdirectory.com,14.0,0,True,2025-08-27,False,https://linkboostdirectory.com/directory-website-list-1967/,https://3dlook.ai/,3dlook
directory,databoostdirectory.com,20.0,0,True,2025-09-29,False,https://databoostdirectory.com/directory-website-list-345/,https://3dlook.ai/,3dlook
directory,w3bdirectory.com,11.0,0,False,2025-05-09,False,https://www.w3bdirectory.com/domain-list-583,https://3dlook.ai/,3dlook.me
directory,highauthoritydirectory.com,15.0,0,True,2025-09-15,False,https://highauthoritydirectory.com/directory-website-list-1967/,https://3dlook.ai/,3dlook
directory,authorityprodirectory.com,13.0,0,True,2025-10-23,False,https://authorityprodirectory.com/directory-website-list-345/,https://3dlook.ai/,3dlook
directory,hackathon.expert,17.0,0,False,2019-11-15,False,https://www.hackathon.expert/computer-vision-hackathon-in-odessa-succeeded/,https://3dlook.ai/,3DLOOK
directory,dnsgurus.com,18.0,0,True,2026-08-11,False,https://dnsgurus.com/whois/3dlook.me,https://3dlook.ai/,Open
directory,worldseodirectory.com,14.0,0,True,2025-09-04,False,https://worldseodirectory.com/directory-website-list-1967/,https://3dlook.ai/,3dlook
directory,stanbase.tech,17.0,0,True,2026-05-06,False,https://stanbase.tech/organization/3dlook,https://3dlook.ai/,Website
directory,usaseodirectory.com,11.0,0,True,2025-10-03,False,https://usaseodirectory.com/directory-website-list-345-authority-links-933/,https://3dlook.ai/,3dlook
directory,list.show,14.0,0,False,2025-03-30,False,https://www.list.show/domain-list-291,https://3dlook.ai/,3dlook.ai
directory,searchstackdirectory.com,15.0,0,True,2026-01-25,False,https://searchstackdirectory.com/directory-website-list-1967/,https://3dlook.ai/,3dlook
directory,traffichubdirectory.com,12.0,0,True,2025-09-29,False,https://traffichubdirectory.com/directory-website-list-1967/,https://3dlook.ai/,3dlook
directory,softwareadviser.ai,26.0,0,False,2026-09-10,False,https://www.softwareadviser.ai/profile/yourfit,https://3dlook.ai/,Visit Website
directory,tomatpontypark.com,30.0,0,True,2025-08-15,False,https://tomatpontypark.com/editor-picks/,https://3dlook.ai/,https://3dlook.ai
directory,stackviv.ai,25.0,0,False,2025-12-26,False,https://stackviv.ai/ai-tools/3dlook,https://3dlook.ai/,Visit Website
directory,stackscope.dev,28.0,0,True,2026-08-25,False,https://stackscope.dev/tech/3dlook,https://3dlook.ai/,3DLOOK logo
directory,addurl.in,20.0,0,False,2026-04-23,False,https://www.addurl.in/domains/24279/fc001dfca688ee0502257f95efe73307/,https://3dlook.ai/,app3dlook.org
directory,region.co.in,21.0,0,False,2020-04-02,False,https://www.region.co.in/domain-list-615,https://3dlook.ai/,3dlook.me
directory,startup365.fr,31.0,0,True,2019-09-26,False,https://www.startup365.fr/usa-body-scanning-app-3dlook-raises-1-million-to-measure-your-corpus/,https://3dlook.ai/,3DLOOK
directory,mediazonedirectory.com,31.0,0,True,2025-11-29,False,https://mediazonedirectory.com/most-visited-website-list-345/,https://3dlook.ai/,3dlook
directory,ai-startups.pro,30.0,0,True,2025-07-25,False,https://www.ai-startups.pro/video/3dlook/,https://3dlook.ai/,https://www.3dlook.me
directory,oppalerts.com,32.0,0,False,2026-08-15,False,https://oppalerts.com/AI-Search-Visibility/home-exercise-equipment/content-queries-blogs-publishers-newsletters/,https://3dlook.ai/content-hub/connected-fitness-industry/,The Connected Fitness Industry: An Ultimate Guide for 2024
directory,conversationswithlauren.com,41.0,0,True,2025-05-21,False,https://conversationswithlauren.com/laurens-best-sites-2024/,https://3dlook.ai/,3dlook.ai
directory,freshmint.com,44.0,0,False,2026-08-21,False,https://www.freshmint.com/3dlook,https://3dlook.ai/,Screenshot of 3DLook website
directory,postsdirectory.com,49.0,0,True,2025-09-08,False,https://postsdirectory.com/most-visited-website-list-1967/,https://3dlook.ai/,3dlook
directory,worldzonedirectory.com,46.0,0,True,2025-09-30,False,https://worldzonedirectory.com/most-visited-website-list-1967/,https://3dlook.ai/,3dlook
directory,newdirectory.org,41.0,0,False,2025-06-10,False,https://www.newdirectory.org/domain-list-615,https://3dlook.ai/,3dlook.me
directory,smartwaydirectory.com,51.0,0,True,2025-10-02,False,https://smartwaydirectory.com/most-visited-website-list-1967/,https://3dlook.ai/,3dlook
directory,wayranks.com,54.0,0,True,2022-06-11,False,https://wayranks.com/website-list-561/,https://3dlook.ai/,3dlook
directory,socialzonedirectory.com,51.0,0,True,2025-09-27,False,https://socialzonedirectory.com/most-visited-website-list-1967/,https://3dlook.ai/,3dlook
directory,example3.com,75.0,0,False,2024-10-18,False,https://www.example3.com/domain/webtoffee.com,https://3dlook.ai/,
editorial,medium.com,94.0,24969070,False,2026-05-17,False,https://medium.com/@juliette_moreau_fashion/best-ai-outfit-planner-apps-reviewed-0a4fba1b4f89,https://3dlook.ai/yourfit,YourFit
editorial,forbes.com,94.0,13259325,False,2023-12-06,False,https://www.forbes.com/sites/claraludmir/2023/12/05/the-billion-dollar-return-nightmare-why-retailers-are-enabling-keep-it-policies/,https://3dlook.ai/,3DLOOK
editorial,shopify.com,96.0,10990806,False,2025-07-24,False,https://www.shopify.com/fr/blog/cabines-d-essayage-virtuelles,https://3dlook.ai/,3DLOOK
editorial,aol.com,91.0,10905203,False,2025-01-24,False,https://www.aol.com/succession-divides-fans-takedown-ludicrously-155227895.html,https://3dlook.ai/,3DLook
editorial,substack.com,94.0,9870936,True,2026-05-16,False,https://venturevault.substack.com/p/futureofecommerce,https://3dlook.ai/,3DLook
editorial,elle.com,90.0,7521152,True,2020-08-18,False,https://www.elle.com/uk/fashion/a33294989/made-to-order-fashion/,https://3dlook.ai/mobile-tailor/,Mobile Tailor
editorial,turkishairlines.com,83.0,6994464,True,2023-10-10,False,https://terminal.turkishairlines.com/gelecegin-dunyasi-genisletilmis-gerceklik-xr/,https://3dlook.ai/yourfit/,3dlook
editorial,dhl.com,91.0,6989655,True,2024-09-03,False,https://www.dhl.com/gb-en/ecommerce/uk/content-hub/blog/from-ai-to-voice-search.html,https://3dlook.ai/content-hub/sustainability-inclusivity-and-traceability-a-fashion-industry-fit-for-gen-z/,https://3dlook.me/content-hub/sustainability-inclusivity-and-traceability-a-fashion-industry-fit-for-gen-z/
editorial,alibaba.com,92.0,6979613,False,2026-07-25,False,https://seller.alibaba.com/blogs/2026/southeast-asia/apparel/2-year-warranty-extended-protection-guide-alibaba-b2b,https://3dlook.ai/content-hub/apparel-return-rates-the-stats-retailers-cannot-ignore/,Link
editorial,minfin.com.ua,75.0,5326090,False,2018-05-14,False,https://minfin.com.ua/2018/05/14/33569511/,https://3dlook.ai/,3DLook
editorial,businessinsider.com,92.0,4919573,False,2024-01-10,False,https://www.businessinsider.com/2900-dollar-burberry-bag-mocked-succession-season-premiere-goes-viral-2023-3,https://3dlook.ai/,3DLook
editorial,techradar.com,91.0,4413070,True,2022-09-16,False,https://www.techradar.com/news/walmarts-virtual-fitting-room-lets-you-use-your-own-photos-but-we-have-questions,https://3dlook.ai/,YourFit
editorial,fiverr.com,91.0,3832588,False,2023-06-22,False,https://www.fiverr.com/resources/guides/business/ecommerce-trends,https://3dlook.ai/,YourFit
editorial,ai-hay.vn,46.0,3695283,False,2026-09-24,False,https://ai-hay.vn/cach-theo-doi-tien-do-tap-bung-pN1UmIy6t3m,https://3dlook.ai/content-hub/visible-abs-myths-measurable-outcomes-ai-driven-3d-body-scanning/,3dlook
editorial,xero.com,90.0,3669409,True,2024-10-08,False,https://www.xero.com/ie/guides/how-to-start-a-clothing-line/,https://3dlook.ai/content-hub/sustainable-fashion-trends/,willing to pay more
editorial,prtimes.jp,92.0,3250788,False,2024-03-28,False,https://prtimes.jp/main/html/rd/p/000000007.000129340.html,https://3dlook.ai/content-hub/introducing-uniform-pro/,https://3dlook.ai/content-hub/introducing-uniform-pro/
editorial,wondershare.com,85.0,2687702,False,2024-05-11,False,https://virbo.wondershare.com/try-on/virtual-fitting-room-apps.html,https://3dlook.ai/,3DLOOK Your Fit
editorial,tweakers.net,80.0,2641855,False,2019-02-25,False,https://tweakers.net/nieuws/149576/microsoft-verpakt-kinect-in-klein-pc-accessoire.html,https://3dlook.ai/,https://3dlook.me/
editorial,eonline.com,85.0,2075303,True,2023-03-29,False,https://www.eonline.com/news/1369734/succession-just-made-that-ludicrously-capacious-burberry-bag-go-viral,https://3dlook.ai/,3DLook
editorial,ya.ru,89.0,1976774,True,2025-03-14,False,https://ya.ru/neurum/t/Retail,https://3dlook.ai/content-hub/virtual-fitting-room-for-ecommerce/,3dlook.ai
editorial,bustle.com,88.0,1863837,True,2023-08-04,False,https://www.bustle.com/style/barbie-pink-birkenstocks,https://3dlook.ai/,3DLOOK
editorial,robota.ua,76.0,1841820,False,2025-08-09,False,https://robota.ua/company4298334,https://3dlook.ai/,Сайт компанії
editorial,columbia.edu,91.0,1705408,True,2021-06-10,False,https://news.climate.columbia.edu/2021/06/10/why-fashion-needs-to-be-more-sustainable/,https://3dlook.ai/,Mobile body scanning
editorial,liga.net,77.0,1684105,False,2026-05-15,False,https://tech.liga.net/technology/news/v-icu-rasskazali-v-kakie-ukrainskie-startapy-investirovali,https://3dlook.ai/,3D Look
editorial,nv.ua,78.0,1663538,False,2021-02-24,False,https://shopping.nv.ua/fashion-and-style/vesna-modnye-trendy-odezhdy-2021-goda-brendovye-platya-yubki-bluzy-onlayn-50143415.html,https://3dlook.ai/,на сайте
editorial,vanityfair.it,80.0,1498713,False,2022-06-30,False,https://www.vanityfair.it/article/provare-gli-abiti-online-come-provarli-in-camerino,https://3dlook.ai/,"3D Look possono scansionare il cliente, prendendo le misure senza nemmeno toccarlo."
editorial,rbc.ua,77.0,1417794,True,2021-12-24,False,https://daily.rbc.ua/ukr/show/ekspansiya-it-rossiyskie-investfondy-kompanii-1640341184.html,https://3dlook.ai/,3DLOOK
editorial,harpersbazaar.com,89.0,1396253,False,2025-05-29,False,https://www.harpersbazaar.com/uk/fashion/a43448755/burberry-tote-succession/,https://3dlook.ai/,3DLook
editorial,cloudinary.com,91.0,1281942,True,2026-09-23,False,https://res.cloudinary.com/start2impact/image/upload/v1741777724/Piattaforma/Profilo/Portfolio/pdf_files/Progetto_Finale_Digital_Marketing_di_Claudia_Cusimano_EN_dnokoz.pdf,https://3dlook.ai/content-hub/7-sustainable-fashion-technologies/,https://3dlook.ai/content-hub/7-sustainable-fashion-technologies/
editorial,fortune.com,92.0,1249515,True,2021-03-17,False,https://fortune.com/2021/03/17/the-startup-behind-a-covid-19-vaccine-gears-up-for-an-ipo/,https://3dlook.ai/,3DLOOK
editorial,lodz.pl,85.0,1236070,True,2025-03-15,False,https://style.p.lodz.pl/sites/style/files/2023-12/M.Ba%C5%82ach-Kinsella_praca%20doktorska.pdf,https://3dlook.ai/,https://3dlook.me/
editorial,webflow.com,92.0,1186555,True,2022-09-27,False,https://global-uploads.webflow.com/6198cb076e036ab5a326fa84/631094f51371925a41bbee44_STATE%20OF%20PHYGITAL%202022_LETA%20CAPITAL.pdf,https://3dlook.ai/content-hub/case-study-how-1822-denim-reduced-returns-by-30/,https://3dlook.me/content-hub/case-study-how-1822-denim-reduced-
editorial,vogue.in,81.0,1153591,False,2021-01-05,False,https://www.vogue.in/fashion/content/missing-shopping-these-apps-are-as-close-to-the-irl-experience-as-you-can-get,https://3dlook.ai/,3DLook
editorial,mdpi.com,93.0,1111793,True,2026-03-02,False,https://www.mdpi.com/0718-1876/21/3/81,https://3dlook.ai/content-hub/artificial-intelligence-in-fashion/,https://3dlook.ai/content-hub/artificial-intelligence-in-fashion/
editorial,techcrunch.com,92.0,1075514,False,2018-07-12,False,https://techcrunch.com/2018/07/12/announcing-the-tc-top-picks-for-disrupt-sf-2018/,https://3dlook.ai/,3DLOOK:
editorial,vogue.co.uk,87.0,1015357,False,2021-01-09,False,https://www.vogue.co.uk/fashion/article/best-shopping-apps,https://3dlook.ai/,3DLook
editorial,entrepreneur.com,91.0,882648,True,2022-09-07,False,https://www.entrepreneur.com/growing-a-business/how-business-leaders-can-foster-an-innovative-work-culture/374202,https://3dlook.ai/,
editorial,purewow.com,81.0,858594,False,2023-05-05,False,https://www.purewow.com/fashion/how-to-quit-shopping-fast-fashion,https://3dlook.ai/,3DLOOK
editorial,thethaiger.com,75.0,850989,True,2024-04-29,False,https://thethaiger.com/guides/best-of/lifestyle/the-impact-of-recycling-fashion-in-2024,https://3dlook.ai/,3DLOOK
editorial,vogue.it,82.0,814588,False,2021-01-12,False,https://www.vogue.it/moda/article/shopping-virtuale-app-esperienza-reale-try-on,https://3dlook.ai/,3DLook
editorial,webflow.io,92.0,806806,True,2026-04-21,False,https://entreprenista-2024.webflow.io/2022-entreprenista-100-award-winners,https://3dlook.ai/,
editorial,czat.ai,22.0,665567,False,2025-11-30,False,https://czat.ai/blog/ai-fitness-motywacja,https://3dlook.ai/content-hub/ai-in-fitness-industry/,3DLOOK
editorial,printful.com,89.0,632496,True,2022-09-23,False,https://www.printful.com/fr/blog/les-meilleures-applications-shopify,https://3dlook.ai/request-demo/,YourFit
editorial,marieclaire.co.uk,80.0,601560,False,2023-08-03,False,https://www.marieclaire.co.uk/entertainment/tv-and-film/barbie-movie-caused-spike-searches-birkenstock-sandals,https://3dlook.ai/,3DLOOK
editorial,research.com,83.0,589256,False,2026-02-17,False,https://research.com/advice/ai-automation-and-the-future-of-exercise-science-degree-careers,https://3dlook.ai/content-hub/ai-in-fitness-industry/,https://3dlook.ai/content-hub/ai-in-fitness-industry/
editorial,vogue.es,80.0,578637,False,2021-01-09,False,https://www.vogue.es/moda/articulos/apps-compra-online-probador-virtual,https://3dlook.ai/,3DLook
editorial,vogue.de,78.0,557779,False,2021-01-05,False,https://www.vogue.de/mode/artikel/apps-und-tools-online-shopping-realistisch-gestalten-im-lockdown,https://3dlook.ai/,3DLook
editorial,thestandard.co,74.0,548495,True,2021-07-08,False,https://thestandard.co/fashion-brands-virtual-fitting-room/,https://3dlook.ai/technology/,https://3dlook.me/technology/
editorial,digikala.com,83.0,545658,True,2024-05-07,False,https://www.digikala.com/mag/ai-in-fashion-industry/,https://3dlook.ai/content-hub/artificial-intelligence-in-fashion/,3dlook
editorial,nextleap.app,49.0,543190,True,2026-06-12,False,https://assets.nextleap.app/submissions/SouhardyaSaha_Na22b072_IDFY-111a60fb-0770-4b62-9dd5-b7658a9215d8.pdf,https://3dlook.ai/content-hub/apparel-return-rates-the-stats-retailers-cannot-ignore/,https://3dlook.ai/content-hub/apparel-return-rates-the-stats-retailers-cannot-ignore/
editorial,cbseacademic.nic.in,83.0,525683,True,2022-07-18,False,https://cbseacademic.nic.in/web_material/DigitalCitizenship/Level3_DC_Student_Handbook.pdf,https://3dlook.ai/content-hub/virtual-clothing-try-on/,
editorial,stockopedia.com,55.0,521827,True,2022-07-28,False,https://www.stockopedia.com/share-prices/tmt-investments-LON:TMT/news/reg-tmt-investments-final-results-and-notice-of-agm-urn:newsml:reuters.com:20210325:nRSY4124Ta/,https://3dlook.ai/,www.3dlook.me
editorial,infosys.com,83.0,500951,True,2019-11-16,False,https://www.infosys.com/about/alliances.html,https://3dlook.ai/,3DLook
editorial,toptal.com,90.0,471936,True,2023-02-08,False,https://www.toptal.com/designers/ux/virtual-clothing-try-on,https://3dlook.ai/content-hub/case-study-how-1822-denim-reduced-returns-by-30/,reduce returns
editorial,wwd.com,88.0,467045,False,2026-04-05,False,https://wwd.com/sourcing-journal/industry-news/measuring-up-3-d-body-scannings-revolution-and-its-impact-on-apparel-sizing-gs-1238714020/,https://3dlook.ai/yourfit/,3D Look
editorial,vidnoz.com,75.0,444210,True,2024-12-30,False,https://es.vidnoz.com/inteligencia-artificial/como-saber-que-tipo-de-cuerpo-tengo.html,https://3dlook.ai/,3DLook
editorial,accio.com,76.0,438479,False,2026-06-03,False,https://www.accio.com/business/female-uniforms,https://3dlook.ai/content-hub/the-future-of-fashion-retail/,3Dlook
editorial,bluehost.com,91.0,430842,True,2025-09-26,False,https://www.bluehost.com/es-es/blog/como-iniciar-una-tienda-de-ropa-en-linea-con-un-gran-sitio-web-en-2024/,https://3dlook.ai/,3DLOOK
editorial,inc.com,91.0,423544,True,2022-03-23,False,https://www.inc.com/rebecca-deczynski/digital-transformations-fashion-industry-metaverse-artificial-intelligence.html,https://3dlook.ai/,3DLOOK
editorial,website-files.com,93.0,415311,True,2024-08-29,False,https://cdn.prod.website-files.com/6198cb076e036ab5a326fa84/631094f51371925a41bbee44_STATE%20OF%20PHYGITAL%202022_LETA%20CAPITAL.pdf,https://3dlook.ai/content-hub/case-study-how-1822-denim-reduced-returns-by-30/,https://3dlook.me/content-hub/case-study-how-1822-denim-reduced-
editorial,prnews.io,70.0,411583,False,2022-03-30,False,https://prnews.io/blog/martech-made-in-ukraine.html,https://3dlook.ai/,3D Look
editorial,spidersweb.pl,76.0,388535,True,2020-06-24,False,https://spidersweb.pl/2019/05/ukrainski-startup-3dlook.html,https://3dlook.ai/,3DLOOK
editorial,jimdo.com,92.0,384323,True,2025-03-03,False,https://storage.e.jimdo.com/file/172318fe-8449-4b24-9bb5-fc531c3fed96/PA_Marktforschung_EmmaWalter.pdf,https://3dlook.ai/content-hub/the-future-of-fashion-retail/,https://3dlook.ai/content-hub/the-future-of-fashion-retail/
editorial,graziamagazine.com,76.0,357841,True,2023-03-30,False,https://graziamagazine.com/articles/burberry-tote-bag-succession/,https://3dlook.ai/,3DLook
editorial,ukrinform.ua,77.0,352720,True,2019-05-21,False,https://www.ukrinform.ua/rubric-technology/2705150-ak-tri-ukrainski-startapi-privernuli-uvagu-u-sviti.html,https://3dlook.ai/,3DLOOK
editorial,inkl.com,73.0,339873,True,2023-04-04,False,https://www.inkl.com/news/succession-divides-fans-with-takedown-of-ludicrously-capacious-2-900-burberry-bag,https://3dlook.ai/,3DLook
editorial,finance.ua,72.0,339485,False,2019-06-11,False,https://news.finance.ua/ru/news/-/450796/robotizatsiya-proizvodstva-foodtech-i-ar-ukrainskie-eksperty-o-tehnologiyah-budushhego,https://3dlook.ai/yourfit/,3DLook
editorial,backlinko.com,90.0,326548,True,2024-03-15,False,https://backlinko.com/affiliate-marketing-niches,https://3dlook.ai/content-hub/fashion-ecommerce-in-2023/,$900 billion in 2023
editorial,epravda.com.ua,74.0,318300,False,2024-11-27,False,https://epravda.com.ua/news/2019/05/14/647754/,https://3dlook.ai/,3D Look
editorial,podimo.com,79.0,297258,True,2026-08-04,False,https://podimo.com/en/shows/cstm-style/episode/9a048731-612e-407c-a816-69ba5bdf45ae,https://3dlook.ai/,https://3dlook.me/
editorial,bankofgeorgia.ge,68.0,260140,True,2025-12-11,False,https://bankofgeorgia.ge/blog/biznesi/inovaciebi-da-startapebi/gaicanit-500-georgia-isprogramis-mexutenakadismentorebi/,https://3dlook.ai/content-hub/3dlook-wins-lvmh-innovation-award-2019/,მოიპოვა
editorial,chrome-stats.com,68.0,257218,False,2026-05-15,False,https://chrome-stats.com/d/com.tdlook_xpertfit_app,https://3dlook.ai/privacy-policy/,Privacy policy
editorial,heyzine.com,91.0,239234,True,2025-11-02,False,https://cdnc.heyzine.com/files/uploaded/v2/a3c85740a0256ddc14a2edea6be71815992ebb72.pdf,https://3dlook.ai/,https://3dlook.ai/
editorial,ninjatech.ai,60.0,236745,True,2026-01-24,False,https://www.ninjatech.ai/fr/use-case/provide-research-guidance-for-a-paper-on-healthcare-innovations,https://3dlook.ai/content-hub/the-potential-of-ai-in-telehealth/,99
editorial,influencermarketinghub.com,88.0,228142,False,2025-03-24,False,https://influencermarketinghub.com/weight-loss-social-media-marketing-campaigns/,https://3dlook.ai/content-hub/weight-loss-industry-overview/,$360 billion by 2034
editorial,gagadget.com,70.0,222535,True,2018-06-01,False,https://gagadget.com/announce/27638-starlook-prilozhenie-dlya-ios-opredelyaet-razmeryi-odezhdyi-po-fotografii/,https://3dlook.ai/,3DLOOK
editorial,nbcwashington.com,81.0,220082,True,2023-04-23,False,https://www.nbcwashington.com/news/business/money-report/fashionphile-founder-and-cco-explains-why-that-ludicrously-capacious-bag-from-succession-had-a-310-spike-in-online-searches/3334444/,https://3dlook.ai/,3DLOOK
editorial,avclub.com,82.0,214147,True,2023-03-31,False,https://www.avclub.com/succession-burberry-bag-jesse-armstrong-tom-wambsgans-1850287973,https://3dlook.ai/,3DLOOK
editorial,minty.com,62.0,210740,True,2026-01-23,False,https://blog.minty.com/learn/how-ecommerce-apparel-businesses-can-reduce-abandoned-carts,https://3dlook.ai/content-hub/how-to-reduce-returns-in-ecommerce/,higher rate of returns
editorial,contactout.com,74.0,209384,False,2026-04-26,False,https://contactout.com/company/3DLook-LLC-50668,https://3dlook.ai/,http://3dlook.me/
editorial,unisender.com,78.0,206191,False,2026-04-02,False,https://neiro.unisender.com/kak-ispolzovat-nejroseti-v-internet-magazinah/,https://3dlook.ai/,3DLOOK
editorial,theorg.com,76.0,200399,True,2020-08-26,False,https://theorg.com/org/3dlook,https://3dlook.ai/,View the website
editorial,safariland.com,70.0,199491,True,2025-04-20,False,https://inside.safariland.com/news/3dlook-safariland-expand-xpertfit-revolutionary-sizing-technology-for-tactical-armor/,https://3dlook.ai/,https://3dlook.ai/
editorial,bodyspec.com,57.0,189367,False,2026-05-09,False,https://www.bodyspec.com/blog/post/3d_body_scanning_vs_dexa_comparing_body_composition_tools,https://3dlook.ai/content-hub/ai-body-scanners-vs-dexa-scans/,"3DLook, 2025"
editorial,wxyz.com,78.0,187366,True,2023-06-20,False,https://www.wxyz.com/you-can-now-virtually-try-on-shirts-with-google-shopping,https://3dlook.ai/content-hub/virtual-clothing-try-on/,to help reduce
editorial,robbreport.com,85.0,178745,False,2023-03-29,False,https://robbreport.com/lifestyle/news/succession-burberry-bag-1234824453/,https://3dlook.ai/,3DLOOK
editorial,ktnv.com,77.0,177775,True,2023-06-25,False,https://www.ktnv.com/you-can-now-virtually-try-on-shirts-with-google-shopping,https://3dlook.ai/content-hub/virtual-clothing-try-on/,to help reduce
editorial,denver7.com,80.0,140956,True,2023-06-26,False,https://www.denver7.com/you-can-now-virtually-try-on-shirts-with-google-shopping,https://3dlook.ai/content-hub/virtual-clothing-try-on/,to help reduce
editorial,fortunebusinessinsights.com,89.0,139165,True,2019-06-04,False,https://www.fortunebusinessinsights.com/industry-reports/virtual-fitting-room-vfr-market-100322,https://3dlook.ai/,3DLOOK Inc.
editorial,vertu.com,70.0,134032,True,2026-04-16,False,https://vertu.com/lifestyle/top-benefits-apple-fitness-rings-active-lifestyles,https://3dlook.ai/content-hub/top-trends-and-features-in-fitness-apps/,Here’s a quick look at some trends and the insights they offer:
editorial,insiderone.com,77.0,133466,True,2025-12-09,False,https://insiderone.com/es/email-marketing-benchmarks/,https://3dlook.ai/content-hub/average-conversion-rate-for-fashion-ecommerce/,2.9 – 3.3%
editorial,trendhunter.com,82.0,130829,False,2023-08-31,False,https://www.trendhunter.com/trends/3dlook,https://3dlook.ai/,3dlook.ai
editorial,beehiiv.com,91.0,130705,True,2026-09-14,False,https://wellnessradar.beehiiv.com/p/when-glp-1-drugs-meet-the-200-billion-brain-health-boom,https://3dlook.ai/content-hub/glp-1-market/,Life Time and WeightWatchers
editorial,sendcloud.com,80.0,130209,True,2026-09-22,False,https://www.sendcloud.com/fr/blog/rma-autorisation-retour-marchandise/,https://3dlook.ai/content-hub/virtual-clothing-try-on/,essayages virtuels
editorial,abc15.com,80.0,127876,True,2023-06-24,False,https://www.abc15.com/you-can-now-virtually-try-on-shirts-with-google-shopping,https://3dlook.ai/content-hub/virtual-clothing-try-on/,to help reduce
editorial,grokipedia.com,79.0,125540,True,2025-11-29,False,https://grokipedia.com/page/Gross_merchandise_volume,https://3dlook.ai/content-hub/true-cost-apparel-returns-data-rising-return-rates/,https://3dlook.ai/content-hub/the-true-cost-of-apparel-returns/
editorial,spocket.co,79.0,122375,True,2025-07-30,False,https://www.spocket.co/es/blogs/como-empezar-un-pequeno-negocio-de-ropa-desde-casa,https://3dlook.ai/content-hub/fashion-ecommerce-in-2024/,"1,2 billones de dólares para 2027"
editorial,sunderland.ac.uk,75.0,122170,True,2026-01-06,False,https://sure.sunderland.ac.uk/id/eprint/19769/1/GalleyProof-TSRJ22-Updated45-66.pdf,https://3dlook.ai/content-hub/case-study-ta3-swim/,https://3dlook.ai/content-hub/case-study-ta3-swim/
editorial,indiehackers.com,81.0,113605,True,2023-11-25,False,https://www.indiehackers.com/post/whats-new-is-blogging-obsolete-in-2022-ae0bc20a04,https://3dlook.ai/,3DLook
editorial,pymnts.com,89.0,111374,True,2022-09-15,False,https://www.pymnts.com/news/retail/2022/walmart-upgrades-virtual-try-on-experience-as-retail-fitting-tech-scales/,https://3dlook.ai/,3DLook
editorial,fox13now.com,78.0,105841,True,2023-06-20,False,https://www.fox13now.com/you-can-now-virtually-try-on-shirts-with-google-shopping,https://3dlook.ai/content-hub/virtual-clothing-try-on/,to help reduce
editorial,makuake.com,86.0,104004,True,2023-09-15,False,https://www.makuake.com/project/ai_pillow/,https://3dlook.ai/content-hub/3dlook-is-a-member-of-the-mobile-body-scanning-standards-developed-by-ieee/,https://3dlook.ai/content-hub/3dlook-is-a-member-of-the-mobile-body-scanning-standards-developed-by-ieee/
editorial,lpnu.ua,70.0,97636,True,2024-09-15,False,https://science.lpnu.ua/uk/sisn/vsi-vypusky/vypusk-15-2024/virtualna-onlayn-prymirka-aksesuariv-i-golovnyh-uboriv-z,https://3dlook.ai/content-hub/apparel-return-rates-the-stats-retailers-cannot-ignore/,https://3dlook.me/content-hub/apparel-return-rates-the-stats-retailers-c...
editorial,ecycle.com.br,73.0,83919,True,2021-11-09,False,https://www.ecycle.com.br/deepdraper/,https://3dlook.ai/blog/virtual-dressing/,3Dlook.me
editorial,wcpo.com,78.0,83901,True,2023-06-21,False,https://www.wcpo.com/you-can-now-virtually-try-on-shirts-with-google-shopping,https://3dlook.ai/content-hub/virtual-clothing-try-on/,to help reduce
editorial,prospeo.io,73.0,81127,True,2026-02-19,True,https://prospeo.io/t/super-socializer-customers,https://3dlook.ai/,3dlook.ai
editorial,iyc.com,58.0,78345,True,2024-11-27,False,https://iyc.com/blog/fitness-trends/,https://3dlook.ai/,FitXpress
editorial,guideflow.com,63.0,78323,True,2026-06-30,False,https://www.guideflow.com/blog/virtual-fitting-software,https://3dlook.ai/,3DLOOK
editorial,mc.today,65.0,76344,False,2021-09-09,False,https://mc.today/na-pervom-meste-zakaz-ua-vot-itogi-narodnoj-premii-lyubimyj-it-rabotodatel-goda/,https://3dlook.ai/,3DLOOK
editorial,techinasia.com,83.0,75351,True,2025-04-10,False,https://www.techinasia.com/news/japans-zozo-acquire-uk-luxury-fashion-platform-lyst-154m,https://3dlook.ai/content-hub/fashion-ecommerce-in-2025/,8
editorial,news5cleveland.com,77.0,75169,True,2023-06-20,False,https://www.news5cleveland.com/you-can-now-virtually-try-on-shirts-with-google-shopping,https://3dlook.ai/content-hub/virtual-clothing-try-on/,to help reduce
editorial,newschannel5.com,78.0,74435,True,2023-06-20,False,https://www.newschannel5.com/you-can-now-virtually-try-on-shirts-with-google-shopping,https://3dlook.ai/content-hub/virtual-clothing-try-on/,to help reduce
editorial,wrtv.com,76.0,73981,True,2026-09-10,False,https://www.wrtv.com/news/you-can-now-virtually-try-on-shirts-with-google-shopping-2/,https://3dlook.ai/content-hub/virtual-clothing-try-on/,to help reduce
editorial,zozo.com,74.0,69881,True,2020-11-11,False,https://ftn.zozo.com/n/nc013e0e2095c,https://3dlook.ai/,「3DLOOK（3Dルック）」
editorial,fitsmallbusiness.com,84.0,66658,True,2022-08-17,False,https://fitsmallbusiness.com/ai-in-retail/,https://3dlook.ai/content-hub/case-study-how-1822-denim-reduced-returns-by-30/,increased conversions and reduced returns
editorial,unive.it,79.0,64636,True,2025-10-18,False,https://unitesi.unive.it/retrieve/3575c24d-829b-47c5-aa7c-6a128bc268cf/875177-1290217.pdf,https://3dlook.ai/content-hub/,https://3dlook.ai/content-hub/
editorial,unl.pt,81.0,63572,True,2026-09-17,False,https://run.unl.pt/server/api/core/bitstreams/56a8e748-45d9-41b5-b345-34dde4663c89/content,https://3dlook.ai/content-hub/sustainable,https://3dlook.ai/content-hub/sustainable
editorial,speediance.com,54.0,60959,False,2026-06-13,False,https://www.speediance.com/blogs/smart-fitness-connected-ecosystem/how-connected-ecosystems-integrate-third-party-fitness-apps-and-devices,https://3dlook.ai/content-hub/connected-fitness-industry/,The Connected Fitness Industry: An Ultimate Guide for 2024
editorial,jobs.ca,49.0,55968,True,2026-08-02,False,https://www.jobs.ca/job/14b297d5-fce0-4ebf-90da-2ff1d54ce56e,https://3dlook.ai/,Website
editorial,fashionista.com,81.0,53401,True,2023-03-29,False,https://fashionista.com/2023/03/succession-burberry-bag-viral,https://3dlook.ai/,3DLOOK
editorial,siteprice.org,72.0,51503,False,2025-03-05,False,https://www.siteprice.org/competitors/govisetech.com,https://3dlook.ai/,
editorial,docsend.com,86.0,51247,True,2021-09-23,False,https://www.docsend.com/blog/how-3dlook-scored-their-series-a-online-during-the-full-swing-of-the-pandemic/,https://3dlook.ai/,3DLOOK
editorial,javarush.com,56.0,48765,False,2023-05-10,False,https://javarush.com/ua/groups/posts/4110-reface-preply-3dlook-uspshn-startapi-z-ukransjhkim-kornnjam-jsho-z-nimi-vdbuvatjhsja-pd-chas-vy,https://3dlook.ai/,3DLook
editorial,tmj4.com,78.0,48045,True,2023-06-22,False,https://www.tmj4.com/you-can-now-virtually-try-on-shirts-with-google-shopping,https://3dlook.ai/content-hub/virtual-clothing-try-on/,to help reduce
editorial,wptv.com,78.0,46733,True,2026-10-04,False,https://www.wptv.com/you-can-now-virtually-try-on-shirts-with-google-shopping,https://3dlook.ai/content-hub/virtual-clothing-try-on/,to help reduce
editorial,citybiz.co,78.0,45869,True,2021-03-17,False,https://www.citybiz.co/article/28763/3dlook-raises-6-5m-in-series-a-funding/,https://3dlook.ai/,3DLOOK
editorial,wunderlabel.com,52.0,45719,True,2025-02-19,False,https://wunderlabel.com/blog/p/fashion-accessory-trends-2025/,https://3dlook.ai/content-hub/sustainable-fashion-trends/,Sustainable Fashion Trends to Watch in 2025 and Beyond: Ideas for Apparel Retailers
editorial,cmb.ac.lk,71.0,43846,True,2025-10-18,False,https://dl.ucsc.cmb.ac.lk/jspui/bitstream/123456789/4799/1/2019%20CS%20176.pdf,https://3dlook.ai/content-hub/nft-in-fashion/,https://3dlook.me/content-hub/nft-in-fashion/
editorial,urbansplatter.com,61.0,43017,True,2022-03-23,False,https://www.urbansplatter.com/2022/03/revolutionizing-the-fashion-industry-with-augmented-reality/,https://3dlook.ai/content-hub/fashion-ecommerce-trends/,fashion ecommerce trends.
editorial,ifoto.ai,42.0,42617,True,2023-12-09,False,https://www.ifoto.ai/blog/virtual-try-on/,https://3dlook.ai/content-hub/virtual-clothing-try-on/,
editorial,tealfeed.com,70.0,42242,False,2023-08-04,False,https://tealfeed.com/why-ai-personalisation-necessary-ecommerce-growth-thqbj,https://3dlook.ai/content-hub/apparel-return-rates-the-stats-retailers-cannot-ignore/,ashion average currently 30 – 50%
editorial,gold.ac.uk,81.0,41606,True,2025-02-16,False,https://research.gold.ac.uk/id/eprint/38003/1/symmetry-16-00049-with-cover.pdf,https://3dlook.ai/,3Dlook.Me. 2023. Available online: https://3dlook.me/ (accessed on 11 December 2023).
editorial,wkbw.com,75.0,41417,True,2023-06-21,False,https://www.wkbw.com/you-can-now-virtually-try-on-shirts-with-google-shopping,https://3dlook.ai/content-hub/virtual-clothing-try-on/,to help reduce
editorial,udesc.br,72.0,38841,True,2025-08-01,False,https://www.udesc.br/arquivos/ceart/id_cpmenu/9601/DISSERTA__O_Macivaldo_Santos_VERS_O_FINAL_P_S_BANCA_17526011693008_9601.pdf,https://3dlook.ai/mobile-tailor/,https://3dlook.ai/mobile-tailor
editorial,wmar2news.com,77.0,38631,True,2023-06-21,False,https://www.wmar2news.com/you-can-now-virtually-try-on-shirts-with-google-shopping,https://3dlook.ai/content-hub/virtual-clothing-try-on/,to help reduce
editorial,diigo.com,82.0,37555,False,2023-08-31,False,https://groups.diigo.com/group/collaboration/content/virtual-fitting-technology-18980348,https://3dlook.ai/content-hub/virtual-clothing-try-on/,https://3dlook.me/content-hub/virtual-clothing-try-on/
editorial,ksby.com,73.0,36439,True,2023-06-22,False,https://www.ksby.com/you-can-now-virtually-try-on-shirts-with-google-shopping,https://3dlook.ai/content-hub/virtual-clothing-try-on/,to help reduce
editorial,image.ie,72.0,35188,True,2023-09-15,False,https://www.image.ie/style/the-return-of-the-ginormo-bag-784731,https://3dlook.ai/,3DLook
editorial,intotheam.com,59.0,35177,True,2026-05-09,False,https://intotheam.com/blogs/news/t-shirt-industry-statistics,https://3dlook.ai/content-hub/average-conversion-rate-for-fashion-ecommerce/,Fashion eCommerce Average Conversion Rates (2025)
editorial,kgun9.com,74.0,35116,True,2023-06-20,False,https://www.kgun9.com/you-can-now-virtually-try-on-shirts-with-google-shopping,https://3dlook.ai/content-hub/virtual-clothing-try-on/,to help reduce
editorial,wsimg.com,93.0,35067,True,2023-12-09,False,https://img1.wsimg.com/blobby/go/e84ae20c-aada-4694-a221-9aca77fc3439/Poshmark%20Innovation%20Strategy_Team%20Theta_web.pdf,https://3dlook.ai/,https://3dlook.me/yourfit/
editorial,khmnu.edu.ua,46.0,34338,True,2023-12-01,False,https://tksv.khmnu.edu.ua/inetconf/2023/khnu2023.pdf,https://3dlook.ai/,URL: https://3dlook.ai/yourfit/ (date of appeal: 16.11.2023).
editorial,podbay.fm,76.0,34097,False,2021-05-15,False,https://podbay.fm/p/the-boost-vc-podcast/e/1616662800,https://3dlook.ai/,https://3dlook.me/
editorial,c99.nl,50.0,34071,True,2026-07-13,True,http://subdomainfinder.c99.nl/scans/2026-07-13/3dlook.ai,http://www.3dlook.ai/,www.3dlook.ai
editorial,fibre2fashion.com,78.0,33236,True,2026-01-05,False,https://emerge.fibre2fashion.com/blogs/10758/roi-of-digital-marketing-case-studies-from-fashion-ecommerce-brands,https://3dlook.ai/content-hub/fashion-ecommerce-in-2025/,3DLOOK
editorial,trvst.world,61.0,32078,True,2024-12-16,False,https://www.trvst.world/sustainable-living/fashion/future-of-sustainable-fashion/,https://3dlook.ai/,3DLOOK solution
editorial,prime-ai.com,57.0,30539,True,2025-02-03,False,https://www.prime-ai.com/en/media/virtual-fitting-room-future-fashion-csf-c/,https://3dlook.ai/,3DLook
editorial,emprendedores.es,75.0,30526,True,2023-09-14,False,https://emprendedores.es/ideas-de-negocio/cuatro-ideas-de-negocio-de-fuera-que-no-te-puedes-perder/,https://3dlook.ai/,3DLOOK
editorial,claro.com.ni,52.0,29898,True,2026-05-14,False,https://www.claro.com.ni/claroblog/estilistas-de-la-inteligencia-artificial-futurismo-o-una-realidad-actual/,https://3dlook.ai/,3DLOOK
editorial,prweb.com,90.0,29729,False,2024-03-20,False,https://www.prweb.com/releases/3dlook-announces-innovative-partner-ecosystem-to-revolutionize-fashion-retail-and-e-commerce-302093683.html,https://3dlook.ai/partners/,https://3dlook.ai/partners/
editorial,market.us,84.0,28611,False,2024-10-24,False,https://scoop.market.us/virtual-fitness-market-news/,https://3dlook.ai/content-hub/top-fitness-industry-trends/,3DLOOK
editorial,simplecast.com,88.0,28558,True,2021-03-31,False,https://theboostvcpodcast.simplecast.com/episodes/ep-110-3dlook-v7hQwVzn,https://3dlook.ai/,https://3dlook.me/
editorial,techround.co.uk,77.0,28512,True,2022-03-17,False,https://techround.co.uk/interviews/a-chat-with-vadim-rogovskiy-3dlook/,https://3dlook.ai/content-hub/virtual-dressing/,virtual dressing room
editorial,city.ac.uk,82.0,27696,True,2025-09-03,False,https://openaccess.city.ac.uk/id/eprint/35774/1/Cummings%20Thesis%202025%20Redacted%20PDF-A.pdf,https://3dlook.ai/content-hub/artificial-intelligence-in-fashion/,https://3dlook.ai/content-hub/artificial-intelligence-in-fashion/
editorial,plerdy.com,74.0,27669,False,2022-02-16,False,https://www.plerdy.com/blog/startups-companies-raised-millions/,https://3dlook.ai/,3DLOOK
editorial,tib.eu,77.0,25999,True,2026-05-08,False,https://oa.tib.eu/renate/server/api/core/bitstreams/5a7322f4-9044-414c-b9da-910594be43f6/content,https://3dlook.ai/,https://3dlook.ai/
editorial,3dnatives.com,75.0,25795,True,2018-08-09,False,https://www.3dnatives.com/de/3d-scanner-100820181/,https://3dlook.ai/,offiziellen Website
editorial,glance.com,67.0,25556,True,2026-03-31,False,https://glance.com/us/blogs/glanceai/shopping/virtual-try-on-fashion-ecommerce,https://3dlook.ai/content-hub/gartner-3dlook/,3DLOOK's own Gartner-recognized data
editorial,qogita.com,52.0,24524,True,2026-06-26,False,https://www.qogita.com/blog/top-selling-products-on-amazon-uk-5-best-categories-2026/,https://3dlook.ai/content-hub/the-true-cost-of-apparel-returns/?ref=qogita.com,return rate of 24.4%
editorial,krtv.com,71.0,24119,True,2023-06-24,False,https://www.krtv.com/you-can-now-virtually-try-on-shirts-with-google-shopping,https://3dlook.ai/content-hub/virtual-clothing-try-on/,to help reduce
editorial,coherentmarketinsights.com,79.0,23080,True,2022-06-24,False,https://www.coherentmarketinsights.com/market-insight/swimwear-market-5045,https://3dlook.ai/content-hub/virtual-fitting-room-for-ecommerce/,3DLook
editorial,ainvest.com,78.0,23063,True,2025-12-01,False,https://www.ainvest.com/news/resurgence-fashion-retail-economic-downturns-2512/,https://3dlook.ai/content-hub/the-future-of-fashion-retail/,according to industry analysis
editorial,turnto23.com,72.0,23013,True,2023-06-21,False,https://www.turnto23.com/you-can-now-virtually-try-on-shirts-with-google-shopping,https://3dlook.ai/content-hub/virtual-clothing-try-on/,to help reduce
editorial,vogue.sg,75.0,23006,True,2021-01-06,False,https://vogue.sg/missing-shopping-these-apps-are-as-close-to-the-irl-experience-as-you-can-get/,https://3dlook.ai/,3DLook
editorial,thegoodbug.com,35.0,22753,True,2025-06-22,False,https://thegoodbug.com/blogs/news/glp-full-form-guide-good-laboratory-practice,https://3dlook.ai/content-hub/glp-1-compliance-challenge/,https://3dlook.ai/content-hub/glp-1-compliance-challenge/
editorial,nbc26.com,71.0,22725,True,2023-06-21,False,https://www.nbc26.com/you-can-now-virtually-try-on-shirts-with-google-shopping,https://3dlook.ai/content-hub/virtual-clothing-try-on/,to help reduce
editorial,zigpoll.com,71.0,21979,True,2026-10-05,False,https://www.zigpoll.com/content/how-can-we-integrate-realtime-fabric-wear-simulation-and-dynamic-fitting-feedback-into-our-virtual-clothing-collections-to-enhance-the-online-shopping-experience-for-our-brand's-customers,https://3dlook.ai/,3DLOOK
editorial,netpeak.net,70.0,21353,True,2021-09-30,False,https://netpeak.net/ru/blog/ne-takoy-kak-u-vsekh-ili-o-nestandartnom-myshlenii-v-biznese/,https://3dlook.ai/,3DLOOK
editorial,tampabay28.com,79.0,20652,True,2026-09-10,False,https://www.tampabay28.com/you-can-now-virtually-try-on-shirts-with-google-shopping,https://3dlook.ai/content-hub/virtual-clothing-try-on/,to help reduce
editorial,getlatka.com,72.0,19839,True,2026-03-25,False,https://getlatka.com/companies/metadome.ai/vs/3dlook,https://3dlook.ai/,3dlook.ai
editorial,techbullion.com,81.0,19614,True,2023-03-24,False,https://techbullion.com/harness-the-power-of-virtual-fitting-rooms-and-transform-your-e-commerce-store-today/,https://3dlook.ai/content-hub/top-10-fashion-technologies/,tech in fashion
editorial,alidrop.co,66.0,19573,False,2025-02-15,False,https://www.alidrop.co/es/blogs/como-encontrar-ropa-aliexpress-de-calidad,https://3dlook.ai/content-hub/apparel-return-rates-the-stats-retailers-cannot-ignore/,Del 20 al 40%
editorial,digiday.com,89.0,19262,True,2022-10-13,False,https://digiday.com/announcement/awards/yieldmo-quotient-and-inmobi-join-this-years-digiday-technology-awards-nominees/,https://3dlook.ai/,Tailored Brands & 3DLOOK
editorial,rattibha.com,42.0,19166,True,2026-02-22,False,https://en.rattibha.com/thread/1578038510761791488,https://3dlook.ai/,3dlook.me
editorial,ignitevisibility.com,75.0,18922,True,2019-03-07,False,https://ignitevisibility.com/fitness-marketing-company/,https://3dlook.ai/content-hub/top-fitness-industry-trends/,$257 billion
editorial,marketer.ua,54.0,17816,False,2023-12-13,False,https://marketer.ua/ru/openai-artificial-intelligence-research-laboratory-and-its-role-in-the-metaverse/,https://3dlook.ai/,3DLOOK
editorial,prim.hu,55.0,17695,True,2024-04-13,True,https://hirek.prim.hu/cikk/osszeolvad_a_fizikai_es_a_virtualis_valosag_a_kovetkezo_evtizedben,https://3dlook.ai/content-hub/virtual-dressing/,lemodellezni a testalkatunkat
editorial,athletechnews.com,74.0,17202,True,2024-11-05,False,https://athletechnews.com/asensei-and-3dlook-team-on-ultimate-engagement-tool/,https://3dlook.ai/,3DLook’
editorial,24-7pressrelease.com,80.0,16525,False,2018-03-30,False,https://www.24-7pressrelease.com/press-release/434800/discover-ukrainian-startup-pavilion-at-startup-grind-2017,https://3dlook.ai/,3DLook
editorial,notjustalabel.com,72.0,16374,False,2025-02-19,False,https://notjustalabel.com/editorial/conscious-consumption,https://3dlook.ai/content-hub/the-future-of-fashion-retail/,fashion retail
editorial,stelleworld.com,28.0,15776,True,2026-07-25,False,https://stelleworld.com/blogs/kids-dance-tips/how-to-measure-for-dance-leotard,https://3dlook.ai/content-hub/apparel-return-rates-the-stats-retailers-cannot-ignore/,one of the biggest reasons clothing gets returned online
editorial,webrazzi.com,75.0,15695,True,2018-06-21,False,https://webrazzi.com/2018/06/21/500-istanbul-ukrayna-merkezli-3d-looka-yatirim-yapti/,https://3dlook.ai/,3D Look
editorial,journoportfolio.com,82.0,15662,True,2024-04-22,False,https://media.journoportfolio.com/users/303190/uploads/1533880f-5d3e-43d0-801f-7c1768cbd40b.pdf,https://3dlook.ai/content-hub/fashion-industry-challenges/,"challenges/#:~:text=Fashion%27s%20intricate%20supply%20chain%20is,profitability%"
editorial,kxlf.com,57.0,15434,True,2023-06-24,False,https://www.kxlf.com/you-can-now-virtually-try-on-shirts-with-google-shopping,https://3dlook.ai/content-hub/virtual-clothing-try-on/,to help reduce
editorial,wunderlabel.de,33.0,14769,True,2023-09-14,False,https://wunderlabel.de/lab/modeindustrie/herausforderungen-modebranche/,https://3dlook.ai/content-hub/fashion-industry-challenges/,virtuelle Anproben und können die Retourenquote um bis zu 40 Prozent senken
editorial,80.lv,75.0,14499,True,2023-01-08,False,https://80.lv/articles/80-level-research-augmented-reality-present-tools-for-business-use,https://3dlook.ai/content-hub/virtual-clothing-try-on/,growth and rapid development is undeniable.
editorial,entrepreneursbreak.com,58.0,14336,True,2022-02-27,False,https://entrepreneursbreak.com/tips-on-how-to-get-perfect-size-when-shopping-for-clothes-online.html,https://3dlook.ai/content-hub/body-measurement-software/,link
editorial,savonia.fi,68.0,13748,True,2022-06-03,False,https://blogi.savonia.fi/digitalcircularfashionhouse/2022/06/03/virtuaalisovittaminen/,https://3dlook.ai/content-hub/virtual-fitting-room-for-ecommerce/,https://3dlook.me/content-hub/virtual-fitting-room-for-ecommerce/
editorial,kbzk.com,67.0,13632,True,2026-10-05,False,https://www.kbzk.com/you-can-now-virtually-try-on-shirts-with-google-shopping,https://3dlook.ai/content-hub/virtual-clothing-try-on/,to help reduce
editorial,elementlogic.net,57.0,13317,True,2024-11-15,False,https://www.elementlogic.net/uk/insights/challenges-in-retail-warehousing-and-how-to-overcome-them/,https://3dlook.ai/content-hub/apparel-return-rates-the-stats-retailers-cannot-ignore/,high return rates
editorial,cases.media,56.0,13175,False,2019-09-10,False,https://cases.media/news/ukrainskii-startap-3dlook-stal-rezidentom-krupneishego-v-mire-startap-kampusa,https://3dlook.ai/,3DLOOK
editorial,shapescale.com,47.0,12969,False,2025-07-01,False,https://business.shapescale.com/content/posts/fit-3d-scanner-review,https://3dlook.ai/content-hub/3d-body-scanning/,3D body scanning technology
editorial,kjrh.com,73.0,12957,True,2023-06-21,False,https://www.kjrh.com/you-can-now-virtually-try-on-shirts-with-google-shopping,https://3dlook.ai/content-hub/virtual-clothing-try-on/,to help reduce
editorial,pubpub.org,80.0,12892,True,2024-11-25,False,https://ijgis.pubpub.org/pub/h527s63m/download/pdf,https://3dlook.ai/content-hub/the-potential-of-ai-in-telehealth/,https://3dlook.ai/content-hub/the-potential-of-ai-in-telehealth/
editorial,fastgrow.jp,69.0,12712,True,2018-08-08,False,https://www.fastgrow.jp/articles/funding-180804,https://3dlook.ai/,3DLOOK
editorial,sigmaearth.com,60.0,12559,True,2025-02-28,False,https://sigmaearth.com/es/Sostenibilidad-en-la-moda%3A-tendencias-e-innovaciones-para-2025/,https://3dlook.ai/content-hub/sustainable-fashion-trends/,el 80 % de los compradores adquiriría prendas confeccionadas con materiales sostenibles
editorial,uop.gr,70.0,12452,True,2024-07-10,False,https://cs-msc.uop.gr/sites/default/files/2024-05/%CE%94%CE%B9%CF%80%CE%BB%CF%89%CE%BC%CE%B1%CF%84%CE%B9%CE%BA%CE%AE_%CE%95%CF%80%CE%B1%CF%85%CE%BE%CE%B7%CE%BC%CE%AD%CE%BD%CE%B7%20%CE%A0%CF%81%CE%B1%CE%B3%CE%BC%CE%B1%CF%84%CE%B9%CE%BA%CF%8C%CF%84%CE%B7%CF%84%CE%B1%20%CF%83%CF%84%CE%B7%CE%BD%20%CE%95%CE%BA%CF%80%CE%B1%CE%AF%CE%B4%CE%B5%CF%85%CF%83%CE%B7_2.4_%CE%BA.%CE%92%CE%B1%CF%83%CE%B9%CE%BB%CE%AC%CE%BA%CE%B7%CF%82.pdf,https://3dlook.ai/content-hub/virtual-fitting-room-for-ecommerce/,https://3dlook.ai/content-hub/virtual-fitting-room-for-ecommerce/
editorial,secure-platform.com,83.0,11749,True,2019-11-20,False,https://digiday.secure-platform.com/a/page/digiday-technology-awards,https://3dlook.ai/,3DLOOK
editorial,newwavemagazine.com,59.0,11716,True,2024-05-24,False,https://www.newwavemagazine.com/single-post/sustainability-stitched-in-best-practices-for-eco-friendly-fashion-manufacturing,https://3dlook.ai/content-hub/body-scanning-technology-for-apparel/%22,body scanning tech for apparel & fashion
editorial,sacra.com,73.0,11701,True,2026-03-13,False,https://sacra.com/chat/h/84996c40-87fb-49e1-910c-b99e1588c617/,https://3dlook.ai/,3dlook · 2026-02-19 YourFit by 3DLOOK
editorial,ceocolumn.com,81.0,11670,True,2024-02-07,False,https://ceocolumn.com/health/beyond-measurements-exploring-the-future-with-3d-body-scanning-in-tailoring/,https://3dlook.ai/mobile-tailor/,3D body scanner for tailoring.
editorial,shotam.info,59.0,11503,False,2019-04-04,False,https://shotam.info/ukrains-ka-kompaniia-stvoryla-startap-iakyy-uviyshov-do-spysku-naykrashchykh/,https://3dlook.ai/,Проект 3DLook
editorial,pick-kart.com,32.0,11446,True,2022-06-28,False,https://pick-kart.com/how-is-augmented-reality-used-in-fashion/,https://3dlook.ai/content-hub/ar-clothing-try-on-tools/,augmented reality to try on clothes
editorial,atmos.earth,74.0,11439,True,2025-09-27,False,https://atmos.earth/fashion-and-design/is-digital-fashion-design-good-for-the-planet/,https://3dlook.ai/,reduces
editorial,crustdata.com,61.0,11285,False,2026-06-06,False,https://profiles.crustdata.com/company/3dlook,https://3dlook.ai/,3dlook.ai
editorial,drukarnia.com.ua,48.0,11107,False,2023-12-13,False,https://drukarnia.com.ua/articles/openai-laboratoriya-doslidzhen-shtuchnogo-intelektu-ta-yiyi-rol-u-metavsesviti-7lWiM,https://3dlook.ai/,3DLOOK
editorial,looksmaxxreport.com,29.0,10918,True,2025-07-27,False,https://blog.looksmaxxreport.com/ai-fitness-style-app/,https://3dlook.ai/content-hub/ai-in-fitness-industry/?ref=blog.looksmaxxreport.com,AI in fitness industry (3DLOOK)
editorial,femestella.com,42.0,10809,True,2023-04-05,False,https://www.femestella.com/top-fashion-retail-trends-of-2023-innovations-shaping-the-industry/,https://3dlook.ai/,"YourFit, a virtual fitting room by 3DLOOK"
editorial,preprints.org,79.0,10604,True,2025-12-31,False,https://www.preprints.org/manuscript/202512.2759,https://3dlook.ai/content-hub/artificial-intelligence-in-fashion/,https://3dlook.ai/content-hub/artificial-intelligence-in-fashion/
editorial,ijfmr.com,71.0,10529,True,2024-03-28,False,https://www.ijfmr.com/papers/2024/2/15845.pdf,https://3dlook.ai/content-hub/artificial-intelligence-in-fashion/,https://3dlook.ai/content-hub/artificial-intelligence-in-fashion/
editorial,futuroprossimo.it,53.0,10362,True,2020-10-03,False,https://www.futuroprossimo.it/2020/10/mobile-tailor-le-misure-del-corpo-si-prendono-a-distanza/,https://3dlook.ai/mobile-tailor/,3d Look.
editorial,speka.ua,62.0,10362,False,2025-09-03,False,https://speka.ua/news/yak-ukrayinske-it-perezilo-2022-rik-rozpovidayut-data-science-ua-3dlook-support-your-app-ta-aventures-capital-vzgo79,https://3dlook.ai/yourfit/,YourFit
editorial,marketscale.com,74.0,10266,True,2026-06-23,False,https://www.marketscale.com/industries/retail/reducing-returns-from-online-shopping-with-augmented-reality,https://3dlook.ai/,3D LOOK
editorial,utm.md,65.0,10243,True,2025-09-15,False,https://repository.utm.md/bitstream/handle/5014/5941/JES_2019_2_pg67_76.pdf?sequence=1&isAllowed=y,https://3dlook.ai/,http://www.3dlook.me
editorial,knutd.edu.ua,59.0,10041,True,2019-09-03,False,https://er.knutd.edu.ua/bitstream/123456789/13317/1/Pashkevych-K-JES-2019-2_pp-66-75.pdf,https://3dlook.ai/,
editorial,voluum.com,74.0,9910,True,2022-07-14,False,https://voluum.com/blog/ads-for-ecommerce-stores/,https://3dlook.ai/content-hub/virtual-dressing/,virtual dressing rooms
editorial,cahoot.ai,57.0,9865,True,2025-04-17,False,https://www.cahoot.ai/average-ecommerce-return-rate/,https://3dlook.ai/content-hub/apparel-return-rates-the-stats-retailers-cannot-ignore/,lower return rate
editorial,bezalel.ac.il,71.0,9813,True,2025-09-28,False,https://journal.bezalel.ac.il/v1/archive/4607,https://3dlook.ai/about-us/,https://3dlook.me/about_3dlook/
editorial,jimsformalwear.com,74.0,9670,True,2024-12-04,False,https://www.jimsformalwear.com/privacy,https://3dlook.ai/privacy-policy/,here
editorial,dropshipzone.com.au,62.0,9655,True,2025-03-05,False,https://www.dropshipzone.com.au/blog/is-dropshipping-worth-it-2025,https://3dlook.ai/content-hub/top-fitness-industry-trends/,"health, wellness, and home fitness products"
editorial,lectra.com,72.0,9559,True,2025-02-26,False,https://www.lectra.com/en/library/staying-curious-podcast-episode-015-the-intersection-of-body-image-fit-fashion-and,https://3dlook.ai/,Website
editorial,500.co,77.0,9538,True,2024-08-03,False,https://500.co/portfolio,https://3dlook.ai/,3D Look
editorial,nucamp.co,71.0,9531,True,2024-12-11,False,https://www.nucamp.co/blog/coding-bootcamp-portugal-prt-top-10-tech-companies-to-work-for-in-portugal-in-2025,https://3dlook.ai/content-hub/top-fitness-industry-trends/,the global fitness market is projected to hit $434.74 billion by 2028
editorial,inshe.tv,39.0,9516,False,2024-09-26,False,https://inshe.tv/suspilstvo/2021-02-27/595205/,https://3dlook.ai/,на сайте
editorial,dealaid.org,45.0,9437,True,2023-05-26,True,https://dealaid.org/data/ar-vr-shopping/,https://3dlook.ai/content-hub/case-study-how-1822-denim-reduced-returns-by-30/,3d Look
editorial,psm7.com,58.0,9245,False,2024-03-22,False,https://psm7.com/ru/business/didzhitalizacziya-sferi-modi-vklad-ukrayincziv-u-globalnij-trend.html,https://3dlook.ai/,3DLook
editorial,devby.io,64.0,9146,False,2022-03-02,False,https://devby.io/news/zubr-capital-3DLOOK,https://3dlook.ai/,3DLOOK
editorial,kiwisizing.com,75.0,9088,True,2021-07-21,False,https://kiwisizing.com/blog/6-top-sizing-solutions-create-size-charts-for-your-ecommerce-brand-to-reduce-returns/,https://3dlook.ai/,3DLOOK
editorial,trymintly.com,39.0,8953,True,2025-09-15,False,https://www.trymintly.com/blogs/how-to-use-virtual-try-on-technology-for-jewelry,https://3dlook.ai/content-hub/virtual-clothing-try-on/,"virtual try-on tools allow shoppers to see themselves wearing different outfits,"
editorial,ecommercefastlane.com,73.0,8824,True,2025-07-01,False,https://ecommercefastlane.com/zh-TW/%E6%9C%80%E4%BD%B3%E7%BE%8E%E5%A6%9D%E5%93%81%E7%89%8C%E8%88%87%E6%94%B9%E8%AE%8A%E6%99%82%E5%B0%9A%E7%9A%84%E4%BA%BA%E5%B7%A5%E6%99%BA%E6%85%A7%E6%8A%80%E8%A1%93/,https://3dlook.ai/,3D外觀
editorial,ijarsct.co.in,58.0,8692,True,2024-11-14,False,https://www.ijarsct.co.in/Paper22091.pdf,https://3dlook.ai/,https://3dlook.me
editorial,ibik.ac.id,50.0,8613,True,2024-07-26,False,https://jurnal.ibik.ac.id/index.php/jimkes/article/view/2704,https://3dlook.ai/content-hub/sustainable-fashion-trends/,https://3dlook.ai/content-hub/sustainable-fashion-trends-to-watch-in-2024/
editorial,mokahr.io,55.0,8372,False,2026-09-15,False,https://www.mokahr.io/myblog/fashion-retail-talent-acquisition-software-hiring-revolution/,https://3dlook.ai/content-hub/the-future-of-fashion-retail/,Image Source: 3dlook
editorial,techbox.sk,54.0,8172,True,2025-10-06,False,https://www.techbox.sk/rychle-spravy/201863,https://3dlook.ai/yourfit,SAIA
editorial,hromadske.radio,66.0,8084,False,2023-11-04,False,https://hromadske.radio/podcasts/my-ie-buly-y-budem-informatsiynyy-maraton/fabryka-z-seksualizatsii-zhinok-shcho-vidomo-pro-startap-iz-rozdiahannia-zhinok-na-fotohrafiiakh,https://3dlook.ai/,3DLOOK
editorial,ecommercenews.eu,76.0,8022,True,2021-03-18,False,https://ecommercenews.eu/ukrainian-startup-3dlook-raises-5-5-million-euros/,https://3dlook.ai/content-hub/3dlook-announces-6-5-million-series-a-round/,says
editorial,radial.com,73.0,7922,True,2024-08-21,False,https://www.radial.com/eur/insights/tech-takes-on-e-commerces-218-billion-returns-problem,https://3dlook.ai/,3DLOOK
editorial,youraverageguystyle.com,29.0,7635,True,2024-10-13,False,https://youraverageguystyle.com/lifestyle/how-to-use-digitisation-to-boost-your-fashion-brand/,https://3dlook.ai/content-hub/virtual-fitting-room-for-ecommerce/,virtual fitting rooms
editorial,zarla.com,63.0,7535,True,2024-07-04,False,https://www.zarla.com/guides/most-profitable-small-businesses,https://3dlook.ai/content-hub/top-fitness-industry-trends/,Estimated to be worth around $257 billion
editorial,tapscape.com,50.0,7523,True,2021-08-12,False,https://www.tapscape.com/managing-clothing-returns-how-to-reduce-customer-dissatisfaction-and-raise-profits/,https://3dlook.ai/blog/7-emerging-technologies-for-sustainable-fashion-production-in-2020/,fashion technologies
editorial,etichettanome.it,19.0,7521,True,2026-08-25,False,https://etichettanome.it/lab/settore-moda/sfide-moda/,https://3dlook.ai/content-hub/fashion-industry-challenges/,integrano la realtà aumentata nel percorso del cliente
editorial,shipperhq.com,64.0,7465,True,2021-04-28,False,https://blog.shipperhq.com/2021/04/apparel-shipping-101/,https://3dlook.ai/content-hub/apparel-return-rates-the-stats-retailers-cannot-ignore/,50% of all ecommerce returns
editorial,artdaily.com,76.0,7453,True,2022-01-15,False,https://artdaily.com/news/142927/How-Has-Technology-Affected-The-Fashion-Industry-,https://3dlook.ai/content-hub/7-sustainable-fashion-technologies/,fashion technologies
editorial,firework.com,78.0,7396,True,2025-07-31,False,https://firework.com/blog/increase-conversion-rates-footwear-brands,https://3dlook.ai/content-hub/average-conversion-rate-for-fashion-ecommerce/,2.2%
editorial,healthynexercise.com,16.0,7212,True,2020-11-12,True,https://healthynexercise.com/,https://3dlook.ai/,
editorial,clarkstonconsulting.com,62.0,7127,True,2025-06-20,False,https://clarkstonconsulting.com/insights/glp-1-impact-apparel-retailers/,https://3dlook.ai/content-hub/glp-1-market/,real-time data
editorial,elreferente.es,71.0,7044,True,2021-02-19,False,https://elreferente.es/innovadores/cinco-startups-optan-al-premio-startup-del-ano-del-4yfn/,https://3dlook.ai/,3DLOOK
editorial,moyens.net,59.0,6976,False,2022-04-24,False,https://www.moyens.net/tech/application-de-mesure-corporelle-comment-la-technologie-transforme-t-elle-lindustrie/,https://3dlook.ai/content-hub/e-guide-reduce-e-commerce-returns-old/,taux de retour des vêtements
editorial,authory.com,76.0,6905,False,2026-10-03,False,https://authory.com/ReidMcCarter/a/a0705c84c8f5b42c3bc261053151cbe74,https://3dlook.ai/,3DLOOK
editorial,subscribed.fyi,37.0,6724,True,2024-04-23,False,https://subscribed.fyi/blog/e-commerce-technology-industry-evolution-explored/,https://3dlook.ai/,3DLook
editorial,nathantailors.com,27.0,6649,False,2026-03-13,False,https://www.nathantailors.com/en/blog/how-to-measure-yourself-for-custom-suit,https://3dlook.ai/content-hub/apparel-return-rates-the-stats-retailers-cannot-ignore/,Apparel Return Rates: The Stats Retailers Cannot Ignore
editorial,hottg.com,29.0,6586,True,2026-08-23,False,https://www.hottg.com/trendoscope/a231.html,https://3dlook.ai/,3DLook
editorial,joinhampton.com,54.0,6306,True,2023-07-27,False,https://joinhampton.com/blog/solving-the-multi-billion-dollar-problem-of-clothing-returns,https://3dlook.ai/mobile-tailor/,Mobile Tailor
editorial,obviouslyapparel.com,18.0,6272,True,2024-03-07,False,https://obviouslyapparel.com/blogs/mens-underwear-blog/what-is-apparel,https://3dlook.ai/content-hub/top-11-fashion-technologies/,"3D printing, virtual reality fashion shows, and augmented reality shopping experiences"
editorial,investorshangout.com,71.0,6222,False,2022-05-15,False,https://investorshangout.com/post/view?id=6403208,https://3dlook.ai/content-hub/virtual-clothing-try-on/,https://3dlook.me/content-hub/virtual-clothing-try-on/
editorial,framer.app,82.0,6205,True,2025-01-18,False,https://long-stick-044663.framer.app/glossary/what-is-apparel-brand,https://3dlook.ai/content-hub/the-future-of-fashion-retail/,The Future of Fashion Retail
editorial,ijrar.org,64.0,6140,True,2026-09-23,False,https://www.ijrar.org/papers/IJRARTH00216.pdf,https://3dlook.ai/content-hub/fashion-industry-challenges/,https://3dlook.ai/content-hub/fashion-industry-challenges/
editorial,wunderlabel.fr,25.0,6101,True,2026-08-07,False,https://wunderlabel.fr/lab/industrie-mode/defis-mode/,https://3dlook.ai/content-hub/fashion-industry-challenges/,40 millions de tonnes de déchets textiles sont produits chaque année
editorial,rivo.io,77.0,6074,True,2026-03-18,False,https://www.rivo.io/blog/membership-programs-activewear,https://3dlook.ai/content-hub/fashion-ecommerce-in-2025/,$129
editorial,heuritech.com,67.0,5928,True,2024-07-18,False,https://heuritech.com/fashion-industry-digital-transformation-innovation/,https://3dlook.ai/content-hub/virtual-fitting-room-for-ecommerce/,virtual fitting rooms
editorial,aithority.com,79.0,5867,True,2021-11-24,False,https://aithority.com/vision/unisync-incorporates-3dlook-fit-and-sizing-technology-to-introduce-unique-uniform-fitting-experience/,https://3dlook.ai/,3DLOOK
editorial,pimberly.com,62.0,5771,True,2023-07-13,False,https://pimberly.com/resources/checklist-fashion-product-pages/,https://3dlook.ai/,3DLook
editorial,rtbhouse.com,81.0,5687,False,2024-11-20,False,https://www.rtbhouse.com/blog/an-ensemble-to-die-for-mastering-omnichannel-in-fashion-retail,https://3dlook.ai/content-hub/e-guide-leveraging-personalization-fashion-retail/,50% of all purchases are driven by personalization
editorial,ktvh.com,70.0,5590,True,2026-09-24,False,https://www.ktvh.com/you-can-now-virtually-try-on-shirts-with-google-shopping,https://3dlook.ai/content-hub/virtual-clothing-try-on/,to help reduce
editorial,retailtouchpoints.com,83.0,5537,True,2026-03-03,False,https://www.retailtouchpoints.com/features/ta3-swim-lowers-return-rates-47-with-virtual-fitting-room-tech/123360/,https://3dlook.ai/,3DLOOK
editorial,newyorkstyleguide.com,57.0,5526,True,2023-10-31,False,https://newyorkstyleguide.com/sustainable-fashion-main-principles/,https://3dlook.ai/content-hub/sustainable-fashion-trends-to-watch-in-2023/,sustainable fashion trends
editorial,studyactive.co.uk,51.0,5398,True,2025-07-11,False,https://studyactive.co.uk/blogs/news/how-ai-is-disrupting-personal-training-and-why-human-skills-still-matter,https://3dlook.ai/,Top AI Trends in Fitness for 2025 – 3DLOOK
editorial,trans4mind.com,70.0,5383,True,2021-09-09,False,https://trans4mind.com/counterpoint/index-internet/top-return-prevention-strategies-ecommerce.html,https://3dlook.ai/blog/virtual-dressing/,3D dressing room
editorial,steno.fm,43.0,5321,True,2026-06-20,False,https://www.steno.fm/show/ffdca7ae-35f0-5587-ba26-72cfac056bf9/episode/NGY2M2FmZWQtODM1NS00Y2FmLThmNWMtYzU5N2Y3MDcyMjZk,https://3dlook.ai/,3D Look
editorial,civicscience.com,77.0,5313,True,2021-07-28,False,https://civicscience.com/retailers-play-dress-up-with-new-technology-for-consumers-post-shop-and-return-spree/,https://3dlook.ai/press-and-media/,3DLOOK
editorial,codingcops.com,50.0,5243,True,2026-08-20,False,https://codingcops.com/ai-personalization-social-commerce/,https://3dlook.ai/content-hub/apparel-return-rates-the-stats-retailers-cannot-ignore/,3DLOOK apparel return statistics
editorial,h-profit.com,45.0,5235,True,2022-08-01,False,https://h-profit.com/blog/zrobleno-v-ukraini-dobirka-saas-servisiv-dlya-biznesu/,https://3dlook.ai/,3DLOOK
editorial,retailwire.com,78.0,5144,True,2023-06-04,False,https://retailwire.com/discussion/was-kiziks-digital-first-shoe-brand-made-for-brick-mortar-stores/,https://3dlook.ai/content-hub/apparel-return-rates-the-stats-retailers-cannot-ignore/,lose far more on returns
editorial,yespress.io,31.0,5136,True,2026-10-03,False,https://yespress.io/3dlook,https://3dlook.ai/pricing/,Plans & pricing ↗
editorial,onlineclothingstudy.com,53.0,5065,True,2026-08-28,False,https://onlineclothingstudy.com/3dlook-launches-first-self-service/,https://3dlook.ai/,3DLOOK
editorial,artdaily.cc,72.0,5001,True,2022-01-15,False,https://artdaily.cc/news/142927/How-Has-Technology-Affected-The-Fashion-Industry-,https://3dlook.ai/content-hub/7-sustainable-fashion-technologies/,fashion technologies
editorial,mittrarabia.com,43.0,4932,True,2024-11-06,False,https://mittrarabia.com/%D9%85%D8%A7-%D8%A7%D9%84%D8%B0%D9%8A-%D9%8A%D9%85%D9%83%D9%86%D9%83-%D9%81%D8%B9%D9%84%D9%87-%D9%81%D9%8A-%D8%B9%D9%88%D8%A7%D9%84%D9%85-%D8%A7%D9%84%D9%85%D9%8A%D8%AA%D8%A7%D9%81%D9%8A%D8%B1%D8%B3/,https://3dlook.ai/content-hub/virtual-clothing-try-on/,وتجربة المنتجات مثل الملابس قبل شرائها
editorial,shop-express.ua,78.0,4932,False,2026-01-30,False,https://shop-express.ua/ukr/blog/virtual-dressing-room/,https://3dlook.ai/,стартап 3DLOOK
editorial,thebridge.jp,75.0,4885,True,2018-09-21,False,https://thebridge.jp/2018/08/3d-body-scan-era,https://3dlook.ai/,3DLOOK
editorial,fujilogi.net,40.0,4673,True,2023-02-09,False,https://fujilogi.net/blogs/voice/fujilogi-voice-147,https://3dlook.ai/,3DLOOK
editorial,blus.com,26.0,4643,True,2024-08-03,False,https://www.blus.com/blogs/best-from-insiders/top-7-veronica-beard-jeans-to-wear-in-2024,https://3dlook.ai/content-hub/virtual-clothing-try-on/,virtual clothing try-on technology
editorial,rapidnative.com,58.0,4618,True,2026-05-10,False,https://www.rapidnative.com/blogs/ai-fitness-apps,https://3dlook.ai/content-hub/ai-in-fitness-industry/,3DLOOK's overview of AI in fitness
editorial,techbooky.com,58.0,4514,True,2022-03-17,False,https://www.techbooky.com/augmented-fashion-reality-the-next-ecommerce-trend/,https://3dlook.ai/content-hub/fashion-ecommerce-trends/,fashion eCommerce trends
editorial,thebrighterside.news,62.0,4508,True,2024-09-28,False,https://www.thebrighterside.news/ai/3d-body-scanner-breakthrough-uses-ai-to-predict-metabolic-risk/,https://3dlook.ai/,3DLook
editorial,officieldelafranchise.fr,60.0,4462,True,2025-08-06,False,https://officieldelafranchise.fr/vivatech-2019-7-technos-qui-pourraient-revolutionner-le-retail/,https://3dlook.ai/,3D Look
editorial,fashinnovation.nyc,56.0,4378,True,2022-04-28,False,https://fashinnovation.nyc/watch/fashion-is-aligning-social-values-purpose-and-business-strategies/,https://3dlook.ai/content-hub/fashion-industry-challenges/,", 42% of professionals say the industry does not prioritize diversity and inclusion"
editorial,retailtechinnovationhub.com,74.0,4284,True,2020-11-26,False,https://retailtechinnovationhub.com/home/2020/11/25/rtih-awards-celebrate-innovative-global-retail-tech-vendors,https://3dlook.ai/,3DLOOK
editorial,cartwrightfitness.co.uk,32.0,4264,True,2025-12-05,False,https://www.cartwrightfitness.co.uk/body-composition-measurement-techniques/,https://3dlook.ai/content-hub/the-evolution-of-body-measuring/,the evolution of body measuring
editorial,thebossmagazine.com,73.0,4052,True,2025-08-17,False,https://thebossmagazine.com/post/shopping-virtual-try-ons-3d-body-scanning/,https://3dlook.ai/,3DLook
editorial,cropink.com,75.0,4040,False,2025-11-19,False,https://cropink.com/clothing-store-ads,https://3dlook.ai/content-hub/average-conversion-rate-for-fashion-ecommerce/,The Average Conversion Rate for Fashion eCommerce
editorial,bgfashion.net,52.0,3946,True,2020-11-17,False,https://made-to-measure-suits.bgfashion.net/article/17319/60/Mobile-Tailor-self-service-solution-helps-made-to-measure-businesses-in-contactless-body-measuring,https://3dlook.ai/content-hub/top-3-ways-for-made-to-measure-businesses-to-thrive-in-a-covid-world/,3DLOOK
editorial,ocasta.com,38.0,3942,True,2025-05-19,False,https://ocasta.com/blog/top-challenges-for-lingerie-stores-in-2023/,https://3dlook.ai/content-hub/fashion-industry-challenges/,70% of emissions
editorial,bask.health,51.0,3932,True,2024-11-20,False,https://bask.health/blog/artificial-intelligence-in-telehealth,https://3dlook.ai/content-hub/the-potential-of-ai-in-telehealth/,exceptional efficiency in stroke detection
editorial,techpacker.com,55.0,3889,True,2022-09-06,False,https://techpacker.com/blog/design/how-fashion-brands-are-taking-advantage-of-nfts/,https://3dlook.ai/content-hub/metaverse-fashion/,metaverse
editorial,netpeak.us,59.0,3870,True,2025-10-28,False,https://netpeak.us/blog/from-generic-to-iconic-100-statistics-on-amazon-marketing-for-fashion-brands/,https://3dlook.ai/content-hub/true-cost-apparel-returns-data-rising-return-rates/,return rate of 24.4%
editorial,site.ua,48.0,3819,False,2021-08-05,False,https://site.ua/nataliia.nikitiuk/bolse-ne-autsors-spisok-100-produktovyx-kompanii-ukrainy-iy3egpq,https://3dlook.ai/,3DLOOK
editorial,palanar.com,51.0,3564,True,2025-08-30,False,https://webar-lab.palanar.com/column/virtual-try-on/,https://3dlook.ai/,3DLOOK
editorial,startus-insights.com,77.0,3534,True,2021-07-23,False,https://www.startus-insights.com/innovators-guide/discover-5-top-startups-advancing-body-positivity/,https://3dlook.ai/technology/,3DLOOK
editorial,eis.ee,75.0,3461,True,2026-09-17,False,https://eis.ee/wp-content/uploads/2023/12/personaliseeritud_masstootmine_aruanne.pdf,https://3dlook.ai/,https://3dlook.ai/
editorial,softwr.com,8.0,3421,False,2026-08-24,False,https://www.softwr.com/compare/3dlook-vs-clo-3d,https://3dlook.ai/pricing/,Source
editorial,tydewellness.com,6.0,3389,False,2025-08-13,False,https://www.tydewellness.com/learn/10-key-metformin-side-effects-every-woman-should-know/,https://3dlook.ai/content-hub/weight-loss-industry-overview/,significant weight loss
editorial,deadlinenews.co.uk,65.0,3359,True,2022-06-08,False,https://www.deadlinenews.co.uk/2022/06/08/are-virtual-fitting-rooms-worth-the-hype/,https://3dlook.ai/content-hub/ar-clothing-try-on-tools/,AR try on clothes
editorial,tcdcmaterial.com,33.0,3356,True,2023-11-03,False,https://www.tcdcmaterial.com/th/article/technology-innovation/34198,https://3dlook.ai/content-hub/how-to-impelement-ar-in-fashion/,Augmented reality and fashion: The perfect fit?
editorial,corso.com,68.0,3320,True,2026-03-25,False,https://www.corso.com/post-purchase-resource-center/product-protection-plans-by-merchandise-category,https://3dlook.ai/content-hub/apparel-return-rates-the-stats-retailers-cannot-ignore/,24% for online orders
editorial,voguefashioninstitute.com,31.0,3301,True,2024-03-22,False,https://www.voguefashioninstitute.com/artificial-intelligence-in-the-fashion-industry/,https://3dlook.ai/content-hub/artificial-intelligence-in-fashion/,AI in the fashion
editorial,information-age.com,79.0,3273,True,2022-11-27,False,https://www.information-age.com/shortlist-announced-for-women-in-it-awards-usa-2022-20037/,https://3dlook.ai/,3DLOOK
editorial,littlebansi.com,11.0,3165,True,2026-08-08,False,https://www.littlebansi.com/blogs/fabrics-crafts/mirror-work-safe-light-kids-lehenga,https://3dlook.ai/content-hub/true-cost-apparel-returns-data-rising-return-rates/,size and fit drive the majority of them
editorial,highload.tech,45.0,3064,False,2025-01-30,False,https://highload.tech/uk/top-100-it-kompaniyi-yaki-najbilshe-dbayut-pro-ukrayintsiv-ta-ukrayinu/,https://3dlook.ai/,Website
editorial,theodo.com,71.0,3018,True,2026-01-22,False,https://www.theodo.com/blog/tendances-tech-et-innovations-dans-la-mode-et-le-luxe,https://3dlook.ai/,3D Look
editorial,kingy.ai,57.0,3017,True,2026-07-09,False,https://kingy.ai/news/harnessing-ai-and-llms-for-a-healthier-life-transforming-fitness-nutrition-mental-well-being-sleep-and-chronic-disease-management/,https://3dlook.ai/content-hub/ai-in-fitness-industry/,Fitbit
editorial,culturepartnership.eu,49.0,2938,True,2025-03-19,False,https://www.culturepartnership.eu/en/article/app-helps-fashion-brands-reduce-returns-by-30-while-increasing-conversions-by-4x,https://3dlook.ai/,3DLOOK
editorial,cindrebay.com,26.0,2888,True,2024-08-15,False,https://blog.cindrebay.com/fashion-meets-ai-a-new-era-of-design-and-retail/,https://3dlook.ai/content-hub/artificial-intelligence-in-fashion/,https://3dlook.ai/content-hub/artificial-intelligence-in-fashion/
editorial,dynamicbusiness.com,72.0,2816,False,2025-07-15,False,https://dynamicbusiness.com/ai-tools/aihot100-44-3dlook-ai-powered-body-scanning-solutions.html,https://3dlook.ai/,3dlook.ai
editorial,shipyaari.com,55.0,2766,True,2024-07-17,False,https://www.shipyaari.com/blogs/the-latest-fashion-e-commerce-trends-dominating-2024/,https://3dlook.ai/content-hub/leveraging-personalization,80%
editorial,strackr.com,50.0,2735,True,2025-04-03,False,https://strackr.com/blog/weight-loss-affiliate-programs,https://3dlook.ai/content-hub/weight-loss-industry-overview/,$257 billion by 2025 and $434.74 billion by 2028
editorial,diznew.com,29.0,2731,True,2025-08-24,False,https://www.diznew.com/blog/Can-Anyone-Help-Me-Create-a-Jean-Tech-Pack-An-Expert-Guide-for-Designers-Brands_b10793,https://3dlook.ai/content-hub/body-scanning-technology-for-apparel/,3D body scan
editorial,browzwear.com,64.0,2710,True,2023-09-02,False,https://browzwear.com/zh-cn/partners/3dlook,https://3dlook.ai/,Learn more
editorial,centra.com,61.0,2688,True,2023-03-10,False,https://centra.com/news/conntected-stores,https://3dlook.ai/content-hub/how-to-reduce-returns-in-ecommerce/,and the rate can be as high as 50% in some apparel markets
editorial,ijalr.in,30.0,2668,True,2025-08-26,False,https://ijalr.in/wp-content/uploads/2025/08/NEW_Empowering-the-Sustainable-Fashion.pdf,https://3dlook.ai/content-hub/7-sustainable-fashion-technologies/,https://3dlook.ai/content-hub/7-sustainable-fashion-technologies/
editorial,incentfit.com,52.0,2650,True,2025-01-16,False,https://incentfit.com/wellness-word/oura-ring-vs-apple-watch/,https://3dlook.ai/content-hub/top-fitness-industry-trends/,$114.3 billion by 2028
editorial,luxurylifestyle.com,44.0,2573,True,2026-02-25,False,https://luxurylifestyle.com/headlines/5-tips-for-sourcing-high-end-fashion-with-inclusive-couture.html,https://3dlook.ai/content-hub/body-measurement-app-for-clothing/,body measurement app for clothing
editorial,ukrrudprom.ua,46.0,2536,False,2025-03-31,False,https://ukrrudprom.ua/news/Lyubimaya_investkompaniya_Petra_Poroshenko_raskrila_portfel_svoi.html,https://3dlook.ai/,3D Look
editorial,bodly.app,22.0,2532,True,2025-05-09,False,https://bodly.app/blog/10-tips-for-effective-body-tracking-with-bodly,https://3dlook.ai/content-hub/the-enormous-impact-of-daily-physiological-changes-on-the-accuracy-of-our-body-measurements,[7]
editorial,cbi.eu,76.0,2505,True,2022-10-20,False,https://www.cbi.eu/news/how-can-apparel-market-take-steps-towards-more-inclusivity,https://3dlook.ai/content-hub/inclusivity-in-fashion/,60% of all US shoppers
editorial,zigzag.global,68.0,2498,True,2026-02-18,False,https://www.zigzag.global/blogs/how-zigzag-helps-you-transform-your-returns-with-happy-returns-returns-bar,https://3dlook.ai/content-hub/apparel-return-rates-the-stats-retailers-cannot-ignore/,regularly sit above 20%.
editorial,wunderlabel.se,13.0,2496,True,2026-08-05,False,https://wunderlabel.se/lab/modebranschen/utmaningar-modebranschen/,https://3dlook.ai/content-hub/fashion-industry-challenges/,virtuella provningar och minska returer med upp till 40 procent
editorial,wunderlabel.es,16.0,2496,True,2026-08-07,False,https://wunderlabel.es/lab/industria-moda/retos-moda/,https://3dlook.ai/content-hub/fashion-industry-challenges/,integren la realidad aumentada en el recorrido del cliente
editorial,tech.eu,80.0,2485,True,2022-02-10,False,https://tech.eu/2018/07/17/ukrainian-founded-body-scanning-startup-3dlook-raises-1-million/,https://3dlook.ai/,3DLOOK
editorial,style3d.ai,49.0,2446,False,2026-01-28,False,https://www.style3d.ai/blog/which-are-the-best-virtual-clothing-plugins-for-shopify-stores/,https://3dlook.ai/content-hub/average-product-return-rate-in-fashion-ecommerce/?ref=style3d.ai,https://3dlook.ai/content-hub/average-product-return-rate-in-fashion-ecommerce/
editorial,mediacat.uk,62.0,2382,True,2024-12-23,False,https://mediacat.uk/code-to-couture/,https://3dlook.ai/content-hub/body-scanning-technology-for-apparel/,3DLOOK
editorial,theai.tw,12.0,2359,False,2026-08-30,False,https://www.theai.tw/id/tools/3dlook,https://3dlook.ai/,Kunjungi Situs ↗
editorial,opensend.com,71.0,2329,True,2025-04-20,False,https://www.opensend.com/post/average-order-value-ecommerce,https://3dlook.ai/content-hub/fashion-ecommerce-in-2025/,average spending per customer
editorial,designnominees.com,72.0,2264,True,2022-02-01,False,https://www.designnominees.com/blog/ar-for-ecommerce-does-it-make-sense,https://3dlook.ai/content-hub/ar-clothing-try-on-tools/,learn more
editorial,shanghaigarment.com,31.0,2211,True,2025-04-15,False,https://shanghaigarment.com/what-is-the-fashion-industry/,https://3dlook.ai/content-hub/fashion-industry-challenges/,garment industry
editorial,glarity.app,54.0,2208,False,2026-02-27,False,https://askai.glarity.app/search/How-can-someone-go-from-being-obese-to-achieving-visible-abs,https://3dlook.ai/content-hub/visible-abs-myths-measurable-outcomes-ai-driven-3d-body-scanning/,[7
editorial,ghpnews.digital,72.0,2204,True,2025-02-12,False,https://ghpnews.digital/relationship-experts-reveals-why-you-should-go-on-that-date-with-your-run-club-crush/,https://3dlook.ai/content-hub/top-fitness-industry-trends/,7.5% annually
editorial,data-science-ua.com,43.0,2195,True,2020-08-22,False,https://data-science-ua.com/ru/rekruting/,https://3dlook.ai/,
editorial,joy.so,62.0,2189,False,2026-02-16,False,https://joy.so/blog/fashion-loyalty-program/,https://3dlook.ai/content-hub/apparel-return-rates-the-stats-retailers-cannot-ignore/,30-40%
editorial,bettertechtips.com,42.0,2158,True,2022-01-16,False,https://www.bettertechtips.com/internet/how-can-ar-be-used-in-retail/,https://3dlook.ai/content-hub/how-to-impelement-ar-in-fashion/,AR in fashion retail
editorial,blubrry.com,85.0,2144,True,2019-02-25,False,https://feeds.blubrry.com/feeds/getwitit.xml,https://3dlook.ai/,3dlook.me
editorial,texintel.com,49.0,2139,True,2021-09-07,False,https://www.texintel.com/press-room/3dlook-invites-students-and-universitieis-as-it-shares-free-access-to-its-mobile-body-measuring-solutions-with-fashion-schools,https://3dlook.ai/mobile-tailor/,Mobile Tailor
editorial,cloudflight.io,71.0,2136,True,2024-11-03,False,https://www.cloudflight.io/en/blog/startling-business-models-that-change-fashion-ecommerce/,https://3dlook.ai/,3dlook.me
editorial,fueradefoco.com.mx,30.0,2095,True,2025-10-09,False,https://www.fueradefoco.com.mx/noticias/succession-bolso-burberry/,https://3dlook.ai/,3DLOOK.
editorial,cleardata.com,60.0,2088,True,2025-09-18,False,https://cspm.cleardata.com/cleardata-blog/blog/the-benefits-of-ai-in-healthcare,https://3dlook.ai/content-hub/the-potential-of-ai-in-telehealth/,have seen enhancements in their ability to treat diseases effectively
editorial,firstresort.in,34.0,2075,True,2026-08-19,False,https://www.firstresort.in/blogs/research/fashion-ecommerce-returns-rto-india-2026,https://3dlook.ai/content-hub/true-cost-apparel-returns-data-rising-return-rates/,View source
editorial,kxlh.com,57.0,2008,True,2026-10-05,False,https://www.kxlh.com/you-can-now-virtually-try-on-shirts-with-google-shopping,https://3dlook.ai/content-hub/virtual-clothing-try-on/,to help reduce
editorial,pod.co,77.0,1993,True,2025-05-09,False,https://pod.co/entrepreneurial-excellence/why-immigrant-founders-build-billion-dollar-companies-with-vadim-rogovskiy,https://3dlook.ai/,3dlook.me
editorial,premierevision.com,74.0,1982,True,2025-03-17,False,https://www.premierevision.com/fr/articles/64e9bb4c-78fa-ef11-90cb-00224888722c/la-question-eco-les-avatars-peuvent-ils-aider-une-demarche-d-eco-responsabilite-,https://3dlook.ai/,3D Look
editorial,h5mag.com,72.0,1946,True,2025-01-20,False,https://retailtoday.h5mag.com/the_state_of_the_apparel_and_fashion_industry_2023/3dlook,https://3dlook.ai/,
editorial,seotools.jp,67.0,1926,False,2026-08-09,False,https://seotools.jp/news/id_000000007.000129340.html,https://3dlook.ai/content-hub/country-vogue-boutique-3dlook-case-study/,https://3dlook.ai/content-hub/country-vogue-boutique-3dlook-case-study/
editorial,tely.ai,36.0,1913,False,2026-03-16,False,https://examples.tely.ai/fitness-sports/10-ways-3-d-body-scanning-in-orlando-enhances-your-fitness-journey/,https://3dlook.ai/content-hub/3d-body-scanning/?ref=examples.tely.ai,integration of 3D body scanning
editorial,ranisonline.co.uk,19.0,1885,True,2023-11-04,False,https://ranisonline.co.uk/blogs/news/fashion-entrepreneurship-key-success-factors-and-challenges-for-emerging-designers,https://3dlook.ai/content-hub/fashion-industry-challenges/,"The fashion industry constantly witnesses new trends, and entrepreneurs strive to introduce these to the market"
editorial,sunrisegeek.com,28.0,1876,False,2024-11-06,False,https://www.sunrisegeek.com/most-successful-startups,http://3dlook.ai/,3DLOOK
editorial,bizplanr.ai,64.0,1861,False,2025-02-18,False,https://bizplanr.ai/blog/fashion-industry-statistics,https://3dlook.ai/content-hub/fashion-ecommerce-in-2025/,Source
editorial,bodyarmornews.com,47.0,1860,True,2026-05-08,False,https://bodyarmornews.com/3dlook-safariland-expand-xpertfit-revolutionary-sizing-technology-for-tactical-armor/,https://3dlook.ai/,https://3dlook.ai/
editorial,malemodelscene.net,52.0,1826,True,2023-12-07,False,https://www.malemodelscene.net/menswear/men-clothes-simple-guide/,https://3dlook.ai/mobile-tailor/,AI body measurement
editorial,wunderlabel.jp,16.0,1782,True,2026-08-25,False,https://wunderlabel.jp/lab/fashion-industry/challenges-fashion-industry/,https://3dlook.ai/content-hub/fashion-industry-challenges/,バーチャル試着を実現し、返品を最大40パーセント削減できる
editorial,wittysparks.com,54.0,1773,True,2025-03-18,False,https://wittysparks.com/ai-image-analysis-models-body-measurement/,https://3dlook.ai/,3D Look API
editorial,closedlooppartners.com,72.0,1762,True,2024-09-17,False,https://www.closedlooppartners.com/how-the-apparel-industry-is-challenging-us-to-think-again-on-circularity/,https://3dlook.ai/content-hub/apparel-return-rates-the-stats-retailers-cannot-ignore/,https://3dlook.ai/content-hub/apparel-return-rates-the-stats-retailers-cannot-ignore/
editorial,huntinglife.com,52.0,1745,True,2021-05-11,False,https://huntinglife.com/safariland-and-flying-cross-launch-breakthrough-virtual-sizing-technology-for-body-armor-and-uniforms/,https://3dlook.ai/,3DLOOK
editorial,returnprime.com,57.0,1722,True,2026-05-15,False,https://www.returnprime.com/blog/10-pre-summer-fixes-to-reduce-return-rates-for-fashion-brands-on-shopify,https://3dlook.ai/content-hub/apparel-return-rates-the-stats-retailers-cannot-ignore/,"Approximately 48% of online shoppers engage in bracketing, buying multiple sizes when sizing is unclear"
editorial,thinkwithniche.com,35.0,1702,True,2023-12-20,False,https://www.thinkwithniche.com/blogs/details/how-fashion-contributes-to-video-games-industry,https://3dlook.ai/content-hub/artificial-intelligence-in-fashion/,AI-powered customization
editorial,powerretail.com.au,68.0,1683,True,2023-07-29,False,https://powerretail.com.au/fashion-retails-future-reliant-on-virtual-solutions/,https://3dlook.ai/content-hub/case-study-ta3-swim/,Our partnership with TA3 SWIM
editorial,style3d.com,69.0,1682,False,2026-05-18,False,https://www.style3d.com/blog/can-3d-assets-revolutionize-activewear-omnichannel-marketing-campaigns/,https://3dlook.ai/content-hub/virtual-clothing-try-on/,3DLOOK: Virtual Try-on for Clothing: The Future of Fashion?
editorial,mytotalretail.com,78.0,1634,True,2021-01-27,False,https://www.mytotalretail.com/article/how-new-tech-is-transforming-the-retail-supply-chain/,https://3dlook.ai/,3DLOOK
editorial,nachasi.com,47.0,1619,True,2023-06-20,False,https://nachasi.com/tech/2019/07/08/3dlook/,https://3dlook.ai/,3DLOOK
editorial,drivemebaby.hu,29.0,1578,True,2020-10-17,False,https://drivemebaby.hu/a-ruhavasarlas-jovoje-a-meretkalkulatortol-a-mesterseges-intelligenciaig/3/,https://3dlook.ai/3dlook-technology/?fbclid=IwAR2ILJOEtot5UTa2GapPgUHMkbI1xZOW7rYaM4ol6TYmXIGOSt6a-ynN6yE,3DLOOK
editorial,stylitics.com,51.0,1545,True,2026-05-27,False,https://stylitics.com/resources/blog/why-ai-generated-imagery-reduces-returns/,https://3dlook.ai/content-hub/apparel-return-rates-the-stats-retailers-cannot-ignore/,3DLOOK / Coresight
editorial,trove.com,68.0,1531,True,2024-11-23,False,https://trove.com/resources/3-ways-trove-recommerce-supports-holiday-returns-for-brands/,https://3dlook.ai/content-hub/apparel-return-rates-the-stats-retailers-cannot-ignore/,apparel
editorial,technofaq.org,55.0,1519,True,2021-08-17,False,https://technofaq.org/posts/2021/08/7-environmentally-friendly-technologies-of-fashion-production-that-come-to-light/,https://3dlook.ai/content-hub/virtual-clothing-try-on/,virtual try on clothes
editorial,camclo3d.com,5.0,1473,True,2026-08-23,False,https://camclo3d.com/blog/what-is-ai-model-swap-complete-guide-2026,https://3dlook.ai/content-hub/average-conversion-rate-for-fashion-ecommerce/,Average conversion rate for fashion ecommerce
editorial,savyagency.com,54.0,1434,True,2023-09-06,False,https://savyagency.com/interactive-content/,https://3dlook.ai/content-hub/virtual-clothing-try-on/,"conversions, and reduce the number of returns"
editorial,healthcareaiguy.com,28.0,1411,True,2024-05-19,False,https://www.healthcareaiguy.com/p/healthcareaiguyweeklynewsletter4-16,https://3dlook.ai/,link
editorial,joinminimal.com,9.0,1403,False,2025-07-25,False,https://joinminimal.com/weight-loss-medications-explained/4-steps-to-get-your-glp-1-prescription-online-safely,https://3dlook.ai/content-hub/weight-loss-industry-overview,achieve your weight loss goals
editorial,thgingenuity.com,59.0,1401,True,2023-08-18,False,https://www.thgingenuity.com/resources/blog/circular-fashion-exploring-the-future-of-sustainable-business,https://3dlook.ai/content-hub/how-to-make-sustainable-fashion/,40% of buyers
editorial,ticketscandy.com,73.0,1368,True,2024-08-10,False,https://blog.ticketscandy.com/event-experience-with-augmented-reality/,https://3dlook.ai/content-hub/ar-clothing-try-on-tools/,AR clothing try-on tools
editorial,abcseams.com,23.0,1339,True,2025-03-13,False,https://abcseams.com/garment-returns-causes-and-how-to-avoid-them/,https://3dlook.ai/content-hub/apparel-return-rates-the-stats-retailers-cannot-ignore/,https://3dlook.ai/content-hub/apparel-return-rates-the-stats-retailers-cannot-ignore/
editorial,almondcoupons.com,52.0,1318,True,2024-10-12,False,https://www.almondcoupons.com/guides/fashion-industry-statistics-trends,https://3dlook.ai/content-hub/fashion-ecommerce-in-2025/,3dlook
editorial,trademagazin.hu,60.0,1288,True,2022-01-18,False,https://trademagazin.hu/hu/ot-terulet-ahol-robbanhat-a-vr-ar-a-kovetkezo-evekben/,https://3dlook.ai/content-hub/virtual-dressing/,lemodellezni a testalkatunkat
editorial,go-globe.com,73.0,1279,True,2023-03-26,False,https://www.go-globe.com/shopping-apps-usage-statistics-and-trends-infographic/,https://3dlook.ai/content-hub/fashion-ecommerce-in-2025/,3dlook
editorial,emerj.com,75.0,1278,True,2024-11-10,False,https://emerj.com/recommendation-engines-for-fashion-6-current-applications/,https://3dlook.ai/saia/,(SAIA) Perfect Fit
editorial,soup.io,72.0,1253,True,2021-12-14,False,https://www.soup.io/top-proven-ecommerce-conversion-hacks,https://3dlook.ai/content-hub/ecommerce-conversion-hacks/,eCommerce conversion hacks
editorial,bluecherry.com,63.0,1222,False,2025-06-18,False,https://bluecherry.com/en/blog/4-pathways-to-build-your-sustainability-value-proposition,https://3dlook.ai/,3DLOOK
editorial,shoplazza.cn,54.0,1217,True,2026-09-08,False,https://www.shoplazza.cn/blog/tips-to-improve-cloth-profit,https://3dlook.ai/content-hub/true-cost-apparel-returns-data-rising-return-rates/,Coresight Research 的调研显示
editorial,futurecommerce.com,60.0,1210,True,2023-04-15,False,https://www.futurecommerce.com/podcasts/shop-org-2018-innovation-lab,https://3dlook.ai/,3D Look
editorial,ukrrudprom.com,41.0,1158,True,2022-09-09,False,https://ukrrudprom.com/news/Lyubimaya_investkompaniya_Petra_Poroshenko_raskrila_portfel_svoi.html?print,https://3dlook.ai/,3D Look
editorial,gradientexperience.com,56.0,1156,True,2024-06-15,False,https://www.gradientexperience.com/insights/ar-is-everywhere-you-just-have-to-look,https://3dlook.ai/content-hub/ar-clothing-try-on-tools/,retail.
editorial,techstorym2m.hu,7.0,1113,True,2023-02-07,False,https://www.techstorym2m.hu/a-kovetkezo-evtizedben-osszeolvad-a-fizikai-es-a-virtualis-valosag.html,https://3dlook.ai/content-hub/virtual-dressing/,lemodellezni a testalkatunkat
editorial,gladpet.org,27.0,1090,False,2017-10-27,False,https://gladpet.org/,https://3dlook.ai/,3DLOOK
editorial,mannpublications.com,65.0,1063,True,2019-04-06,False,https://www.mannpublications.com/fashionmannuscript/2019/04/01/lvmh-announces-innovation-award-finalists/,https://3dlook.ai/,3DLook
editorial,seamly.io,31.0,1062,True,2023-12-22,False,https://seamly.io/how-seamly-and-mobile-tailor-are-redefining-fashion-design/,https://3dlook.ai/pricing/,3DLOOK’s Mobile Tailor
editorial,theappnote.de,0.6,1053,True,2026-03-06,False,https://www.theappnote.de/blog/retourenkosten-senken-mit-size-fit-finder-apps,https://3dlook.ai/mobile-tailor/,3dlook.ai
editorial,geti.cl,13.0,1049,True,2025-09-10,False,https://geti.cl/blog/post/mas-de-20-estadisticas-y-datos-sobre-el-retail-moda,https://3dlook.ai/content-hub/fashion-ecommerce-in-2025/,The Retailer’s Guide to Fashion eCommerce in 2025
editorial,budgetsavvydiva.com,50.0,1031,True,2024-03-22,False,https://www.budgetsavvydiva.com/2024/03/exploring-the-impact-of-3d-body-scanners-on-tailoring-and-fashion-design/,http://3dlook.ai/mobile-tailor/,3D body scanners for tailoring
editorial,muszaki-magazin.hu,40.0,1025,True,2022-01-23,False,https://www.muszaki-magazin.hu/2022/01/23/virtualis-valosag-osszeolvad/,https://3dlook.ai/content-hub/virtual-dressing/,lemodellezni a testalkatunkat
editorial,itcluster.lviv.ua,58.0,1025,True,2026-09-26,False,https://itcluster.lviv.ua/en/itid/30-brightest-ukrainian-startups/,https://3dlook.ai/,3DLook
editorial,lightningstep.com,40.0,1021,True,2025-08-28,False,https://www.lightningstep.com/blog/substance-abuse-software-tech-that-reshapes-treatment,https://3dlook.ai/content-hub/the-potential-of-ai-in-telehealth/,AI's potential in the future is expected to allow real-time tracking of patient vitals and alert healthcare providers to potential health issues befor
editorial,stax.com,46.0,1000,False,2024-02-27,False,https://www.stax.com/insights/beyond-the-catwalk-a-closer-look-at-ais-impact-on-fashion-trends,https://3dlook.ai/content-hub/artificial-intelligence-in-fashion/,Artificial Intelligence in Fashion: Reshaping the Entire Industry
editorial,dcjournal.com,66.0,995,True,2026-10-07,False,https://dcjournal.com/ais-impending-war-on-disability/,https://3dlook.ai/content-hub/ai-in-fitness-industry/,daily movement
editorial,wsorlaw.com,6.0,959,True,2026-09-05,False,https://www.wsorlaw.com/blog/have-you-experienced-serious-side-effects-from-ozempic,https://3dlook.ai/content-hub/weight-loss-industry-overview/,$90 billion
editorial,developerbazaar.com,49.0,957,False,2025-09-02,False,https://developerbazaar.com/cost-to-develop-a-fitness-app/,https://3dlook.ai/content-hub/ai-in-fitness-industry/,3DLook
editorial,imcgrupo.com,64.0,956,True,2022-02-11,False,https://www.imcgrupo.com/how-are-emerging-technologies-making-fashion-sustainable/,https://3dlook.ai/content-hub/reduce-returns-in-fashion-ecommerce/,Read more
editorial,naumd.com,45.0,928,True,2021-05-03,False,https://naumd.com/3dlook-launches-uniform-pro-a-digital-measuring-fit-and-size-system-for-uniforms/,https://3dlook.ai/uniform-pro/,Uniform Pro
editorial,avark.agency,58.0,907,True,2026-02-08,False,https://avark.agency/learn/3d-nfts,https://3dlook.ai/content-hub/nft-in-fashion/,major brand in the world of fashion
editorial,innovativemedicine.org,19.0,891,False,2026-09-15,False,https://innovativemedicine.org/blog/comparing-comprehensive-weight-loss-programs-find-your-best-fit/,https://3dlook.ai/content-hub/weight-loss-industry-overview/,comprehensive weight loss program
editorial,mypodcastdata.com,14.0,888,True,2026-02-07,False,https://www.mypodcastdata.com/podcast/show/venturing-into-fashion-tech-beyond-form-wvl,https://3dlook.ai/,3DLOOK here
editorial,georgetownindy.com,17.0,873,True,2024-03-02,False,https://www.georgetownindy.com/post/the-devil-wears-nast,https://3dlook.ai/content-hub/fashion-industry-challenges/,"mmense amount of waste, pollution and emissions"
editorial,superagi.com,75.0,870,True,2025-05-11,False,https://sales.superagi.com/company/3dlook,https://3dlook.ai/,www.3dlook.ai link_icon
editorial,thepantryunderwear.com,26.0,866,True,2026-06-29,False,https://thepantryunderwear.com/pages/online-fitting-faqs,https://3dlook.ai/privacy-policy/,here
editorial,fashioninsta.ai,28.0,865,True,2026-06-28,False,https://fashioninsta.ai/blog/best-free-pattern-making-software-2026-build-digital-studio,https://3dlook.ai/content-hub/apparel-return-rates-the-stats-retailers-cannot-ignore/,3DLOOK - Apparel Return Rates Statistics
editorial,tech-wonders.com,30.0,865,False,2021-10-04,False,https://www.tech-wonders.com/2021/10/augmented-reality-the-profitable-frontier-for-fashion-e-commerce-in-2021.html,https://3dlook.ai/content-hub/how-to-impelement-ar-in-fashion/,augmented reality clothing fitting
editorial,programminginsider.com,71.0,862,True,2023-03-03,False,https://programminginsider.com/the-latest-fashion-trends-and-how-to-stay-ahead-of-the-curve/,https://3dlook.ai/content-hub/the-future-of-fashion-retail/,future fashion trends
editorial,soocial.com,69.0,860,True,2022-03-04,False,https://www.soocial.com/ecommerce-return-statistics/,https://3dlook.ai/content-hub/how-to-reduce-returns-in-ecommerce/,3DLook
editorial,startner.id,0.9,850,True,2024-08-24,False,https://www.startner.id/artikel/bisnis/langkah-memulai-bisnis-fashion,https://3dlook.ai/content-hub/fashion-ecommerce-in-2024/,penjualan fashion online
editorial,openli.com,68.0,838,False,2024-10-17,False,https://explore.openli.com/privacy/6dlook,https://3dlook.ai/,Website
editorial,influenceonline.co.uk,49.0,836,True,2025-08-29,False,https://influenceonline.co.uk/cms/2025/07/25/winning-brands-influencer-campaigns-vanity-metrics,https://3dlook.ai/content-hub/the-future-of-fashion-retail/?_gl=1*upeibq*_up*MQ..*_ga*MTA2NDAxNjEyNy4xNzUzMDkzODU3*_ga_NXNB16WGX6*czE3NTMwOTM4NTYkbzEkZzAkdDE3NTMwOTM4NTYkajYwJGwwJGgw,global sales expected to reach over $600bn
editorial,gitnux.org,85.0,812,False,2025-04-29,False,https://gitnux.org/ai-in-the-apparel-industry-statistics/,https://3dlook.ai/,3dlook.ai
editorial,donnagailblog.com,35.0,786,True,2026-09-05,False,https://donnagailblog.com/neems-jeans-review-custom-made-to-order-jeans-for-women/,https://3dlook.ai/content-hub/the-enormous-impact-of-daily-physiological-changes-on-the-accuracy-of-our-body-measurements/,up to 6 pounds
editorial,petelulu.com,7.0,766,False,2025-09-13,False,https://petelulu.com/es/categoria/blog/pagina/2/,https://3dlook.ai/content-hub/apparel-return-rates-the-stats-retailers-cannot-ignore/,20.8%
editorial,fashionindex.com,27.0,760,True,2026-03-06,False,https://www.fashionindex.com/blog/augmented-reality-and-virtual-fashion,https://3dlook.ai/content-hub/case-study-how-1822-denim-reduced-returns-by-30/,drop in returns
editorial,envisioning.com,46.0,757,True,2026-01-15,False,https://www.envisioning.com/research/fabric/virtual-try-on-physics,https://3dlook.ai/,3DLOOK
editorial,datafloq.com,73.0,757,True,2026-02-09,False,https://datafloq.com/digital-fashion-next-frontier-fashion/,https://3dlook.ai/content-hub/fashions-new-future-pandemic-inspired-change-in-fashion-retail/,COVID-19 pandemic
editorial,stylevanity.com,50.0,756,True,2025-11-19,False,https://stylevanity.com/the-complete-guide-to-virtual-fitting-room-2022/,https://3dlook.ai/content-hub/top-10-fashion-technologies/,Tech in fashion
editorial,geyin.az,4.2,752,False,2026-04-17,False,https://geyin.az/ru/blog/post/fashion-e-commerce-competition-analysis-the-complete-guide-t/,https://3dlook.ai/content-hub/average-conversion-rate-for-fashion-ecommerce/,Average Conversion Rate for Fashion E-Commerce (2025)
editorial,entreprenista.com,66.0,747,True,2025-01-07,False,https://www.entreprenista.com/2022-entreprenista-100-award-winners,https://3dlook.ai/,
editorial,italianartisan.com,33.0,742,True,2025-05-18,False,https://italianartisan.com/start-your-clothing-line/,https://3dlook.ai/content-hub/the-future-of-fashion-retail/,becoming increasingly important
editorial,tokar.ua,37.0,741,True,2023-03-19,False,https://tokar.ua/read/19297/ukrainskyy-startap-3dlook-otrymav-invest/,https://3dlook.ai/,3DLook
editorial,bfymirror.com,5.0,740,True,2025-09-11,False,https://bfymirror.com/pt/standard-full-length-mirror-dimensions/,https://3dlook.ai/content-hub/virtual-clothing-try-on/,Usuários que buscam visualização completa da roupa
editorial,her-age.com,22.0,712,True,2025-10-18,False,https://her-age.com/blogs/hidden-boulevards/sizebay-a-sustainable-smart-tool-to-recommend-garment-sizes,https://3dlook.ai/content-hub/virtual-fitting-room-for-ecommerce/,virtual fitting
editorial,allwork.space,74.0,699,True,2024-04-22,False,https://allwork.space/2024/04/these-six-trends-are-revolutionizing-workplace-attire/,https://3dlook.ai/content-hub/virtual-fitting-room-for-ecommerce/,virtual dressing rooms
editorial,onbrands.hu,35.0,694,True,2026-07-25,False,https://onbrands.hu/marka-es-trend/2022/01/innovacio/a-kovetkezo-evtizedben-osszeolvad-a-fizikai-es-a-virtualis-valosag,https://3dlook.ai/content-hub/virtual-dressing/,lemodellezni a testalkatunkat
editorial,uaspectr.com,33.0,691,False,2021-02-11,False,https://uaspectr.com/2021/01/06/startapy-z-ukrayinskymy-korenyamy-yaki-zaluchyly-investytsiyi-v-koronakryzu/,https://3dlook.ai/,3DLOOK
editorial,marketing.link,55.0,677,False,2024-06-22,False,https://marketing.link/virtual-fitting-rooms/,https://3dlook.ai/,3DLOOK
editorial,alliancy.fr,70.0,677,True,2026-04-22,False,https://alliancy.fr/quelques-start-up-primees-sur-vivatech-2019-1014c623-ccb5-4b4c-b671-4d76203672eb,https://3dlook.ai/,3DLook
editorial,minory.org,21.0,664,True,2023-12-27,False,https://news.minory.org/519904.html,https://3dlook.ai/,3DLOOK 公式サイト
editorial,fygurs.com,9.0,657,True,2026-04-29,False,https://www.fygurs.com/fr/use-cases/virtual-fitting-room-apparel,https://3dlook.ai/,3DLOOK3dlook.ai →
editorial,bestcolorfulsocks.com,52.0,657,True,2025-08-04,False,https://bestcolorfulsocks.com/blogs/news/online-vs-offline-clothing-return-statistics,https://3dlook.ai/content-hub/apparel-return-rates-the-stats-retailers-cannot-ignore/,https://3dlook.ai/content-hub/apparel-return-rates-the-stats-retailers-cannot-ignore/
editorial,pouted.com,41.0,645,True,2024-01-09,False,https://www.pouted.com/fashion-trends-inspired-by-the-metaverse/,https://3dlook.ai/content-hub/virtual-clothing-try-on/,Virtual outfit try-ons
editorial,fashionretail.blog,27.0,628,True,2020-03-16,False,https://fashionretail.blog/2019/12/16/body-scanning-in-fashion/,https://3dlook.ai/,3DLOOK
editorial,saiz.io,52.0,623,True,2025-04-17,False,https://www.saiz.io/de/post/whats-new-in-fashion-tech-2025-and-beyond,https://3dlook.ai/,3DLook
editorial,alternative.to,26.0,604,False,2026-01-20,False,https://get.alternative.to/material-exchange-digital-sourcing-platform,https://3dlook.ai/,Website
editorial,kkvmagazin.com,37.0,601,True,2022-01-20,False,https://kkvmagazin.com/v/fizikai-virtualis-valosag-5-trend-oktatas-divatipar/,https://3dlook.ai/content-hub/virtual-dressing/,lemodellezni a testalkatunkat
editorial,greenstories.co.in,26.0,596,True,2022-01-11,False,https://greenstories.co.in/fashion-needs-to-be-more-sustainable/,https://3dlook.ai/,Mobile body scanning
editorial,retail-today.com,58.0,587,True,2023-02-11,False,https://magazine.retail-today.com/the_state_of_the_apparel_and_fashion_industry_2023/3dlook,https://3dlook.ai/,
editorial,thewalkmag.com,30.0,582,True,2024-04-02,False,https://www.thewalkmag.com/blog-2-3/artificial-intelligence-the-future-of-the-fashion-industry,https://3dlook.ai/content-hub/artificial-intelligence-in-fashion/,3DLook
editorial,technokrata.hu,42.0,576,True,2022-01-19,False,https://www.technokrata.hu/egazdasag/digitalizacio/2022/01/19/virtualis-valosag-osszeolvadas/,https://3dlook.ai/content-hub/virtual-dressing/,lemodellezni a testalkatunkat
editorial,envive.ai,68.0,554,True,2026-03-11,False,https://www.envive.ai/post/fashion-brand-conversion-statistics,https://3dlook.ai/content-hub/average-conversion-rate-for-fashion-ecommerce/,lowest-performing fashion stores
editorial,wifitalents.com,79.0,554,False,2026-07-19,False,https://wifitalents.com/best/virtual-eyewear-try-on-software/,https://3dlook.ai/,Visit 3DLook
editorial,expotextilperu.com,33.0,547,True,2026-02-26,False,https://www.expotextilperu.com/las-soluciones-moviles-de-escaneo-corporal-de-3dlook-se-vuelven-manos-libres/,https://3dlook.ai/blog/new-feature-hands-free-mode/,3DLook
editorial,theinterline.com,62.0,546,True,2023-02-01,False,https://www.theinterline.com/2020/06/23/3dlook-launches-the-first-self-service-contactless-body-measuring-solution-to-support-made-to-measure-businesses/,https://3dlook.ai/,3DLOOK
editorial,textile-network.de,45.0,538,True,2021-01-27,False,https://textile-network.de/de/Fashion/Safariland-virtuelle-Groessentechnologie-XpertFit,https://3dlook.ai/,Zum Unternehmen
editorial,pastahealth.com,37.0,522,True,2025-10-02,False,https://connect.pastahealth.com/terms/privacy/20250428,https://3dlook.ai/privacy-policy/?_gl=1*80z9c4*_up*MQ..*_ga*NDYyNjQwOTQ5LjE3NDQ3Njg0OTc.*_ga_NXNB16WGX6*MTc0NDc2ODQ5Ni4xLjAuMTc0NDc2ODQ5Ni4wLjAuMA..,3DLOOK Inc.
editorial,damianistores.com,17.0,521,True,2024-06-18,False,https://damianistores.com/blogs/blog/redefine-elegance-with-damiani-miamis-custom-made-shirts,https://3dlook.ai/content-hub/body-scanning-technology-for-apparel/,AI and 3D body scanning
editorial,osum.com,43.0,515,False,2025-03-15,False,https://blog.osum.com/clothing-industry-swot-analysis/,https://3dlook.ai/content-hub/fashion-industry-challenges/,3DLook
editorial,creativity.ua,36.0,514,True,2021-08-31,False,https://creativity.ua/marketing-and-advertising/iak-kompaniia-3dlook-dopomahaie-modnym-brendam-prymnozhyty-konversii-ta-zmenshyty-kilkist-povernenykh-tovariv/,https://3dlook.ai/,3DLOOK
editorial,mybusiness.kz,31.0,494,True,2020-10-29,False,https://mybusiness.kz/texnologii/murat_abdraxmanov_ya_riskuyu_svoimi_sobstvennymi_dengami_i_splyu_spokoino/360,https://3dlook.ai/,3Dlook
editorial,coffee-web.ru,10.0,491,True,2022-09-24,False,https://coffee-web.ru/blog/walmart-s-virtual-fitting-room-lets-your-photos-have-questi/,https://3dlook.ai/yourfit/,YourFit
editorial,textalks.com,39.0,462,True,2022-04-11,False,https://textalks.com/yourfit-a-virtual-solution-for-try-on-with-size-and-fit-recommendations/,https://3dlook.ai/,Vadim Rogovskiy. CEO and co-founder of 3DLOOK
editorial,heymache.com,38.0,449,True,2026-02-21,False,https://heymache.com/blogs/the-wellness-onion-sustainable-lifestyle-design/ai-self-care-how-artificial-intelligence-is-reshaping-wellness-yoga-everyday-health,https://3dlook.ai/content-hub/top-fitness-industry-trends/,
editorial,plasticfree.com,41.0,441,True,2024-02-26,False,https://plasticfree.com/inspiration/bettter-disrupting-fashion-with-upcycled-deadstock-fabrics,https://3dlook.ai/content-hub/case-study-how-1822-denim-reduced-returns-by-30/,3DLook
editorial,zupyak.com,69.0,439,True,2023-08-23,False,https://www.zupyak.com/p/3801551/t/top-8-trends-shaping-the-future-of-ecommerce-technology-in-2023,https://3dlook.ai/content-hub/virtual-clothing-try-on/,virtually try on clothes
editorial,thetailoredco.com,20.0,435,True,2021-03-31,False,https://www.thetailoredco.com/made-to-measure-technology/,https://3dlook.ai/,3D Look
editorial,rangle.io,65.0,435,True,2019-06-17,False,https://rangle.io/blog/vivatech-2019-from-jack-ma-to,https://3dlook.ai/,3DLook
editorial,sometimes-interesting.com,56.0,429,True,2025-01-19,False,https://sometimes-interesting.com/td_d_slug_9/page/20/?share=stumbleupon&nb=1,https://3dlook.ai/content-hub/ar-clothing-try-on-tools/,According to an article in 3DLOOK
editorial,brandience.com,27.0,420,True,2025-10-31,False,https://brandience.com/insights/telehealths-rapid-rise-strategies-for-healthcare-marketers,https://3dlook.ai/content-hub/the-potential-of-ai-in-telehealth/,AI can help with administrative tasks
editorial,rockstep.com,31.0,413,True,2026-04-02,False,https://rockstep.com/blog/enclosed-mall-shoppers,https://3dlook.ai/content-hub/true-cost-apparel-returns-data-rising-return-rates/,online apparel returns ranging from 20% to 30%
editorial,datainnovation.org,75.0,405,True,2021-06-17,False,https://datainnovation.org/2021/06/5-qs-with-vadim-rogovskiy-co-founder-and-ceo-at-3dlook/,https://3dlook.ai/,3DLOOK
editorial,thereistalent.com,57.0,400,True,2025-02-03,False,https://thereistalent.com/top-benefits-of-virtual-assistants-for-the-fitness-industry/,https://3dlook.ai/content-hub/top-fitness-industry-trends/,impressive rate of 7.2% annually.
editorial,ensobrands.com,39.0,398,True,2023-11-05,False,https://ensobrands.com/top-selling-categories-on-amazon/,https://3dlook.ai/content-hub/fashion-ecommerce-in-2024/,$1 trillion
editorial,textilevaluechain.in,57.0,390,True,2026-04-28,False,https://textilevaluechain.in/importance-of-textile-and-apparel-design-in-value-chain,https://3dlook.ai/,3D look
editorial,trythisfit.com,33.0,389,True,2025-12-12,False,https://trythisfit.com/try-clothes-on-app,https://3dlook.ai/,https://3dlook.ai/yourfit/
editorial,encoders.studio,0.7,387,True,2024-10-23,False,https://encoders.studio/how-to-promote-clothing-business-online/,https://3dlook.ai/content-hub/virtual-clothing-try-on/,Virtual try-on technology
editorial,jinfengapparel.com,19.0,386,True,2024-12-30,False,https://jinfengapparel.com/is-it-good-to-launch-a-new-clothing-brand/,https://3dlook.ai/content-hub/fashion-industry-challenges/,Key sustainability issues in fashion
editorial,pricelabsolutions.com,22.0,384,True,2026-05-12,False,https://pricelabsolutions.com/blog/fijacion-dinamica-de-precios/,https://3dlook.ai/content-hub/the-future-of-fashion-retail/,más del 40% de los retailers globales
editorial,winsavvy.com,71.0,384,True,2024-11-29,False,https://www.winsavvy.com/fashion-industry-market-research/,https://3dlook.ai/content-hub/fashion-industry-challenges/,3DLOOK
editorial,cermin.id,0.0,380,True,2025-09-21,False,https://cermin.id/articles/virtual-try-on-tingkatkan-konversi/,https://3dlook.ai/,3DLOOK
editorial,kakaohealthcare.com,34.0,379,True,2025-07-02,False,https://vc-prd-dashboard.kakaohealthcare.com/terms/privacy/20250428,https://3dlook.ai/privacy-policy/?_gl=1*80z9c4*_up*MQ..*_ga*NDYyNjQwOTQ5LjE3NDQ3Njg0OTc.*_ga_NXNB16WGX6*MTc0NDc2ODQ5Ni4xLjAuMTc0NDc2ODQ5Ni4wLjAuMA..,3DLOOK Inc.
editorial,morikatron.ai,31.0,372,True,2023-03-28,False,https://morikatron.ai/2023/03/ai-for-fashion/,https://3dlook.ai/,3DLOOK
editorial,zij.edu.pl,16.0,370,True,2024-10-01,False,http://zij.edu.pl/wp-content/uploads/2024/09/Kowalski.pdf,https://3dlook.ai/yourfit/,https://3dlook.ai/yourfit/
editorial,cloudpick.ai,23.0,364,False,2025-07-01,False,https://blog.cloudpick.ai/t-shirt-vending-machines-revolutionize-on-demand-fashion/,https://3dlook.ai/content-hub/on-demand-fashion-industry-tech-landscape/,"body scanning, 3D printing, and digital cutting"
editorial,alisonhoenes.com,21.0,335,True,2024-01-20,False,https://alisonhoenes.com/podcast/hf54-merging-fashion-and-tech-to-build-a-custom-made-fashion-marketplace-with-dana-todd/,https://3dlook.ai/,3DLook
editorial,trenerka.ai,10.0,331,False,2025-12-04,False,https://trenerka.ai/jak-cwiczyc-regularnie,https://3dlook.ai/content-hub/ai-in-fitness-industry/,3DLook
editorial,tut.tj,32.0,326,True,2025-02-28,False,https://tut.tj/wp-content/uploads/2025/02/konf_qismi_1_2024_-ohiron-variant.pdf,https://3dlook.ai/yourfit/,завершения образа; YourFit - использует искусственный интеллект для визуализации посадки
editorial,scrums.com,49.0,326,False,2023-11-24,False,https://www.scrums.com/blog/fashion-meets-tech-a-future-of-fashion-software-development,https://3dlook.ai/content-hub/7-sustainable-fashion-technologies/,development of sustainable fashion technology
editorial,forinov.fr,25.0,324,True,2019-12-05,False,https://www.forinov.fr/startups/_0/3D%20Look%20_731/,https://3dlook.ai/,https://3dlook.me/
editorial,thedigitalspeaker.com,53.0,314,True,2022-08-10,False,https://www.thedigitalspeaker.com/digital-fashion-next-frontier-fashion/,https://3dlook.ai/content-hub/fashions-new-future-pandemic-inspired-change-in-fashion-retail/,COVID-19 pandemic
editorial,toppodcast.com,44.0,313,True,2025-01-09,False,https://toppodcast.com/podcast_feeds/future-commerce/,https://3dlook.ai/,3D Look
editorial,dojobusiness.com,67.0,306,True,2025-10-24,False,https://dojobusiness.com/blogs/news/online-clothing-store-conversion-rate,https://3dlook.ai/content-hub/average-conversion-rate-for-fashion-ecommerce/,3DLOOK — Average conversion rate for fashion e-commerce
editorial,2luxury2.com,37.0,293,True,2019-04-08,False,https://www.2luxury2.com/lvmh-luxury-lab-at-viva-technology-2019-reveals-the-finalist-startups/,https://3dlook.ai/,3DLook
editorial,startthefup.com,25.0,290,True,2021-11-14,False,https://www.startthefup.com/trends/luxe/,https://3dlook.ai/,Luxe
editorial,super.site,80.0,280,True,2025-01-18,False,https://f1v.super.site/portfolio/website-portfolio/3d-look,https://3dlook.ai/,3DLOOK
editorial,thejoue.com,22.0,271,True,2023-08-25,False,https://thejoue.com/the-influence-of-3d-technologies-on-the-fashion-industry/,https://3dlook.ai/,3D body measurements
editorial,gaebler.com,71.0,271,False,2021-11-15,False,https://www.gaebler.com/Funded-Company-3E2D9CDF-3822-478E-8A63-BDBA06FA5B20-3DLOOK,https://3dlook.ai/,www.3dlook.me
editorial,appmasters.com,48.0,270,True,2019-10-28,False,https://appmasters.com/author/lakshmi/page/31/,https://3dlook.ai/,3DLOOK
editorial,nyweekly.com,78.0,270,True,2024-12-10,False,https://nyweekly.com/tech/ethical-concerns-and-challenges-in-using-ai-for-telehealth-and-weight-loss-applications/,https://3dlook.ai/content-hub/the-potential-of-ai-in-telehealth/,AI in telehealth
editorial,moroccocloser.com,1.9,269,False,2025-02-04,False,https://moroccocloser.com/ai-sourcing-agent-alibaba/,https://3dlook.ai/content-hub/artificial-intelligence-in-fashion/,Artificial Intelligence in Fashion: Reshaping the Entire Industry
editorial,pciaw.org,50.0,268,True,2022-05-08,False,https://pciaw.org/3dlook-announces-6-5-million-series-a-round-led-by-almaz-capital/,https://3dlook.ai/uniform-pro/,3DLOOK
editorial,paylas.io,11.0,266,True,2021-12-29,False,https://paylas.io/p/5b2ccc8be565a617aa5ecfe9,https://3dlook.ai/,3D Look
editorial,justentrepreneurs.co.uk,52.0,265,True,2021-09-24,False,https://justentrepreneurs.co.uk/meet-the-founders-interview-series/meet-the-co-founders-of-3dlook,https://3dlook.ai/,3DLOOK
editorial,jsd.co.uk,22.0,261,True,2026-01-31,False,https://jsd.co.uk/blog/how-bespoke-uniforms-are-elevating-the-hospitality-industry/,https://3dlook.ai/content-hub/body-scanning-technology-for-apparel/,3D body scanning
editorial,kztv10.com,54.0,259,True,2023-06-20,False,https://www.kztv10.com/you-can-now-virtually-try-on-shirts-with-google-shopping,https://3dlook.ai/content-hub/virtual-clothing-try-on/,to help reduce
editorial,jovogyara.hu,27.0,246,True,2023-05-12,False,https://www.jovogyara.hu/a-kovetkezo-evtizedben-osszeolvad-a-fizikai-es-a-virtualis-valosag.html,https://3dlook.ai/content-hub/virtual-dressing/,lemodellezni a testalkatunkat
editorial,employbl.com,43.0,243,True,2022-10-22,False,https://www.employbl.com/companies/3dlook,https://3dlook.ai/,3dlook.me
editorial,coi.ua,33.0,240,True,2024-04-09,False,https://coi.ua/blog/Green-sheep/ukrayinski-startapi-yaki-varto-pobachiti/,https://3dlook.ai/,3DLook
editorial,easthillscasuals.com,13.0,239,True,2024-07-17,False,https://www.easthillscasuals.com/blogs/news/celebrate-change-sustainable-fashion-events-for-eco-conscious-style-enthusiasts,https://3dlook.ai/content-hub/7-sustainable-fashion-technologies/,technology in fashion sustainability.
editorial,aadhunik.ai,9.0,234,True,2025-10-02,False,https://aadhunik.ai/blog/ai-fitness-trends/,https://3dlook.ai/content-hub/ai-in-fitness-industry/,fitness
editorial,gjar-po.sk,33.0,225,True,2025-07-26,False,https://www.gjar-po.sk/~alica.leskova3a/studium.prace/leskova_pocitac_umenie.pdf,https://3dlook.ai/content-hub/artificial-intelligence-in-fashion/,https://3dlook.ai/content-hub/artificial-intelligence-in-fashion/
editorial,icu.ua,38.0,222,True,2025-02-16,False,https://icu.ua/business-solutions/ventures,https://3dlook.ai/,www.3dlook.me
editorial,ustradeent.com,24.0,216,True,2025-10-31,False,https://www.ustradeent.com/blog/product/gildan-vs-fruit-of-the-loom/,https://3dlook.ai/content-hub/fashion-ecommerce-in-2025/,2.4% of e-commerce sales.
editorial,twistedmalemag.com,36.0,213,True,2024-02-15,False,https://twistedmalemag.com/the-evolution-of-mens-underwear/,https://3dlook.ai/content-hub/7-sustainable-fashion-technologies/,sustainability and technology
editorial,manufacturingclothes.com,33.0,211,False,2025-11-27,False,https://www.manufacturingclothes.com/pt/from-zero-to-hero-the-practical-blueprint-for-scaling-your-clothing-brand/,https://3dlook.ai/content-hub/how-to-grow-clothing-brand/,estratégias omnichannel
editorial,insidefashiondesign.com,32.0,210,True,2024-02-14,False,https://www.insidefashiondesign.com/post/beyond-the-runway-30-reasons-i-love-fashion-design,https://3dlook.ai/content-hub/top-11-fashion-technologies/,apparel technology and innovation
editorial,seventysixcapital.com,49.0,208,True,2024-11-12,False,https://www.seventysixcapital.com/portfolio-news/2024/11/11/asensei-and-3dlook-launch-strategic-partnership-to-elevate-personalized-wellness-solutions-in-fitness-health-and-weight-loss-programs,https://3dlook.ai/,3DLOOK
editorial,computertechreviews.com,53.0,208,False,2021-12-23,False,https://www.computertechreviews.com/the-next-big-thing-in-luxury-business/,https://3dlook.ai/content-hub/ar-clothing-try-on-tools/,AR clothing try-on
editorial,priveatelier.ae,4.2,205,True,2024-07-01,False,https://www.priveatelier.ae/blogs/uae/the-importance-of-tailored-clothing-in-dubai,https://3dlook.ai/content-hub/body-scanning-technology-for-apparel/,3D body scanning
editorial,theinnovator.news,54.0,205,True,2020-05-30,False,https://theinnovator.news/2019-07-29_the-top-25-startups-to-meet-at-4yfn-2019-in-barcelona-26ce21f77c60/,https://3dlook.ai/,https://www.3dlook.me
editorial,depix.ai,24.0,203,True,2026-09-01,False,https://depix.ai/blog/milan-ss27-designed-on-one-body,https://3dlook.ai/content-hub/apparel-return-rates-the-stats-retailers-cannot-ignore/,between roughly half and seventy per cent of apparel returns
editorial,flatpyramid.com,37.0,203,False,2018-08-20,False,https://www.flatpyramid.com/blog/the-3dna-eyewear-system/,https://3dlook.ai/,3DLOOK
editorial,editorialge.com,79.0,198,True,2022-02-01,False,https://editorialge.com/environmental-impacts-of-fashion/,https://3dlook.ai/content-hub/body-measurement-software/,body measurement technology
editorial,worldmetrics.org,78.0,197,False,2026-09-10,False,https://worldmetrics.org/best/virtual-try-on-clothes-software/,https://3dlook.ai/,Visit website
editorial,makebot.ai,38.0,195,True,2025-02-24,False,https://www.makebot.ai/blog-en/the-transformative-impact-of-generative-ai-in-telehealth-advancing-remote-healthcare-delivery,https://3dlook.ai/content-hub/the-potential-of-ai-in-telehealth/,$290.90 billion
editorial,creativetechtextile.com,29.0,193,True,2026-01-13,False,https://creativetechtextile.com/news/industry-articles/find-out-how-circular-design,https://3dlook.ai/content-hub/sustainable-fashion-trends/,80%
editorial,mycity.one,40.0,189,True,2021-08-12,False,https://mycity.one/about,https://3dlook.ai/,3dlook.ai
editorial,bizwarriors.com,30.0,188,True,2022-07-27,False,https://bizwarriors.com/forum/threads/eight-key-steps-to-start-a-t-shirt-business.8506/,https://3dlook.ai/,https://3dlook.me/
editorial,bbeb.com,25.0,186,True,2024-09-24,False,https://www.bbeb.com/post/102jjdy/sustainable-fashion-trends-to-watch-in-2024-and-beyond-ideas-for-apparel-retaile,https://3dlook.ai/content-hub/sustainable-fashion-trends/,Sustainable Fashion Trends in 2024: Ideas for Apparel Retailers (3dlook.ai)
editorial,allaroundplastics.com,21.0,186,True,2025-11-19,False,https://www.allaroundplastics.com/knowledge/25-fashion-and-recycling-transforms-marine-debris-into-recycled-nylon-fiber,https://3dlook.ai/content-hub/sustainable-fashion-trends/,https://3dlook.ai/content-hub/sustainable-fashion-trends/
editorial,gorgeautiful.com,20.0,179,False,2026-08-06,False,https://www.gorgeautiful.com/plus-size-jeans-body-scan-size-guide/,https://3dlook.ai/content-hub/body-scanning-technology-for-apparel/,3DLOOK’s body-scanning technology
editorial,mirrago.com,32.0,174,False,2026-08-12,False,https://mirrago.com/blog/fashion-returns-are-killing-the-planet-heres-how-ai-can-stop-it,https://3dlook.ai/content-hub/apparel-return-rates-the-stats-retailers-cannot-ignore/,30-40% of all online fashion purchases come back (that's nearly half!)
editorial,pi.tv,53.0,168,True,2018-07-06,False,http://events.pi.tv/2018/apparel_ny/sponsors,https://3dlook.ai/,http://3dlook.me/
editorial,cink.co.in,30.0,161,False,2026-01-02,False,https://cink.co.in/blogs/fashion-news/the-benefits-of-multi-brand-retail-for-fashion-shoppers,https://3dlook.ai/content-hub/the-future-of-fashion-retail/,size inclusivity
editorial,batareiky.ua,41.0,160,True,2023-01-18,False,https://batareiky.ua/community,https://3dlook.ai/,
editorial,textile-network.com,44.0,160,True,2021-01-27,False,https://textile-network.com/en/Fashion/Safariland-virtual-sizing-technology-XpertFit,https://3dlook.ai/,Show company
editorial,pixelsauce.co,9.0,157,False,2025-08-01,False,https://pixelsauce.co/blogs/community/ultimate-guide-to-3d-artwork-mapping-for-apparel,https://3dlook.ai/,3DLOOK
editorial,hyperhuman.cc,51.0,154,True,2025-02-22,False,https://blog.hyperhuman.cc/the-future-of-fitness-content-integrating-ai-for-scalable-video-production-in-2025-and-beyond/,https://3dlook.ai/content-hub/ai-in-fitness-industry,source
editorial,lookingglasslifestyle.com,9.0,153,True,2025-07-08,False,https://lookingglasslifestyle.com/blogs/tech-news/what-virtual-stylists-offer-to-time-pressed-women,https://3dlook.ai/content-hub/fashion-industry-challenges/,3DLOOK's insights
editorial,jestais.com,37.0,144,True,2026-08-26,False,https://jestais.com/fr/quest-ce-que-le-metavers-et-comment-les-detaillants-peuvent-ils-en-profiter/,https://3dlook.ai/,propose 3DLook
editorial,readmedium.com,32.0,143,True,2026-09-10,False,https://readmedium.com/product-designers-are-beavers-1b4ffaa0c13e,https://3dlook.ai/content-hub/ar-clothing-try-on-tools/,investing in augmented reality (AR) technology
editorial,nuoptima.com,56.0,141,True,2024-08-07,False,https://nuoptima.com/podcast/3d-look-vadim-rodovsky,https://3dlook.ai/,Website
editorial,qualium-systems.com,14.0,140,True,2023-04-11,False,https://qualium-systems.com/blog/ar-vr/augmented-reality-in-2022-5-most-interesting-solutions-for-different-fields/,https://3dlook.ai/content-hub/case-study-how-1822-denim-reduced-returns-by-30/,statistics
editorial,thefword.ai,39.0,139,True,2026-01-22,False,https://webflow-origin.thefword.ai/es-es/post/transforming-fashion-agentic-ai,https://3dlook.ai/content-hub/apparel-return-rates-the-stats-retailers-cannot-ignore/,[1] Tasas de devolución de prendas de vestir: las estadísticas que los minoristas NO PUEDEN ignorar en 2023
editorial,windowsapp.fr,10.0,138,False,2026-06-24,False,https://windowsapp.fr/pc/1563033836/uniform-pro,https://3dlook.ai/uniform-pro/,"3DLOOK, Inc."
editorial,prescottenews.com,51.0,135,True,2026-10-07,False,https://prescottenews.com/2026/10/06/ais-impending-war-on-disability-inside-sources/,https://3dlook.ai/content-hub/ai-in-fitness-industry/,daily movement
editorial,kaspianfuad.com,9.0,133,True,2026-08-16,False,https://kaspianfuad.com/blog/shopify-size-chart-without-app/,https://3dlook.ai/content-hub/true-cost-apparel-returns-data-rising-return-rates/,Coresight Research survey
editorial,elucidmagazine.com,38.0,131,True,2022-09-14,False,https://www.elucidmagazine.com/fashion/technologies-delivering-instant-gratification-by-reshaping-fashion,https://3dlook.ai/,3DLOOK
editorial,boardretailers.org,37.0,127,True,2024-12-14,False,https://boardretailers.org/enhancing-accessibility-guide-for-retailers-to-create-inclusive-shopping-experiences-by-cameron-ward-via-guest-blog/,https://3dlook.ai/content-hub/virtual-fitting-room-for-ecommerce/,allowing customers to visualize
editorial,2pml.com,58.0,127,True,2025-01-25,False,https://2pml.com/es/page/37/?p=t,https://3dlook.ai/,3DLook.ai
editorial,servicesmobiles.fr,60.0,126,True,2020-02-22,False,https://www.servicesmobiles.fr/comment-la-technologie-change-lexperience-client-44790,https://3dlook.ai/,3DLook
editorial,genlook.app,50.0,121,False,2025-12-18,False,https://genlook.app/blog/6-virtual-sizing-tools-fashion-retailers-2025,https://3dlook.ai/,3DLOOK
editorial,congruencemarketinsights.com,52.0,121,True,2026-07-19,False,https://www.congruencemarketinsights.com/report/virtual-dressing-rooms-market,https://3dlook.ai/,3dlook.ai
editorial,heartland-usa.com,23.0,118,True,2023-11-20,False,https://heartland-usa.com/blog/5-good-questions-business-leaders-should-ask-before-implementing-new-warehouse-systems,https://3dlook.ai/content-hub/apparel-return-rates-the-stats-retailers-cannot-ignore/,20.8% return rate
editorial,warpdriven.ai,45.0,114,False,2025-11-06,False,https://warpdriven.ai/blog/industry-1/how-ai-models-are-shaping-adaptive-fashion-247,https://3dlook.ai/content-hub/body-scanning-technology-for-apparel/,3DLOOK’s technology captures over 85 measurement points from just two photos
editorial,theamericanreporter.com,70.0,110,True,2026-09-27,False,https://www.theamericanreporter.com/2022/05/20/sustainability-in-the-fashion-industry/,https://3dlook.ai/yourfit/,virtual fitting room
editorial,yaware.com,54.0,106,True,2022-04-16,False,https://yaware.com/blog/ukrainian-it-top-saas-tools-for-business/,https://3dlook.ai/,3DLOOK
editorial,flyerone.vc,45.0,105,True,2024-04-06,False,https://flyerone.vc/portfolio,https://3dlook.ai/,3dlook.ai
editorial,wasetegypt.com,2.0,102,True,2023-04-23,False,https://www.wasetegypt.com/blog/%D8%A7%D8%B3%D8%AA%D8%AE%D8%AF%D8%A7%D9%85-%D8%A7%D9%84%D8%B0%D9%83%D8%A7%D8%A1-%D8%A7%D9%84%D8%A7%D8%B5%D8%B7%D9%86%D8%A7%D8%B9%D9%8A-%D9%81%D9%8A-%D8%B5%D9%86%D8%A7%D8%B9%D8%A9-%D8%A7%D9%84%D9%85/,https://3dlook.ai/,3DLOOK
editorial,stemsearchgroup.com,22.0,102,True,2026-09-02,False,https://stemsearchgroup.com/your-weight-loss-journey-is-also-a-data-pipeline-for-retailers/,https://3dlook.ai/content-hub/virtual-fitting-room-for-ecommerce/,Virtual Fitting Room For eCommerce: Retail’s Best Way Forward: 3DLOOK
editorial,biaojixia.com,3.0,101,True,2026-07-11,False,https://www.biaojixia.com/ecommerce-size-return-statistics,https://3dlook.ai/content-hub/the-true-cost-of-apparel-returns/,Coresight Research（3DLOOK 发布）（2023）
editorial,healify.ai,32.0,95,False,2025-09-09,False,https://www.healify.ai/blog/how-ai-improves-workout-form-in-real-time,https://3dlook.ai/content-hub/ai-in-fitness-industry,[1]
editorial,anglera.com,26.0,91,True,2026-07-23,False,https://www.anglera.com/blog/apparel-roi,https://3dlook.ai/content-hub/average-conversion-rate-for-fashion-ecommerce/,3DLOOK's 2025 conversion rate analysis
editorial,mercaux.com,43.0,83,True,2024-05-02,False,https://blog.mercaux.com/3dlook-partnership,https://3dlook.ai/,Find out more about 3DLook here
editorial,siliconvalleyrw.com,20.0,82,True,2018-12-18,False,https://siliconvalleyrw.com/2018/06/05/post-3763/,https://3dlook.ai/,3DLOOK
editorial,growthgurus.io,32.0,78,True,2025-05-18,False,https://growthgurus.io/post/7-proven-methods-to-reduce-returns-for-e-commerce-success,https://3dlook.ai/content-hub/fashion-industry-challenges/,30% to 40%
editorial,lift99.co,43.0,72,True,2026-04-04,False,https://lift99.co/blog/ukrainian-startup-awards-2019,https://3dlook.ai/,3DLOOK
editorial,insign.ch,54.0,72,True,2024-09-02,False,https://www.insign.ch/blog/allgemein/b2c-e-commerce-magento-to-shopify-plus-51-prozent-mehr-gesamtumsatz-fallstudie-mit-details-insign-experten-fuer-onlineshops/,https://3dlook.ai/content-hub/average-conversion-rate-for-fashion-ecommerce/,https://3dlook.ai/content-hub/average-conversion-rate-for-fashion-ecommerce/
editorial,ucluster.org,37.0,71,True,2020-09-10,False,https://ucluster.org/blog/2020/06/top-it-odesa-it-cluster/,https://3dlook.ai/,3d Look
editorial,fashionschooldaily.com,36.0,69,True,2021-06-04,False,https://fashionschooldaily.com/spring-fashion-community-week-fashion-school-daily-experience/44140/,https://3dlook.ai/,3D Look
editorial,tsl-biznes.pl,34.0,59,True,2024-09-25,False,https://tsl-biznes.pl/online/TSLbiznes_2024_04.pdf,https://3dlook.ai/content-hub/virtual-fi,https://3dlook.ai/content-hub/virtual-fi
editorial,solutionhow.com,41.0,57,True,2021-09-27,False,https://www.solutionhow.com/en-us/education/sustainability-in-fashion-five-best-practices/,https://3dlook.ai/blog/7-emerging-technologies-for-sustainable-fashion-production-in-2020/,fashion technologies
editorial,networkustad.com,48.0,56,True,2021-11-02,False,https://networkustad.com/2021/11/02/how-to-shop-clothes-safely-post-pandemic/,https://3dlook.ai/content-hub/ar-clothing-try-on-tools/,AR clothing try on
editorial,hubwiz.com,57.0,56,True,2026-07-20,False,https://www.hubwiz.com/blog/top15-virtual-try-on-ai-tools-for-ecommerce/,https://3dlook.ai/yourfit/,YourFit by 3DLOOK
editorial,getmason.io,66.0,55,True,2021-12-27,False,https://blog.getmason.io/author/hugo-diesel/,https://3dlook.ai/,Website
editorial,logomakershop.com,44.0,54,True,2024-11-23,False,https://logomakershop.com/glossary/what-is-apparel-brand/,https://3dlook.ai/content-hub/the-future-of-fashion-retail/,The Future of Fashion Retail
editorial,igvinc.com,50.0,52,True,2022-12-03,False,https://www.igvinc.com/blog/how-will-covid-19-change-black-friday/,https://3dlook.ai/content-hub/2019-holiday-retail-sales-recap-lessons-to-learn-for-2020/,Statistics of 2019
editorial,barbaraiweins.com,30.0,51,True,2023-05-31,False,https://barbaraiweins.com/prepare-to-be-on-trend-with-the-latest-sustainable-fashion-trends-for-2023/,https://3dlook.ai/content-hub/body-measurement-app-for-clothing/,body measurement apps for clothing
editorial,yesplz.ai,44.0,50,True,2025-01-16,False,https://yesplz.ai/resource/the-ultimate-guide-to-fashion-ai-for-retailers-in-2023,https://3dlook.ai/,3DLook
editorial,museum-hub.org,26.0,48,False,2022-01-13,False,https://museum-hub.org/forums/topic/january-13th-toolkit-technical-workshop-1-how-to-use-digital-assets/,https://3dlook.ai/,Virtual try-on
editorial,intinvestor.com,34.0,46,True,2023-05-11,False,http://www.intinvestor.com/news/investing-in-ukraines-booming-technology-sector/,https://3dlook.ai/,3D Look
editorial,d-ddaily.com,27.0,44,True,2026-06-30,False,https://d-ddaily.com/mobileversion/DailyMobile07-08-21.htm,https://3dlook.ai/,3DLook
editorial,ekoo.co,34.0,44,True,2024-06-14,False,https://ekoo.co/en/ekoo-participe-au-salon-viva-tech-a-paris-pour-lvmh/,https://3dlook.ai/,3D Look
editorial,qualitystocks.com,33.0,44,True,2024-08-19,False,https://www.qualitystocks.com/ecgi-holdings-inc-ecgi-to-leverage-ai-driven-technologies-for-extraordinary-advancements-in-unique-retail-areas/,https://3dlook.ai/content-hub/body-measurement-app-for-clothing/,https://ibn.fm/ADDQ3
editorial,mikegingerich.com,56.0,44,True,2021-12-21,False,https://www.mikegingerich.com/blog/adding-ar-to-apparel-a-matter-of-need-or-certainty/,https://3dlook.ai/content-hub/virtual-dressing/,3D virtual fitting room
editorial,fashnerd.com,57.0,40,True,2020-08-25,False,https://fashnerd.com/2020/08/3dlook-mobile-body-scanning-solutions-go-hands-free/,https://3dlook.ai/,3DLOOK
editorial,techrounder.com,39.0,39,True,2022-01-30,False,https://www.techrounder.com/development/how-to-reduce-ecommerce-returns-best-practices-to-adopt/,https://3dlook.ai/content-hub/how-to-reduce-returns-in-ecommerce/,how to reduce returns in eCommerce
editorial,iartificial.blog,41.0,39,True,2024-11-20,False,https://iartificial.blog/zh-CN/%E5%BA%94%E7%94%A8/%E7%94%A8AI%E8%AF%95%E8%A1%A33%E4%B8%AA%E6%9C%80%E4%BD%B3%E5%BA%94%E7%94%A8/,https://3dlook.ai/yourfit/,3DLook 的 YourFit
editorial,greencompostables.com,28.0,35,True,2024-03-10,False,https://www.greencompostables.com/blog/bioedgradable-clothing,https://3dlook.ai/content-hub/slow-fashion-movement/,slow fashion
editorial,onlign-lab.com,25.0,34,True,2025-08-17,False,https://onlign-lab.com/roundup/,https://3dlook.ai/,https://3dlook.ai
editorial,femtech.health,33.0,34,True,2021-06-14,False,https://mindmaps.femtech.health/firms/20487,https://3dlook.ai/,Visit Website
editorial,lucykingdom.com,23.0,31,True,2024-03-20,False,https://lucykingdom.com/fashion-choices-that-promote-environment-friendly-and-sustainable-womens-clothing/,https://3dlook.ai/content-hub/sustainable-fashion-trends/,prioritizing environmental protection
editorial,compworth.com,21.0,28,False,2026-04-03,False,https://compworth.com/top-50-companies-of-san-mateo,https://3dlook.ai/,3dlook.me
editorial,iads.org,31.0,28,True,2025-10-03,False,https://www.iads.org/member/articles-reports?c16293f8_page=34,https://3dlook.ai/,3DLook
editorial,bonline.hu,25.0,26,True,2024-03-24,False,https://bonline.hu/cikk/140888/,https://3dlook.ai/technology/,3DLOOK
editorial,spring-invest.com,39.0,26,True,2021-11-09,False,https://chronicles.spring-invest.com/p/retail-chronicles-12052021,https://3dlook.ai/,3DLook
editorial,fexwear.com,21.0,25,False,2025-08-30,False,https://fexwear.com/recycled-polyester-spandex-blend-athletic-shorts-the-wholesale-buyers-technical-blueprint-for-performance-profit-planet/,https://3dlook.ai/,3DLook’s
editorial,balodana.com,31.0,25,True,2025-08-07,False,https://balodana.com/how-do-you-take-your-body-measurements/,https://3dlook.ai/,3DLook
editorial,messmag.com,26.0,24,True,2021-02-20,False,https://messmag.com/how-3dlooks-solutions-use-body-data-to-help-solve-the-massive-returns-waste-problem-in-apparel/,https://3dlook.ai/about-us/,3DLOOK
editorial,ayozat.com,31.0,20,False,2025-01-23,False,https://www.news.ayozat.com/story/Revolutionizing-the-Retail-World-with-AI,https://3dlook.ai/content-hub/virtual-clothing-try-on/,Virtual Fit On
editorial,360idtag.com,31.0,20,True,2019-05-25,False,https://www.360idtag.com/pages/media-1,https://3dlook.ai/content-hub/free-online-shopping-returns/,Wardrobing return fraud 360 ID Tag.jpeg__PID:45f0e67e-bf5c-483e-8283-b96002ad5873
editorial,hi-tech.org.ua,29.0,19,True,2019-04-05,False,https://hi-tech.org.ua/ukrainian-3d-scanning/,https://3dlook.ai/,3DLook
editorial,dehealth.app,33.0,18,True,2025-03-11,False,https://dehealth.app/legal/data-concerning-health-processing-procedure,https://3dlook.ai/,https://3dlook.ai/
editorial,repithwin.com,37.0,18,True,2022-09-16,False,https://blog.repithwin.com/walmarts-virtual-fitting-room-lets-you-use-your-own-photos-but-we-have-questions/,https://3dlook.ai/yourfit/,YourFit
editorial,marketreportanalytics.com,65.0,17,False,2026-06-01,False,https://www.marketreportanalytics.com/reports/ai-in-fashion-retail-53973,https://3dlook.ai/,3DLOOK
editorial,weglobalstudios.com,28.0,15,False,2026-06-05,False,https://founderverse.weglobalstudios.com/news/552121,https://3dlook.ai/,3DLOOK
editorial,emanaged.co.uk,28.0,15,True,2025-12-23,False,https://emanaged.co.uk/blogs/blog/online-fashion-marketplaces-3-key-digital-trends-to-follow,https://3dlook.ai/content-hub/virtual-clothing-try-on/,increasing
editorial,toxigon.com,52.0,15,True,2025-10-17,False,https://toxigon.com/best-ai-for-fitness-use-cases,https://3dlook.ai/,3DLOOK
editorial,axiobench.com,45.0,14,False,2026-09-10,False,https://axiobench.com/best/3d-body-software/,https://3dlook.ai/,Visit 3DLOOK
editorial,networknewswire.com,35.0,13,True,2024-08-19,False,https://www.networknewswire.com/ecgi-holdings-inc-ecgi-to-leverage-ai-driven-technologies-for-extraordinary-advancements-in-unique-retail-areas/,https://3dlook.ai/content-hub/body-measurement-app-for-clothing/,https://nnw.fm/Vw9Jj
editorial,kutyu.hu,31.0,12,True,2022-01-20,False,https://kutyu.hu/cikk/146808/,https://3dlook.ai/content-hub/virtual-dressing/,lemodellezni a testalkatunkat
editorial,rallyon.com,41.0,11,True,2023-04-26,False,https://rallyon.com/blog/2023-ecommerce-trends-to-pay-attention-to,https://3dlook.ai/content-hub/ar-clothing-try-on-tools/,augmented reality (AR) shopping experience
editorial,blogthetech.com,58.0,11,True,2024-07-25,False,https://www.blogthetech.com/sustainable-fashion-why-is-so-important/,https://3dlook.ai/content-hub/how-to-make-sustainable-fashion/,Click to read more
editorial,zubrcapital.com,32.0,10,True,2022-09-21,False,https://zubrcapital.com/news/3dlook-raised-dollar65-m-investments-from-zubr-capital-almaz-capital-and-tmt-investments,https://3dlook.ai/,3DLOOK
editorial,150sec.com,49.0,10,True,2018-05-21,False,https://150sec.com/u-ventures/,https://3dlook.ai/,3DLook
editorial,allthingscircular.com,27.0,9,True,2025-11-15,False,https://allthingscircular.com/tracking-the-circular-economy-top-sources-for-news-and-analysis/,https://3dlook.ai/content-hub/apparel-return-rates-the-stats-retailers-cannot-ignore/,https://3dlook.ai/content-hub/apparel-return-rates-the-stats-retailers-cannot-ignore/
editorial,aginganalytics.com,33.0,8,True,2020-11-23,False,https://mindmaps.aginganalytics.com/firms/20487,https://3dlook.ai/,Visit Website
editorial,investorwire.com,41.0,8,True,2024-08-20,False,https://www.investorwire.com/news-articles/ecgi-holdings-inc-ecgi-to-leverage-ai-driven-technologies-for-extraordinary-advancements-in-unique-retail-areas/,https://3dlook.ai/content-hub/body-measurement-app-for-clothing/,https://ibn.fm/ADDQ3
editorial,itmunch.com,43.0,8,True,2025-10-12,False,https://itmunch.com/fitness-industry-personalized-training-plans-chatgpt/,https://3dlook.ai/content-hub/ai-in-fitness-industry/,Artificial Intelligence in Fitness
editorial,edumanias.com,41.0,8,True,2022-01-14,False,https://edumanias.com/technology/augmented-reality-virtual-fitting-room-for-retail-fashion/,https://3dlook.ai/content-hub/virtual-dressing/,3D dressing rooms
editorial,longevity.international,28.0,7,True,2021-06-04,False,https://mindmaps.longevity.international/firms/20487,https://3dlook.ai/,Visit Website
editorial,phoneswiki.com,32.0,7,False,2021-10-02,False,https://www.phoneswiki.com/managing-increasing-clothing-returns/,https://3dlook.ai/blog/virtual-clothing-try-on/,virtual clothing try on
editorial,businessyield.com,45.0,7,False,2023-06-10,False,https://businessyield.com/bs-business/fitting-room/,https://3dlook.ai/content-hub/virtual-fitting-room-for-ecommerce/,3dlook
editorial,plattar.com,55.0,7,True,2023-10-28,False,https://www.plattar.com/10-ways-augmented-reality-shopping-is-transforming-retail/,https://3dlook.ai/content-hub/how-to-reduce-returns-in-ecommerce/,50%
editorial,shiftedmag.com,50.0,7,True,2021-09-22,False,https://shiftedmag.com/online-fitting-and-3d-body-models/,https://3dlook.ai/blog/7-emerging-technologies-for-sustainable-fashion-production-in-2022/,fashion technologies
editorial,blufashion.com,33.0,6,True,2025-05-09,False,https://blufashion.com/style/tips-to-shop-for-clothes-online/,https://3dlook.ai/,virtual body measurement
editorial,dka.global,38.0,6,True,2020-11-17,False,https://mindmaps.dka.global/firms/20487,https://3dlook.ai/,Visit Website
editorial,dutable.com,61.0,6,True,2026-02-02,False,https://dutable.com/how-ai-is-changing-the-way-men-shop-for-clothes-online/,https://3dlook.ai/content-hub/body-scanning-technology-for-apparel/,capture over 85 measurement points
editorial,uatechecosystem.com,33.0,5,True,2022-12-21,False,https://uatechecosystem.com/dashboard,https://3dlook.ai/,3DLOOK
editorial,itkey.media,41.0,5,True,2024-08-16,False,https://itkey.media/zing-coachs-highly-personalized-ai-fitness-app-secures-usd-10m-in-series-a/,https://3dlook.ai/,3DLOOK
editorial,metamodels.ai,32.0,4,True,2026-05-25,False,https://metamodels.ai/feeds/blog/ai-model-skin-tone-accuracy-fashion-photography,https://3dlook.ai/content-hub/apparel-return-rates-the-stats-retailers-cannot-ignore/,Apparel return rates average 20.8% in US e-commerce
editorial,leadgrowdevelop.com,71.0,4,True,2025-08-21,False,https://leadgrowdevelop.com/exploring-the-latest-sustainable-fashion-trends/,https://3dlook.ai/content-hub/sustainable-fashion-trends/,Sustainable fashion trends
editorial,cubeduel.com,23.0,3,True,2023-02-19,False,https://cubeduel.com/simplify-your-clothing-shopping-with-this-body-measurement-app/,https://3dlook.ai/content-hub/body-measurement-app-for-clothing/,body measurement app for clothing
editorial,papasearch.net,22.0,2,True,2022-09-24,False,http://papasearch.net/Data_Privacy/DataPrivacy33.html,https://3dlook.ai/blog/the-evolution-of-body-measuring/,The Evolution of Body Measuring: How advances in ...
editorial,onwardsandup.co.uk,31.0,2,True,2025-09-13,False,https://onwardsandup.co.uk/sustainability-strategy-fashion-post-growth-challenge/,https://3dlook.ai/content-hub/sustainable-fashion-trends/,quality over quantity
editorial,1worldsolutions.com,39.0,2,True,2023-03-16,False,https://1worldsolutions.com/blog/2023/02/24/a-year-on-from-russias-invasion-ukrainian-startups-show-astounding-resilience/,https://3dlook.ai/,3DLOOK
editorial,investorbrandnetwork.com,61.0,2,True,2025-01-31,False,https://rss.investorbrandnetwork.com/iw-full/ecgi-holdings-inc-ecgi-to-leverage-ai-driven-technologies-for-extraordinary-advancements-in-unique-retail-areas/,https://3dlook.ai/content-hub/body-measurement-app-for-clothing/,https://ibn.fm/ADDQ3
editorial,gfacegear.com,26.0,1,False,2026-08-20,False,https://blog.gfacegear.com/blog/on-demand-manufacturing-fashion,https://3dlook.ai/content-hub/on-demand-clothing-manufacturing/,reduces transportation emissions
editorial,dietium.com,37.0,1,False,2026-01-29,False,https://dietium.com/wellness-trends-2025-impact/,https://3dlook.ai/content-hub/ai-in-fitness-industry/,AI fitness applications
editorial,lngfrm.net,33.0,1,False,2025-10-28,False,https://lngfrm.net/healthy-longevity-movement-muscle-and-ai/,https://3dlook.ai/content-hub/ai-in-fitness-industry/,Dave Wigstone
editorial,cryptotvplus.com,43.0,1,True,2022-03-28,False,https://cryptotvplus.com/2022/03/top-vcs-investing-in-the-metaverse/,https://3dlook.ai/,3DLook
editorial,neconnected.co.uk,47.0,1,True,2024-01-18,False,https://neconnected.co.uk/will-technology-soon-bring-online-casino-elements-to-the-real-world/,https://3dlook.ai/content-hub/ar-clothing-try-on-tools/,article in 3DLOOK about AR
editorial,ai2people.com,53.0,1,True,2024-05-29,False,https://ai2people.com/technology-driving-ai-clothes-removal-apps/,https://3dlook.ai/content-hub/artificial-intelligence-in-fashion/,1
editorial,aptgadget.com,55.0,1,True,2026-08-02,False,https://www.aptgadget.com/de/what-are-virtual-fitting-rooms-and-why/,https://3dlook.ai/content-hub/virtual-clothing-try-on/,https://3dlook.me/content-hub/virtual-clothing-try-on/
editorial,mobilemarketingmagazine.com,74.0,1,True,2023-12-02,False,https://mobilemarketingmagazine.com/3dlook-launches-shareable-virtual-fitting-room-to-fight-returns-problem/,https://3dlook.ai/,3DLook
editorial,aiuse.blog,20.0,0,True,2025-12-25,False,https://aiuse.blog/ai-wearables-for-fitness-training/,https://3dlook.ai/content-hub/ai-in-fitness-industry/,3DLOOK
editorial,fitezapp.com,23.0,0,True,2025-04-27,False,https://www.fitezapp.com/blog/ai-size-recommendations.html,https://3dlook.ai/content-hub/apparel-return-rates-the-stats-retailers-cannot-ignore/,apparel returns online
editorial,innvesti.com,28.0,0,True,2026-06-07,False,https://innvesti.com/reports/best-virtual-try-on-platforms-2026/,https://3dlook.ai/,3DLOOK
editorial,justcreateapp.com,27.0,0,True,2024-02-16,False,https://justcreateapp.com/trends-in-fitness-industry-with-statistics,https://3dlook.ai/content-hub/top-fitness-industry-trends/,$434.74 billion by 2028
editorial,techcrawlr.com,29.0,0,True,2023-08-12,False,https://techcrawlr.com/the-advantages-of-using-ai-in-fashion-tech/,https://3dlook.ai/mobile-tailor/,body measuring solution
editorial,caleyowellness.com,26.0,0,False,2025-11-30,False,https://blog.caleyowellness.com/understanding-the-benefits-of-precision-3d-body-composition-scanning/,https://3dlook.ai/content-hub/body-scanning-technology-for-apparel/,advanced body scanning technology
editorial,infv.eu,21.0,0,True,2025-02-25,False,http://eshop-drevopraha.test.infv.eu/index.php/mendel/article/download/240/205/,https://3dlook.ai/,2https://3dlook.ai/
editorial,xrgoespop.com,27.0,0,True,2019-05-26,False,https://xrgoespop.com/home/lvsnapchat,https://3dlook.ai/,3DLOOK
editorial,1xmarketing.com,27.0,0,True,2024-11-09,False,https://1xmarketing.com/news/world-marketing-diary-241003125959/,https://3dlook.ai/content-hub/the-future-of-fashion-retail/,The future of fashion retail: Key trends for 2024 ( 2024-01-05 )
editorial,techtrendspro.com,29.0,0,True,2022-05-19,False,https://techtrendspro.com/body-measurement-apps/,https://3dlook.ai/content-hub/body-measurement-app-for-clothing/,body measurement app for clothing
editorial,sewingtrip.com,23.0,0,False,2025-09-26,False,https://sewingtrip.com/sewing-pattern-fitting-solutions/,https://3dlook.ai/content-hub/body-scanning-technology-for-apparel/,https://3dlook.ai/content-hub/body-scanning-technology-for-apparel/
editorial,storifygo.com,20.0,0,True,2022-03-16,False,https://storifygo.com/fashion-e-commerce-product-return-rate/,https://3dlook.ai/content-hub/reduce-returns-in-fashion-ecommerce/,https://3dlook.me/content-hub/reduce-returns-in-fashion-ecommerce/
editorial,trendingbird.net,23.0,0,True,2024-03-25,False,https://www.trendingbird.net/the-benefits-of-body-measurement-software-for-professional-use-cases/,https://3dlook.ai/content-hub/body-measurement-software/,Body measurement software
editorial,marketresearchforecast.com,26.0,0,True,2024-08-18,False,https://www.marketresearchforecast.com/reports/virtual-fitting-room-vfr-market-1890,https://3dlook.ai/,3DLOOK Inc.
editorial,fashionuer.com,28.0,0,True,2024-10-15,False,https://fashionuer.com/fashion/the-advantages-of-buying-clothes-online/,https://3dlook.ai/,3d body model measurements
editorial,likeuclothing.com,20.0,0,False,2025-08-06,False,https://likeuclothing.com/2025-trends-custom-colors-sweatshirts-bold-eco-personalized/,https://3dlook.ai/content-hub/sustainable-fashion-trends/,eco-friendly fabrics
editorial,evokeexperiences.com,25.0,0,False,2025-11-14,False,https://evokeexperiences.com/exclusive-brand-merchandise-customization-made-easy/,https://3dlook.ai/content-hub/on-demand-clothing-manufacturing/,20
editorial,rickrea.com,27.0,0,True,2021-09-02,False,https://www.rickrea.com/business/3dlook-launches-a-smartphone-body-scanner-to-help-apparel-retailers,https://3dlook.ai/,3DLook
editorial,unanswered.io,28.0,0,False,2026-09-10,False,https://unanswered.io/guide/emerging-fitness-trends,https://3dlook.ai/content-hub/top-fitness-industry-trends,Top Fitness Industry Trends for 2025 – A Closer Look
editorial,xishanghui.net,21.0,0,True,2023-12-13,False,http://www.xishanghui.net/index-3806.html,https://3dlook.ai/content-hub/ar-clothing-try-on-tools/,AR clothing try-on
editorial,plant-wide.com,30.0,0,True,2025-08-15,False,https://plant-wide.com/our-favorites/,https://3dlook.ai/,https://3dlook.ai
editorial,nnw.fm,31.0,0,True,2024-08-19,False,https://nnw.fm/Vw9Jj,https://3dlook.ai/content-hub/body-measurement-app-for-clothing/,
editorial,kefimind.com,32.0,0,True,2024-02-08,False,https://www.kefimind.com/digital-transformation-in-fashion-retail-unlocking-growth-and-innovation/,https://3dlook.ai/content-hub/top-trends-and-features-in-fitness-apps/,Top features in fitness apps
editorial,successquarterly.com,33.0,0,False,2025-10-11,False,https://successquarterly.com/peloton-unveils-ai-powered-fitness-push/,https://3dlook.ai/content-hub/connected-fitness-industry/,(source)
editorial,blockcast.cc,37.0,0,True,2024-09-25,False,https://blockcast.cc/apply-for-a-free-startup-alley-exhibitor-spot-at-disrupt-sf-2019/,https://3dlook.ai/,3DLOOK
editorial,residland.com,30.0,0,False,2025-12-21,False,https://www.residland.com/article/the-future-for-online-clothing-brands-and-boutiques,https://3dlook.ai/content-hub/how-to-grow-clothing-brand/,More items...
editorial,pressmaverick.com,32.0,0,True,2024-12-06,False,https://pressmaverick.com/tag/virtual-consultations/,https://3dlook.ai/content-hub/the-potential-of-ai-in-telehealth/,diagnostics
editorial,realitypaper.com,37.0,0,True,2023-03-30,False,https://realitypaper.com/style-without-limits-an-exploration-of-inclusive-fashion.html,https://3dlook.ai/content-hub/top-11-fashion-technologies/,fashion new technology
editorial,digitalhealthbuzz.com,39.0,0,True,2022-03-08,False,https://digitalhealthbuzz.com/reasons-why-3d-technology-is-essential-for-the-future-of-fashion-ecommerce/,https://3dlook.ai/content-hub/reduce-returns-in-fashion-ecommerce/,link
editorial,digitalglobaltimes.com,30.0,0,True,2022-05-18,False,https://digitalglobaltimes.com/improving-customer-experiences-in-fashion-ecommerce/,https://3dlook.ai/,virtual fitting rooms
editorial,aiproducthub.cn,34.0,0,False,2026-07-27,False,https://aiproducthub.cn/zt/17370.html,https://www.3dlook.ai/,3DLook
editorial,fashioncoached.com,42.0,0,False,2025-07-07,False,https://fashioncoached.com/article/ai-in-fashion-use-cases-benefits-implementation-and-technologies,https://3dlook.ai/content-hub/artificial-intelligence-in-fashion/,How is AI used in fast fashion? ›
editorial,cleantechloops.com,47.0,0,True,2022-04-22,False,https://www.cleantechloops.com/the-future-of-fashion/,https://3dlook.ai/content-hub/virtual-dressing/,3D virtual fitting rooms
editorial,noah-news.com,49.0,0,True,2026-05-14,False,https://noah-news.com/mobile-body-scanning-emerges-as-a-key-tool-in-accelerating-life-insurance-underw/,https://3dlook.ai/content-hub/mobile-body-scanning-insurance-underwriting/,[1]
editorial,dressapp.me,42.0,0,False,2026-10-01,False,https://dressapp.me/he/reduce-returns,https://3dlook.ai/content-hub/true-cost-apparel-returns-data-rising-return-rates/,"Coresight Research on apparel returns - Coresight Research, סקר בקרב מקבלי החלטות במותגי אופנה וקמעונאים בארה""ב"
editorial,ru24.net,40.0,0,False,2026-09-25,False,https://ru24.net/smi/vogue-it/271801673/,https://3dlook.ai/,3DLook
editorial,developmentmi.com,41.0,0,True,2022-07-05,False,https://developmentmi.com/guarantee-your-income-with-progressive-self-improvement/,https://3dlook.ai/,3dlook
editorial,futurology.life,44.0,0,True,2021-08-13,False,https://futurology.life/50-most-innovative-san-mateo-based-machine-learning-companies/,https://3dlook.ai/,Website
editorial,fordeercommerce.io,48.0,0,True,2024-04-03,False,https://blog.fordeercommerce.io/the-future-of-fashion-retail-key-trends/,https://3dlook.ai/blog/virtual-clothing-try-on/,clothes virtual try on
editorial,agentiveaiq.com,49.0,0,True,2025-12-13,False,https://agentiveaiq.com/listicles/7-best-size-guide-bots-for-fashion-apparel-stores,https://3dlook.ai/,Visit Site
editorial,seventech.ai,46.0,0,True,2024-03-23,False,https://www.seventech.ai/virtual-clothing-fitting-promising-technology-for-the-fashion-industry/,https://3dlook.ai/content-hub/virtual-clothing-try-on/,virtual try on solutions
editorial,ianslife.in,50.0,0,True,2024-04-08,False,https://ianslife.in/fashion/chic-code-decoding-next-gen-fusion-ai-and-fashion-fabulosity,https://3dlook.ai/content-hub/artificial-intelligence-in-fashion/,McKinsey's
editorial,americadailypost.com,55.0,0,True,2025-04-01,False,https://www.americadailypost.com/how-medical-assistants-are-adapting-to-the-rise-of-telehealth/,https://3dlook.ai/content-hub/the-potential-of-ai-in-telehealth/,Artificial intelligence (AI)
editorial,toptohigh.com,58.0,0,True,2022-06-21,False,https://toptohigh.com/what-are-the-secrets-to-building-jv-relationships-and-do-network-marketing-affiliate-programs-help/,https://3dlook.ai/,3dlook
editorial,eurekster.com,53.0,0,True,2026-05-26,False,https://p.eurekster.com/?id=ODAoPyI&apdiv=Submit&search=Body%20Measurement,https://3dlook.ai/,Virtual body measurements and size recommendations. We ...
editorial,branddeepdive.com,52.0,0,True,2026-04-06,False,https://branddeepdive.com/fashion/augmented-reality-transforming-fashion-beauty-shopping,https://3dlook.ai/content-hub/how-to-impelement-ar-in-fashion/,3DLOOK
editorial,getblogo.com,59.0,0,True,2023-05-31,False,https://getblogo.com/the-ultimate-guide-to-virtual-clothing-try-on-technologies-and-strategies/,https://3dlook.ai/content-hub/virtual-clothing-try-on/,virtual clothing try on
editorial,archivemarketresearch.com,66.0,0,True,2025-08-15,False,https://www.archivemarketresearch.com/reports/virtual-fitting-solution-53233,https://3dlook.ai/,3DLOOK
editorial,contrank.com,66.0,0,True,2024-06-04,False,https://contrank.com/exploring-the-rise-of-sustainable-fashion/,https://3dlook.ai/content-hub/the-future-of-fashion-retail/,significant influence
editorial,businesspartnermagazine.com,60.0,0,True,2022-02-12,False,https://businesspartnermagazine.com/top-fashion-trends-2022-must-be-aware-of/,https://3dlook.ai/content-hub/the-future-of-fashion-retail/,Read more
editorial,worldwidedigest.com,66.0,0,False,2025-03-22,False,https://worldwidedigest.com/sustainable-fashion-products-lead/,https://3dlook.ai/content-hub/sustainable-fashion-trends/,"In 2024, sustainable fashion products are leading the market"
editorial,ventsmagazine.com,76.0,0,True,2022-02-26,False,https://ventsmagazine.com/2022/02/26/5-examples-of-augmented-reality-in-fashion-retail/,https://3dlook.ai/content-hub/virtual-clothing-try-on/,clothing.
editorial,c212.net,90.0,0,True,2023-11-29,False,https://c212.net/c/link/?t=0&l=en&o=4034318-1&h=530407384&u=https%3A%2F%2F3dlook.ai%2F&a=3DLOOK,https://3dlook.ai/,
own,3dlook.me,56.0,17,True,2017-12-09,False,https://3dlook.me/,https://3dlook.ai/,
own,app3dlook.org,0.0,0,True,2025-04-07,False,https://app3dlook.org/,https://3dlook.ai/,
spam,adtrip.pl,56.0,484,True,2026-09-10,False,https://www.adtrip.pl/post/email-marketing-w-sklepie-z-moda-jak-zwiekszyc-ltv-i-zmniejszyc-zwroty-przez-cross-selling,https://3dlook.ai/content-hub/how-to-reduce-returns-in-ecommerce/,3dlook.ai
spam,beatable.co,8.0,470,False,2025-10-24,True,https://beatable.co/analysis/25E58DD939,https://3dlook.ai/,https://3dlook.me/
spam,textyess.com,30.0,465,True,2026-03-28,False,https://www.textyess.com/blog/10-whatsapp-campaign-ideas-for-fashion-brands-in-2026,https://3dlook.ai/content-hub/fashion-ecommerce-in-2025/,93% of new customers seek reviews
spam,findmassleads.com,35.0,448,True,2020-08-09,True,https://www.findmassleads.com/websites/3dlook.me?h=206224282,https://3dlook.ai/,3dlook.me
spam,raising.fi,7.0,412,True,2026-09-10,True,https://raising.fi/company/3dlook,https://3dlook.ai/,3dlook.me
spam,k89design.com,8.0,383,True,2024-02-04,False,https://k89design.com/marketing/5-tendenze-del-marketing-online-2024/,https://3dlook.ai/content-hub/how-to-impelement-ar-in-fashion/,la regina indiscussa del marketing digitale nel 2024
spam,goldi.ai,9.0,336,True,2026-03-13,True,https://goldi.ai/intelligence/vc/icu-ventures,https://3dlook.ai/,3DLOOK logo 3DLOOK
spam,pitch.vc,29.0,325,True,2026-05-19,True,https://pitch.vc/companies/3d-look,https://3dlook.ai/,Website
spam,swifterm.com,62.0,297,True,2023-08-02,False,https://swifterm.com/why-ai-personalisation-is-necessary-for-ecommerce/,https://3dlook.ai/content-hub/apparel-return-rates-the-stats-retailers-cannot-ignore/,fashion average currently 30 – 50%
spam,fashionvaluechain.com,43.0,250,True,2022-10-07,True,https://fashionvaluechain.com/the-virtual-dressing-room-fro-3dlook-in-a-6-month-case-study-yourfit-reduces-the-return-rate-by-47/,https://3dlook.ai/,3DLOOK
spam,neurotech.com,26.0,247,True,2025-01-18,True,https://www.mindmaps.neurotech.com/firms/20487,https://3dlook.ai/,Visit Website
spam,gaugius.com,45.0,210,False,2026-09-03,True,https://gaugius.com/best/windbreaker-ai-on-model-photography-generator/,https://3dlook.ai/,Visit 3DLOOK
spam,cossetmoi.com,33.0,86,True,2025-04-29,True,https://www.cossetmoi.com/artists/exotic-jobs-in-the-beauty-and-fashion-industry/,https://3dlook.ai/content-hub/top-11-fashion-technologies/,Fashion Tech Innovator
spam,republicpost.in,18.0,67,False,2024-06-13,True,https://republicpost.in/top-10-fashiontech-startups-in-india/,https://3dlook.ai/content-hub/top-11-fashion-technologies/,top 10 FashionTech
spam,aplaut.com,35.0,64,True,2026-08-14,False,https://aplaut.com/blog/kak-snizit-drr-dlia-ecommerce-ne-torguias-za-kazhdyi-klik/,https://3dlook.ai/content-hub/the-true-cost-of-apparel-returns/?ref=aplaut.com,в одежде 53% возвратов
spam,startup-seeker.com,10.0,56,True,2026-06-08,True,https://startup-seeker.com/list/volumetric-capture--asia,https://3dlook.ai/,3dlook.me
spam,supaintent.com,31.0,51,True,2026-08-15,True,https://supaintent.com/ai-brand-index/commerce-e-commerce-software-virtual-fitting-software,https://3dlook.ai/,3DLOOK
spam,pipeseed.com,0.1,47,True,2025-10-20,True,https://pipeseed.com/investor/anton-borzov-429751,https://3dlook.ai/,3DLOOK
spam,pipeseed.com,0.1,47,True,2026-08-27,True,https://pipeseed.com/investor/alex-bornyakov-239480,https://3dlook.ai/,3DLOOK
spam,demostar.win,0.0,43,True,2026-07-09,True,https://demostar.win/products/3dlook,https://3dlook.ai/,Visit Website
spam,drukarnia.dev,0.4,28,False,2025-12-22,True,https://drukarnia.dev/articles/chi-isnuye-shtuchnii-intelekt-v-ukrayini-F5jRP,https://3dlook.ai/,3DLOOK
spam,drukarnia.dev,0.4,28,False,2026-05-21,True,https://www.drukarnia.dev/articles/chi-isnuye-shtuchnii-intelekt-v-ukrayini-F5jRP,https://3dlook.ai/,3DLOOK
spam,drukarnia.dev,0.4,28,False,2026-08-17,True,http://drukarnia.dev/articles/openai-laboratoriya-doslidzhen-shtuchnogo-intelektu-ta-yiyi-rol-u-metavsesviti-7lWiM,https://3dlook.ai/,3DLOOK
spam,flcompres.com,0.0,21,True,2025-02-05,True,https://flcompres.com/company-details.php?detail=209260,https://3dlook.ai/,https://3dlook.me/
spam,manomode.com,14.0,20,True,2021-05-26,True,https://manomode.com/4314/what-is-sustainable-fashion/,https://3dlook.ai/content-hub/7-emerging-technologies-for-sustainable-fashion-production-in-2022/,3dlook.me
spam,yhype.me,11.0,17,True,2025-08-31,True,https://yhype.me/github/@3dlook-me,https://3dlook.ai/,
spam,cmci.org.ua,0.8,16,True,2026-09-01,True,https://cmci.org.ua/audit/3dlook.ai,https://3dlook.ai/,3dlook.​ai
spam,ty-fashion.com,15.0,12,False,2025-03-07,True,https://ty-fashion.com/forecasting-fashion-how-data-predicts-new-trends-in-sustainability-for-2026/,https://3dlook.ai/content-hub/sustainable-fashion-trends/,future trends in a sustainable fashion
spam,healthitcost.com,1.6,7,True,2026-08-06,True,https://healthitcost.com/c/ar-vr-for-retail/guide,https://3dlook.ai/,Visit →
spam,whimsynames.com,0.0,5,False,2024-03-28,True,https://whimsynames.com/scarves-brand-names/,https://3dlook.ai/content-hub/fashion-industry-challenges/,fashion industry continues
spam,aiworld.lat,0.0,5,True,2025-03-12,True,https://aiworld.lat/exercise-fitness.html,https://3dlook.ai/content-hub/ai-in-fitness-industry/,3dlook.ai/content-hub/ai-in-fitness-industry
spam,mapthenet.org,0.0,5,False,2026-09-14,True,https://www.mapthenet.org/domain/3dlook.me,https://3dlook.ai/,visit site ↗
spam,horizonsport.shop,17.0,5,True,2024-11-26,False,https://www.horizonsport.shop/post/comment-mesurer-sa-taille-pour-commander-des-v%C3%AAtements-en-ligne,https://3dlook.ai/blog/the-enormous-impact-of-daily-physiological-changes-on-the-accuracy-of-our-body-measurements/[7],https://3dlook.ai/blog/the-enormous-impact-of-daily-physiological-changes-on-the-accuracy-of-our-body-measurements/
spam,fyloxy.com,0.0,4,False,2026-09-19,True,https://fyloxy.com/website-list-248/,https://3dlook.ai/,3dlook.ai
spam,onlinegeeks.net,34.0,3,True,2023-12-24,True,https://onlinegeeks.net/technologies-in-the-fashion-industry/,https://3dlook.ai/content-hub/top-10-fashion-technologies/,Fashion tech
spam,aibusinesssites.com,1.1,2,True,2026-07-23,True,https://aibusinesssites.com/blog/7-signs-your-workwear-store-website-isnt-converting-ai-driven-fixes,https://3dlook.ai/content-hub/average-conversion-rate-for-fashion-ecommerce/,recent survey
spam,digitalboost.site,6.0,2,False,2026-09-05,True,https://digitalboost.site/akfc-get-ranking-on-1st-page-with-us,https://3dlook.ai/,app3dlook.org
spam,reviewbolt.com,21.0,2,True,2026-04-21,True,https://reviewbolt.com/r/3dlook.ai,https://3dlook.ai/,Visit
spam,productrank.ai,36.0,2,True,2026-09-10,True,https://productrank.ai/product/yourfit-by-3dlook,https://3dlook.ai/,
spam,parsmag.com,3.2,1,False,2024-05-28,True,https://parsmag.com/ai-footprint-on-fashiontrends/,https://3dlook.ai/,YourFit
spam,marketgenius.ai,6.0,1,True,2026-08-26,True,https://marketgenius.ai/products/3dlook-3dlook,https://3dlook.ai/contact-us/,Contact Sales
spam,zoipi.com,7.0,1,False,2026-08-22,True,https://zoipi.com/tool/reviewmeta,https://3dlook.ai/,Visit Site
spam,hao123.com.cn,0.8,0,True,2017-02-09,True,http://hao123.com.cn/,https://3dlook.ai/content-hub/virtual-clothing-try-on/,Virtual Try On Virtual Try On
spam,sfes.online,0.0,0,True,2024-01-26,True,https://sfes.online/?page_id=46,https://3dlook.ai/technology/,3D LOOK
spam,bonyadimag.ir,0.0,0,True,2024-12-30,True,https://bonyadimag.ir/blog/%D8%A7%D8%AE%D8%A8%D8%A7%D8%B1/P2604-%D8%B1%D8%A7%D9%87-%D9%87%D8%A7%DB%8C%DB%8C-%D8%A8%D8%B1%D8%A7%DB%8C-%D8%B3%D8%A8%D8%B2%D8%AA%D8%B1-%DA%A9%D8%B1%D8%AF%D9%86-%D9%85%D8%AF-%D8%A8%D8%A7-%D9%85%D8%AF-%D9%BE%D8%A7%DB%8C%D8%AF%D8%A7%D8%B1-%D8%AF%D8%B1-%D8%B3%D8%A7%D9%84-2025.html,https://3dlook.ai/content-hub/sustainable-fashion-trends/,3DLOOK.ai
spam,autoskillai.com,0.0,0,True,2025-08-07,True,https://autoskillai.com/ai-remote-healthcare/,https://3dlook.ai/content-hub/the-potential-of-ai-in-telehealth/,
spam,maiestas.org,0.1,0,False,2025-07-07,True,https://maiestas.org/velo-de-novia/,https://3dlook.ai/,3DLOOK
spam,caimpare.ai,0.6,0,True,2025-09-29,True,https://caimpare.ai/tool/35095,https://3dlook.ai/,Visit Website
spam,seo-anomaly-mexico.website,0.6,0,False,2025-10-24,False,https://alfa.seo-anomaly-mexico.website/thailand_ai-23-10-2025/seo-anomaly-thailand_ai-1/,https://3dlook.ai/content-hub/the-potential-of-ai-in-telehealth/,"TELEGRAM @SEO_ANOMALY - SEO BACKLINKS, BLACK-LINKS, TRAFFIC BOOST, LINK INDEXING"
spam,seo-anomaly-mexico.space,0.6,0,False,2025-10-23,False,https://alfa.seo-anomaly-mexico.space/thailand_ai-23-10-2025/seo-anomaly-thailand_ai-1/,https://3dlook.ai/content-hub/the-potential-of-ai-in-telehealth/,"TELEGRAM @SEO_ANOMALY - SEO BACKLINKS, BLACK-LINKS, TRAFFIC BOOST, LINK INDEXING"
spam,seo-anomaly-shenzhen.website,0.6,0,False,2025-10-24,False,https://alfa.seo-anomaly-shenzhen.website/thailand_ai-23-10-2025/seo-anomaly-thailand_ai-1/,https://3dlook.ai/content-hub/the-potential-of-ai-in-telehealth/,"TELEGRAM @SEO_ANOMALY - SEO BACKLINKS, BLACK-LINKS, TRAFFIC BOOST, LINK INDEXING"
spam,seo-anomaly-tokyo.website,0.6,0,False,2025-10-23,False,https://alfa.seo-anomaly-tokyo.website/thailand_ai-23-10-2025/seo-anomaly-thailand_ai-1/,https://3dlook.ai/content-hub/the-potential-of-ai-in-telehealth/,"TELEGRAM @SEO_ANOMALY - SEO BACKLINKS, BLACK-LINKS, TRAFFIC BOOST, LINK INDEXING"
spam,seo-anomaly-chongqing.site,0.6,0,False,2025-10-23,False,https://alfa.seo-anomaly-chongqing.site/thailand_ai-23-10-2025/seo-anomaly-thailand_ai-1/,https://3dlook.ai/content-hub/the-potential-of-ai-in-telehealth/,"TELEGRAM @SEO_ANOMALY - SEO BACKLINKS, BLACK-LINKS, TRAFFIC BOOST, LINK INDEXING"
spam,seo-anomaly-los-angeles.online,0.6,0,False,2025-10-23,False,https://alfa.seo-anomaly-los-angeles.online/thailand_ai-23-10-2025/seo-anomaly-thailand_ai-1/,https://3dlook.ai/content-hub/the-potential-of-ai-in-telehealth/,"TELEGRAM @SEO_ANOMALY - SEO BACKLINKS, BLACK-LINKS, TRAFFIC BOOST, LINK INDEXING"
spam,seo-anomaly-seoul.space,0.6,0,False,2025-10-23,False,https://alfa.seo-anomaly-seoul.space/thailand_ai-23-10-2025/seo-anomaly-thailand_ai-1/,https://3dlook.ai/content-hub/the-potential-of-ai-in-telehealth/,"TELEGRAM @SEO_ANOMALY - SEO BACKLINKS, BLACK-LINKS, TRAFFIC BOOST, LINK INDEXING"
spam,seo-anomaly-osaka.space,0.6,0,False,2025-10-23,False,https://alfa.seo-anomaly-osaka.space/thailand_ai-23-10-2025/seo-anomaly-thailand_ai-1/,https://3dlook.ai/content-hub/the-potential-of-ai-in-telehealth/,"TELEGRAM @SEO_ANOMALY - SEO BACKLINKS, BLACK-LINKS, TRAFFIC BOOST, LINK INDEXING"
spam,seo-anomaly-beijing.space,0.6,0,False,2025-10-23,False,https://alfa.seo-anomaly-beijing.space/thailand_ai-23-10-2025/seo-anomaly-thailand_ai-1/,https://3dlook.ai/content-hub/the-potential-of-ai-in-telehealth/,"TELEGRAM @SEO_ANOMALY - SEO BACKLINKS, BLACK-LINKS, TRAFFIC BOOST, LINK INDEXING"
spam,seo-anomaly-sao-paulo.online,0.6,0,False,2025-10-23,False,https://alfa.seo-anomaly-sao-paulo.online/thailand_ai-23-10-2025/seo-anomaly-thailand_ai-1/,https://3dlook.ai/content-hub/the-potential-of-ai-in-telehealth/,"TELEGRAM @SEO_ANOMALY - SEO BACKLINKS, BLACK-LINKS, TRAFFIC BOOST, LINK INDEXING"
spam,seo-anomaly-manila.online,0.6,0,False,2025-10-24,False,https://alfa.seo-anomaly-manila.online/thailand_ai-23-10-2025/seo-anomaly-thailand_ai-1/,https://3dlook.ai/content-hub/the-potential-of-ai-in-telehealth/,"TELEGRAM @SEO_ANOMALY - SEO BACKLINKS, BLACK-LINKS, TRAFFIC BOOST, LINK INDEXING"
spam,seo-anomaly-jakarta.site,0.6,0,False,2025-10-24,False,https://alfa.seo-anomaly-jakarta.site/thailand_ai-23-10-2025/seo-anomaly-thailand_ai-1/,https://3dlook.ai/content-hub/the-potential-of-ai-in-telehealth/,"TELEGRAM @SEO_ANOMALY - SEO BACKLINKS, BLACK-LINKS, TRAFFIC BOOST, LINK INDEXING"
spam,seo-anomaly-los-angeles.space,0.6,0,False,2025-10-23,False,https://alfa.seo-anomaly-los-angeles.space/thailand_ai-23-10-2025/seo-anomaly-thailand_ai-1/,https://3dlook.ai/content-hub/the-potential-of-ai-in-telehealth/,"TELEGRAM @SEO_ANOMALY - SEO BACKLINKS, BLACK-LINKS, TRAFFIC BOOST, LINK INDEXING"
spam,seo-anomaly-istanbul.space,0.6,0,False,2025-10-23,False,https://alfa.seo-anomaly-istanbul.space/thailand_ai-23-10-2025/seo-anomaly-thailand_ai-1/,https://3dlook.ai/content-hub/the-potential-of-ai-in-telehealth/,"TELEGRAM @SEO_ANOMALY - SEO BACKLINKS, BLACK-LINKS, TRAFFIC BOOST, LINK INDEXING"
spam,seo-anomaly-seoul.website,0.6,0,False,2025-10-31,False,https://seo-anomaly-seoul.website/armenia_ai-31-10-2025/seo-anomaly-armenia_ai-4/,https://3dlook.ai/content-hub/artificial-intelligence-in-fashion/,"TELEGRAM @SEO_ANOMALY - SEO BACKLINKS, BLACK-LINKS, TRAFFIC BOOST, LINK INDEXING"
spam,seo-anomaly-lagos.site,0.6,0,False,2025-10-23,False,https://alfa.seo-anomaly-lagos.site/thailand_ai-23-10-2025/seo-anomaly-thailand_ai-1/,https://3dlook.ai/content-hub/the-potential-of-ai-in-telehealth/,"TELEGRAM @SEO_ANOMALY - SEO BACKLINKS, BLACK-LINKS, TRAFFIC BOOST, LINK INDEXING"
spam,seo-anomaly-mexico.site,0.6,0,False,2025-10-23,False,https://alfa.seo-anomaly-mexico.site/thailand_ai-23-10-2025/seo-anomaly-thailand_ai-1/,https://3dlook.ai/content-hub/the-potential-of-ai-in-telehealth/,"TELEGRAM @SEO_ANOMALY - SEO BACKLINKS, BLACK-LINKS, TRAFFIC BOOST, LINK INDEXING"
spam,seo-anomaly-manila.space,0.6,0,False,2025-10-23,False,https://alfa.seo-anomaly-manila.space/thailand_ai-23-10-2025/seo-anomaly-thailand_ai-1/,https://3dlook.ai/content-hub/the-potential-of-ai-in-telehealth/,"TELEGRAM @SEO_ANOMALY - SEO BACKLINKS, BLACK-LINKS, TRAFFIC BOOST, LINK INDEXING"
spam,seo-anomaly-mumbai.website,0.6,0,False,2025-10-23,False,https://alfa.seo-anomaly-mumbai.website/thailand_ai-23-10-2025/seo-anomaly-thailand_ai-1/,https://3dlook.ai/content-hub/the-potential-of-ai-in-telehealth/,"TELEGRAM @SEO_ANOMALY - SEO BACKLINKS, BLACK-LINKS, TRAFFIC BOOST, LINK INDEXING"
spam,seo-anomaly-los-angeles.website,0.6,0,False,2025-10-31,False,https://seo-anomaly-los-angeles.website/armenia_ai-31-10-2025/seo-anomaly-armenia_ai-4/,https://3dlook.ai/content-hub/artificial-intelligence-in-fashion/,"TELEGRAM @SEO_ANOMALY - SEO BACKLINKS, BLACK-LINKS, TRAFFIC BOOST, LINK INDEXING"
spam,seo-anomaly-tianjin.site,0.6,0,False,2025-10-23,False,https://alfa.seo-anomaly-tianjin.site/thailand_ai-23-10-2025/seo-anomaly-thailand_ai-1/,https://3dlook.ai/content-hub/the-potential-of-ai-in-telehealth/,"TELEGRAM @SEO_ANOMALY - SEO BACKLINKS, BLACK-LINKS, TRAFFIC BOOST, LINK INDEXING"
spam,seo-anomaly-manila.website,0.6,0,False,2025-10-24,False,https://alfa.seo-anomaly-manila.website/thailand_ai-23-10-2025/seo-anomaly-thailand_ai-1/,https://3dlook.ai/content-hub/the-potential-of-ai-in-telehealth/,"TELEGRAM @SEO_ANOMALY - SEO BACKLINKS, BLACK-LINKS, TRAFFIC BOOST, LINK INDEXING"
spam,seo-anomaly-shanghai.online,0.6,0,False,2025-10-23,False,https://alfa.seo-anomaly-shanghai.online/thailand_ai-23-10-2025/seo-anomaly-thailand_ai-1/,https://3dlook.ai/content-hub/the-potential-of-ai-in-telehealth/,"TELEGRAM @SEO_ANOMALY - SEO BACKLINKS, BLACK-LINKS, TRAFFIC BOOST, LINK INDEXING"
spam,seo-anomaly-tianjin.online,0.6,0,False,2025-10-31,False,https://seo-anomaly-tianjin.online/armenia_ai-31-10-2025/seo-anomaly-armenia_ai-4/,https://3dlook.ai/content-hub/artificial-intelligence-in-fashion/,"TELEGRAM @SEO_ANOMALY - SEO BACKLINKS, BLACK-LINKS, TRAFFIC BOOST, LINK INDEXING"
spam,seo-anomaly-rio.online,0.6,0,False,2025-10-23,False,https://alfa.seo-anomaly-rio.online/thailand_ai-23-10-2025/seo-anomaly-thailand_ai-1/,https://3dlook.ai/content-hub/the-potential-of-ai-in-telehealth/,"TELEGRAM @SEO_ANOMALY - SEO BACKLINKS, BLACK-LINKS, TRAFFIC BOOST, LINK INDEXING"
spam,seo-anomaly-shenzhen.online,0.6,0,False,2025-10-23,False,https://alfa.seo-anomaly-shenzhen.online/thailand_ai-23-10-2025/seo-anomaly-thailand_ai-1/,https://3dlook.ai/content-hub/the-potential-of-ai-in-telehealth/,"TELEGRAM @SEO_ANOMALY - SEO BACKLINKS, BLACK-LINKS, TRAFFIC BOOST, LINK INDEXING"
spam,seo-anomaly-los-angeles.site,0.1,0,False,2025-10-23,False,https://alfa.seo-anomaly-los-angeles.site/thailand_ai-23-10-2025/seo-anomaly-thailand_ai-1/,https://3dlook.ai/content-hub/the-potential-of-ai-in-telehealth/,"TELEGRAM @SEO_ANOMALY - SEO BACKLINKS, BLACK-LINKS, TRAFFIC BOOST, LINK INDEXING"
spam,seo-anomaly-mumbai.site,0.6,0,False,2025-10-23,False,https://alfa.seo-anomaly-mumbai.site/thailand_ai-23-10-2025/seo-anomaly-thailand_ai-1/,https://3dlook.ai/content-hub/the-potential-of-ai-in-telehealth/,"TELEGRAM @SEO_ANOMALY - SEO BACKLINKS, BLACK-LINKS, TRAFFIC BOOST, LINK INDEXING"
spam,seo-anomaly-rio.website,0.6,0,False,2025-10-23,False,https://alfa.seo-anomaly-rio.website/thailand_ai-23-10-2025/seo-anomaly-thailand_ai-1/,https://3dlook.ai/content-hub/the-potential-of-ai-in-telehealth/,"TELEGRAM @SEO_ANOMALY - SEO BACKLINKS, BLACK-LINKS, TRAFFIC BOOST, LINK INDEXING"
spam,seo-anomaly-dhaka.site,0.6,0,False,2025-10-23,False,https://alfa.seo-anomaly-dhaka.site/thailand_ai-23-10-2025/seo-anomaly-thailand_ai-1/,https://3dlook.ai/content-hub/the-potential-of-ai-in-telehealth/,"TELEGRAM @SEO_ANOMALY - SEO BACKLINKS, BLACK-LINKS, TRAFFIC BOOST, LINK INDEXING"
spam,seo-anomaly-tokyo.space,0.7,0,False,2025-10-23,False,https://alfa.seo-anomaly-tokyo.space/thailand_ai-23-10-2025/seo-anomaly-thailand_ai-1/,https://3dlook.ai/content-hub/the-potential-of-ai-in-telehealth/,"TELEGRAM @SEO_ANOMALY - SEO BACKLINKS, BLACK-LINKS, TRAFFIC BOOST, LINK INDEXING"
spam,seo-anomaly-shanghai.site,0.6,0,False,2025-10-23,False,https://alfa.seo-anomaly-shanghai.site/thailand_ai-23-10-2025/seo-anomaly-thailand_ai-1/,https://3dlook.ai/content-hub/the-potential-of-ai-in-telehealth/,"TELEGRAM @SEO_ANOMALY - SEO BACKLINKS, BLACK-LINKS, TRAFFIC BOOST, LINK INDEXING"
spam,seo-anomaly-beijing.website,0.6,0,False,2025-10-23,False,https://alfa.seo-anomaly-beijing.website/thailand_ai-23-10-2025/seo-anomaly-thailand_ai-1/,https://3dlook.ai/content-hub/the-potential-of-ai-in-telehealth/,"TELEGRAM @SEO_ANOMALY - SEO BACKLINKS, BLACK-LINKS, TRAFFIC BOOST, LINK INDEXING"
spam,seo-anomaly-seoul.site,0.6,0,False,2025-10-24,False,https://alfa.seo-anomaly-seoul.site/thailand_ai-23-10-2025/seo-anomaly-thailand_ai-1/,https://3dlook.ai/content-hub/the-potential-of-ai-in-telehealth/,"TELEGRAM @SEO_ANOMALY - SEO BACKLINKS, BLACK-LINKS, TRAFFIC BOOST, LINK INDEXING"
spam,seo-anomaly-karachi.space,0.6,0,False,2025-10-23,False,https://alfa.seo-anomaly-karachi.space/thailand_ai-23-10-2025/seo-anomaly-thailand_ai-1/,https://3dlook.ai/content-hub/the-potential-of-ai-in-telehealth/,"TELEGRAM @SEO_ANOMALY - SEO BACKLINKS, BLACK-LINKS, TRAFFIC BOOST, LINK INDEXING"
spam,seo-anomaly-kolkata.site,0.6,0,False,2025-10-31,False,https://seo-anomaly-kolkata.site/armenia_ai-31-10-2025/seo-anomaly-armenia_ai-4/,https://3dlook.ai/content-hub/artificial-intelligence-in-fashion/,"TELEGRAM @SEO_ANOMALY - SEO BACKLINKS, BLACK-LINKS, TRAFFIC BOOST, LINK INDEXING"
spam,seo-anomaly-beijing.site,0.6,0,False,2025-10-23,False,https://alfa.seo-anomaly-beijing.site/thailand_ai-23-10-2025/seo-anomaly-thailand_ai-1/,https://3dlook.ai/content-hub/the-potential-of-ai-in-telehealth/,"TELEGRAM @SEO_ANOMALY - SEO BACKLINKS, BLACK-LINKS, TRAFFIC BOOST, LINK INDEXING"
spam,seo-anomaly-karachi.online,0.6,0,False,2025-10-24,True,https://alfa.seo-anomaly-karachi.online/thailand_ai-23-10-2025/seo-anomaly-thailand_ai-1/,https://3dlook.ai/content-hub/the-potential-of-ai-in-telehealth/,"TELEGRAM @SEO_ANOMALY - SEO BACKLINKS, BLACK-LINKS, TRAFFIC BOOST, LINK INDEXING"
spam,seo-anomaly-kolkata.space,0.6,0,False,2025-10-23,False,https://alfa.seo-anomaly-kolkata.space/thailand_ai-23-10-2025/seo-anomaly-thailand_ai-1/,https://3dlook.ai/content-hub/the-potential-of-ai-in-telehealth/,"TELEGRAM @SEO_ANOMALY - SEO BACKLINKS, BLACK-LINKS, TRAFFIC BOOST, LINK INDEXING"
spam,seo-anomaly-istanbul.website,0.7,0,False,2025-10-24,False,https://alfa.seo-anomaly-istanbul.website/thailand_ai-23-10-2025/seo-anomaly-thailand_ai-1/,https://3dlook.ai/content-hub/the-potential-of-ai-in-telehealth/,"TELEGRAM @SEO_ANOMALY - SEO BACKLINKS, BLACK-LINKS, TRAFFIC BOOST, LINK INDEXING"
spam,seo-anomaly-karachi.site,0.6,0,False,2025-10-23,False,https://alfa.seo-anomaly-karachi.site/thailand_ai-23-10-2025/seo-anomaly-thailand_ai-1/,https://3dlook.ai/content-hub/the-potential-of-ai-in-telehealth/,"TELEGRAM @SEO_ANOMALY - SEO BACKLINKS, BLACK-LINKS, TRAFFIC BOOST, LINK INDEXING"
spam,seo-anomaly-osaka.site,0.6,0,False,2025-10-31,False,https://seo-anomaly-osaka.site/armenia_ai-31-10-2025/seo-anomaly-armenia_ai-4/,https://3dlook.ai/content-hub/artificial-intelligence-in-fashion/,"TELEGRAM @SEO_ANOMALY - SEO BACKLINKS, BLACK-LINKS, TRAFFIC BOOST, LINK INDEXING"
spam,seo-anomaly-sao-paulo.space,0.6,0,False,2025-10-23,False,https://alfa.seo-anomaly-sao-paulo.space/thailand_ai-23-10-2025/seo-anomaly-thailand_ai-1/,https://3dlook.ai/content-hub/the-potential-of-ai-in-telehealth/,"TELEGRAM @SEO_ANOMALY - SEO BACKLINKS, BLACK-LINKS, TRAFFIC BOOST, LINK INDEXING"
spam,seo-anomaly-lahore.space,0.6,0,False,2025-10-23,False,https://alfa.seo-anomaly-lahore.space/thailand_ai-23-10-2025/seo-anomaly-thailand_ai-1/,https://3dlook.ai/content-hub/the-potential-of-ai-in-telehealth/,"TELEGRAM @SEO_ANOMALY - SEO BACKLINKS, BLACK-LINKS, TRAFFIC BOOST, LINK INDEXING"
spam,seo-anomaly-manila.site,0.6,0,False,2025-11-01,False,https://seo-anomaly-manila.site/armenia_ai-31-10-2025/seo-anomaly-armenia_ai-4/,https://3dlook.ai/content-hub/artificial-intelligence-in-fashion/,"TELEGRAM @SEO_ANOMALY - SEO BACKLINKS, BLACK-LINKS, TRAFFIC BOOST, LINK INDEXING"
spam,seo-anomaly-rio.space,0.6,0,False,2025-10-24,False,https://alfa.seo-anomaly-rio.space/thailand_ai-23-10-2025/seo-anomaly-thailand_ai-1/,https://3dlook.ai/content-hub/the-potential-of-ai-in-telehealth/,"TELEGRAM @SEO_ANOMALY - SEO BACKLINKS, BLACK-LINKS, TRAFFIC BOOST, LINK INDEXING"
spam,seo-anomaly-cairo.site,0.6,0,False,2025-10-23,False,https://alfa.seo-anomaly-cairo.site/thailand_ai-23-10-2025/seo-anomaly-thailand_ai-1/,https://3dlook.ai/content-hub/the-potential-of-ai-in-telehealth/,"TELEGRAM @SEO_ANOMALY - SEO BACKLINKS, BLACK-LINKS, TRAFFIC BOOST, LINK INDEXING"
spam,seo-anomaly-kolkata.website,0.6,0,False,2025-10-23,False,https://alfa.seo-anomaly-kolkata.website/thailand_ai-23-10-2025/seo-anomaly-thailand_ai-1/,https://3dlook.ai/content-hub/the-potential-of-ai-in-telehealth/,"TELEGRAM @SEO_ANOMALY - SEO BACKLINKS, BLACK-LINKS, TRAFFIC BOOST, LINK INDEXING"
spam,seo-anomaly-tokyo.site,0.6,0,False,2025-10-24,False,https://alfa.seo-anomaly-tokyo.site/thailand_ai-23-10-2025/seo-anomaly-thailand_ai-1/,https://3dlook.ai/content-hub/the-potential-of-ai-in-telehealth/,"TELEGRAM @SEO_ANOMALY - SEO BACKLINKS, BLACK-LINKS, TRAFFIC BOOST, LINK INDEXING"
spam,seo-anomaly-osaka.online,0.6,0,False,2025-10-23,False,https://alfa.seo-anomaly-osaka.online/thailand_ai-23-10-2025/seo-anomaly-thailand_ai-1/,https://3dlook.ai/content-hub/the-potential-of-ai-in-telehealth/,"TELEGRAM @SEO_ANOMALY - SEO BACKLINKS, BLACK-LINKS, TRAFFIC BOOST, LINK INDEXING"
spam,seo-anomaly-cairo.website,0.6,0,False,2025-10-23,False,https://alfa.seo-anomaly-cairo.website/thailand_ai-23-10-2025/seo-anomaly-thailand_ai-1/,https://3dlook.ai/content-hub/the-potential-of-ai-in-telehealth/,"TELEGRAM @SEO_ANOMALY - SEO BACKLINKS, BLACK-LINKS, TRAFFIC BOOST, LINK INDEXING"
spam,seo-anomaly-seoul.online,0.6,0,False,2025-10-24,False,https://alfa.seo-anomaly-seoul.online/thailand_ai-23-10-2025/seo-anomaly-thailand_ai-1/,https://3dlook.ai/content-hub/the-potential-of-ai-in-telehealth/,"TELEGRAM @SEO_ANOMALY - SEO BACKLINKS, BLACK-LINKS, TRAFFIC BOOST, LINK INDEXING"
spam,seo-anomaly-moscow.space,0.6,0,False,2025-10-31,False,https://seo-anomaly-moscow.space/armenia_ai-31-10-2025/seo-anomaly-armenia_ai-4/,https://3dlook.ai/content-hub/artificial-intelligence-in-fashion/,"TELEGRAM @SEO_ANOMALY - SEO BACKLINKS, BLACK-LINKS, TRAFFIC BOOST, LINK INDEXING"
spam,seo-anomaly-lahore.site,0.6,0,False,2025-10-23,False,https://alfa.seo-anomaly-lahore.site/thailand_ai-23-10-2025/seo-anomaly-thailand_ai-1/,https://3dlook.ai/content-hub/the-potential-of-ai-in-telehealth/,"TELEGRAM @SEO_ANOMALY - SEO BACKLINKS, BLACK-LINKS, TRAFFIC BOOST, LINK INDEXING"
spam,seo-anomaly-beijing.online,0.6,0,False,2025-10-31,False,https://seo-anomaly-beijing.online/armenia_ai-31-10-2025/seo-anomaly-armenia_ai-4/,https://3dlook.ai/content-hub/artificial-intelligence-in-fashion/,"TELEGRAM @SEO_ANOMALY - SEO BACKLINKS, BLACK-LINKS, TRAFFIC BOOST, LINK INDEXING"
spam,seo-anomaly-chongqing.website,0.6,0,False,2025-10-24,False,https://alfa.seo-anomaly-chongqing.website/thailand_ai-23-10-2025/seo-anomaly-thailand_ai-1/,https://3dlook.ai/content-hub/the-potential-of-ai-in-telehealth/,"TELEGRAM @SEO_ANOMALY - SEO BACKLINKS, BLACK-LINKS, TRAFFIC BOOST, LINK INDEXING"
spam,seo-anomaly-guangzhou.site,0.6,0,False,2025-10-31,False,https://seo-anomaly-guangzhou.site/armenia_ai-31-10-2025/seo-anomaly-armenia_ai-4/,https://3dlook.ai/content-hub/artificial-intelligence-in-fashion/,"TELEGRAM @SEO_ANOMALY - SEO BACKLINKS, BLACK-LINKS, TRAFFIC BOOST, LINK INDEXING"
spam,seo-anomaly-istanbul.site,0.6,0,False,2025-10-23,False,https://alfa.seo-anomaly-istanbul.site/thailand_ai-23-10-2025/seo-anomaly-thailand_ai-1/,https://3dlook.ai/content-hub/the-potential-of-ai-in-telehealth/,"TELEGRAM @SEO_ANOMALY - SEO BACKLINKS, BLACK-LINKS, TRAFFIC BOOST, LINK INDEXING"
spam,seo-anomaly-jakarta.online,0.6,0,False,2025-10-23,False,https://alfa.seo-anomaly-jakarta.online/thailand_ai-23-10-2025/seo-anomaly-thailand_ai-1/,https://3dlook.ai/content-hub/the-potential-of-ai-in-telehealth/,"TELEGRAM @SEO_ANOMALY - SEO BACKLINKS, BLACK-LINKS, TRAFFIC BOOST, LINK INDEXING"
spam,seo-anomaly-sao-paulo.website,0.6,0,False,2025-10-23,False,https://alfa.seo-anomaly-sao-paulo.website/thailand_ai-23-10-2025/seo-anomaly-thailand_ai-1/,https://3dlook.ai/content-hub/the-potential-of-ai-in-telehealth/,"TELEGRAM @SEO_ANOMALY - SEO BACKLINKS, BLACK-LINKS, TRAFFIC BOOST, LINK INDEXING"
spam,seo-anomaly-dhaka.space,0.6,0,False,2025-10-23,False,https://alfa.seo-anomaly-dhaka.space/thailand_ai-23-10-2025/seo-anomaly-thailand_ai-1/,https://3dlook.ai/content-hub/the-potential-of-ai-in-telehealth/,"TELEGRAM @SEO_ANOMALY - SEO BACKLINKS, BLACK-LINKS, TRAFFIC BOOST, LINK INDEXING"
spam,seo-anomaly-tianjin.space,0.6,0,False,2025-10-23,False,https://alfa.seo-anomaly-tianjin.space/thailand_ai-23-10-2025/seo-anomaly-thailand_ai-1/,https://3dlook.ai/content-hub/the-potential-of-ai-in-telehealth/,"TELEGRAM @SEO_ANOMALY - SEO BACKLINKS, BLACK-LINKS, TRAFFIC BOOST, LINK INDEXING"
spam,seo-anomaly-dhaka.website,0.6,0,False,2025-10-24,False,https://alfa.seo-anomaly-dhaka.website/thailand_ai-23-10-2025/seo-anomaly-thailand_ai-1/,https://3dlook.ai/content-hub/the-potential-of-ai-in-telehealth/,"TELEGRAM @SEO_ANOMALY - SEO BACKLINKS, BLACK-LINKS, TRAFFIC BOOST, LINK INDEXING"
spam,seo-anomaly-tianjin.website,0.6,0,False,2025-10-31,False,https://seo-anomaly-tianjin.website/armenia_ai-31-10-2025/seo-anomaly-armenia_ai-4/,https://3dlook.ai/content-hub/artificial-intelligence-in-fashion/,"TELEGRAM @SEO_ANOMALY - SEO BACKLINKS, BLACK-LINKS, TRAFFIC BOOST, LINK INDEXING"
spam,seo-anomaly-shanghai.space,0.6,0,False,2025-10-31,False,https://seo-anomaly-shanghai.space/armenia_ai-31-10-2025/seo-anomaly-armenia_ai-4/,https://3dlook.ai/content-hub/artificial-intelligence-in-fashion/,"TELEGRAM @SEO_ANOMALY - SEO BACKLINKS, BLACK-LINKS, TRAFFIC BOOST, LINK INDEXING"
spam,seo-anomaly-delhi.website,0.6,0,False,2025-10-23,False,https://alfa.seo-anomaly-delhi.website/thailand_ai-23-10-2025/seo-anomaly-thailand_ai-1/,https://3dlook.ai/content-hub/the-potential-of-ai-in-telehealth/,"TELEGRAM @SEO_ANOMALY - SEO BACKLINKS, BLACK-LINKS, TRAFFIC BOOST, LINK INDEXING"
spam,seo-anomaly-lahore.online,0.6,0,False,2025-10-23,False,https://alfa.seo-anomaly-lahore.online/thailand_ai-23-10-2025/seo-anomaly-thailand_ai-1/,https://3dlook.ai/content-hub/the-potential-of-ai-in-telehealth/,"TELEGRAM @SEO_ANOMALY - SEO BACKLINKS, BLACK-LINKS, TRAFFIC BOOST, LINK INDEXING"
spam,seo-anomaly-chongqing.online,0.6,0,False,2025-10-31,False,https://seo-anomaly-chongqing.online/armenia_ai-31-10-2025/seo-anomaly-armenia_ai-4/,https://3dlook.ai/content-hub/artificial-intelligence-in-fashion/,"TELEGRAM @SEO_ANOMALY - SEO BACKLINKS, BLACK-LINKS, TRAFFIC BOOST, LINK INDEXING"
spam,seo-anomaly-guangzhou.online,0.6,0,False,2025-10-31,False,https://seo-anomaly-guangzhou.online/armenia_ai-31-10-2025/seo-anomaly-armenia_ai-4/,https://3dlook.ai/content-hub/artificial-intelligence-in-fashion/,"TELEGRAM @SEO_ANOMALY - SEO BACKLINKS, BLACK-LINKS, TRAFFIC BOOST, LINK INDEXING"
spam,seo-anomaly-shenzhen.site,0.6,0,False,2025-10-31,False,https://seo-anomaly-shenzhen.site/armenia_ai-31-10-2025/seo-anomaly-armenia_ai-4/,https://3dlook.ai/content-hub/artificial-intelligence-in-fashion/,"TELEGRAM @SEO_ANOMALY - SEO BACKLINKS, BLACK-LINKS, TRAFFIC BOOST, LINK INDEXING"
spam,seo-anomaly-lagos.website,0.6,0,False,2025-10-24,False,https://alfa.seo-anomaly-lagos.website/thailand_ai-23-10-2025/seo-anomaly-thailand_ai-1/,https://3dlook.ai/content-hub/the-potential-of-ai-in-telehealth/,"TELEGRAM @SEO_ANOMALY - SEO BACKLINKS, BLACK-LINKS, TRAFFIC BOOST, LINK INDEXING"
spam,seo-anomaly-moscow.website,0.6,0,False,2025-10-24,False,https://alfa.seo-anomaly-moscow.website/thailand_ai-23-10-2025/seo-anomaly-thailand_ai-1/,https://3dlook.ai/content-hub/the-potential-of-ai-in-telehealth/,"TELEGRAM @SEO_ANOMALY - SEO BACKLINKS, BLACK-LINKS, TRAFFIC BOOST, LINK INDEXING"
spam,seo-anomaly-guangzhou.space,0.6,0,False,2025-10-23,False,https://alfa.seo-anomaly-guangzhou.space/thailand_ai-23-10-2025/seo-anomaly-thailand_ai-1/,https://3dlook.ai/content-hub/the-potential-of-ai-in-telehealth/,"TELEGRAM @SEO_ANOMALY - SEO BACKLINKS, BLACK-LINKS, TRAFFIC BOOST, LINK INDEXING"
spam,seo-anomaly-tokyo.online,0.6,0,False,2025-10-23,False,https://alfa.seo-anomaly-tokyo.online/thailand_ai-23-10-2025/seo-anomaly-thailand_ai-1/,https://3dlook.ai/content-hub/the-potential-of-ai-in-telehealth/,"TELEGRAM @SEO_ANOMALY - SEO BACKLINKS, BLACK-LINKS, TRAFFIC BOOST, LINK INDEXING"
spam,seo-anomaly-delhi.site,0.6,0,False,2025-10-23,False,https://alfa.seo-anomaly-delhi.site/thailand_ai-23-10-2025/seo-anomaly-thailand_ai-1/,https://3dlook.ai/content-hub/the-potential-of-ai-in-telehealth/,"TELEGRAM @SEO_ANOMALY - SEO BACKLINKS, BLACK-LINKS, TRAFFIC BOOST, LINK INDEXING"
spam,seo-anomaly-delhi.online,0.6,0,False,2025-10-24,False,https://alfa.seo-anomaly-delhi.online/thailand_ai-23-10-2025/seo-anomaly-thailand_ai-1/,https://3dlook.ai/content-hub/the-potential-of-ai-in-telehealth/,"TELEGRAM @SEO_ANOMALY - SEO BACKLINKS, BLACK-LINKS, TRAFFIC BOOST, LINK INDEXING"
spam,seo-anomaly-jakarta.website,0.6,0,False,2025-10-23,False,https://alfa.seo-anomaly-jakarta.website/thailand_ai-23-10-2025/seo-anomaly-thailand_ai-1/,https://3dlook.ai/content-hub/the-potential-of-ai-in-telehealth/,"TELEGRAM @SEO_ANOMALY - SEO BACKLINKS, BLACK-LINKS, TRAFFIC BOOST, LINK INDEXING"
spam,seo-anomaly-lahore.website,0.6,0,False,2025-10-23,False,https://alfa.seo-anomaly-lahore.website/thailand_ai-23-10-2025/seo-anomaly-thailand_ai-1/,https://3dlook.ai/content-hub/the-potential-of-ai-in-telehealth/,"TELEGRAM @SEO_ANOMALY - SEO BACKLINKS, BLACK-LINKS, TRAFFIC BOOST, LINK INDEXING"
spam,seo-anomaly-kolkata.online,0.6,0,False,2025-10-31,False,https://seo-anomaly-kolkata.online/armenia_ai-31-10-2025/seo-anomaly-armenia_ai-4/,https://3dlook.ai/content-hub/artificial-intelligence-in-fashion/,"TELEGRAM @SEO_ANOMALY - SEO BACKLINKS, BLACK-LINKS, TRAFFIC BOOST, LINK INDEXING"
spam,seo-anomaly-osaka.website,0.6,0,False,2025-10-31,False,https://seo-anomaly-osaka.website/armenia_ai-31-10-2025/seo-anomaly-armenia_ai-4/,https://3dlook.ai/content-hub/artificial-intelligence-in-fashion/,"TELEGRAM @SEO_ANOMALY - SEO BACKLINKS, BLACK-LINKS, TRAFFIC BOOST, LINK INDEXING"
spam,seo-anomaly-mumbai.online,0.6,0,False,2025-10-31,False,https://seo-anomaly-mumbai.online/armenia_ai-31-10-2025/seo-anomaly-armenia_ai-4/,https://3dlook.ai/content-hub/artificial-intelligence-in-fashion/,"TELEGRAM @SEO_ANOMALY - SEO BACKLINKS, BLACK-LINKS, TRAFFIC BOOST, LINK INDEXING"
spam,seo-anomaly-delhi.space,0.6,0,False,2025-10-23,False,https://alfa.seo-anomaly-delhi.space/thailand_ai-23-10-2025/seo-anomaly-thailand_ai-1/,https://3dlook.ai/content-hub/the-potential-of-ai-in-telehealth/,"TELEGRAM @SEO_ANOMALY - SEO BACKLINKS, BLACK-LINKS, TRAFFIC BOOST, LINK INDEXING"
spam,seo-anomaly-cairo.online,0.6,0,False,2025-10-24,False,https://alfa.seo-anomaly-cairo.online/thailand_ai-23-10-2025/seo-anomaly-thailand_ai-1/,https://3dlook.ai/content-hub/the-potential-of-ai-in-telehealth/,"TELEGRAM @SEO_ANOMALY - SEO BACKLINKS, BLACK-LINKS, TRAFFIC BOOST, LINK INDEXING"
spam,seo-anomaly-karachi.website,0.7,0,False,2025-10-23,False,https://alfa.seo-anomaly-karachi.website/thailand_ai-23-10-2025/seo-anomaly-thailand_ai-1/,https://3dlook.ai/content-hub/the-potential-of-ai-in-telehealth/,"TELEGRAM @SEO_ANOMALY - SEO BACKLINKS, BLACK-LINKS, TRAFFIC BOOST, LINK INDEXING"
spam,seo-anomaly-cairo.space,0.6,0,False,2025-10-31,False,https://seo-anomaly-cairo.space/armenia_ai-31-10-2025/seo-anomaly-armenia_ai-4/,https://3dlook.ai/content-hub/artificial-intelligence-in-fashion/,"TELEGRAM @SEO_ANOMALY - SEO BACKLINKS, BLACK-LINKS, TRAFFIC BOOST, LINK INDEXING"
spam,seo-anomaly-lagos.space,0.6,0,False,2025-10-31,False,https://seo-anomaly-lagos.space/armenia_ai-31-10-2025/seo-anomaly-armenia_ai-4/,https://3dlook.ai/content-hub/artificial-intelligence-in-fashion/,"TELEGRAM @SEO_ANOMALY - SEO BACKLINKS, BLACK-LINKS, TRAFFIC BOOST, LINK INDEXING"
spam,seo-anomaly-shenzhen.space,0.6,0,False,2025-10-23,False,https://alfa.seo-anomaly-shenzhen.space/thailand_ai-23-10-2025/seo-anomaly-thailand_ai-1/,https://3dlook.ai/content-hub/the-potential-of-ai-in-telehealth/,"TELEGRAM @SEO_ANOMALY - SEO BACKLINKS, BLACK-LINKS, TRAFFIC BOOST, LINK INDEXING"
spam,seo-anomaly-sao-paulo.site,0.6,0,False,2025-10-24,False,https://alfa.seo-anomaly-sao-paulo.site/thailand_ai-23-10-2025/seo-anomaly-thailand_ai-1/,https://3dlook.ai/content-hub/the-potential-of-ai-in-telehealth/,"TELEGRAM @SEO_ANOMALY - SEO BACKLINKS, BLACK-LINKS, TRAFFIC BOOST, LINK INDEXING"
spam,seo-anomaly-rio.site,0.6,0,False,2025-10-23,False,https://alfa.seo-anomaly-rio.site/thailand_ai-23-10-2025/seo-anomaly-thailand_ai-1/,https://3dlook.ai/content-hub/the-potential-of-ai-in-telehealth/,"TELEGRAM @SEO_ANOMALY - SEO BACKLINKS, BLACK-LINKS, TRAFFIC BOOST, LINK INDEXING"
spam,seo-anomaly-chongqing.space,0.6,0,False,2025-10-23,False,https://alfa.seo-anomaly-chongqing.space/thailand_ai-23-10-2025/seo-anomaly-thailand_ai-1/,https://3dlook.ai/content-hub/the-potential-of-ai-in-telehealth/,"TELEGRAM @SEO_ANOMALY - SEO BACKLINKS, BLACK-LINKS, TRAFFIC BOOST, LINK INDEXING"
spam,seo-anomaly-guangzhou.website,0.6,0,False,2025-10-23,False,https://alfa.seo-anomaly-guangzhou.website/thailand_ai-23-10-2025/seo-anomaly-thailand_ai-1/,https://3dlook.ai/content-hub/the-potential-of-ai-in-telehealth/,"TELEGRAM @SEO_ANOMALY - SEO BACKLINKS, BLACK-LINKS, TRAFFIC BOOST, LINK INDEXING"
spam,seo-anomaly-shanghai.website,0.6,0,False,2025-10-23,False,https://alfa.seo-anomaly-shanghai.website/thailand_ai-23-10-2025/seo-anomaly-thailand_ai-1/,https://3dlook.ai/content-hub/the-potential-of-ai-in-telehealth/,"TELEGRAM @SEO_ANOMALY - SEO BACKLINKS, BLACK-LINKS, TRAFFIC BOOST, LINK INDEXING"
spam,seo-anomaly-lagos.online,0.6,0,False,2025-10-24,False,https://alfa.seo-anomaly-lagos.online/thailand_ai-23-10-2025/seo-anomaly-thailand_ai-1/,https://3dlook.ai/content-hub/the-potential-of-ai-in-telehealth/,"TELEGRAM @SEO_ANOMALY - SEO BACKLINKS, BLACK-LINKS, TRAFFIC BOOST, LINK INDEXING"
spam,seo-anomaly-mumbai.space,0.6,0,False,2025-10-23,False,https://alfa.seo-anomaly-mumbai.space/thailand_ai-23-10-2025/seo-anomaly-thailand_ai-1/,https://3dlook.ai/content-hub/the-potential-of-ai-in-telehealth/,"TELEGRAM @SEO_ANOMALY - SEO BACKLINKS, BLACK-LINKS, TRAFFIC BOOST, LINK INDEXING"
spam,seo-anomaly-moscow.online,0.6,0,False,2025-10-23,False,https://alfa.seo-anomaly-moscow.online/thailand_ai-23-10-2025/seo-anomaly-thailand_ai-1/,https://3dlook.ai/content-hub/the-potential-of-ai-in-telehealth/,"TELEGRAM @SEO_ANOMALY - SEO BACKLINKS, BLACK-LINKS, TRAFFIC BOOST, LINK INDEXING"
spam,seo-anomaly-moscow.site,0.6,0,False,2025-10-23,False,https://alfa.seo-anomaly-moscow.site/thailand_ai-23-10-2025/seo-anomaly-thailand_ai-1/,https://3dlook.ai/content-hub/the-potential-of-ai-in-telehealth/,"TELEGRAM @SEO_ANOMALY - SEO BACKLINKS, BLACK-LINKS, TRAFFIC BOOST, LINK INDEXING"
spam,seo-anomaly-jakarta.space,0.6,0,False,2025-10-31,False,https://seo-anomaly-jakarta.space/armenia_ai-31-10-2025/seo-anomaly-armenia_ai-4/,https://3dlook.ai/content-hub/artificial-intelligence-in-fashion/,"TELEGRAM @SEO_ANOMALY - SEO BACKLINKS, BLACK-LINKS, TRAFFIC BOOST, LINK INDEXING"
spam,seo-anomaly-dhaka.online,0.6,0,False,2025-10-23,False,https://alfa.seo-anomaly-dhaka.online/thailand_ai-23-10-2025/seo-anomaly-thailand_ai-1/,https://3dlook.ai/content-hub/the-potential-of-ai-in-telehealth/,"TELEGRAM @SEO_ANOMALY - SEO BACKLINKS, BLACK-LINKS, TRAFFIC BOOST, LINK INDEXING"
spam,seo-anomaly-istanbul.online,0.6,0,False,2025-10-23,False,https://alfa.seo-anomaly-istanbul.online/thailand_ai-23-10-2025/seo-anomaly-thailand_ai-1/,https://3dlook.ai/content-hub/the-potential-of-ai-in-telehealth/,"TELEGRAM @SEO_ANOMALY - SEO BACKLINKS, BLACK-LINKS, TRAFFIC BOOST, LINK INDEXING"
spam,bonyadimag.ir,0.0,0,True,2025-10-27,True,https://bonyadimag.ir/blog/%D8%A7%D8%AE%D8%A8%D8%A7%D8%B1/P3251-%D8%A8%D9%87%D8%AA%D8%B1%DB%8C%D9%86-%D8%A8%D8%B1%D9%86%D8%AF%D9%87%D8%A7%DB%8C-%D9%85%D8%AF-%D9%BE%D8%A7%DB%8C%D8%AF%D8%A7%D8%B1-%DA%A9%D9%87-%D8%B5%D9%86%D8%B9%D8%AA-%D8%B1%D8%A7-%D8%AA%D8%BA%DB%8C%DB%8C%D8%B1-%D9%85%DB%8C-%D8%AF%D9%87%D9%86%D8%AF-2025-26.html,https://3dlook.ai/content-hub/sustainable-fashion-trends/,پایداری در مد
spam,wonvision.com,0.7,0,True,2025-12-28,True,https://wonvision.com/3330107fe2a460e6cd8525ec504c0dc1-l/,https://3dlook.ai/uniform-pro/,uniformpro.me
spam,caimpare.ai,0.6,0,True,2025-12-13,True,https://caimpare.ai/redirect/35095,https://3dlook.ai/,
spam,seo-anomaly-petrificus-totalus.online,0.1,0,False,2026-01-27,False,https://hogwarts.seo-anomaly-petrificus-totalus.online/indonesia_web_cam-27-01-2026/seo-anomaly-indonesia_web_cam-3/,https://3dlook.ai/,"TELEGRAM @SEO_ANOMALY - SEO BACKLINKS, BLACK-LINKS, TRAFFIC BOOST, LINK INDEXING"
spam,seo-anomaly-finite-incantatem.online,0.1,0,False,2026-01-27,False,https://hogwarts.seo-anomaly-finite-incantatem.online/indonesia_web_cam-27-01-2026/seo-anomaly-indonesia_web_cam-3/,https://3dlook.ai/,"TELEGRAM @SEO_ANOMALY - SEO BACKLINKS, BLACK-LINKS, TRAFFIC BOOST, LINK INDEXING"
spam,seo-anomaly-confundus.online,0.1,0,False,2026-01-27,False,https://hogwarts.seo-anomaly-confundus.online/indonesia_web_cam-27-01-2026/seo-anomaly-indonesia_web_cam-3/,https://3dlook.ai/,"TELEGRAM @SEO_ANOMALY - SEO BACKLINKS, BLACK-LINKS, TRAFFIC BOOST, LINK INDEXING"
spam,seo-anomaly-aparecium.website,0.1,0,False,2026-01-27,False,https://hogwarts.seo-anomaly-aparecium.website/indonesia_web_cam-27-01-2026/seo-anomaly-indonesia_web_cam-3/,https://3dlook.ai/,"TELEGRAM @SEO_ANOMALY - SEO BACKLINKS, BLACK-LINKS, TRAFFIC BOOST, LINK INDEXING"
spam,seo-anomaly-reducto.site,0.1,0,False,2026-01-27,False,https://hogwarts.seo-anomaly-reducto.site/indonesia_web_cam-27-01-2026/seo-anomaly-indonesia_web_cam-3/,https://3dlook.ai/,"TELEGRAM @SEO_ANOMALY - SEO BACKLINKS, BLACK-LINKS, TRAFFIC BOOST, LINK INDEXING"
spam,seo-anomaly-wingardium-leviosa.website,0.1,0,False,2026-01-27,False,https://hogwarts.seo-anomaly-wingardium-leviosa.website/indonesia_web_cam-27-01-2026/seo-anomaly-indonesia_web_cam-3/,https://3dlook.ai/,"TELEGRAM @SEO_ANOMALY - SEO BACKLINKS, BLACK-LINKS, TRAFFIC BOOST, LINK INDEXING"
spam,seo-anomaly-wingardium-leviosa.online,0.1,0,False,2026-01-27,False,https://hogwarts.seo-anomaly-wingardium-leviosa.online/indonesia_web_cam-27-01-2026/seo-anomaly-indonesia_web_cam-3/,https://3dlook.ai/,"TELEGRAM @SEO_ANOMALY - SEO BACKLINKS, BLACK-LINKS, TRAFFIC BOOST, LINK INDEXING"
spam,seo-anomaly-reducto.online,0.1,0,False,2026-01-27,False,https://hogwarts.seo-anomaly-reducto.online/indonesia_web_cam-27-01-2026/seo-anomaly-indonesia_web_cam-3/,https://3dlook.ai/,"TELEGRAM @SEO_ANOMALY - SEO BACKLINKS, BLACK-LINKS, TRAFFIC BOOST, LINK INDEXING"
spam,seo-anomaly-lumos.online,0.1,0,False,2026-01-27,False,https://hogwarts.seo-anomaly-lumos.online/indonesia_web_cam-27-01-2026/seo-anomaly-indonesia_web_cam-3/,https://3dlook.ai/,"TELEGRAM @SEO_ANOMALY - SEO BACKLINKS, BLACK-LINKS, TRAFFIC BOOST, LINK INDEXING"
spam,seo-anomaly-expelliarmus.online,0.1,0,False,2026-01-27,False,https://hogwarts.seo-anomaly-expelliarmus.online/indonesia_web_cam-27-01-2026/seo-anomaly-indonesia_web_cam-3/,https://3dlook.ai/,"TELEGRAM @SEO_ANOMALY - SEO BACKLINKS, BLACK-LINKS, TRAFFIC BOOST, LINK INDEXING"
spam,seo-anomaly-incendio.website,0.1,0,False,2026-01-27,False,https://hogwarts.seo-anomaly-incendio.website/indonesia_web_cam-27-01-2026/seo-anomaly-indonesia_web_cam-3/,https://3dlook.ai/,"TELEGRAM @SEO_ANOMALY - SEO BACKLINKS, BLACK-LINKS, TRAFFIC BOOST, LINK INDEXING"
spam,seo-anomaly-expecto-patronum.website,0.1,0,False,2026-01-27,False,https://hogwarts.seo-anomaly-expecto-patronum.website/indonesia_web_cam-27-01-2026/seo-anomaly-indonesia_web_cam-3/,https://3dlook.ai/,"TELEGRAM @SEO_ANOMALY - SEO BACKLINKS, BLACK-LINKS, TRAFFIC BOOST, LINK INDEXING"
spam,seo-anomaly-accio.online,0.1,0,False,2026-01-27,False,https://hogwarts.seo-anomaly-accio.online/indonesia_web_cam-27-01-2026/seo-anomaly-indonesia_web_cam-3/,https://3dlook.ai/,"TELEGRAM @SEO_ANOMALY - SEO BACKLINKS, BLACK-LINKS, TRAFFIC BOOST, LINK INDEXING"
spam,seo-anomaly-accio.site,0.1,0,False,2026-01-27,False,https://hogwarts.seo-anomaly-accio.site/indonesia_web_cam-27-01-2026/seo-anomaly-indonesia_web_cam-3/,https://3dlook.ai/,"TELEGRAM @SEO_ANOMALY - SEO BACKLINKS, BLACK-LINKS, TRAFFIC BOOST, LINK INDEXING"
spam,seo-anomaly-protego.site,0.1,0,False,2026-01-27,False,https://hogwarts.seo-anomaly-protego.site/indonesia_web_cam-27-01-2026/seo-anomaly-indonesia_web_cam-3/,https://3dlook.ai/,"TELEGRAM @SEO_ANOMALY - SEO BACKLINKS, BLACK-LINKS, TRAFFIC BOOST, LINK INDEXING"
spam,seo-anomaly-rennervate.website,0.1,0,False,2026-01-27,False,https://hogwarts.seo-anomaly-rennervate.website/indonesia_web_cam-27-01-2026/seo-anomaly-indonesia_web_cam-3/,https://3dlook.ai/,"TELEGRAM @SEO_ANOMALY - SEO BACKLINKS, BLACK-LINKS, TRAFFIC BOOST, LINK INDEXING"
spam,seo-anomaly-lumos.site,0.1,0,False,2026-01-27,False,https://hogwarts.seo-anomaly-lumos.site/indonesia_web_cam-27-01-2026/seo-anomaly-indonesia_web_cam-3/,https://3dlook.ai/,"TELEGRAM @SEO_ANOMALY - SEO BACKLINKS, BLACK-LINKS, TRAFFIC BOOST, LINK INDEXING"
spam,seo-anomaly-nox.online,0.1,0,False,2026-01-27,False,https://hogwarts.seo-anomaly-nox.online/indonesia_web_cam-27-01-2026/seo-anomaly-indonesia_web_cam-3/,https://3dlook.ai/,"TELEGRAM @SEO_ANOMALY - SEO BACKLINKS, BLACK-LINKS, TRAFFIC BOOST, LINK INDEXING"
spam,seo-anomaly-finite-incantatem.site,0.1,0,False,2026-01-27,False,https://hogwarts.seo-anomaly-finite-incantatem.site/indonesia_web_cam-27-01-2026/seo-anomaly-indonesia_web_cam-3/,https://3dlook.ai/,"TELEGRAM @SEO_ANOMALY - SEO BACKLINKS, BLACK-LINKS, TRAFFIC BOOST, LINK INDEXING"
spam,seo-anomaly-obliviate.site,0.1,0,False,2026-01-27,False,https://hogwarts.seo-anomaly-obliviate.site/indonesia_web_cam-27-01-2026/seo-anomaly-indonesia_web_cam-3/,https://3dlook.ai/,"TELEGRAM @SEO_ANOMALY - SEO BACKLINKS, BLACK-LINKS, TRAFFIC BOOST, LINK INDEXING"
spam,seo-anomaly-crucio.site,0.1,0,False,2026-01-27,False,https://hogwarts.seo-anomaly-crucio.site/indonesia_web_cam-27-01-2026/seo-anomaly-indonesia_web_cam-3/,https://3dlook.ai/,"TELEGRAM @SEO_ANOMALY - SEO BACKLINKS, BLACK-LINKS, TRAFFIC BOOST, LINK INDEXING"
spam,seo-anomaly-stupefy.online,0.1,0,False,2026-01-27,False,https://hogwarts.seo-anomaly-stupefy.online/indonesia_web_cam-27-01-2026/seo-anomaly-indonesia_web_cam-3/,https://3dlook.ai/,"TELEGRAM @SEO_ANOMALY - SEO BACKLINKS, BLACK-LINKS, TRAFFIC BOOST, LINK INDEXING"
spam,seo-anomaly-imperio.site,0.1,0,False,2026-01-27,False,https://hogwarts.seo-anomaly-imperio.site/indonesia_web_cam-27-01-2026/seo-anomaly-indonesia_web_cam-3/,https://3dlook.ai/,"TELEGRAM @SEO_ANOMALY - SEO BACKLINKS, BLACK-LINKS, TRAFFIC BOOST, LINK INDEXING"
spam,seo-anomaly-imperio.website,0.1,0,False,2026-01-27,True,https://hogwarts.seo-anomaly-imperio.website/indonesia_web_cam-27-01-2026/seo-anomaly-indonesia_web_cam-3/,https://3dlook.ai/,"TELEGRAM @SEO_ANOMALY - SEO BACKLINKS, BLACK-LINKS, TRAFFIC BOOST, LINK INDEXING"
spam,seo-anomaly-silencio.online,0.1,0,False,2026-01-27,False,https://hogwarts.seo-anomaly-silencio.online/indonesia_web_cam-27-01-2026/seo-anomaly-indonesia_web_cam-3/,https://3dlook.ai/,"TELEGRAM @SEO_ANOMALY - SEO BACKLINKS, BLACK-LINKS, TRAFFIC BOOST, LINK INDEXING"
spam,seo-anomaly-rennervate.site,0.1,0,False,2026-01-27,False,https://hogwarts.seo-anomaly-rennervate.site/indonesia_web_cam-27-01-2026/seo-anomaly-indonesia_web_cam-3/,https://3dlook.ai/,"TELEGRAM @SEO_ANOMALY - SEO BACKLINKS, BLACK-LINKS, TRAFFIC BOOST, LINK INDEXING"
spam,seo-anomaly-nox.website,0.1,0,False,2026-01-27,False,https://hogwarts.seo-anomaly-nox.website/indonesia_web_cam-27-01-2026/seo-anomaly-indonesia_web_cam-3/,https://3dlook.ai/,"TELEGRAM @SEO_ANOMALY - SEO BACKLINKS, BLACK-LINKS, TRAFFIC BOOST, LINK INDEXING"
spam,seo-anomaly-stupefy.website,0.1,0,False,2026-01-27,False,https://hogwarts.seo-anomaly-stupefy.website/indonesia_web_cam-27-01-2026/seo-anomaly-indonesia_web_cam-3/,https://3dlook.ai/,"TELEGRAM @SEO_ANOMALY - SEO BACKLINKS, BLACK-LINKS, TRAFFIC BOOST, LINK INDEXING"
spam,seo-anomaly-expelliarmus.site,0.1,0,False,2026-01-27,False,https://hogwarts.seo-anomaly-expelliarmus.site/indonesia_web_cam-27-01-2026/seo-anomaly-indonesia_web_cam-3/,https://3dlook.ai/,"TELEGRAM @SEO_ANOMALY - SEO BACKLINKS, BLACK-LINKS, TRAFFIC BOOST, LINK INDEXING"
spam,seo-anomaly-muffliato.website,0.1,0,False,2026-01-27,False,https://hogwarts.seo-anomaly-muffliato.website/indonesia_web_cam-27-01-2026/seo-anomaly-indonesia_web_cam-3/,https://3dlook.ai/,"TELEGRAM @SEO_ANOMALY - SEO BACKLINKS, BLACK-LINKS, TRAFFIC BOOST, LINK INDEXING"
spam,seo-anomaly-protego.website,0.1,0,False,2026-01-27,False,https://hogwarts.seo-anomaly-protego.website/indonesia_web_cam-27-01-2026/seo-anomaly-indonesia_web_cam-3/,https://3dlook.ai/,"TELEGRAM @SEO_ANOMALY - SEO BACKLINKS, BLACK-LINKS, TRAFFIC BOOST, LINK INDEXING"
spam,seo-anomaly-stupefy.site,0.1,0,False,2026-01-27,False,https://hogwarts.seo-anomaly-stupefy.site/indonesia_web_cam-27-01-2026/seo-anomaly-indonesia_web_cam-3/,https://3dlook.ai/,"TELEGRAM @SEO_ANOMALY - SEO BACKLINKS, BLACK-LINKS, TRAFFIC BOOST, LINK INDEXING"
spam,seo-anomaly-incendio.online,0.1,0,False,2026-01-27,False,https://hogwarts.seo-anomaly-incendio.online/indonesia_web_cam-27-01-2026/seo-anomaly-indonesia_web_cam-3/,https://3dlook.ai/,"TELEGRAM @SEO_ANOMALY - SEO BACKLINKS, BLACK-LINKS, TRAFFIC BOOST, LINK INDEXING"
spam,seo-anomaly-expecto-patronum.site,0.1,0,False,2026-01-27,False,https://hogwarts.seo-anomaly-expecto-patronum.site/indonesia_web_cam-27-01-2026/seo-anomaly-indonesia_web_cam-3/,https://3dlook.ai/,"TELEGRAM @SEO_ANOMALY - SEO BACKLINKS, BLACK-LINKS, TRAFFIC BOOST, LINK INDEXING"
spam,seo-anomaly-muffliato.site,0.1,0,False,2026-01-27,False,https://hogwarts.seo-anomaly-muffliato.site/indonesia_web_cam-27-01-2026/seo-anomaly-indonesia_web_cam-3/,https://3dlook.ai/,"TELEGRAM @SEO_ANOMALY - SEO BACKLINKS, BLACK-LINKS, TRAFFIC BOOST, LINK INDEXING"
spam,seo-anomaly-levicorpus.website,0.1,0,False,2026-01-27,False,https://hogwarts.seo-anomaly-levicorpus.website/indonesia_web_cam-27-01-2026/seo-anomaly-indonesia_web_cam-3/,https://3dlook.ai/,"TELEGRAM @SEO_ANOMALY - SEO BACKLINKS, BLACK-LINKS, TRAFFIC BOOST, LINK INDEXING"
spam,seo-anomaly-expelliarmus.website,0.1,0,False,2026-01-27,False,https://hogwarts.seo-anomaly-expelliarmus.website/indonesia_web_cam-27-01-2026/seo-anomaly-indonesia_web_cam-3/,https://3dlook.ai/,"TELEGRAM @SEO_ANOMALY - SEO BACKLINKS, BLACK-LINKS, TRAFFIC BOOST, LINK INDEXING"
spam,seo-anomaly-levicorpus.site,0.1,0,False,2026-01-27,False,https://hogwarts.seo-anomaly-levicorpus.site/indonesia_web_cam-27-01-2026/seo-anomaly-indonesia_web_cam-3/,https://3dlook.ai/,"TELEGRAM @SEO_ANOMALY - SEO BACKLINKS, BLACK-LINKS, TRAFFIC BOOST, LINK INDEXING"
spam,seo-anomaly-avada-kedavra.online,0.1,0,False,2026-01-27,False,https://hogwarts.seo-anomaly-avada-kedavra.online/indonesia_web_cam-27-01-2026/seo-anomaly-indonesia_web_cam-3/,https://3dlook.ai/,"TELEGRAM @SEO_ANOMALY - SEO BACKLINKS, BLACK-LINKS, TRAFFIC BOOST, LINK INDEXING"
spam,seo-anomaly-levicorpus.online,0.1,0,False,2026-01-27,False,https://hogwarts.seo-anomaly-levicorpus.online/indonesia_web_cam-27-01-2026/seo-anomaly-indonesia_web_cam-3/,https://3dlook.ai/,"TELEGRAM @SEO_ANOMALY - SEO BACKLINKS, BLACK-LINKS, TRAFFIC BOOST, LINK INDEXING"
spam,seo-anomaly-finite-incantatem.website,0.1,0,False,2026-01-27,False,https://hogwarts.seo-anomaly-finite-incantatem.website/indonesia_web_cam-27-01-2026/seo-anomaly-indonesia_web_cam-3/,https://3dlook.ai/,"TELEGRAM @SEO_ANOMALY - SEO BACKLINKS, BLACK-LINKS, TRAFFIC BOOST, LINK INDEXING"
spam,seo-anomaly-aguamenti.website,0.1,0,False,2026-01-27,False,https://hogwarts.seo-anomaly-aguamenti.website/indonesia_web_cam-27-01-2026/seo-anomaly-indonesia_web_cam-3/,https://3dlook.ai/,"TELEGRAM @SEO_ANOMALY - SEO BACKLINKS, BLACK-LINKS, TRAFFIC BOOST, LINK INDEXING"
spam,seo-anomaly-reparo.site,0.1,0,False,2026-01-27,False,https://hogwarts.seo-anomaly-reparo.site/indonesia_web_cam-27-01-2026/seo-anomaly-indonesia_web_cam-3/,https://3dlook.ai/,"TELEGRAM @SEO_ANOMALY - SEO BACKLINKS, BLACK-LINKS, TRAFFIC BOOST, LINK INDEXING"
spam,seo-anomaly-reducto.website,0.1,0,False,2026-01-27,False,https://hogwarts.seo-anomaly-reducto.website/indonesia_web_cam-27-01-2026/seo-anomaly-indonesia_web_cam-3/,https://3dlook.ai/,"TELEGRAM @SEO_ANOMALY - SEO BACKLINKS, BLACK-LINKS, TRAFFIC BOOST, LINK INDEXING"
spam,seo-anomaly-rennervate.online,0.1,0,False,2026-01-27,False,https://hogwarts.seo-anomaly-rennervate.online/indonesia_web_cam-27-01-2026/seo-anomaly-indonesia_web_cam-3/,https://3dlook.ai/,"TELEGRAM @SEO_ANOMALY - SEO BACKLINKS, BLACK-LINKS, TRAFFIC BOOST, LINK INDEXING"
spam,seo-anomaly-obliviate.website,0.1,0,False,2026-01-27,False,https://hogwarts.seo-anomaly-obliviate.website/indonesia_web_cam-27-01-2026/seo-anomaly-indonesia_web_cam-3/,https://3dlook.ai/,"TELEGRAM @SEO_ANOMALY - SEO BACKLINKS, BLACK-LINKS, TRAFFIC BOOST, LINK INDEXING"
spam,seo-anomaly-lumos.website,0.1,0,False,2026-01-27,False,https://hogwarts.seo-anomaly-lumos.website/indonesia_web_cam-27-01-2026/seo-anomaly-indonesia_web_cam-3/,https://3dlook.ai/,"TELEGRAM @SEO_ANOMALY - SEO BACKLINKS, BLACK-LINKS, TRAFFIC BOOST, LINK INDEXING"
spam,seo-anomaly-muffliato.online,0.1,0,False,2026-01-27,False,https://hogwarts.seo-anomaly-muffliato.online/indonesia_web_cam-27-01-2026/seo-anomaly-indonesia_web_cam-3/,https://3dlook.ai/,"TELEGRAM @SEO_ANOMALY - SEO BACKLINKS, BLACK-LINKS, TRAFFIC BOOST, LINK INDEXING"
spam,seo-anomaly-silencio.website,0.1,0,False,2026-01-27,False,https://hogwarts.seo-anomaly-silencio.website/indonesia_web_cam-27-01-2026/seo-anomaly-indonesia_web_cam-3/,https://3dlook.ai/,"TELEGRAM @SEO_ANOMALY - SEO BACKLINKS, BLACK-LINKS, TRAFFIC BOOST, LINK INDEXING"
spam,seo-anomaly-petrificus-totalus.website,0.1,0,False,2026-01-27,False,https://hogwarts.seo-anomaly-petrificus-totalus.website/indonesia_web_cam-27-01-2026/seo-anomaly-indonesia_web_cam-3/,https://3dlook.ai/,"TELEGRAM @SEO_ANOMALY - SEO BACKLINKS, BLACK-LINKS, TRAFFIC BOOST, LINK INDEXING"
spam,seo-anomaly-reparo.online,0.1,0,False,2026-01-27,False,https://hogwarts.seo-anomaly-reparo.online/indonesia_web_cam-27-01-2026/seo-anomaly-indonesia_web_cam-3/,https://3dlook.ai/,"TELEGRAM @SEO_ANOMALY - SEO BACKLINKS, BLACK-LINKS, TRAFFIC BOOST, LINK INDEXING"
spam,seo-anomaly-confundus.website,0.1,0,False,2026-01-27,False,https://hogwarts.seo-anomaly-confundus.website/indonesia_web_cam-27-01-2026/seo-anomaly-indonesia_web_cam-3/,https://3dlook.ai/,"TELEGRAM @SEO_ANOMALY - SEO BACKLINKS, BLACK-LINKS, TRAFFIC BOOST, LINK INDEXING"
spam,seo-anomaly-aparecium.site,0.1,0,False,2026-01-27,False,https://hogwarts.seo-anomaly-aparecium.site/indonesia_web_cam-27-01-2026/seo-anomaly-indonesia_web_cam-3/,https://3dlook.ai/,"TELEGRAM @SEO_ANOMALY - SEO BACKLINKS, BLACK-LINKS, TRAFFIC BOOST, LINK INDEXING"
spam,seo-anomaly-episkey.site,0.1,0,False,2026-01-27,False,https://hogwarts.seo-anomaly-episkey.site/indonesia_web_cam-27-01-2026/seo-anomaly-indonesia_web_cam-3/,https://3dlook.ai/,"TELEGRAM @SEO_ANOMALY - SEO BACKLINKS, BLACK-LINKS, TRAFFIC BOOST, LINK INDEXING"
spam,seo-anomaly-accio.website,0.1,0,False,2026-01-27,False,https://hogwarts.seo-anomaly-accio.website/indonesia_web_cam-27-01-2026/seo-anomaly-indonesia_web_cam-3/,https://3dlook.ai/,"TELEGRAM @SEO_ANOMALY - SEO BACKLINKS, BLACK-LINKS, TRAFFIC BOOST, LINK INDEXING"
spam,seo-anomaly-obliviate.online,0.1,0,False,2026-01-27,False,https://hogwarts.seo-anomaly-obliviate.online/indonesia_web_cam-27-01-2026/seo-anomaly-indonesia_web_cam-3/,https://3dlook.ai/,"TELEGRAM @SEO_ANOMALY - SEO BACKLINKS, BLACK-LINKS, TRAFFIC BOOST, LINK INDEXING"
spam,seo-anomaly-incendio.site,0.1,0,False,2026-01-27,False,https://hogwarts.seo-anomaly-incendio.site/indonesia_web_cam-27-01-2026/seo-anomaly-indonesia_web_cam-3/,https://3dlook.ai/,"TELEGRAM @SEO_ANOMALY - SEO BACKLINKS, BLACK-LINKS, TRAFFIC BOOST, LINK INDEXING"
spam,seo-anomaly-wingardium-leviosa.site,0.1,0,False,2026-01-27,False,https://hogwarts.seo-anomaly-wingardium-leviosa.site/indonesia_web_cam-27-01-2026/seo-anomaly-indonesia_web_cam-3/,https://3dlook.ai/,"TELEGRAM @SEO_ANOMALY - SEO BACKLINKS, BLACK-LINKS, TRAFFIC BOOST, LINK INDEXING"
spam,seo-anomaly-protego.online,0.1,0,False,2026-01-27,False,https://hogwarts.seo-anomaly-protego.online/indonesia_web_cam-27-01-2026/seo-anomaly-indonesia_web_cam-3/,https://3dlook.ai/,"TELEGRAM @SEO_ANOMALY - SEO BACKLINKS, BLACK-LINKS, TRAFFIC BOOST, LINK INDEXING"
spam,seo-anomaly-crucio.online,0.1,0,False,2026-01-27,False,https://hogwarts.seo-anomaly-crucio.online/indonesia_web_cam-27-01-2026/seo-anomaly-indonesia_web_cam-3/,https://3dlook.ai/,"TELEGRAM @SEO_ANOMALY - SEO BACKLINKS, BLACK-LINKS, TRAFFIC BOOST, LINK INDEXING"
spam,seo-anomaly-imperio.online,0.1,0,False,2026-01-27,False,https://hogwarts.seo-anomaly-imperio.online/indonesia_web_cam-27-01-2026/seo-anomaly-indonesia_web_cam-3/,https://3dlook.ai/,"TELEGRAM @SEO_ANOMALY - SEO BACKLINKS, BLACK-LINKS, TRAFFIC BOOST, LINK INDEXING"
spam,seo-anomaly-expecto-patronum.online,0.1,0,False,2026-01-27,False,https://hogwarts.seo-anomaly-expecto-patronum.online/indonesia_web_cam-27-01-2026/seo-anomaly-indonesia_web_cam-3/,https://3dlook.ai/,"TELEGRAM @SEO_ANOMALY - SEO BACKLINKS, BLACK-LINKS, TRAFFIC BOOST, LINK INDEXING"
spam,seo-anomaly-aparecium.online,0.1,0,False,2026-01-27,False,https://hogwarts.seo-anomaly-aparecium.online/indonesia_web_cam-27-01-2026/seo-anomaly-indonesia_web_cam-3/,https://3dlook.ai/,"TELEGRAM @SEO_ANOMALY - SEO BACKLINKS, BLACK-LINKS, TRAFFIC BOOST, LINK INDEXING"
spam,seo-anomaly-petrificus-totalus.site,0.1,0,False,2026-01-27,False,https://hogwarts.seo-anomaly-petrificus-totalus.site/indonesia_web_cam-27-01-2026/seo-anomaly-indonesia_web_cam-3/,https://3dlook.ai/,"TELEGRAM @SEO_ANOMALY - SEO BACKLINKS, BLACK-LINKS, TRAFFIC BOOST, LINK INDEXING"
spam,seo-anomaly-episkey.website,0.1,0,False,2026-01-27,False,https://hogwarts.seo-anomaly-episkey.website/indonesia_web_cam-27-01-2026/seo-anomaly-indonesia_web_cam-3/,https://3dlook.ai/,"TELEGRAM @SEO_ANOMALY - SEO BACKLINKS, BLACK-LINKS, TRAFFIC BOOST, LINK INDEXING"
spam,seo-anomaly-avada-kedavra.website,0.1,0,False,2026-01-27,False,https://hogwarts.seo-anomaly-avada-kedavra.website/indonesia_web_cam-27-01-2026/seo-anomaly-indonesia_web_cam-3/,https://3dlook.ai/,"TELEGRAM @SEO_ANOMALY - SEO BACKLINKS, BLACK-LINKS, TRAFFIC BOOST, LINK INDEXING"
spam,seo-anomaly-reparo.website,0.1,0,False,2026-01-27,False,https://hogwarts.seo-anomaly-reparo.website/indonesia_web_cam-27-01-2026/seo-anomaly-indonesia_web_cam-3/,https://3dlook.ai/,"TELEGRAM @SEO_ANOMALY - SEO BACKLINKS, BLACK-LINKS, TRAFFIC BOOST, LINK INDEXING"
spam,seo-anomaly-nox.site,0.1,0,False,2026-01-27,False,https://hogwarts.seo-anomaly-nox.site/indonesia_web_cam-27-01-2026/seo-anomaly-indonesia_web_cam-3/,https://3dlook.ai/,"TELEGRAM @SEO_ANOMALY - SEO BACKLINKS, BLACK-LINKS, TRAFFIC BOOST, LINK INDEXING"
spam,seo-anomaly-aguamenti.site,0.1,0,False,2026-01-27,False,https://hogwarts.seo-anomaly-aguamenti.site/indonesia_web_cam-27-01-2026/seo-anomaly-indonesia_web_cam-3/,https://3dlook.ai/,"TELEGRAM @SEO_ANOMALY - SEO BACKLINKS, BLACK-LINKS, TRAFFIC BOOST, LINK INDEXING"
spam,seo-anomaly-aguamenti.online,0.1,0,False,2026-01-27,False,https://hogwarts.seo-anomaly-aguamenti.online/indonesia_web_cam-27-01-2026/seo-anomaly-indonesia_web_cam-3/,https://3dlook.ai/,"TELEGRAM @SEO_ANOMALY - SEO BACKLINKS, BLACK-LINKS, TRAFFIC BOOST, LINK INDEXING"
spam,seo-anomaly-silencio.site,0.1,0,False,2026-01-27,False,https://hogwarts.seo-anomaly-silencio.site/indonesia_web_cam-27-01-2026/seo-anomaly-indonesia_web_cam-3/,https://3dlook.ai/,"TELEGRAM @SEO_ANOMALY - SEO BACKLINKS, BLACK-LINKS, TRAFFIC BOOST, LINK INDEXING"
spam,seo-anomaly-protego.space,0.1,0,False,2026-01-28,False,https://hogwarts.seo-anomaly-protego.space/indonesia_web_cam-27-01-2026/seo-anomaly-indonesia_web_cam-3/,https://3dlook.ai/,"TELEGRAM @SEO_ANOMALY - SEO BACKLINKS, BLACK-LINKS, TRAFFIC BOOST, LINK INDEXING"
spam,seo-anomaly-lumos.space,0.1,0,False,2026-01-27,False,https://hogwarts.seo-anomaly-lumos.space/indonesia_web_cam-27-01-2026/seo-anomaly-indonesia_web_cam-3/,https://3dlook.ai/,"TELEGRAM @SEO_ANOMALY - SEO BACKLINKS, BLACK-LINKS, TRAFFIC BOOST, LINK INDEXING"
spam,seo-anomaly-crucio.space,0.1,0,False,2026-01-28,False,https://hogwarts.seo-anomaly-crucio.space/indonesia_web_cam-27-01-2026/seo-anomaly-indonesia_web_cam-3/,https://3dlook.ai/,"TELEGRAM @SEO_ANOMALY - SEO BACKLINKS, BLACK-LINKS, TRAFFIC BOOST, LINK INDEXING"
spam,seo-anomaly-obliviate.space,0.1,0,False,2026-01-27,False,https://hogwarts.seo-anomaly-obliviate.space/indonesia_web_cam-27-01-2026/seo-anomaly-indonesia_web_cam-3/,https://3dlook.ai/,"TELEGRAM @SEO_ANOMALY - SEO BACKLINKS, BLACK-LINKS, TRAFFIC BOOST, LINK INDEXING"
spam,seo-anomaly-expecto-patronum.space,0.1,0,False,2026-01-27,False,https://hogwarts.seo-anomaly-expecto-patronum.space/indonesia_web_cam-27-01-2026/seo-anomaly-indonesia_web_cam-3/,https://3dlook.ai/,"TELEGRAM @SEO_ANOMALY - SEO BACKLINKS, BLACK-LINKS, TRAFFIC BOOST, LINK INDEXING"
spam,techknowlogia.live,0.0,0,True,2026-02-12,True,https://techknowlogia.live/lifestyle/ai-powered-personal-fitness-coaches,https://3dlook.ai/content-hub/ai-in-fitness/,3dlook.ai
spam,seo-anomaly-nox.space,0.1,0,False,2026-01-27,False,https://hogwarts.seo-anomaly-nox.space/indonesia_web_cam-27-01-2026/seo-anomaly-indonesia_web_cam-3/,https://3dlook.ai/,"TELEGRAM @SEO_ANOMALY - SEO BACKLINKS, BLACK-LINKS, TRAFFIC BOOST, LINK INDEXING"
spam,seo-anomaly-wingardium-leviosa.space,0.1,0,False,2026-01-27,False,https://hogwarts.seo-anomaly-wingardium-leviosa.space/indonesia_web_cam-27-01-2026/seo-anomaly-indonesia_web_cam-3/,https://3dlook.ai/,"TELEGRAM @SEO_ANOMALY - SEO BACKLINKS, BLACK-LINKS, TRAFFIC BOOST, LINK INDEXING"
spam,seo-anomaly-avada-kedavra.space,0.1,0,False,2026-01-27,False,https://hogwarts.seo-anomaly-avada-kedavra.space/indonesia_web_cam-27-01-2026/seo-anomaly-indonesia_web_cam-3/,https://3dlook.ai/,"TELEGRAM @SEO_ANOMALY - SEO BACKLINKS, BLACK-LINKS, TRAFFIC BOOST, LINK INDEXING"
spam,seo-anomaly-imperio.space,0.1,0,False,2026-01-27,False,https://hogwarts.seo-anomaly-imperio.space/indonesia_web_cam-27-01-2026/seo-anomaly-indonesia_web_cam-3/,https://3dlook.ai/,"TELEGRAM @SEO_ANOMALY - SEO BACKLINKS, BLACK-LINKS, TRAFFIC BOOST, LINK INDEXING"
spam,seo-anomaly-reparo.space,0.1,0,False,2026-01-27,False,https://hogwarts.seo-anomaly-reparo.space/indonesia_web_cam-27-01-2026/seo-anomaly-indonesia_web_cam-3/,https://3dlook.ai/,"TELEGRAM @SEO_ANOMALY - SEO BACKLINKS, BLACK-LINKS, TRAFFIC BOOST, LINK INDEXING"
spam,seo-anomaly-confundus.space,0.1,0,False,2026-01-27,False,https://hogwarts.seo-anomaly-confundus.space/indonesia_web_cam-27-01-2026/seo-anomaly-indonesia_web_cam-3/,https://3dlook.ai/,"TELEGRAM @SEO_ANOMALY - SEO BACKLINKS, BLACK-LINKS, TRAFFIC BOOST, LINK INDEXING"
spam,seo-anomaly-muffliato.space,0.1,0,False,2026-01-27,False,https://hogwarts.seo-anomaly-muffliato.space/indonesia_web_cam-27-01-2026/seo-anomaly-indonesia_web_cam-3/,https://3dlook.ai/,"TELEGRAM @SEO_ANOMALY - SEO BACKLINKS, BLACK-LINKS, TRAFFIC BOOST, LINK INDEXING"
spam,seo-anomaly-finite-incantatem.space,0.1,0,False,2026-01-28,False,https://hogwarts.seo-anomaly-finite-incantatem.space/indonesia_web_cam-27-01-2026/seo-anomaly-indonesia_web_cam-3/,https://3dlook.ai/,"TELEGRAM @SEO_ANOMALY - SEO BACKLINKS, BLACK-LINKS, TRAFFIC BOOST, LINK INDEXING"
spam,seo-anomaly-rennervate.space,0.1,0,False,2026-01-27,False,https://hogwarts.seo-anomaly-rennervate.space/indonesia_web_cam-27-01-2026/seo-anomaly-indonesia_web_cam-3/,https://3dlook.ai/,"TELEGRAM @SEO_ANOMALY - SEO BACKLINKS, BLACK-LINKS, TRAFFIC BOOST, LINK INDEXING"
spam,seo-anomaly-expelliarmus.space,0.1,0,False,2026-01-27,False,https://hogwarts.seo-anomaly-expelliarmus.space/indonesia_web_cam-27-01-2026/seo-anomaly-indonesia_web_cam-3/,https://3dlook.ai/,"TELEGRAM @SEO_ANOMALY - SEO BACKLINKS, BLACK-LINKS, TRAFFIC BOOST, LINK INDEXING"
spam,seo-anomaly-petrificus-totalus.space,0.1,0,False,2026-01-27,False,https://hogwarts.seo-anomaly-petrificus-totalus.space/indonesia_web_cam-27-01-2026/seo-anomaly-indonesia_web_cam-3/,https://3dlook.ai/,"TELEGRAM @SEO_ANOMALY - SEO BACKLINKS, BLACK-LINKS, TRAFFIC BOOST, LINK INDEXING"
spam,seo-anomaly-stupefy.space,0.1,0,False,2026-01-28,False,https://hogwarts.seo-anomaly-stupefy.space/indonesia_web_cam-27-01-2026/seo-anomaly-indonesia_web_cam-3/,https://3dlook.ai/,"TELEGRAM @SEO_ANOMALY - SEO BACKLINKS, BLACK-LINKS, TRAFFIC BOOST, LINK INDEXING"
spam,seo-anomaly-accio.space,0.1,0,False,2026-01-28,False,https://hogwarts.seo-anomaly-accio.space/indonesia_web_cam-27-01-2026/seo-anomaly-indonesia_web_cam-3/,https://3dlook.ai/,"TELEGRAM @SEO_ANOMALY - SEO BACKLINKS, BLACK-LINKS, TRAFFIC BOOST, LINK INDEXING"
spam,seo-anomaly-silencio.space,0.1,0,False,2026-01-29,False,https://hogwarts.seo-anomaly-silencio.space/indonesia_web_cam-27-01-2026/seo-anomaly-indonesia_web_cam-3/,https://3dlook.ai/,"TELEGRAM @SEO_ANOMALY - SEO BACKLINKS, BLACK-LINKS, TRAFFIC BOOST, LINK INDEXING"
spam,seo-anomaly-aparecium.space,0.1,0,False,2026-01-28,False,https://hogwarts.seo-anomaly-aparecium.space/indonesia_web_cam-27-01-2026/seo-anomaly-indonesia_web_cam-3/,https://3dlook.ai/,"TELEGRAM @SEO_ANOMALY - SEO BACKLINKS, BLACK-LINKS, TRAFFIC BOOST, LINK INDEXING"
spam,seo-anomaly-reducto.space,0.1,0,False,2026-01-27,False,https://hogwarts.seo-anomaly-reducto.space/indonesia_web_cam-27-01-2026/seo-anomaly-indonesia_web_cam-3/,https://3dlook.ai/,"TELEGRAM @SEO_ANOMALY - SEO BACKLINKS, BLACK-LINKS, TRAFFIC BOOST, LINK INDEXING"
spam,seo-anomaly-levicorpus.space,0.1,0,False,2026-01-27,False,https://hogwarts.seo-anomaly-levicorpus.space/indonesia_web_cam-27-01-2026/seo-anomaly-indonesia_web_cam-3/,https://3dlook.ai/,"TELEGRAM @SEO_ANOMALY - SEO BACKLINKS, BLACK-LINKS, TRAFFIC BOOST, LINK INDEXING"
spam,seo-anomaly-aguamenti.space,0.1,0,False,2026-01-27,False,https://hogwarts.seo-anomaly-aguamenti.space/indonesia_web_cam-27-01-2026/seo-anomaly-indonesia_web_cam-3/,https://3dlook.ai/,"TELEGRAM @SEO_ANOMALY - SEO BACKLINKS, BLACK-LINKS, TRAFFIC BOOST, LINK INDEXING"
spam,seo-anomaly-incendio.space,0.1,0,False,2026-01-28,False,https://hogwarts.seo-anomaly-incendio.space/indonesia_web_cam-27-01-2026/seo-anomaly-indonesia_web_cam-3/,https://3dlook.ai/,"TELEGRAM @SEO_ANOMALY - SEO BACKLINKS, BLACK-LINKS, TRAFFIC BOOST, LINK INDEXING"
spam,cheap-backlinks-here.ink,0.0,0,True,2026-04-22,False,https://cheap-backlinks-here.ink/,http://3dlook.ai/,3dlook
spam,nexusnext.agency,0.9,0,False,2026-03-15,True,https://nexusnext.agency/c4lnk5-backlinks-seo-web-development-digital-marketing-services/,https://3dlook.ai/,Convert 3dlook.me to high-DR site: premium backlinks + web developer + digital marketing; TF rise — lynkvex.com
spam,way2check.art,0.7,0,True,2026-04-21,False,http://www.way2check.art/page-2b2778a6f8a5d8d9a5fa46ef7c0d2f2f.html,http://3dlook.ai/,3dlook.ai
spam,coffinfitting.com,0.0,0,True,2026-03-08,True,http://coffinfitting.com/3dlook.html,https://3dlook.ai/,Learn more
spam,seo-cartel-castillo.xyz,0.1,0,False,2026-05-20,False,https://seo-cartel-castillo.xyz/azeirbadjan_ai-18-05-2026/seo-cartel-azeirbadjan_ai-4/,https://3dlook.ai/content-hub/artificial-intelligence-in-fashion/,"@SEO_CARTEL IN TELEGRAM - SEO BACKLINKS, BULK LINK POSTING, BOOST SEO RANKING"
spam,seo-cartel-bourbon.xyz,0.1,0,False,2026-05-20,False,https://seo-cartel-bourbon.xyz/azeirbadjan_ai-18-05-2026/seo-cartel-azeirbadjan_ai-4/,https://3dlook.ai/content-hub/artificial-intelligence-in-fashion/,"@SEO_CARTEL IN TELEGRAM - SEO BACKLINKS, BULK LINK POSTING, BOOST SEO RANKING"
spam,seo-cartel-geisha.xyz,0.1,0,False,2026-05-20,False,https://seo-cartel-geisha.xyz/azeirbadjan_ai-18-05-2026/seo-cartel-azeirbadjan_ai-7/,https://3dlook.ai/content-hub/ai-in-fitness-industry/,"@SEO_CARTEL IN TELEGRAM - SEO BACKLINKS, BULK LINK POSTING, BOOST SEO RANKING"
spam,seo-cartel-robusta.xyz,0.1,0,False,2026-05-20,False,https://seo-cartel-robusta.xyz/azeirbadjan_ai-18-05-2026/seo-cartel-azeirbadjan_ai-4/,https://3dlook.ai/content-hub/artificial-intelligence-in-fashion/,"@SEO_CARTEL IN TELEGRAM - SEO BACKLINKS, BULK LINK POSTING, BOOST SEO RANKING"
spam,seo-cartel-excelsa.xyz,0.1,0,False,2026-05-20,False,https://seo-cartel-excelsa.xyz/azeirbadjan_ai-18-05-2026/seo-cartel-azeirbadjan_ai-7/,https://3dlook.ai/content-hub/ai-in-fitness-industry/,"@SEO_CARTEL IN TELEGRAM - SEO BACKLINKS, BULK LINK POSTING, BOOST SEO RANKING"
spam,seo-cartel-typica.xyz,0.1,0,False,2026-05-20,False,https://seo-cartel-typica.xyz/azeirbadjan_ai-18-05-2026/seo-cartel-azeirbadjan_ai-7/,https://3dlook.ai/content-hub/ai-in-fitness-industry/,"@SEO_CARTEL IN TELEGRAM - SEO BACKLINKS, BULK LINK POSTING, BOOST SEO RANKING"
spam,seo-cartel-maragogype.xyz,0.1,0,False,2026-05-20,False,https://seo-cartel-maragogype.xyz/azeirbadjan_ai-18-05-2026/seo-cartel-azeirbadjan_ai-7/,https://3dlook.ai/content-hub/ai-in-fitness-industry/,"@SEO_CARTEL IN TELEGRAM - SEO BACKLINKS, BULK LINK POSTING, BOOST SEO RANKING"
spam,seo-cartel-arabica.xyz,0.1,0,False,2026-05-20,False,https://seo-cartel-arabica.xyz/azeirbadjan_ai-18-05-2026/seo-cartel-azeirbadjan_ai-7/,https://3dlook.ai/content-hub/ai-in-fitness-industry/,"@SEO_CARTEL IN TELEGRAM - SEO BACKLINKS, BULK LINK POSTING, BOOST SEO RANKING"
spam,seo-cartel-caturra.xyz,0.1,0,False,2026-05-20,False,https://seo-cartel-caturra.xyz/azeirbadjan_ai-18-05-2026/seo-cartel-azeirbadjan_ai-7/,https://3dlook.ai/content-hub/ai-in-fitness-industry/,"@SEO_CARTEL IN TELEGRAM - SEO BACKLINKS, BULK LINK POSTING, BOOST SEO RANKING"
spam,seo-cartel-ruiru.xyz,0.1,0,False,2026-05-22,False,https://seo-cartel-ruiru.xyz/azeirbadjan_ai-18-05-2026/seo-cartel-azeirbadjan_ai-7/,https://3dlook.ai/content-hub/ai-in-fitness-industry/,"@SEO_CARTEL IN TELEGRAM - SEO BACKLINKS, BULK LINK POSTING, BOOST SEO RANKING"
spam,seo-cartel-liberica.xyz,0.1,0,False,2026-05-20,False,https://seo-cartel-liberica.xyz/azeirbadjan_ai-18-05-2026/seo-cartel-azeirbadjan_ai-7/,https://3dlook.ai/content-hub/ai-in-fitness-industry/,"@SEO_CARTEL IN TELEGRAM - SEO BACKLINKS, BULK LINK POSTING, BOOST SEO RANKING"
spam,seo-cartel-kent.xyz,0.1,0,False,2026-05-22,False,https://seo-cartel-kent.xyz/azeirbadjan_ai-18-05-2026/seo-cartel-azeirbadjan_ai-7/,https://3dlook.ai/content-hub/ai-in-fitness-industry/,"@SEO_CARTEL IN TELEGRAM - SEO BACKLINKS, BULK LINK POSTING, BOOST SEO RANKING"
spam,seo-cartel-pacas.xyz,0.1,0,False,2026-05-25,False,https://seo-cartel-pacas.xyz/azeirbadjan_ai-18-05-2026/seo-cartel-azeirbadjan_ai-4/,https://3dlook.ai/content-hub/artificial-intelligence-in-fashion/,"@SEO_CARTEL IN TELEGRAM - SEO BACKLINKS, BULK LINK POSTING, BOOST SEO RANKING"
spam,linkbundle.shop,0.8,0,False,2026-06-11,True,https://linkbundle.shop/pri92y5-build-unstoppable-local-business-serp-authority-link-packages-contextual-backlinks-traffic-playbook/,https://3dlook.ai/,"Complete SEO for 3dlook.in: high-DR backlinks, editorial guest posts, on-page SEO, local SEO, web development, SaaS tools and automation tools, delive"
spam,seostash.shop,0.7,0,False,2026-06-17,True,https://seostash.shop/k18ol80-web-development-helped-fintech-site-page5-to-page1-complete-case-study-data/,https://3dlook.ai/,"Take 3dlook.ai to page one with backlinks and guest posts, on-page SEO, local SEO, custom web development, SaaS integrations and automation tools — st"
spam,seocrate.shop,0.7,0,False,2026-06-18,True,https://seocrate.shop/ueb8s7i-page10-to-dr50-fintech-45-day-strategy-only-local-seo/,https://3dlook.ai/,"app3dlook.org: contextual backlinks, premium guest posts, on-page SEO, local SEO, custom web development, SaaS tools plus automation tools, all drivin"
spam,rankfinds.shop,0.7,0,False,2026-06-28,True,https://rankfinds.shop/ueb8s7i-page10-to-dr50-fintech-45-day-strategy-only-local-seo/,https://3dlook.ai/,"app3dlook.org: contextual backlinks, premium guest posts, on-page SEO, local SEO, custom web development, SaaS tools plus automation tools, all drivin"
spam,rankprime.shop,0.7,0,False,2026-06-16,True,https://rankprime.shop/ueb8s7i-page10-to-dr50-fintech-45-day-strategy-only-local-seo/,https://3dlook.ai/,"app3dlook.org: contextual backlinks, premium guest posts, on-page SEO, local SEO, custom web development, SaaS tools plus automation tools, all drivin"
spam,seofinds.shop,0.7,0,False,2026-06-16,True,https://seofinds.shop/k18ol80-web-development-helped-fintech-site-page5-to-page1-complete-case-study-data/,https://3dlook.ai/,"Take 3dlook.ai to page one with backlinks and guest posts, on-page SEO, local SEO, custom web development, SaaS integrations and automation tools — st"
spam,linkstockly.shop,0.7,0,False,2026-06-23,True,https://linkstockly.shop/8qyo3s0-build-unstoppable-real-estate-serp-traffic-services-crowd-links-traffic-playbook,https://3dlook.ai/,"Power up app3dlook.org: high-DR backlinks, editorial guest posts, on-page SEO, local SEO, web development, SaaS tools and automation tools for DR/DA/T"
spam,backlinkmart.shop,0.7,0,False,2026-06-17,True,https://backlinkmart.shop/a7yof80-stacked-dr-boost-services-blogroll-links-mortgage-dual-strategy-doubled-ranking-speed/,https://3dlook.ai/,"Scale uniformpro.me with premium guest posts, contextual backlinks, on-page and local SEO, conversion-focused web development, SaaS tools and automati"
spam,rankbox.shop,0.7,0,False,2026-06-17,True,https://rankbox.shop/k18ol80-web-development-helped-fintech-site-page5-to-page1-complete-case-study-data/,https://3dlook.ai/,"Take 3dlook.ai to page one with backlinks and guest posts, on-page SEO, local SEO, custom web development, SaaS integrations and automation tools — st"
spam,seoloot.shop,0.7,0,False,2026-06-20,True,https://seoloot.shop/k18ol80-web-development-helped-fintech-site-page5-to-page1-complete-case-study-data/,https://3dlook.ai/,"Take 3dlook.ai to page one with backlinks and guest posts, on-page SEO, local SEO, custom web development, SaaS integrations and automation tools — st"
spam,rankseohub.shop,0.7,0,False,2026-06-23,True,https://rankseohub.shop/k18ol80-web-development-helped-fintech-site-page5-to-page1-complete-case-study-data,https://3dlook.ai/,"Take 3dlook.ai to page one with backlinks and guest posts, on-page SEO, local SEO, custom web development, SaaS integrations and automation tools — st"
spam,linkstock.shop,0.7,0,False,2026-06-28,True,https://linkstock.shop/7jfo4av-niche-edits-vs-contextual-backlinks-law-firm-cost-speed-quality-ranking-outcomes/,https://3dlook.ai/,"uniformpro.me gets guest posts and backlinks, on-page SEO, local SEO, web development, SaaS integrations and automation tools, together driving compou"
spam,linkchest.shop,0.7,0,False,2026-06-17,True,https://linkchest.shop/jzx93jb-build-unstoppable-insurance-serp-sidebar-links-homepage-links-traffic-playbook/,https://3dlook.ai/uniform-pro/,"uniformpro.me: premium guest posts, high-quality backlinks, on-page SEO, local SEO, web development, SaaS tools and automation tools, all driving dura"
spam,seosupply.shop,0.7,0,False,2026-06-17,True,https://seosupply.shop/ueb8s7i-page10-to-dr50-fintech-45-day-strategy-only-local-seo/,https://3dlook.ai/,"app3dlook.org: contextual backlinks, premium guest posts, on-page SEO, local SEO, custom web development, SaaS tools plus automation tools, all drivin"
spam,rankdepot.shop,0.7,0,False,2026-06-17,True,https://rankdepot.shop/ueb8s7i-page10-to-dr50-fintech-45-day-strategy-only-local-seo/,https://3dlook.ai/,"app3dlook.org: contextual backlinks, premium guest posts, on-page SEO, local SEO, custom web development, SaaS tools plus automation tools, all drivin"
spam,rankbazaar.shop,0.7,0,False,2026-06-11,True,https://rankbazaar.shop/qdg8qek-authority-building-blueprint-finance-rank-using-traffic-services-press-release-links/,https://3dlook.ai/,"For app3dlook.org, we deliver backlinks and guest posts, on-page SEO, local SEO, custom web development, SaaS integrations and automation tools — long"
spam,rankloot.shop,0.7,0,False,2026-06-17,True,https://rankloot.shop/ueb8s7i-page10-to-dr50-fintech-45-day-strategy-only-local-seo/,https://3dlook.ai/,"app3dlook.org: contextual backlinks, premium guest posts, on-page SEO, local SEO, custom web development, SaaS tools plus automation tools, all drivin"
spam,rankstock.shop,0.7,0,False,2026-06-20,True,https://rankstock.shop/ueb8s7i-page10-to-dr50-fintech-45-day-strategy-only-local-seo/,https://3dlook.ai/,"app3dlook.org: contextual backlinks, premium guest posts, on-page SEO, local SEO, custom web development, SaaS tools plus automation tools, all drivin"
spam,backlinkshop.shop,0.8,0,False,2026-06-11,True,https://backlinkshop.shop/lrwgryg-60-day-serp-climb-real-estate-combined-homepage-links-dr-boost-services-position1/,https://3dlook.ai/,"Everything uniformpro.me needs: premium guest posts, contextual backlinks, on-page and local SEO, conversion-focused web development, SaaS tools and a"
spam,seokart.shop,0.7,0,False,2026-06-27,True,https://seokart.shop/l280jg6-authority-link-packages-cleaned-toxic-links-grew-40-percent-dental-money-site-every-dollar-ranking-tracked/,https://3dlook.ai/,"Rank uniformpro.me higher with high-DR backlinks, editorial guest posts, on-page SEO, local SEO, web development, SaaS tools and automation tools — re"
spam,rankbundle.shop,0.7,0,False,2026-06-17,True,https://rankbundle.shop/k18ol80-web-development-helped-fintech-site-page5-to-page1-complete-case-study-data/,https://3dlook.ai/,"Take 3dlook.ai to page one with backlinks and guest posts, on-page SEO, local SEO, custom web development, SaaS integrations and automation tools — st"
spam,seooutlet.shop,0.7,0,False,2026-06-17,True,https://seooutlet.shop/ueb8s7i-page10-to-dr50-fintech-45-day-strategy-only-local-seo/,https://3dlook.ai/,"app3dlook.org: contextual backlinks, premium guest posts, on-page SEO, local SEO, custom web development, SaaS tools plus automation tools, all drivin"
spam,rankdeals.shop,0.8,0,False,2026-06-17,True,https://rankdeals.shop/ueb8s7i-page10-to-dr50-fintech-45-day-strategy-only-local-seo/,https://3dlook.ai/,"app3dlook.org: contextual backlinks, premium guest posts, on-page SEO, local SEO, custom web development, SaaS tools plus automation tools, all drivin"
spam,backlinkorbit.shop,0.7,0,False,2026-06-21,True,https://backlinkorbit.shop/7i9kvvc-blogroll-links-helped-crypto-site-cleaned-toxic-links-grew-40-percent-complete-case-study-data/,https://3dlook.ai/,"Scale app3dlook.org with guest posts, backlinks, on-page and local SEO, web development, SaaS tools and workflow automation tools, earning sustained D"
spam,seobundle.shop,0.7,0,False,2026-06-27,True,https://seobundle.shop/l280jg6-authority-link-packages-cleaned-toxic-links-grew-40-percent-dental-money-site-every-dollar-ranking-tracked/,https://3dlook.ai/uniform-pro/,"Rank uniformpro.me higher with high-DR backlinks, editorial guest posts, on-page SEO, local SEO, web development, SaaS tools and automation tools — re"
spam,seobits.shop,0.7,0,False,2026-06-19,True,https://seobits.shop/l280jg6-authority-link-packages-cleaned-toxic-links-grew-40-percent-dental-money-site-every-dollar-ranking-tracked/,https://3dlook.ai/,"Rank uniformpro.me higher with high-DR backlinks, editorial guest posts, on-page SEO, local SEO, web development, SaaS tools and automation tools — re"
spam,rankoutlet.shop,0.8,0,False,2026-06-16,True,https://rankoutlet.shop/k18ol80-web-development-helped-fintech-site-page5-to-page1-complete-case-study-data/,https://3dlook.ai/,"Take 3dlook.ai to page one with backlinks and guest posts, on-page SEO, local SEO, custom web development, SaaS integrations and automation tools — st"
spam,linkstash.shop,0.7,0,False,2026-06-27,True,https://linkstash.shop/jm8hk06-build-unstoppable-insurance-serp-traffic-services-homepage-links-traffic-playbook/,https://3dlook.ai/,"uniformpro.me gets contextual backlinks, premium guest posts, on-page SEO, local SEO, custom web development, SaaS tools plus automation tools, togeth"
spam,linkfinds.shop,0.7,0,False,2026-06-23,True,https://linkfinds.shop/ybo169f-build-unstoppable-real-estate-serp-automation-tools-blogroll-links-traffic-playbook/,https://3dlook.ai/,"Rank 3dlook.me higher with premium guest posts, contextual backlinks, on-page and local SEO, conversion-focused web development, SaaS tools and automa"
spam,rankkit.shop,0.7,0,False,2026-06-17,True,https://rankkit.shop/ueb8s7i-page10-to-dr50-fintech-45-day-strategy-only-local-seo/,https://3dlook.ai/,"app3dlook.org: contextual backlinks, premium guest posts, on-page SEO, local SEO, custom web development, SaaS tools plus automation tools, all drivin"
spam,seolinkkart.shop,0.7,0,False,2026-06-17,True,https://seolinkkart.shop/k18ol80-web-development-helped-fintech-site-page5-to-page1-complete-case-study-data/,https://3dlook.ai/,"Take 3dlook.ai to page one with backlinks and guest posts, on-page SEO, local SEO, custom web development, SaaS integrations and automation tools — st"
spam,seoedge.shop,0.7,0,False,2026-06-20,True,https://seoedge.shop/ueb8s7i-page10-to-dr50-fintech-45-day-strategy-only-local-seo/,https://3dlook.ai/,"app3dlook.org: contextual backlinks, premium guest posts, on-page SEO, local SEO, custom web development, SaaS tools plus automation tools, all drivin"
spam,seodepot.shop,0.7,0,False,2026-06-28,True,https://seodepot.shop/l280jg6-authority-link-packages-cleaned-toxic-links-grew-40-percent-dental-money-site-every-dollar-ranking-tracked/,https://3dlook.ai/,"Rank uniformpro.me higher with high-DR backlinks, editorial guest posts, on-page SEO, local SEO, web development, SaaS tools and automation tools — re"
spam,rankmall.shop,0.7,0,False,2026-06-16,True,https://rankmall.shop/ueb8s7i-page10-to-dr50-fintech-45-day-strategy-only-local-seo/,https://3dlook.ai/,"app3dlook.org: contextual backlinks, premium guest posts, on-page SEO, local SEO, custom web development, SaaS tools plus automation tools, all drivin"
spam,rankchest.shop,0.7,0,False,2026-06-23,True,https://rankchest.shop/k18ol80-web-development-helped-fintech-site-page5-to-page1-complete-case-study-data,https://3dlook.ai/,"Take 3dlook.ai to page one with backlinks and guest posts, on-page SEO, local SEO, custom web development, SaaS integrations and automation tools — st"
spam,rankstash.shop,0.7,0,False,2026-06-17,True,https://rankstash.shop/k18ol80-web-development-helped-fintech-site-page5-to-page1-complete-case-study-data/,https://3dlook.ai/,"Take 3dlook.ai to page one with backlinks and guest posts, on-page SEO, local SEO, custom web development, SaaS integrations and automation tools — st"
spam,ranktrove.shop,0.7,0,False,2026-06-19,True,https://ranktrove.shop/k18ol80-web-development-helped-fintech-site-page5-to-page1-complete-case-study-data/,https://3dlook.ai/,"Take 3dlook.ai to page one with backlinks and guest posts, on-page SEO, local SEO, custom web development, SaaS integrations and automation tools — st"
spam,linkforgepro.shop,0.7,0,False,2026-06-16,True,https://linkforgepro.shop/9m3ngz2-best-on-page-seo-travel-2025-compared-12-providers-roi/,https://3dlook.ai/uniform-pro/,"Take uniformpro.me to page one with premium guest posts, high-quality backlinks, on-page SEO, local SEO, web development, SaaS tools and automation to"
spam,linkdepot.shop,0.7,0,False,2026-06-16,True,https://linkdepot.shop/y3cb6p0-build-unstoppable-mortgage-serp-high-da-guest-posts-automation-tools-traffic-playbook/,https://3dlook.ai/,"Complete SEO for uniformpro.me: premium guest posts, high-quality backlinks, on-page SEO, local SEO, web development, SaaS tools and automation tools,"
spam,backlinkvault.shop,0.7,0,False,2026-06-11,True,https://backlinkvault.shop/hkfvnay-build-unstoppable-b2b-serp-on-page-seo-homepage-links-traffic-playbook/,https://3dlook.ai/,"Boost uniformpro.me using contextual backlinks, premium guest posts, on-page SEO, local SEO, custom web development, SaaS tools plus automation tools "
spam,seogo.shop,0.7,0,False,2026-06-28,True,https://seogo.shop/ueb8s7i-page10-to-dr50-fintech-45-day-strategy-only-local-seo/,https://3dlook.ai/,"app3dlook.org: contextual backlinks, premium guest posts, on-page SEO, local SEO, custom web development, SaaS tools plus automation tools, all drivin"
spam,seobox.shop,0.7,0,False,2026-06-17,True,https://seobox.shop/ueb8s7i-page10-to-dr50-fintech-45-day-strategy-only-local-seo/,https://3dlook.ai/,"app3dlook.org: contextual backlinks, premium guest posts, on-page SEO, local SEO, custom web development, SaaS tools plus automation tools, all drivin"
spam,linkwagon.shop,0.7,0,False,2026-06-23,True,https://linkwagon.shop/hau9izg-why-ymyl-buy-crowd-links-outrank-organic-only-competitors-data/,https://3dlook.ai/,"Everything 3dlook.me needs: high-quality backlinks, guest posts, on-page and local SEO, custom web development, SaaS tools and automation tools — bala"
spam,globalnetwork.in,0.3,0,False,2026-06-18,True,https://www.globalnetwork.in/domains/4720/471eb4e20bb58cee66fb3d9dafe20e8e/,https://3dlook.ai/,3dlook.in
spam,seogear.shop,0.7,0,False,2026-06-30,True,https://seogear.shop/l280jg6-authority-link-packages-cleaned-toxic-links-grew-40-percent-dental-money-site-every-dollar-ranking-tracked/,https://3dlook.ai/,"Rank uniformpro.me higher with high-DR backlinks, editorial guest posts, on-page SEO, local SEO, web development, SaaS tools and automation tools — re"
spam,linkrank.shop,0.7,0,False,2026-06-28,True,https://linkrank.shop/te37nct-12-month-serp-climb-legal-combined-saas-tools-homepage-links-position1/,https://3dlook.ai/uniform-pro/,"Boost uniformpro.me using high-DR backlinks, editorial guest posts, on-page SEO, local SEO, web development, SaaS tools and automation tools for susta"
spam,mp3fresh.net,0.5,0,True,2026-05-09,False,http://www.mp3fresh.net/page-2b2778a6f8a5d8d9a5fa46ef7c0d2f2f.html,http://3dlook.ai/,3dlook.ai
spam,seowagon.shop,0.7,0,False,2026-06-20,True,https://seowagon.shop/l280jg6-authority-link-packages-cleaned-toxic-links-grew-40-percent-dental-money-site-every-dollar-ranking-tracked/,https://3dlook.ai/,"Rank uniformpro.me higher with high-DR backlinks, editorial guest posts, on-page SEO, local SEO, web development, SaaS tools and automation tools — re"
spam,domain.com.lc,0.6,0,True,2026-05-12,True,https://domain.com.lc/page-2b2778a6f8a5d8d9a5fa46ef7c0d2f2f.html,https://3dlook.ai/,3dlook.ai
spam,drivtu.com,0.1,0,True,2026-05-09,True,https://drivtu.com/optoro-secures-75-million-funding-to-simplify-retail-returns-for-brands/,https://3dlook.ai/,3DLOOK
spam,nexabacklinks.shop,0.7,0,False,2026-06-27,True,https://nexabacklinks.shop/ce3eq80-niche-edits-helped-fintech-site-outranked-bigger-competitors-complete-case-study-data/,https://3dlook.ai/,"Boost 3dlook.ai using backlinks and guest posts, on-page SEO, local SEO, custom web development, SaaS integrations and automation tools for DR/DA/TF t"
spam,seowares.shop,0.7,0,False,2026-06-21,True,https://seowares.shop/ueb8s7i-page10-to-dr50-fintech-45-day-strategy-only-local-seo/,https://3dlook.ai/,"app3dlook.org: contextual backlinks, premium guest posts, on-page SEO, local SEO, custom web development, SaaS tools plus automation tools, all drivin"
spam,youtoo.in,0.5,0,True,2026-05-07,True,http://www.youtoo.in/page-2b2778a6f8a5d8d9a5fa46ef7c0d2f2f.html,http://3dlook.ai/,3dlook.ai
spam,tyre.pro,0.1,0,True,2026-05-09,False,http://www.tyre.pro/page-2b2778a6f8a5d8d9a5fa46ef7c0d2f2f.html,http://3dlook.ai/,3dlook.ai
spam,seochest.shop,0.7,0,False,2026-06-27,True,https://seochest.shop/k18ol80-web-development-helped-fintech-site-page5-to-page1-complete-case-study-data/,https://3dlook.ai/,"Take 3dlook.ai to page one with backlinks and guest posts, on-page SEO, local SEO, custom web development, SaaS integrations and automation tools — st"
spam,theface.in,0.1,0,True,2026-05-15,False,http://www.theface.in/page-2b2778a6f8a5d8d9a5fa46ef7c0d2f2f.html,http://3dlook.ai/,3dlook.ai
spam,rankwares.shop,0.7,0,False,2026-06-21,True,https://rankwares.shop/ueb8s7i-page10-to-dr50-fintech-45-day-strategy-only-local-seo/,https://3dlook.ai/,"app3dlook.org: contextual backlinks, premium guest posts, on-page SEO, local SEO, custom web development, SaaS tools plus automation tools, all drivin"
spam,martav.shop,0.0,0,False,2026-05-09,False,https://martav.shop/sourcing-journal/industry-news/fashion-career-artificial-intelligence-parsons-3dlook-atrium-data-coronavirus-1238753212/,https://3dlook.ai/,3DLook
spam,seodepot.shop,0.7,0,False,2026-07-01,True,https://seodepot.shop/k18ol80-web-development-helped-fintech-site-page5-to-page1-complete-case-study-data,https://3dlook.ai/,"Take 3dlook.ai to page one with backlinks and guest posts, on-page SEO, local SEO, custom web development, SaaS integrations and automation tools — st"
spam,linkfinds.shop,0.7,0,False,2026-07-02,True,https://linkfinds.shop/dfva73o-stacked-homepage-links-saas-tools-ymyl-dual-strategy-doubled-ranking-speed/,https://3dlook.ai/,"Everything app3dlook.org needs: guest posts and backlinks, on-page SEO, local SEO, web development, SaaS integrations and automation tools — steady DR"
spam,plorik.com,0.0,0,False,2026-07-29,True,https://plorik.com/directory/3dlook/,https://3dlook.ai/,Visit Website
spam,เสื้อแท้.com,0.2,0,True,2026-07-15,True,https://เสื้อแท้.com/blog/tshirt-size-chart-reduce-returns-brand-2026/,https://3dlook.ai/content-hub/true-cost-apparel-returns-data-rising-return-rates/,The true cost of apparel returns — Coresight figure (3DLOOK)
spam,siterankexpress.shop,0.1,0,False,2026-07-29,True,https://siterankexpress.shop/2b6b8402b-ranking-recovery-blueprint-finance-rank-using-local-seo-blogroll-links-step-by-step-strategy-research-execution-and-analysis-for-competitive-serp-results/,https://3dlook.ai/,"Power up app3dlook.org: high-quality backlinks, guest posts, on-page and local SEO, custom web development, SaaS tools and automation tools for strong"
spam,searchrankexperts.shop,0.1,0,False,2026-07-30,True,https://searchrankexperts.shop/0a76cd40f-economics-ranking-crypto-homepage-links-cost-vs-revenue-step-by-step-strategy-planning-testing-and-tracking-for-reliable-page-one-progress/,https://3dlook.ai/uniform-pro/,"Complete SEO for uniformpro.me: high-quality backlinks, guest posts, on-page and local SEO, custom web development, SaaS tools and automation tools, d"
spam,rankbox.shop,0.7,0,False,2026-07-10,True,https://rankbox.shop/l280jg6-authority-link-packages-cleaned-toxic-links-grew-40-percent-dental-money-site-every-dollar-ranking-tracked/,https://3dlook.ai/,"Rank uniformpro.me higher with high-DR backlinks, editorial guest posts, on-page SEO, local SEO, web development, SaaS tools and automation tools — re"
spam,guestpostlinks.shop,0.7,0,False,2026-07-08,True,https://guestpostlinks.shop/7i9kvvc-blogroll-links-helped-crypto-site-cleaned-toxic-links-grew-40-percent-complete-case-study-data/,https://3dlook.ai/,"Scale app3dlook.org with guest posts, backlinks, on-page and local SEO, web development, SaaS tools and workflow automation tools, earning sustained D"
spam,searchrankcentral.shop,0.1,0,False,2026-07-28,True,https://searchrankcentral.shop/014391a1e-best-press-release-links-ymyl-2025-compared-10-providers-roi-full-ranking-workflow-tools-tactics-and-insights-for-stronger-domain-authority/,https://3dlook.ai/uniform-pro/,"Grow uniformpro.me with high-DR backlinks, editorial guest posts, on-page SEO, local SEO, web development, SaaS tools and automation tools — a noticea"
spam,seogrowthprovider.shop,0.1,0,False,2026-07-28,True,https://seogrowthprovider.shop/b000b7c85-used-tiered-link-building-doubled-organic-revenue-90-days-travel-site-month-by-month-progress-long-term-seo-method-data-progress-and-outcomes-for-lasting-ranking-improvements/,https://3dlook.ai/,"Everything app3dlook.org needs: contextual backlinks, premium guest posts, on-page SEO, local SEO, custom web development, SaaS tools plus automation "
spam,seoboostresults.shop,0.1,0,False,2026-07-28,True,https://seoboostresults.shop/3b930e75e-high-da-guest-posts-vs-tiered-link-building-real-estate-cost-speed-quality-ranking-outcomes-full-ranking-workflow-examples-metrics-and-lessons-for-sustainable-organic-growth/,https://3dlook.ai/,"Power up 3dlook.ai: guest posts, backlinks, on-page and local SEO, web development, SaaS tools and workflow automation tools for a measurable DR/DA/TF"
spam,rankseoalliance.shop,0.2,0,False,2026-07-28,True,https://rankseoalliance.shop/aba7e99c1-best-dofollow-backlinks-insurance-2026-compared-9-providers-roi-full-ranking-workflow-data-progress-and-outcomes-for-competitive-serp-results/,https://3dlook.ai/uniform-pro/,"Boost uniformpro.me using guest posts and backlinks, on-page SEO, local SEO, web development, SaaS integrations and automation tools for a healthier D"
spam,bramo.shop,0.0,0,True,2026-08-20,True,https://bramo.shop/premium-white-hat-seo-links-to-improve-citation-flow-build-lasting-authority-for-long-term-seo-results-f9012-3/,https://3dlook.ai/,High Quality Dofollow Backlinks DA 50 PA 40 Premium PBN Network Service app3dlook.org Rank First Page Google Fast SEO Link Building Buy Backlinks Onli
spam,coruzants.com,0.0,0,True,2026-08-21,False,https://www.coruzants.com/all/50/31.html,https://3dlook.ai/,High Quality Dofollow Backlinks DA 50 PA 40 Premium PBN Network Service 3dlook.ai Rank First Page Google Fast SEO Link Building Buy Backlinks Online C
spam,rankcollective.shop,0.1,0,False,2026-08-12,True,https://rankcollective.shop/2528aeb99-used-homepage-links-doubled-organic-revenue-90-days-b2b-site-month-by-month-progress-practical-execution-roadmap-cost-timeline-and-results-for-scalable-seo-performance/,https://3dlook.ai/,"Power up 3dlook.ai: guest posts, backlinks, on-page and local SEO, web development, SaaS tools and workflow automation tools for DR/DA/TF that climbs "
spam,brinto.shop,0.0,0,True,2026-08-29,True,https://brinto.shop/effective-guest-post-service-to-improve-citation-flow-improve-google-rankings-for-competitive-serp-results-f1731-14/,https://3dlook.ai/,High Quality Dofollow Backlinks DA 50 PA 40 Premium PBN Network Service 3dlook.ai Rank First Page Google Fast SEO Link Building Buy Backlinks Online C
spam,devdemostar.win,0.0,0,True,2026-08-18,True,https://devdemostar.win/products/3dlook,https://3dlook.ai/,Visit Website
spam,orionleads.co,0.0,0,True,2026-08-02,True,https://orionleads.co/companies/3dlook-c71019,https://3dlook.ai/,Visit website
spam,rankgrowthboost.shop,0.1,0,False,2026-08-09,True,https://rankgrowthboost.shop/f03a6ba2b-used-dofollow-backlinks-restored-rankings-after-algorithm-update-finance-site-month-by-month-progress-advanced-growth-framework-cost-timeline-and-results-for-higher-search-visibility/,https://3dlook.ai/,"Grow uniformpro.me with contextual backlinks, premium guest posts, on-page SEO, local SEO, custom web development, SaaS tools plus automation tools — "
spam,cinvo.shop,0.0,0,True,2026-08-28,True,https://cinvo.shop/link-velocity-hub/trusted-white-hat-seo-links-to-boost-domain-authority-grow-search-traffic-for-long-term-seo-results-3ca4e5.html,https://3dlook.ai/,High Quality Dofollow Backlinks DA 50 PA 40 Premium PBN Network Service app3dlook.org Rank First Page Google Fast SEO Link Building Buy Backlinks Onli
spam,fralto.shop,0.0,0,True,2026-08-29,True,https://fralto.shop/link-placement-hub/advanced-seo-authority-backlinks-to-strengthen-your-link-profile-grow-search-traffic-with-safe-link-velocity-29011c.html,https://3dlook.ai/uniform-pro/,High Quality Dofollow Backlinks DA 50 PA 40 Premium PBN Network Service uniformpro.me Rank First Page Google Fast SEO Link Building Buy Backlinks Onli
spam,linkseoauthority.shop,0.1,0,False,2026-08-09,True,https://linkseoauthority.shop/314cb11b6-bought-niche-edits-real-estate-site-6-month-review-metrics-rankings-traffic-real-world-action-plan-cost-timeline-and-results-for-stronger-domain-authority/,https://3dlook.ai/,"Power up 3dlook.ai: guest posts, backlinks, on-page and local SEO, web development, SaaS tools and workflow automation tools for higher DR/DA/TF acros"
spam,cvillico.com,0.0,0,True,2026-08-31,True,https://cvillico.com/all/265/2.html,https://3dlook.ai/,High Quality Dofollow Backlinks DA 50 PA 40 Premium PBN Network Service app3dlook.org Rank First Page Google Fast SEO Link Building Buy Backlinks Onli
spam,toprankmasters.shop,0.1,0,False,2026-08-07,True,https://toprankmasters.shop/3061b1957-automation-tools-vs-niche-edits-healthcare-which-moves-rankings-faster-holds-longer-real-world-action-plan-quality-checks-and-reporting-for-long-term-search-success/,https://3dlook.ai/,"uniformpro.me: high-quality backlinks, guest posts, on-page and local SEO, custom web development, SaaS tools and automation tools, all driving durabl"
spam,fashionclothingnews.com,0.0,0,True,2026-08-23,True,https://fashionclothingnews.com/all/3027/34.html,https://3dlook.ai/,High Quality Dofollow Backlinks DA 50 PA 40 Premium PBN Network Service uniformpro.me Rank First Page Google Fast SEO Link Building Buy Backlinks Onli
spam,seogrowthengine.shop,0.1,0,False,2026-08-09,True,https://seogrowthengine.shop/0002e0f43-do-sidebar-links-still-work-2026-finance-tested-10-placements-tracked-proven-optimization-process-research-execution-and-analysis-for-stronger-domain-authority/,https://3dlook.ai/uniform-pro/,"Scale uniformpro.me with high-quality backlinks, guest posts, on-page and local SEO, custom web development, SaaS tools and automation tools, earning "
spam,portailorange.net,0.2,0,True,2026-08-11,True,https://www.portailorange.net/all/789/29.html,https://3dlook.ai/,High Quality Dofollow Backlinks DA 50 PA 40 Premium PBN Network Service uniformpro.me Rank First Page Google Fast SEO Link Building Buy Backlinks Onli
spam,blogerreviewers.com,0.1,0,True,2026-08-10,True,https://www.blogerreviewers.com/all/265/2.html,https://3dlook.ai/,High Quality Dofollow Backlinks DA 50 PA 40 Premium PBN Network Service app3dlook.org Rank First Page Google Fast SEO Link Building Buy Backlinks Onli
spam,domainrankboost.shop,0.1,0,False,2026-08-07,True,https://domainrankboost.shop/392700103-build-unstoppable-crypto-serp-tiered-link-building-pbn-backlinks-traffic-playbook-measurable-results-blueprint-planning-testing-and-tracking-for-higher-search-visibility/,https://3dlook.ai/,"For 3dlook.ai, we deliver guest posts and backlinks, on-page SEO, local SEO, web development, SaaS integrations and automation tools — compounding DR/"
spam,plazop.com,0.0,0,True,2026-08-31,True,https://plazop.com/website-list-1967/,https://3dlook.ai/,3dlook
spam,noxar.top,0.0,0,False,2026-08-11,True,https://noxar.top/events/disrupt-sf-2018/disrupt-sf-2018-content-tracks/,https://3dlook.ai/,3DLOOK
spam,googleseocraft.shop,0.1,0,False,2026-08-11,True,https://googleseocraft.shop/8d5c2d5e6-120-day-homepage-links-case-study-insurance-placements-anchors-rankings-practical-execution-roadmap-authority-traffic-and-conversions-for-long-term-search-success/,https://3dlook.ai/,"uniformpro.me gets guest posts, backlinks, on-page and local SEO, web development, SaaS tools and workflow automation tools, together driving steady D"
spam,pageseoservice.shop,0.1,0,False,2026-08-07,True,https://pageseoservice.shop/7d71da689-high-da-guest-posts-helped-b2b-site-took-every-keyword-page1-complete-case-study-data-proven-optimization-process-mistakes-risks-and-solutions-for-competitive-serp-results/,https://3dlook.ai/uniform-pro/,"uniformpro.me: premium guest posts, high-quality backlinks, on-page SEO, local SEO, web development, SaaS tools and automation tools, all driving DR/D"
spam,digitalchatni.com,0.1,0,True,2026-08-24,True,https://digitalchatni.com/all/265/2.html,https://3dlook.ai/,High Quality Dofollow Backlinks DA 50 PA 40 Premium PBN Network Service app3dlook.org Rank First Page Google Fast SEO Link Building Buy Backlinks Onli
spam,organicrankexpress.shop,0.1,0,False,2026-08-07,True,https://organicrankexpress.shop/d02081169-blogroll-links-helped-mortgage-site-cleaned-toxic-links-grew-40-percent-complete-case-study-data-detailed-campaign-breakdown-quality-checks-and-reporting-for-competitive-serp-results/,https://3dlook.ai/,"Grow app3dlook.org with guest posts and backlinks, on-page SEO, local SEO, web development, SaaS integrations and automation tools — a healthier DR/DA"
spam,toprankalliance.shop,0.1,0,False,2026-08-10,True,https://toprankalliance.shop/6f79180aa-dr-boost-services-vs-blogroll-links-law-firm-which-moves-rankings-faster-holds-longer-practical-execution-roadmap-budget-links-and-content-for-better-google-positions/,https://3dlook.ai/uniform-pro/,"Scale uniformpro.me with premium guest posts, contextual backlinks, on-page and local SEO, conversion-focused web development, SaaS tools and automati"
spam,domainrankexperts.shop,0.1,0,False,2026-08-07,True,https://domainrankexperts.shop/3f816fe77-build-unstoppable-local-business-serp-editorial-links-traffic-services-traffic-playbook-measurable-results-blueprint-quality-checks-and-reporting-for-sustainable-organic-growth/,https://3dlook.ai/uniform-pro/,"Everything uniformpro.me needs: guest posts and backlinks, on-page SEO, local SEO, web development, SaaS integrations and automation tools — compoundi"
spam,domainrankagency.shop,0.1,0,False,2026-08-09,True,https://domainrankagency.shop/2c06a006a-how-many-automation-tools-legal-website-rank-page1-50-campaigns-data-real-world-action-plan-planning-testing-and-tracking-for-reliable-page-one-progress/,https://3dlook.ai/,"app3dlook.org gets high-quality backlinks, guest posts, on-page and local SEO, custom web development, SaaS tools and automation tools, together drivi"
spam,toprankauthority.shop,0.1,0,False,2026-08-07,True,https://toprankauthority.shop/593ff8fcf-build-unstoppable-financial-advisory-serp-traffic-services-saas-tools-traffic-playbook-step-by-step-strategy-mistakes-risks-and-solutions-for-higher-search-visibility/,https://3dlook.ai/,"For 3dlook.ai, we deliver premium guest posts, contextual backlinks, on-page and local SEO, conversion-focused web development, SaaS tools and automat"
spam,cgpa2percentag.com,0.8,0,True,2026-08-24,True,https://cgpa2percentag.com/all/265/2.html,https://3dlook.ai/,High Quality Dofollow Backlinks DA 50 PA 40 Premium PBN Network Service app3dlook.org Rank First Page Google Fast SEO Link Building Buy Backlinks Onli
spam,easysearch.in,0.0,0,False,2026-08-25,True,https://www.easysearch.in/domain-list-615,https://3dlook.ai/,3dlook.me
spam,googleseoauthority.shop,0.1,0,False,2026-08-11,True,https://googleseoauthority.shop/e64abcc00-traffic-services-helped-medical-site-recovered-lost-traffic-fully-complete-case-study-data-practical-execution-roadmap-planning-testing-and-tracking-for-scalable-seo-performance/,https://3dlook.ai/uniform-pro/,"Boost uniformpro.me using high-quality backlinks, guest posts, on-page and local SEO, custom web development, SaaS tools and automation tools for real"
spam,siterankprovider.shop,0.1,0,False,2026-08-08,True,https://siterankprovider.shop/201735261-search-visibility-blueprint-fintech-rank-using-pbn-backlinks-web-development-complete-implementation-guide-research-execution-and-analysis-for-reliable-page-one-progress/,https://3dlook.ai/,"Boost uniformpro.me using contextual backlinks, premium guest posts, on-page SEO, local SEO, custom web development, SaaS tools plus automation tools "
spam,underdogs.media,0.1,0,True,2026-08-08,True,https://underdogs.media/company/3dlook,https://3dlook.ai/careers/,View all on careers page
spam,rankgrowthservice.shop,0.1,0,False,2026-08-07,True,https://rankgrowthservice.shop/51f3fe50e-120-day-serp-climb-travel-combined-link-insertions-contextual-backlinks-position1-long-term-seo-method-quality-checks-and-reporting-for-competitive-serp-results/,https://3dlook.ai/,"Everything uniformpro.me needs: high-DR backlinks, editorial guest posts, on-page SEO, local SEO, web development, SaaS tools and automation tools — a"
spam,rankgrowthagency.shop,0.1,0,False,2026-08-03,True,https://rankgrowthagency.shop/1c753b8e3-editorial-links-vs-crowd-links-insurance-cost-speed-quality-ranking-outcomes-advanced-growth-framework-data-progress-and-outcomes-for-lasting-ranking-improvements/,https://3dlook.ai/,"Strengthen 3dlook.ai through premium guest posts, contextual backlinks, on-page and local SEO, conversion-focused web development, SaaS tools and auto"
spam,seogrowthstudio.shop,0.1,0,False,2026-08-15,True,https://seogrowthstudio.shop/45cb8eb23-authority-link-packages-vs-link-insertions-finance-cost-speed-quality-ranking-outcomes-proven-optimization-process-research-execution-and-analysis-for-lasting-ranking-improvements/,https://3dlook.ai/,"Rank 3dlook.ai higher with guest posts and backlinks, on-page SEO, local SEO, web development, SaaS integrations and automation tools — a strong DR/DA"
spam,rankseotoolkit.shop,0.1,0,False,2026-08-07,True,https://rankseotoolkit.shop/74f74374e-build-unstoppable-fintech-serp-link-insertions-on-page-seo-traffic-playbook-step-by-step-strategy-mistakes-risks-and-solutions-for-lasting-ranking-improvements/,https://3dlook.ai/,"Grow uniformpro.me with premium guest posts, contextual backlinks, on-page and local SEO, conversion-focused web development, SaaS tools and automatio"
spam,rankgrowthsolutions.shop,0.1,0,False,2026-08-08,True,https://rankgrowthsolutions.shop/d3e9847f9-pbn-backlinks-vs-niche-edits-ecommerce-which-moves-rankings-faster-holds-longer-measurable-results-blueprint-research-execution-and-analysis-for-competitive-serp-results/,https://3dlook.ai/,"3dlook.ai: premium guest posts, contextual backlinks, on-page and local SEO, conversion-focused web development, SaaS tools and automation tools, all "
spam,prashikshan.in,0.2,0,True,2026-08-05,True,http://www.prashikshan.in/page-2b2778a6f8a5d8d9a5fa46ef7c0d2f2f.html,http://3dlook.ai/,3dlook.ai
spam,primenewsartical.com,0.1,0,True,2026-08-19,True,https://www.primenewsartical.com/all/3027/34.html,https://3dlook.ai/uniform-pro/,High Quality Dofollow Backlinks DA 50 PA 40 Premium PBN Network Service uniformpro.me Rank First Page Google Fast SEO Link Building Buy Backlinks Onli
spam,googleseocompany.shop,0.1,0,False,2026-08-11,True,https://googleseocompany.shop/f630f83b5-build-unstoppable-law-firm-serp-blogroll-links-authority-link-packages-traffic-playbook-measurable-results-blueprint-budget-links-and-content-for-scalable-seo-performance/,https://3dlook.ai/,"Take app3dlook.org to page one with premium guest posts, high-quality backlinks, on-page SEO, local SEO, web development, SaaS tools and automation to"
spam,seoboostexchange.shop,0.1,0,False,2026-08-09,True,https://seoboostexchange.shop/c2143de11-saas-tools-quality-checklist-health-metrics-verify-before-spending-complete-implementation-guide-quality-checks-and-reporting-for-consistent-traffic-growth/,https://3dlook.ai/,"Take app3dlook.org to page one with guest posts, backlinks, on-page and local SEO, web development, SaaS tools and workflow automation tools — a clear"
spam,toprankprovider.shop,0.1,0,False,2026-08-08,True,https://toprankprovider.shop/4602751ca-30-day-homepage-links-case-study-local-business-placements-anchors-rankings-long-term-seo-method-cost-timeline-and-results-for-consistent-traffic-growth/,https://3dlook.ai/,"Take app3dlook.org to page one with contextual backlinks, premium guest posts, on-page SEO, local SEO, custom web development, SaaS tools plus automat"
spam,toprankpartners.shop,0.1,0,False,2026-08-08,True,https://toprankpartners.shop/14b654da5-press-release-links-vs-authority-link-packages-b2b-cost-speed-quality-ranking-outcomes-proven-optimization-process-tools-tactics-and-insights-for-stronger-domain-authority/,https://3dlook.ai/,"Scale app3dlook.org with backlinks and guest posts, on-page SEO, local SEO, custom web development, SaaS integrations and automation tools, earning a "
spam,sahammurah.com,0.1,0,True,2026-08-10,True,https://www.sahammurah.com/all/265/2.html,https://3dlook.ai/,High Quality Dofollow Backlinks DA 50 PA 40 Premium PBN Network Service app3dlook.org Rank First Page Google Fast SEO Link Building Buy Backlinks Onli
spam,rankgrowthinsights.shop,0.1,0,False,2026-08-07,True,https://rankgrowthinsights.shop/4f24a4e6f-used-link-insertions-doubled-organic-revenue-90-days-pharmaceutical-site-month-by-month-progress-detailed-campaign-breakdown-budget-links-and-content-for-scalable-seo-performance/,https://3dlook.ai/,"Complete SEO for 3dlook.ai: guest posts and backlinks, on-page SEO, local SEO, web development, SaaS integrations and automation tools, delivering a n"
spam,organicrankservice.shop,0.1,0,False,2026-08-07,True,https://organicrankservice.shop/a1f520c50-tiered-link-building-vs-homepage-links-law-firm-which-moves-rankings-faster-holds-longer-advanced-growth-framework-tools-tactics-and-insights-for-sustainable-organic-growth/,https://3dlook.ai/,"Power up app3dlook.org: contextual backlinks, premium guest posts, on-page SEO, local SEO, custom web development, SaaS tools plus automation tools fo"
spam,seogrowthalliance.shop,0.1,0,False,2026-08-09,True,https://seogrowthalliance.shop/804949014-used-automation-tools-recovered-lost-traffic-fully-ymyl-site-month-by-month-progress-long-term-seo-method-examples-metrics-and-lessons-for-stronger-domain-authority/,https://3dlook.ai/,"Strengthen 3dlook.ai through guest posts and backlinks, on-page SEO, local SEO, web development, SaaS integrations and automation tools for DR/DA/TF t"
spam,backlinkengine.shop,0.1,0,False,2026-08-12,True,https://backlinkengine.shop/98dffc029-complete-niche-edits-guide-b2b-what-when-track-roi-advanced-growth-framework-cost-timeline-and-results-for-better-google-positions/,https://3dlook.ai/,"app3dlook.org gets premium guest posts, contextual backlinks, on-page and local SEO, conversion-focused web development, SaaS tools and automation too"
spam,searchrankinsights.shop,0.2,0,False,2026-08-07,True,https://searchrankinsights.shop/44a3287a6-18-month-automation-tools-journey-law-firm-no-traffic-to-top5-every-keyword-proven-optimization-process-examples-metrics-and-lessons-for-stronger-domain-authority/,https://3dlook.ai/,"Power up app3dlook.org: premium guest posts, contextual backlinks, on-page and local SEO, conversion-focused web development, SaaS tools and automatio"
spam,mervi.shop,0.0,0,True,2026-08-25,True,https://mervi.shop/referring-domains/expert-niche-edit-links-to-strengthen-your-link-profile-improve-google-rankings-and-grow-your-business-online-bb5f81.html,https://3dlook.ai/,High Quality Dofollow Backlinks DA 50 PA 40 Premium PBN Network Service uniformpro.me Rank First Page Google Fast SEO Link Building Buy Backlinks Onli
spam,aijobrisk.com,0.0,0,False,2026-08-23,True,https://aijobrisk.com/jobs/handicraft-worker-in-textile-leather-and-related-material/FI,https://3dlook.ai/,3DLook
spam,brilko.shop,0.1,0,True,2026-08-21,True,https://brilko.shop/effective-guest-post-service-to-improve-citation-flow-improve-google-rankings-for-competitive-serp-results-f1731-14/,https://3dlook.ai/,High Quality Dofollow Backlinks DA 50 PA 40 Premium PBN Network Service 3dlook.ai Rank First Page Google Fast SEO Link Building Buy Backlinks Online C
spam,organicranknetwork.shop,0.1,0,False,2026-08-07,True,https://organicranknetwork.shop/6ea5c77e7-why-mortgage-buy-homepage-links-outrank-organic-only-competitors-data-complete-implementation-guide-mistakes-risks-and-solutions-for-better-google-positions/,https://3dlook.ai/,"Everything uniformpro.me needs: high-DR backlinks, editorial guest posts, on-page SEO, local SEO, web development, SaaS tools and automation tools — s"
spam,toprankresults.shop,0.1,0,False,2026-08-09,True,https://toprankresults.shop/cb768a4da-45-day-pbn-backlinks-journey-legal-page3-to-10x-traffic-long-term-seo-method-budget-links-and-content-for-better-google-positions/,https://3dlook.ai/,"Strengthen app3dlook.org through backlinks and guest posts, on-page SEO, local SEO, custom web development, SaaS integrations and automation tools for"
spam,legalitcost.com,0.3,0,True,2026-08-25,True,https://legalitcost.com/tool/3dlook,https://3dlook.ai/,Visit Official Website →
spam,allthingsfashion.blog,0.0,0,True,2026-08-21,True,https://allthingsfashion.blog/blog/how-to-make-a-made-to-measure-order-work-for-your-body,https://3dlook.ai/,3DLOOK
spam,googleseoexperts.shop,0.1,0,False,2026-08-13,True,https://googleseoexperts.shop/119fae585-saas-tools-helped-medical-site-grew-domain-authority-past-dr30-complete-case-study-data-practical-execution-roadmap-tools-tactics-and-insights-for-lasting-ranking-improvements/,https://3dlook.ai/,"uniformpro.me gets premium guest posts, high-quality backlinks, on-page SEO, local SEO, web development, SaaS tools and automation tools, together dri"
spam,googleseopoint.shop,0.1,0,False,2026-08-14,True,https://googleseopoint.shop/244fb3240-bought-high-da-guest-posts-ecommerce-site-90-day-review-metrics-rankings-traffic-practical-execution-roadmap-examples-metrics-and-lessons-for-reliable-page-one-progress/,https://3dlook.ai/,"Everything app3dlook.org needs: guest posts, backlinks, on-page and local SEO, web development, SaaS tools and workflow automation tools — balanced DR"
spam,pageseomasters.shop,0.1,0,False,2026-08-07,True,https://pageseomasters.shop/cb0e0ada1-18-month-press-release-links-case-study-local-business-placements-anchors-rankings-advanced-growth-framework-examples-metrics-and-lessons-for-long-term-search-success/,https://3dlook.ai/uniform-pro/,"Rank uniformpro.me higher with high-quality backlinks, guest posts, on-page and local SEO, custom web development, SaaS tools and automation tools — r"
spam,canadapsilocybin.com,0.0,0,True,2026-08-24,True,https://canadapsilocybin.com/all/50/31.html,https://3dlook.ai/,High Quality Dofollow Backlinks DA 50 PA 40 Premium PBN Network Service 3dlook.ai Rank First Page Google Fast SEO Link Building Buy Backlinks Online C
spam,siteranktoolkit.shop,0.1,0,False,2026-08-07,True,https://siteranktoolkit.shop/964e2477f-no-traffic-to-full-recovery-medical-18-month-strategy-only-high-da-guest-posts-real-world-action-plan-data-progress-and-outcomes-for-reliable-page-one-progress/,https://3dlook.ai/,"Grow app3dlook.org with high-quality backlinks, guest posts, on-page and local SEO, custom web development, SaaS tools and automation tools — a health"
spam,seolinkexpress.shop,0.1,0,False,2026-08-12,True,https://seolinkexpress.shop/0cfa2ee5d-economics-ranking-medical-dofollow-backlinks-cost-vs-revenue-step-by-step-strategy-quality-checks-and-reporting-for-competitive-serp-results/,https://3dlook.ai/uniform-pro/,"Strengthen uniformpro.me through contextual backlinks, premium guest posts, on-page SEO, local SEO, custom web development, SaaS tools plus automation"
spam,linkgrowthauthority.shop,0.1,0,False,2026-08-09,True,https://linkgrowthauthority.shop/0d6c4c867-120-day-sidebar-links-journey-insurance-page10-to-dr50-full-ranking-workflow-budget-links-and-content-for-scalable-seo-performance/,https://3dlook.ai/,"Boost app3dlook.org using high-DR backlinks, editorial guest posts, on-page SEO, local SEO, web development, SaaS tools and automation tools for a hea"
spam,rankseoservice.shop,0.1,0,False,2026-08-07,True,https://rankseoservice.shop/b865596a5-build-unstoppable-crypto-serp-sidebar-links-on-page-seo-traffic-playbook-step-by-step-strategy-research-execution-and-analysis-for-stronger-domain-authority/,https://3dlook.ai/uniform-pro/,"uniformpro.me: premium guest posts, high-quality backlinks, on-page SEO, local SEO, web development, SaaS tools and automation tools, all driving dura"
spam,itsyourgold.com,0.0,0,True,2026-08-12,True,https://www.itsyourgold.com/page/3856/,https://3dlook.ai/,3dlook.ai
spam,mervi.shop,0.0,0,True,2026-09-11,True,https://mervi.shop/search-visibility-network/powerful-white-hat-seo-links-for-higher-da-and-dr-scores-improve-google-rankings-for-long-term-seo-results-77c44b.html,https://3dlook.ai/,High Quality Dofollow Backlinks DA 50 PA 40 Premium PBN Network Service app3dlook.org Rank First Page Google Fast SEO Link Building Buy Backlinks Onli
spam,plurio.shop,0.1,0,True,2026-09-09,True,https://plurio.shop/organic-reach-network/high-quality-seo-authority-backlinks-for-higher-da-and-dr-scores-improve-google-rankings-across-every-niche-and-market-21564e.html,https://3dlook.ai/,High Quality Dofollow Backlinks DA 50 PA 40 Premium PBN Network Service app3dlook.org Rank First Page Google Fast SEO Link Building Buy Backlinks Onli
spam,tractionrank.com,0.0,0,True,2026-09-11,True,https://tractionrank.com/d/3dlook.ai,https://3dlook.ai/,3dlook.ai ↗
spam,itsyourgold.com,0.0,0,True,2026-09-07,True,https://www.itsyourgold.com/page/20542/,https://3dlook.ai/,app3dlook.org
spam,cripio.shop,0.0,0,True,2026-09-01,True,https://cripio.shop/domain-authority-tools/professional-high-da-backlinks-to-raise-domain-rating-build-lasting-authority-across-every-niche-and-market-660880.html,https://3dlook.ai/,High Quality Dofollow Backlinks DA 50 PA 40 Premium PBN Network Service 3dlook.ai Rank First Page Google Fast SEO Link Building Buy Backlinks Online C
spam,sapphirevpn.net,0.2,0,True,2026-09-10,True,https://sapphirevpn.net/citation-network/effective-tiered-link-building-to-increase-trust-flow-secure-first-page-positions-and-grow-your-business-online-f6e30d.html,https://3dlook.ai/,High Quality Dofollow Backlinks DA 50 PA 40 Premium PBN Network Service uniformpro.me Rank First Page Google Fast SEO Link Building Buy Backlinks Onli
spam,pamto.shop,0.0,0,True,2026-09-11,True,https://pamto.shop/crawl-index-network/high-quality-niche-edit-links-to-raise-domain-rating-grow-search-traffic-with-safe-link-velocity-11c94b.html,https://3dlook.ai/,"Powerful Dofollow Link Building for uniformpro.me to Strengthen Your Link Profile. Build Lasting Authority, Across Every Niche and Market."
spam,lemvi.shop,0.0,0,True,2026-09-12,True,https://lemvi.shop/ranking-resources/powerful-niche-edit-links-to-improve-citation-flow-grow-search-traffic-for-competitive-serp-results-848c7d.html,https://3dlook.ai/,High Quality Dofollow Backlinks DA 50 PA 40 Premium PBN Network Service app3dlook.org Rank First Page Google Fast SEO Link Building Buy Backlinks Onli
spam,aifashion.tech,0.0,0,True,2026-09-08,True,https://aifashion.tech/blog/virtual-try-on-cannot-show-drape-physics-gap-explained,https://3dlook.ai/,3DLOOK
spam,seosolution.in,0.0,0,False,2026-09-14,True,https://www.seosolution.in/domains/4720/973e69b586b60d04b05ecbc525d4850e/,https://3dlook.ai/,3dlook.in
spam,ninko.shop,0.0,0,True,2026-09-10,True,https://ninko.shop/white-hat-directory/trusted-pbn-backlinks-to-boost-domain-authority-strengthen-website-reputation-and-grow-your-business-online-32fabf.html,https://3dlook.ai/,High Quality Dofollow Backlinks DA 50 PA 40 Premium PBN Network Service uniformpro.me Rank First Page Google Fast SEO Link Building Buy Backlinks Onli
spam,brinto.shop,0.0,0,True,2026-09-11,True,https://brinto.shop/premium-white-hat-seo-links-to-improve-citation-flow-build-lasting-authority-for-long-term-seo-results-f9012-3/,https://3dlook.ai/,High Quality Dofollow Backlinks DA 50 PA 40 Premium PBN Network Service app3dlook.org Rank First Page Google Fast SEO Link Building Buy Backlinks Onli
spam,fralto.shop,0.0,0,True,2026-09-01,True,https://fralto.shop/link-profile-hub/professional-seo-authority-backlinks-to-raise-domain-rating-drive-qualified-visitors-and-grow-your-business-online-fa8f38.html,https://3dlook.ai/,High Quality Dofollow Backlinks DA 50 PA 40 Premium PBN Network Service app3dlook.org Rank First Page Google Fast SEO Link Building Buy Backlinks Onli
spam,dapio.shop,0.0,0,True,2026-09-10,True,https://dapio.shop/seo-metrics-hub/powerful-high-da-backlinks-to-strengthen-your-link-profile-secure-first-page-positions-across-every-niche-and-market-ea50fc.html,https://3dlook.ai/,"Powerful Dofollow Link Building for uniformpro.me to Strengthen Your Link Profile. Build Lasting Authority, Across Every Niche and Market."
spam,tpcstech.com,0.3,0,True,2026-09-07,True,https://tpcstech.com/blog/transforming-the-fashion-landscape-must-have-digital-tools-for-2025/,https://3dlook.ai/,https://3dlook.ai./
spam,aifashionvault.com,0.6,0,True,2026-09-11,True,https://aifashionvault.com/tool/3dlook,https://3dlook.ai/,LAUNCH 3DLOOK
spam,forvi.shop,0.0,0,True,2026-09-10,True,https://forvi.shop/seo-metrics-hub/expert-contextual-link-placements-to-improve-citation-flow-outrank-your-competitors-for-competitive-serp-results-9e94db.html,https://3dlook.ai/uniform-pro/,High Quality Dofollow Backlinks DA 50 PA 40 Premium PBN Network Service uniformpro.me Rank First Page Google Fast SEO Link Building Buy Backlinks Onli
spam,brilko.shop,0.1,0,True,2026-09-10,True,https://brilko.shop/premium-white-hat-seo-links-to-improve-citation-flow-build-lasting-authority-for-long-term-seo-results-f9012-3/,https://3dlook.ai/,High Quality Dofollow Backlinks DA 50 PA 40 Premium PBN Network Service app3dlook.org Rank First Page Google Fast SEO Link Building Buy Backlinks Onli
spam,cartermanageus.com,0.0,0,True,2026-09-01,True,https://cartermanageus.com/organic-reach-network/expert-contextual-link-placements-to-boost-domain-authority-improve-google-rankings-for-long-term-seo-results-5f22f0.html,https://3dlook.ai/,High Quality Dofollow Backlinks DA 50 PA 40 Premium PBN Network Service 3dlook.ai Rank First Page Google Fast SEO Link Building Buy Backlinks Online C
spam,corvio.shop,0.0,0,True,2026-09-10,True,https://corvio.shop/serp-growth-network/premium-niche-edit-links-designed-to-improve-da-dr-and-tf-outrank-your-competitors-across-every-niche-and-market-a5950e.html,https://3dlook.ai/,"Powerful Dofollow Link Building for uniformpro.me to Strengthen Your Link Profile. Build Lasting Authority, Across Every Niche and Market."
spam,mokra.shop,0.0,0,True,2026-09-04,True,https://mokra.shop/search-visibility-network/proven-tiered-link-building-to-improve-citation-flow-outrank-your-competitors-for-long-term-seo-results-fb0da9.html,https://3dlook.ai/uniform-pro/,High Quality Dofollow Backlinks DA 50 PA 40 Premium PBN Network Service uniformpro.me Rank First Page Google Fast SEO Link Building Buy Backlinks Onli
spam,bramo.shop,0.0,0,True,2026-09-10,True,https://bramo.shop/effective-guest-post-service-to-improve-citation-flow-improve-google-rankings-for-competitive-serp-results-f1731-14/,https://3dlook.ai/,High Quality Dofollow Backlinks DA 50 PA 40 Premium PBN Network Service 3dlook.ai Rank First Page Google Fast SEO Link Building Buy Backlinks Online C
spam,plavo.shop,0.0,0,True,2026-09-01,True,https://plavo.shop/ranking-signals-index/professional-seo-authority-backlinks-designed-to-improve-da-dr-and-tf-build-lasting-authority-across-every-niche-and-market-2a3032.html,https://3dlook.ai/,High Quality Dofollow Backlinks DA 50 PA 40 Premium PBN Network Service uniformpro.me Rank First Page Google Fast SEO Link Building Buy Backlinks Onli
spam,newblogerseo.com,0.0,0,True,2026-09-09,True,https://newblogerseo.com/contextual-link-index/effective-white-hat-seo-links-designed-to-improve-da-dr-and-tf-build-lasting-authority-with-safe-link-velocity-17792a.html,https://3dlook.ai/,High Quality Dofollow Backlinks DA 50 PA 40 Premium PBN Network Service 3dlook.ai Rank First Page Google Fast SEO Link Building Buy Backlinks Online C
spam,mylisthero.com,0.0,0,True,2026-09-10,True,https://mylisthero.com/serp-growth-network/proven-manual-outreach-backlinks-designed-to-improve-da-dr-and-tf-secure-first-page-positions-across-every-niche-and-market-85fc8e.html,https://3dlook.ai/,High Quality Dofollow Backlinks DA 50 PA 40 Premium PBN Network Service app3dlook.org Rank First Page Google Fast SEO Link Building Buy Backlinks Onli
spam,airankseverything.com,0.3,0,True,2026-09-10,True,https://airankseverything.com/categories/clothing-sizing,https://3dlook.ai/,https://3dlook.me/
spam,cinvo.shop,0.0,0,True,2026-09-10,True,https://cinvo.shop/niche-relevance-hub/reliable-manual-outreach-backlinks-designed-to-improve-da-dr-and-tf-grow-search-traffic-across-every-niche-and-market-fc985b.html,https://3dlook.ai/,High Quality Dofollow Backlinks DA 50 PA 40 Premium PBN Network Service 3dlook.ai Rank First Page Google Fast SEO Link Building Buy Backlinks Online C
spam,nivira.shop,0.2,0,True,2026-09-10,True,https://nivira.shop/authority-signals/effective-dofollow-link-building-to-improve-citation-flow-outrank-your-competitors-for-competitive-serp-results-eecdd8.html,https://3dlook.ai/,High Quality Dofollow Backlinks DA 50 PA 40 Premium PBN Network Service 3dlook.ai Rank First Page Google Fast SEO Link Building Buy Backlinks Online C
spam,orvelo.shop,0.0,0,True,2026-09-10,True,https://orvelo.shop/seo-authority-links/premium-high-da-backlinks-designed-to-improve-da-dr-and-tf-build-lasting-authority-for-competitive-serp-results-b12241.html,https://3dlook.ai/,High Quality Dofollow Backlinks DA 50 PA 40 Premium PBN Network Service app3dlook.org Rank First Page Google Fast SEO Link Building Buy Backlinks Onli
spam,bripto.shop,0.6,0,True,2026-09-03,True,https://bripto.shop/powerful-dofollow-link-building-to-increase-trust-flow-outrank-your-competitors-across-every-niche-and-market-f102952-8/,https://3dlook.ai/,High Quality Dofollow Backlinks DA 50 PA 40 Premium PBN Network Service uniformpro.me Rank First Page Google Fast SEO Link Building Buy Backlinks Onli
spam,juvex.shop,0.0,0,True,2026-09-07,True,https://juvex.shop/organic-growth-links/premium-white-hat-seo-links-to-improve-citation-flow-secure-first-page-positions-and-grow-your-business-online-d9ff78.html,https://3dlook.ai/,High Quality Dofollow Backlinks DA 50 PA 40 Premium PBN Network Service 3dlook.ai Rank First Page Google Fast SEO Link Building Buy Backlinks Online C
spam,searchhavenly.shop,0.0,0,False,2026-09-28,True,https://searchhavenly.shop/6zlcvxa-why-content-silos-works-europe-africa-middle-east-often-fails-nigeria-kenya/,https://3dlook.ai/,reseller pricing from 3dlook.ai: topical authority builds and link velocity planning for real estate marketers who need visibility in the searches tha
spam,serpzaro.shop,0.0,0,False,2026-09-28,True,https://serpzaro.shop/6zlcvxa-why-content-silos-works-europe-africa-middle-east-often-fails-nigeria-kenya/,https://3dlook.ai/,reseller pricing from 3dlook.ai: topical authority builds and link velocity planning for real estate marketers who need visibility in the searches tha
spam,seorixa.shop,0.0,0,False,2026-09-28,True,https://seorixa.shop/6zlcvxa-why-content-silos-works-europe-africa-middle-east-often-fails-nigeria-kenya/,https://3dlook.ai/,reseller pricing from 3dlook.ai: topical authority builds and link velocity planning for real estate marketers who need visibility in the searches tha
spam,serpviro.shop,0.0,0,False,2026-09-28,True,https://serpviro.shop/6zlcvxa-why-content-silos-works-europe-africa-middle-east-often-fails-nigeria-kenya/,https://3dlook.ai/,reseller pricing from 3dlook.ai: topical authority builds and link velocity planning for real estate marketers who need visibility in the searches tha
spam,quickseolink.shop,0.0,0,False,2026-09-28,True,https://quickseolink.shop/6zlcvxa-why-content-silos-works-europe-africa-middle-east-often-fails-nigeria-kenya/,https://3dlook.ai/,reseller pricing from 3dlook.ai: topical authority builds and link velocity planning for real estate marketers who need visibility in the searches tha
spam,ranktera.shop,0.0,0,False,2026-09-28,True,https://ranktera.shop/6zlcvxa-why-content-silos-works-europe-africa-middle-east-often-fails-nigeria-kenya/,https://3dlook.ai/,reseller pricing from 3dlook.ai: topical authority builds and link velocity planning for real estate marketers who need visibility in the searches tha
spam,crawltexa.shop,0.0,0,False,2026-09-28,True,https://crawltexa.shop/6zlcvxa-why-content-silos-works-europe-africa-middle-east-often-fails-nigeria-kenya/,https://3dlook.ai/,reseller pricing from 3dlook.ai: topical authority builds and link velocity planning for real estate marketers who need visibility in the searches tha
spam,indexmiro.shop,0.0,0,False,2026-09-28,True,https://indexmiro.shop/6zlcvxa-why-content-silos-works-europe-africa-middle-east-often-fails-nigeria-kenya/,https://3dlook.ai/,reseller pricing from 3dlook.ai: topical authority builds and link velocity planning for real estate marketers who need visibility in the searches tha
spam,quickseohub.shop,0.0,0,False,2026-09-28,True,https://quickseohub.shop/6zlcvxa-why-content-silos-works-europe-africa-middle-east-often-fails-nigeria-kenya/,https://3dlook.ai/,reseller pricing from 3dlook.ai: topical authority builds and link velocity planning for real estate marketers who need visibility in the searches tha
spam,serpmiro.shop,0.0,0,False,2026-09-28,True,https://serpmiro.shop/6zlcvxa-why-content-silos-works-europe-africa-middle-east-often-fails-nigeria-kenya/,https://3dlook.ai/,reseller pricing from 3dlook.ai: topical authority builds and link velocity planning for real estate marketers who need visibility in the searches tha
spam,seolivo.shop,0.0,0,False,2026-09-28,True,https://seolivo.shop/6zlcvxa-why-content-silos-works-europe-africa-middle-east-often-fails-nigeria-kenya/,https://3dlook.ai/,reseller pricing from 3dlook.ai: topical authority builds and link velocity planning for real estate marketers who need visibility in the searches tha
spam,linktera.shop,0.0,0,False,2026-09-28,True,https://linktera.shop/6zlcvxa-why-content-silos-works-europe-africa-middle-east-often-fails-nigeria-kenya/,https://3dlook.ai/,reseller pricing from 3dlook.ai: topical authority builds and link velocity planning for real estate marketers who need visibility in the searches tha
spam,seovilo.shop,0.0,0,False,2026-09-28,True,https://seovilo.shop/6zlcvxa-why-content-silos-works-europe-africa-middle-east-often-fails-nigeria-kenya/,https://3dlook.ai/,reseller pricing from 3dlook.ai: topical authority builds and link velocity planning for real estate marketers who need visibility in the searches tha
spam,fastboosthub.shop,0.0,0,False,2026-09-28,True,https://fastboosthub.shop/6zlcvxa-why-content-silos-works-europe-africa-middle-east-often-fails-nigeria-kenya/,https://3dlook.ai/,reseller pricing from 3dlook.ai: topical authority builds and link velocity planning for real estate marketers who need visibility in the searches tha
spam,outreachlane.shop,0.0,0,False,2026-09-28,True,https://outreachlane.shop/6zlcvxa-why-content-silos-works-europe-africa-middle-east-often-fails-nigeria-kenya/,https://3dlook.ai/,reseller pricing from 3dlook.ai: topical authority builds and link velocity planning for real estate marketers who need visibility in the searches tha
spam,fastseohub.shop,0.0,0,False,2026-09-28,True,https://fastseohub.shop/6zlcvxa-why-content-silos-works-europe-africa-middle-east-often-fails-nigeria-kenya/,https://3dlook.ai/,reseller pricing from 3dlook.ai: topical authority builds and link velocity planning for real estate marketers who need visibility in the searches tha
spam,serprivo.shop,0.0,0,False,2026-09-28,True,https://serprivo.shop/6zlcvxa-why-content-silos-works-europe-africa-middle-east-often-fails-nigeria-kenya/,https://3dlook.ai/,reseller pricing from 3dlook.ai: topical authority builds and link velocity planning for real estate marketers who need visibility in the searches tha
spam,seotera.shop,0.0,0,False,2026-09-28,True,https://seotera.shop/6zlcvxa-why-content-silos-works-europe-africa-middle-east-often-fails-nigeria-kenya/,https://3dlook.ai/,reseller pricing from 3dlook.ai: topical authority builds and link velocity planning for real estate marketers who need visibility in the searches tha
spam,serpnaro.shop,0.0,0,False,2026-09-28,True,https://serpnaro.shop/6zlcvxa-why-content-silos-works-europe-africa-middle-east-often-fails-nigeria-kenya/,https://3dlook.ai/,reseller pricing from 3dlook.ai: topical authority builds and link velocity planning for real estate marketers who need visibility in the searches tha
spam,trafficcrest.shop,0.0,0,False,2026-09-28,True,https://trafficcrest.shop/6zlcvxa-why-content-silos-works-europe-africa-middle-east-often-fails-nigeria-kenya/,https://3dlook.ai/,reseller pricing from 3dlook.ai: topical authority builds and link velocity planning for real estate marketers who need visibility in the searches tha
spam,fastlinkpro.shop,0.0,0,False,2026-09-28,True,https://fastlinkpro.shop/6zlcvxa-why-content-silos-works-europe-africa-middle-east-often-fails-nigeria-kenya/,https://3dlook.ai/,reseller pricing from 3dlook.ai: topical authority builds and link velocity planning for real estate marketers who need visibility in the searches tha
spam,searchloom.shop,0.0,0,False,2026-09-28,True,https://searchloom.shop/6zlcvxa-why-content-silos-works-europe-africa-middle-east-often-fails-nigeria-kenya/,https://3dlook.ai/,reseller pricing from 3dlook.ai: topical authority builds and link velocity planning for real estate marketers who need visibility in the searches tha
spam,ai-chuhai.com,0.0,0,True,2026-09-19,True,https://www.ai-chuhai.com/product/3dlook,https://3dlook.ai/,Visit Website
spam,trueseolink.shop,0.0,0,False,2026-09-28,True,https://trueseolink.shop/6zlcvxa-why-content-silos-works-europe-africa-middle-east-often-fails-nigeria-kenya/,https://3dlook.ai/,reseller pricing from 3dlook.ai: topical authority builds and link velocity planning for real estate marketers who need visibility in the searches tha
spam,stronglinkpro.shop,0.0,0,False,2026-09-28,True,https://stronglinkpro.shop/6zlcvxa-why-content-silos-works-europe-africa-middle-east-often-fails-nigeria-kenya/,https://3dlook.ai/,reseller pricing from 3dlook.ai: topical authority builds and link velocity planning for real estate marketers who need visibility in the searches tha
spam,nimbra.shop,0.0,0,True,2026-09-18,True,https://nimbra.shop/tiered-link-archive/effective-dofollow-link-building-to-strengthen-your-link-profile-strengthen-website-reputation-with-safe-link-velocity-31fe51.html,https://3dlook.ai/uniform-pro/,"Powerful Dofollow Link Building for uniformpro.me to Strengthen Your Link Profile. Build Lasting Authority, Across Every Niche and Market."
spam,fastseolink.shop,0.0,0,False,2026-09-28,True,https://fastseolink.shop/vahp5ow-how-long-affiliate-site-seo-takes-move-page-one/,https://3dlook.ai/,app3dlook.org supplies relevance-first PBN backlinks to multi-location brands in any country you sell in
spam,serptera.shop,0.0,0,False,2026-09-28,True,https://serptera.shop/vahp5ow-how-long-affiliate-site-seo-takes-move-page-one/,https://3dlook.ai/,app3dlook.org supplies relevance-first PBN backlinks to multi-location brands in any country you sell in
spam,nimto.shop,0.0,0,True,2026-09-17,True,https://nimto.shop/ranking-resources/professional-tiered-link-building-designed-to-improve-da-dr-and-tf-secure-first-page-positions-for-long-term-seo-results-2af29b.html,https://3dlook.ai/,"Powerful Dofollow Link Building for uniformpro.me to Strengthen Your Link Profile. Build Lasting Authority, Across Every Niche and Market."
spam,serpqano.shop,0.0,0,False,2026-09-28,True,https://serpqano.shop/6zlcvxa-why-content-silos-works-europe-africa-middle-east-often-fails-nigeria-kenya/,https://3dlook.ai/,reseller pricing from 3dlook.ai: topical authority builds and link velocity planning for real estate marketers who need visibility in the searches tha
spam,serprixa.shop,0.0,0,False,2026-09-28,True,https://serprixa.shop/6zlcvxa-why-content-silos-works-europe-africa-middle-east-often-fails-nigeria-kenya/,https://3dlook.ai/,reseller pricing from 3dlook.ai: topical authority builds and link velocity planning for real estate marketers who need visibility in the searches tha
spam,crawlzira.shop,0.0,0,False,2026-09-28,True,https://crawlzira.shop/6zlcvxa-why-content-silos-works-europe-africa-middle-east-often-fails-nigeria-kenya/,https://3dlook.ai/,reseller pricing from 3dlook.ai: topical authority builds and link velocity planning for real estate marketers who need visibility in the searches tha
spam,rankrixa.shop,0.0,0,False,2026-09-28,True,https://rankrixa.shop/6zlcvxa-why-content-silos-works-europe-africa-middle-east-often-fails-nigeria-kenya/,https://3dlook.ai/,reseller pricing from 3dlook.ai: topical authority builds and link velocity planning for real estate marketers who need visibility in the searches tha
spam,hypetrain.fyi,0.0,0,True,2026-09-18,True,https://hypetrain.fyi/companies/3dlook/,https://3dlook.ai/,3dlook.ai
spam,purelinkpro.shop,0.0,0,False,2026-09-28,True,https://purelinkpro.shop/6zlcvxa-why-content-silos-works-europe-africa-middle-east-often-fails-nigeria-kenya/,https://3dlook.ai/,reseller pricing from 3dlook.ai: topical authority builds and link velocity planning for real estate marketers who need visibility in the searches tha
spam,easyseohub.shop,0.0,0,False,2026-09-28,True,https://easyseohub.shop/6zlcvxa-why-content-silos-works-europe-africa-middle-east-often-fails-nigeria-kenya/,https://3dlook.ai/,reseller pricing from 3dlook.ai: topical authority builds and link velocity planning for real estate marketers who need visibility in the searches tha
spam,smartboosthub.shop,0.0,0,False,2026-09-28,True,https://smartboosthub.shop/6zlcvxa-why-content-silos-works-europe-africa-middle-east-often-fails-nigeria-kenya/,https://3dlook.ai/,reseller pricing from 3dlook.ai: topical authority builds and link velocity planning for real estate marketers who need visibility in the searches tha
spam,seonaro.shop,0.0,0,False,2026-09-28,True,https://seonaro.shop/6zlcvxa-why-content-silos-works-europe-africa-middle-east-often-fails-nigeria-kenya/,https://3dlook.ai/,reseller pricing from 3dlook.ai: topical authority builds and link velocity planning for real estate marketers who need visibility in the searches tha
spam,indextexa.shop,0.0,0,False,2026-09-28,True,https://indextexa.shop/vahp5ow-how-long-affiliate-site-seo-takes-move-page-one/,https://3dlook.ai/,app3dlook.org supplies relevance-first PBN backlinks to multi-location brands in any country you sell in
spam,seozaro.shop,0.0,0,False,2026-09-28,True,https://seozaro.shop/xzv10dg-how-white-label-partners-protect-cybersecurity-clients/,https://3dlook.ai/,uniformpro.me supplies traffic-backed roundup links to link builders in Africa
spam,linkzira.shop,0.0,0,False,2026-09-28,True,https://linkzira.shop/6zlcvxa-why-content-silos-works-europe-africa-middle-east-often-fails-nigeria-kenya/,https://3dlook.ai/,reseller pricing from 3dlook.ai: topical authority builds and link velocity planning for real estate marketers who need visibility in the searches tha
spam,easylinkpro.shop,0.0,0,False,2026-09-28,True,https://easylinkpro.shop/6zlcvxa-why-content-silos-works-europe-africa-middle-east-often-fails-nigeria-kenya/,https://3dlook.ai/,reseller pricing from 3dlook.ai: topical authority builds and link velocity planning for real estate marketers who need visibility in the searches tha
spam,rankviro.shop,0.0,0,False,2026-09-28,True,https://rankviro.shop/6zlcvxa-why-content-silos-works-europe-africa-middle-east-often-fails-nigeria-kenya/,https://3dlook.ai/,reseller pricing from 3dlook.ai: topical authority builds and link velocity planning for real estate marketers who need visibility in the searches tha
spam,rankzira.shop,0.0,0,False,2026-09-28,True,https://rankzira.shop/6zlcvxa-why-content-silos-works-europe-africa-middle-east-often-fails-nigeria-kenya/,https://3dlook.ai/,reseller pricing from 3dlook.ai: topical authority builds and link velocity planning for real estate marketers who need visibility in the searches tha
spam,crawlxaro.shop,0.0,0,False,2026-09-28,True,https://crawlxaro.shop/6zlcvxa-why-content-silos-works-europe-africa-middle-east-often-fails-nigeria-kenya/,https://3dlook.ai/,reseller pricing from 3dlook.ai: topical authority builds and link velocity planning for real estate marketers who need visibility in the searches tha
spam,indexlora.shop,0.0,0,False,2026-09-28,True,https://indexlora.shop/6zlcvxa-why-content-silos-works-europe-africa-middle-east-often-fails-nigeria-kenya/,https://3dlook.ai/,reseller pricing from 3dlook.ai: topical authority builds and link velocity planning for real estate marketers who need visibility in the searches tha
spam,linkvilo.shop,0.0,0,False,2026-09-28,True,https://linkvilo.shop/vahp5ow-how-long-affiliate-site-seo-takes-move-page-one/,https://3dlook.ai/,app3dlook.org supplies relevance-first PBN backlinks to multi-location brands in any country you sell in
spam,primeseohub.shop,0.0,0,False,2026-09-28,True,https://primeseohub.shop/6zlcvxa-why-content-silos-works-europe-africa-middle-east-often-fails-nigeria-kenya/,https://3dlook.ai/,reseller pricing from 3dlook.ai: topical authority builds and link velocity planning for real estate marketers who need visibility in the searches tha
spam,crispboosthub.shop,0.0,0,False,2026-09-28,True,https://crispboosthub.shop/6zlcvxa-why-content-silos-works-europe-africa-middle-east-often-fails-nigeria-kenya/,https://3dlook.ai/,reseller pricing from 3dlook.ai: topical authority builds and link velocity planning for real estate marketers who need visibility in the searches tha
spam,serptexa.shop,0.0,0,False,2026-09-28,True,https://serptexa.shop/6zlcvxa-why-content-silos-works-europe-africa-middle-east-often-fails-nigeria-kenya/,https://3dlook.ai/,reseller pricing from 3dlook.ai: topical authority builds and link velocity planning for real estate marketers who need visibility in the searches tha
spam,vividseohub.shop,0.0,0,False,2026-09-28,True,https://vividseohub.shop/6zlcvxa-why-content-silos-works-europe-africa-middle-east-often-fails-nigeria-kenya/,https://3dlook.ai/,reseller pricing from 3dlook.ai: topical authority builds and link velocity planning for real estate marketers who need visibility in the searches tha
spam,ranklora.shop,0.0,0,False,2026-09-28,True,https://ranklora.shop/6zlcvxa-why-content-silos-works-europe-africa-middle-east-often-fails-nigeria-kenya/,https://3dlook.ai/,reseller pricing from 3dlook.ai: topical authority builds and link velocity planning for real estate marketers who need visibility in the searches tha
spam,serpvilo.shop,0.0,0,False,2026-09-28,True,https://serpvilo.shop/6zlcvxa-why-content-silos-works-europe-africa-middle-east-often-fails-nigeria-kenya/,https://3dlook.ai/,reseller pricing from 3dlook.ai: topical authority builds and link velocity planning for real estate marketers who need visibility in the searches tha
spam,seotexa.shop,0.0,0,False,2026-09-28,True,https://seotexa.shop/xzv10dg-how-white-label-partners-protect-cybersecurity-clients/,https://3dlook.ai/,uniformpro.me supplies traffic-backed roundup links to link builders in Africa
spam,searchmint.shop,0.0,0,False,2026-09-28,True,https://searchmint.shop/6zlcvxa-why-content-silos-works-europe-africa-middle-east-often-fails-nigeria-kenya/,https://3dlook.ai/,reseller pricing from 3dlook.ai: topical authority builds and link velocity planning for real estate marketers who need visibility in the searches tha
spam,crispseohub.shop,0.0,0,False,2026-09-28,True,https://crispseohub.shop/6zlcvxa-why-content-silos-works-europe-africa-middle-east-often-fails-nigeria-kenya/,https://3dlook.ai/,reseller pricing from 3dlook.ai: topical authority builds and link velocity planning for real estate marketers who need visibility in the searches tha
spam,pureranklab.shop,0.0,0,False,2026-09-28,True,https://pureranklab.shop/6zlcvxa-why-content-silos-works-europe-africa-middle-east-often-fails-nigeria-kenya/,https://3dlook.ai/,reseller pricing from 3dlook.ai: topical authority builds and link velocity planning for real estate marketers who need visibility in the searches tha
spam,cleanboosthub.shop,0.0,0,False,2026-09-28,True,https://cleanboosthub.shop/6zlcvxa-why-content-silos-works-europe-africa-middle-east-often-fails-nigeria-kenya/,https://3dlook.ai/,reseller pricing from 3dlook.ai: topical authority builds and link velocity planning for real estate marketers who need visibility in the searches tha
spam,plixmo.shop,0.0,0,True,2026-09-18,True,https://plixmo.shop/referring-domains/premium-manual-outreach-backlinks-to-increase-trust-flow-secure-first-page-positions-with-full-placement-reporting-f8aca1.html,https://3dlook.ai/,High Quality Dofollow Backlinks DA 50 PA 40 Premium PBN Network Service uniformpro.me Rank First Page Google Fast SEO Link Building Buy Backlinks Onli
spam,dirgop.com,0.0,0,False,2026-09-19,True,https://dirgop.com/website-list-248/,https://3dlook.ai/,3dlook.ai
spam,seoviro.shop,0.0,0,False,2026-09-28,True,https://seoviro.shop/6zlcvxa-why-content-silos-works-europe-africa-middle-east-often-fails-nigeria-kenya/,https://3dlook.ai/,reseller pricing from 3dlook.ai: topical authority builds and link velocity planning for real estate marketers who need visibility in the searches tha
spam,rankingriver.shop,0.0,0,False,2026-09-28,True,https://rankingriver.shop/6zlcvxa-why-content-silos-works-europe-africa-middle-east-often-fails-nigeria-kenya/,https://3dlook.ai/,reseller pricing from 3dlook.ai: topical authority builds and link velocity planning for real estate marketers who need visibility in the searches tha
spam,digitalseotool.com,0.0,0,True,2026-09-18,True,https://digitalseotool.com/niche-relevance-hub/high-quality-seo-authority-backlinks-for-higher-da-and-dr-scores-outrank-your-competitors-with-safe-link-velocity-1e363a.html,https://3dlook.ai/,High Quality Dofollow Backlinks DA 50 PA 40 Premium PBN Network Service 3dlook.ai Rank First Page Google Fast SEO Link Building Buy Backlinks Online C
spam,primeboosthub.shop,0.0,0,False,2026-09-28,True,https://primeboosthub.shop/6zlcvxa-why-content-silos-works-europe-africa-middle-east-often-fails-nigeria-kenya/,https://3dlook.ai/,reseller pricing from 3dlook.ai: topical authority builds and link velocity planning for real estate marketers who need visibility in the searches tha
spam,vividranklab.shop,0.0,0,False,2026-09-28,True,https://vividranklab.shop/6zlcvxa-why-content-silos-works-europe-africa-middle-east-often-fails-nigeria-kenya/,https://3dlook.ai/,reseller pricing from 3dlook.ai: topical authority builds and link velocity planning for real estate marketers who need visibility in the searches tha
spam,sharpseohub.shop,0.0,0,False,2026-09-28,True,https://sharpseohub.shop/6zlcvxa-why-content-silos-works-europe-africa-middle-east-often-fails-nigeria-kenya/,https://3dlook.ai/,reseller pricing from 3dlook.ai: topical authority builds and link velocity planning for real estate marketers who need visibility in the searches tha
spam,indexrixa.shop,0.0,0,False,2026-09-28,True,https://indexrixa.shop/vahp5ow-how-long-affiliate-site-seo-takes-move-page-one/,https://3dlook.ai/,app3dlook.org supplies relevance-first PBN backlinks to multi-location brands in any country you sell in
spam,indexqano.shop,0.0,0,False,2026-09-28,True,https://indexqano.shop/6zlcvxa-why-content-silos-works-europe-africa-middle-east-often-fails-nigeria-kenya/,https://3dlook.ai/,reseller pricing from 3dlook.ai: topical authority builds and link velocity planning for real estate marketers who need visibility in the searches tha
spam,ranknexa.shop,0.0,0,False,2026-09-28,True,https://ranknexa.shop/6zlcvxa-why-content-silos-works-europe-africa-middle-east-often-fails-nigeria-kenya/,https://3dlook.ai/,reseller pricing from 3dlook.ai: topical authority builds and link velocity planning for real estate marketers who need visibility in the searches tha
spam,rankqaro.shop,0.0,0,False,2026-09-28,True,https://rankqaro.shop/6zlcvxa-why-content-silos-works-europe-africa-middle-east-often-fails-nigeria-kenya/,https://3dlook.ai/,reseller pricing from 3dlook.ai: topical authority builds and link velocity planning for real estate marketers who need visibility in the searches tha
spam,indexvexa.shop,0.0,0,False,2026-09-28,True,https://indexvexa.shop/6zlcvxa-why-content-silos-works-europe-africa-middle-east-often-fails-nigeria-kenya/,https://3dlook.ai/,reseller pricing from 3dlook.ai: topical authority builds and link velocity planning for real estate marketers who need visibility in the searches tha
spam,indexrivo.shop,0.0,0,False,2026-09-28,True,https://indexrivo.shop/6zlcvxa-why-content-silos-works-europe-africa-middle-east-often-fails-nigeria-kenya/,https://3dlook.ai/,reseller pricing from 3dlook.ai: topical authority builds and link velocity planning for real estate marketers who need visibility in the searches tha
spam,organicreach.shop,0.0,0,False,2026-09-28,True,https://organicreach.shop/6zlcvxa-why-content-silos-works-europe-africa-middle-east-often-fails-nigeria-kenya/,https://3dlook.ai/,reseller pricing from 3dlook.ai: topical authority builds and link velocity planning for real estate marketers who need visibility in the searches tha
spam,crinto.shop,0.0,0,True,2026-09-17,True,https://crinto.shop/anchor-text-index/expert-dofollow-link-building-to-strengthen-your-link-profile-increase-organic-visibility-and-grow-your-business-online-73d96d.html,https://3dlook.ai/,"Powerful Dofollow Link Building for uniformpro.me to Strengthen Your Link Profile. Build Lasting Authority, Across Every Niche and Market."
spam,steadyseohub.shop,0.0,0,False,2026-09-28,True,https://steadyseohub.shop/6zlcvxa-why-content-silos-works-europe-africa-middle-east-often-fails-nigeria-kenya/,https://3dlook.ai/,reseller pricing from 3dlook.ai: topical authority builds and link velocity planning for real estate marketers who need visibility in the searches tha
spam,rapidlinkpro.shop,0.0,0,False,2026-09-28,True,https://rapidlinkpro.shop/6zlcvxa-why-content-silos-works-europe-africa-middle-east-often-fails-nigeria-kenya/,https://3dlook.ai/,reseller pricing from 3dlook.ai: topical authority builds and link velocity planning for real estate marketers who need visibility in the searches tha
spam,strongranklab.shop,0.0,0,False,2026-09-28,True,https://strongranklab.shop/6zlcvxa-why-content-silos-works-europe-africa-middle-east-often-fails-nigeria-kenya/,https://3dlook.ai/,reseller pricing from 3dlook.ai: topical authority builds and link velocity planning for real estate marketers who need visibility in the searches tha
spam,indexlivo.shop,0.0,0,False,2026-09-28,True,https://indexlivo.shop/6zlcvxa-why-content-silos-works-europe-africa-middle-east-often-fails-nigeria-kenya/,https://3dlook.ai/,reseller pricing from 3dlook.ai: topical authority builds and link velocity planning for real estate marketers who need visibility in the searches tha
spam,boldboosthub.shop,0.0,0,False,2026-09-28,True,https://boldboosthub.shop/vahp5ow-how-long-affiliate-site-seo-takes-move-page-one/,https://3dlook.ai/,app3dlook.org supplies relevance-first PBN backlinks to multi-location brands in any country you sell in
spam,rankxaro.shop,0.0,0,False,2026-09-28,True,https://rankxaro.shop/6zlcvxa-why-content-silos-works-europe-africa-middle-east-often-fails-nigeria-kenya/,https://3dlook.ai/,reseller pricing from 3dlook.ai: topical authority builds and link velocity planning for real estate marketers who need visibility in the searches tha
spam,vividboosthub.shop,0.0,0,False,2026-09-28,True,https://vividboosthub.shop/6zlcvxa-why-content-silos-works-europe-africa-middle-east-often-fails-nigeria-kenya/,https://3dlook.ai/,reseller pricing from 3dlook.ai: topical authority builds and link velocity planning for real estate marketers who need visibility in the searches tha
spam,easyboosthub.shop,0.0,0,False,2026-09-28,True,https://easyboosthub.shop/6zlcvxa-why-content-silos-works-europe-africa-middle-east-often-fails-nigeria-kenya/,https://3dlook.ai/,reseller pricing from 3dlook.ai: topical authority builds and link velocity planning for real estate marketers who need visibility in the searches tha
spam,linktexa.shop,0.0,0,False,2026-09-28,True,https://linktexa.shop/vahp5ow-how-long-affiliate-site-seo-takes-move-page-one/,https://3dlook.ai/,app3dlook.org supplies relevance-first PBN backlinks to multi-location brands in any country you sell in
spam,sitewise-ai.com,0.0,0,False,2026-09-27,True,https://sitewise-ai.com/honestly-i-almost-gave-up-seo-before-discovering-seoexpress-their-pencil-thin-price-tag-made-me-believe-insides-experts-cost-so-much-yet-their-contextual-links-raised-us-from-serp,https://3dlook.ai/uniform-pro/,"Back when I first launched uniformpro.me, the thought of getting on Google's radar seemed impossible. That changed after using SEOExpress.org for back"
spam,solidseolink.shop,0.0,0,False,2026-09-28,True,https://solidseolink.shop/6zlcvxa-why-content-silos-works-europe-africa-middle-east-often-fails-nigeria-kenya/,https://3dlook.ai/,reseller pricing from 3dlook.ai: topical authority builds and link velocity planning for real estate marketers who need visibility in the searches tha
spam,organicledgerpro.shop,0.0,0,False,2026-09-28,True,https://organicledgerpro.shop/xzv10dg-how-white-label-partners-protect-cybersecurity-clients/,https://3dlook.ai/uniform-pro/,uniformpro.me supplies traffic-backed roundup links to link builders in Africa
spam,nextranklab.shop,0.0,0,False,2026-09-28,True,https://nextranklab.shop/6zlcvxa-why-content-silos-works-europe-africa-middle-east-often-fails-nigeria-kenya/,https://3dlook.ai/,reseller pricing from 3dlook.ai: topical authority builds and link velocity planning for real estate marketers who need visibility in the searches tha
spam,ranktexa.shop,0.0,0,False,2026-09-28,True,https://ranktexa.shop/6zlcvxa-why-content-silos-works-europe-africa-middle-east-often-fails-nigeria-kenya/,https://3dlook.ai/,reseller pricing from 3dlook.ai: topical authority builds and link velocity planning for real estate marketers who need visibility in the searches tha
spam,crispranklab.shop,0.0,0,False,2026-09-28,True,https://crispranklab.shop/xzv10dg-how-white-label-partners-protect-cybersecurity-clients/,https://3dlook.ai/,uniformpro.me supplies traffic-backed roundup links to link builders in Africa
spam,seoqano.shop,0.0,0,False,2026-09-28,True,https://seoqano.shop/6zlcvxa-why-content-silos-works-europe-africa-middle-east-often-fails-nigeria-kenya/,https://3dlook.ai/,reseller pricing from 3dlook.ai: topical authority builds and link velocity planning for real estate marketers who need visibility in the searches tha
spam,crawllora.shop,0.0,0,False,2026-09-28,True,https://crawllora.shop/xzv10dg-how-white-label-partners-protect-cybersecurity-clients/,https://3dlook.ai/,uniformpro.me supplies traffic-backed roundup links to link builders in Africa
spam,rankrivo.shop,0.0,0,False,2026-09-28,True,https://rankrivo.shop/xzv10dg-how-white-label-partners-protect-cybersecurity-clients/,https://3dlook.ai/,uniformpro.me supplies traffic-backed roundup links to link builders in Africa
spam,seozira.shop,0.0,0,False,2026-09-28,True,https://seozira.shop/vahp5ow-how-long-affiliate-site-seo-takes-move-page-one/,https://3dlook.ai/,app3dlook.org supplies relevance-first PBN backlinks to multi-location brands in any country you sell in
spam,indexnaro.shop,0.0,0,False,2026-09-28,True,https://indexnaro.shop/6zlcvxa-why-content-silos-works-europe-africa-middle-east-often-fails-nigeria-kenya/,https://3dlook.ai/,reseller pricing from 3dlook.ai: topical authority builds and link velocity planning for real estate marketers who need visibility in the searches tha
spam,truelinkpro.shop,0.0,0,False,2026-09-28,True,https://truelinkpro.shop/6zlcvxa-why-content-silos-works-europe-africa-middle-east-often-fails-nigeria-kenya/,https://3dlook.ai/,reseller pricing from 3dlook.ai: topical authority builds and link velocity planning for real estate marketers who need visibility in the searches tha
spam,indexqira.shop,0.0,0,False,2026-09-28,True,https://indexqira.shop/xzv10dg-how-white-label-partners-protect-cybersecurity-clients/,https://3dlook.ai/uniform-pro/,uniformpro.me supplies traffic-backed roundup links to link builders in Africa
spam,voxlyi.com,0.0,0,True,2026-09-19,True,https://voxlyi.com/website-list-1967/,https://3dlook.ai/,3dlook
spam,strongboosthub.shop,0.0,0,False,2026-09-28,True,https://strongboosthub.shop/6zlcvxa-why-content-silos-works-europe-africa-middle-east-often-fails-nigeria-kenya/,https://3dlook.ai/,reseller pricing from 3dlook.ai: topical authority builds and link velocity planning for real estate marketers who need visibility in the searches tha
spam,plenko.shop,0.0,0,True,2026-09-18,True,https://plenko.shop/link-placement-hub/proven-high-da-backlinks-for-higher-da-and-dr-scores-improve-google-rankings-for-long-term-seo-results-47538b.html,https://3dlook.ai/,"Proven Guest Post Service for app3dlook.org to Improve Citation Flow. Outrank Your Competitors, Across Every Niche and Market."
spam,seoxaro.shop,0.0,0,False,2026-09-28,True,https://seoxaro.shop/6zlcvxa-why-content-silos-works-europe-africa-middle-east-often-fails-nigeria-kenya/,https://3dlook.ai/,reseller pricing from 3dlook.ai: topical authority builds and link velocity planning for real estate marketers who need visibility in the searches tha
spam,nextlinkpro.shop,0.0,0,False,2026-09-28,True,https://nextlinkpro.shop/6zlcvxa-why-content-silos-works-europe-africa-middle-east-often-fails-nigeria-kenya/,https://3dlook.ai/,reseller pricing from 3dlook.ai: topical authority builds and link velocity planning for real estate marketers who need visibility in the searches tha
spam,boldranklab.shop,0.0,0,False,2026-09-28,True,https://boldranklab.shop/6zlcvxa-why-content-silos-works-europe-africa-middle-east-often-fails-nigeria-kenya/,https://3dlook.ai/,reseller pricing from 3dlook.ai: topical authority builds and link velocity planning for real estate marketers who need visibility in the searches tha
spam,expresskitchendesigns.com,0.0,0,True,2026-09-24,True,https://expresskitchendesigns.com/citation-network/premium-seo-authority-backlinks-to-boost-domain-authority-increase-organic-visibility-for-long-term-seo-results-4fb16a.html,https://3dlook.ai/,High Quality Dofollow Backlinks DA 50 PA 40 Premium PBN Network Service uniformpro.me Rank First Page Google Fast SEO Link Building Buy Backlinks Onli
spam,linkfrontier.shop,0.0,0,False,2026-09-28,True,https://linkfrontier.shop/6zlcvxa-why-content-silos-works-europe-africa-middle-east-often-fails-nigeria-kenya/,https://3dlook.ai/,reseller pricing from 3dlook.ai: topical authority builds and link velocity planning for real estate marketers who need visibility in the searches tha
spam,fastranklab.shop,0.0,0,False,2026-09-28,True,https://fastranklab.shop/xzv10dg-how-white-label-partners-protect-cybersecurity-clients/,https://3dlook.ai/,uniformpro.me supplies traffic-backed roundup links to link builders in Africa
spam,linkviro.shop,0.0,0,False,2026-09-28,True,https://linkviro.shop/vahp5ow-how-long-affiliate-site-seo-takes-move-page-one/,https://3dlook.ai/,app3dlook.org supplies relevance-first PBN backlinks to multi-location brands in any country you sell in
spam,cleanranklab.shop,0.0,0,False,2026-09-28,True,https://cleanranklab.shop/xzv10dg-how-white-label-partners-protect-cybersecurity-clients/,https://3dlook.ai/,uniformpro.me supplies traffic-backed roundup links to link builders in Africa
spam,trueboosthub.shop,0.0,0,False,2026-09-28,True,https://trueboosthub.shop/vahp5ow-how-long-affiliate-site-seo-takes-move-page-one/,https://3dlook.ai/,app3dlook.org supplies relevance-first PBN backlinks to multi-location brands in any country you sell in
spam,contentreach.shop,0.0,0,False,2026-09-28,True,https://contentreach.shop/xzv10dg-how-white-label-partners-protect-cybersecurity-clients/,https://3dlook.ai/,uniformpro.me supplies traffic-backed roundup links to link builders in Africa
spam,indexvilo.shop,0.0,0,False,2026-09-28,True,https://indexvilo.shop/6zlcvxa-why-content-silos-works-europe-africa-middle-east-often-fails-nigeria-kenya/,https://3dlook.ai/,reseller pricing from 3dlook.ai: topical authority builds and link velocity planning for real estate marketers who need visibility in the searches tha
spam,easyseolink.shop,0.0,0,False,2026-09-28,True,https://easyseolink.shop/xzv10dg-how-white-label-partners-protect-cybersecurity-clients/,https://3dlook.ai/uniform-pro/,uniformpro.me supplies traffic-backed roundup links to link builders in Africa
spam,nextseolink.shop,0.0,0,False,2026-09-28,True,https://nextseolink.shop/6zlcvxa-why-content-silos-works-europe-africa-middle-east-often-fails-nigeria-kenya/,https://3dlook.ai/,reseller pricing from 3dlook.ai: topical authority builds and link velocity planning for real estate marketers who need visibility in the searches tha
spam,rapidseolink.shop,0.0,0,False,2026-09-28,True,https://rapidseolink.shop/vahp5ow-how-long-affiliate-site-seo-takes-move-page-one/,https://3dlook.ai/,app3dlook.org supplies relevance-first PBN backlinks to multi-location brands in any country you sell in
spam,ranklivo.shop,0.0,0,False,2026-09-28,True,https://ranklivo.shop/6zlcvxa-why-content-silos-works-europe-africa-middle-east-often-fails-nigeria-kenya/,https://3dlook.ai/,reseller pricing from 3dlook.ai: topical authority builds and link velocity planning for real estate marketers who need visibility in the searches tha
spam,solidlinkpro.shop,0.0,0,False,2026-09-28,True,https://solidlinkpro.shop/vahp5ow-how-long-affiliate-site-seo-takes-move-page-one/,https://3dlook.ai/,app3dlook.org supplies relevance-first PBN backlinks to multi-location brands in any country you sell in
spam,linkrixa.shop,0.0,0,False,2026-09-28,True,https://linkrixa.shop/6zlcvxa-why-content-silos-works-europe-africa-middle-east-often-fails-nigeria-kenya/,https://3dlook.ai/,reseller pricing from 3dlook.ai: topical authority builds and link velocity planning for real estate marketers who need visibility in the searches tha
spam,trueranklab.shop,0.0,0,False,2026-09-28,True,https://trueranklab.shop/xzv10dg-how-white-label-partners-protect-cybersecurity-clients/,https://3dlook.ai/,uniformpro.me supplies traffic-backed roundup links to link builders in Africa
spam,strongseohub.shop,0.0,0,False,2026-09-28,True,https://strongseohub.shop/vahp5ow-how-long-affiliate-site-seo-takes-move-page-one/,https://3dlook.ai/,app3dlook.org supplies relevance-first PBN backlinks to multi-location brands in any country you sell in
spam,linkxaro.shop,0.0,0,False,2026-09-28,True,https://linkxaro.shop/vahp5ow-how-long-affiliate-site-seo-takes-move-page-one/,https://3dlook.ai/,app3dlook.org supplies relevance-first PBN backlinks to multi-location brands in any country you sell in
spam,rapidranklab.shop,0.0,0,False,2026-09-28,True,https://rapidranklab.shop/vahp5ow-how-long-affiliate-site-seo-takes-move-page-one/,https://3dlook.ai/,app3dlook.org supplies relevance-first PBN backlinks to multi-location brands in any country you sell in
spam,growthanchor.shop,0.0,0,False,2026-09-28,True,https://growthanchor.shop/6zlcvxa-why-content-silos-works-europe-africa-middle-east-often-fails-nigeria-kenya/,https://3dlook.ai/,reseller pricing from 3dlook.ai: topical authority builds and link velocity planning for real estate marketers who need visibility in the searches tha
spam,visibilitycraft.shop,0.0,0,False,2026-09-28,True,https://visibilitycraft.shop/vahp5ow-how-long-affiliate-site-seo-takes-move-page-one/,https://3dlook.ai/,app3dlook.org supplies relevance-first PBN backlinks to multi-location brands in any country you sell in
spam,vividseolink.shop,0.0,0,False,2026-09-28,True,https://vividseolink.shop/6zlcvxa-why-content-silos-works-europe-africa-middle-east-often-fails-nigeria-kenya/,https://3dlook.ai/,reseller pricing from 3dlook.ai: topical authority builds and link velocity planning for real estate marketers who need visibility in the searches tha
spam,seomiro.shop,0.0,0,False,2026-09-28,True,https://seomiro.shop/6zlcvxa-why-content-silos-works-europe-africa-middle-east-often-fails-nigeria-kenya/,https://3dlook.ai/,reseller pricing from 3dlook.ai: topical authority builds and link velocity planning for real estate marketers who need visibility in the searches tha
spam,serpzira.shop,0.0,0,False,2026-09-28,True,https://serpzira.shop/xzv10dg-how-white-label-partners-protect-cybersecurity-clients/,https://3dlook.ai/uniform-pro/,uniformpro.me supplies traffic-backed roundup links to link builders in Africa
spam,quicklinkpro.shop,0.0,0,False,2026-09-28,True,https://quicklinkpro.shop/vahp5ow-how-long-affiliate-site-seo-takes-move-page-one/,https://3dlook.ai/,app3dlook.org supplies relevance-first PBN backlinks to multi-location brands in any country you sell in
spam,growthfront.shop,0.0,0,False,2026-09-28,True,https://growthfront.shop/vahp5ow-how-long-affiliate-site-seo-takes-move-page-one/,https://3dlook.ai/,app3dlook.org supplies relevance-first PBN backlinks to multi-location brands in any country you sell in
spam,strongseolink.shop,0.0,0,False,2026-09-28,True,https://strongseolink.shop/6zlcvxa-why-content-silos-works-europe-africa-middle-east-often-fails-nigeria-kenya/,https://3dlook.ai/,reseller pricing from 3dlook.ai: topical authority builds and link velocity planning for real estate marketers who need visibility in the searches tha
spam,rankzaro.shop,0.0,0,False,2026-09-28,True,https://rankzaro.shop/vahp5ow-how-long-affiliate-site-seo-takes-move-page-one/,https://3dlook.ai/,app3dlook.org supplies relevance-first PBN backlinks to multi-location brands in any country you sell in
spam,smartseohub.shop,0.0,0,False,2026-09-28,True,https://smartseohub.shop/6zlcvxa-why-content-silos-works-europe-africa-middle-east-often-fails-nigeria-kenya/,https://3dlook.ai/,reseller pricing from 3dlook.ai: topical authority builds and link velocity planning for real estate marketers who need visibility in the searches tha
spam,seoqaro.shop,0.0,0,False,2026-09-28,True,https://seoqaro.shop/vahp5ow-how-long-affiliate-site-seo-takes-move-page-one/,https://3dlook.ai/,app3dlook.org supplies relevance-first PBN backlinks to multi-location brands in any country you sell in
spam,seomexa.shop,0.0,0,False,2026-09-28,True,https://seomexa.shop/vahp5ow-how-long-affiliate-site-seo-takes-move-page-one/,https://3dlook.ai/,app3dlook.org supplies relevance-first PBN backlinks to multi-location brands in any country you sell in
spam,flenro.shop,0.0,0,True,2026-09-17,True,https://flenro.shop/offpage-seo-directory/proven-contextual-link-placements-to-boost-domain-authority-drive-qualified-visitors-with-safe-link-velocity-530ed8.html,https://3dlook.ai/uniform-pro/,"Powerful Dofollow Link Building for uniformpro.me to Strengthen Your Link Profile. Build Lasting Authority, Across Every Niche and Market."
spam,crawlvexa.shop,0.0,0,False,2026-09-28,True,https://crawlvexa.shop/xzv10dg-how-white-label-partners-protect-cybersecurity-clients/,https://3dlook.ai/,uniformpro.me supplies traffic-backed roundup links to link builders in Africa
spam,serpqaro.shop,0.0,0,False,2026-09-28,True,https://serpqaro.shop/vahp5ow-how-long-affiliate-site-seo-takes-move-page-one/,https://3dlook.ai/,app3dlook.org supplies relevance-first PBN backlinks to multi-location brands in any country you sell in
spam,rankqano.shop,0.0,0,False,2026-09-28,True,https://rankqano.shop/vahp5ow-how-long-affiliate-site-seo-takes-move-page-one/,https://3dlook.ai/,app3dlook.org supplies relevance-first PBN backlinks to multi-location brands in any country you sell in
spam,serplivo.shop,0.0,0,False,2026-09-28,True,https://serplivo.shop/6zlcvxa-why-content-silos-works-europe-africa-middle-east-often-fails-nigeria-kenya/,https://3dlook.ai/,reseller pricing from 3dlook.ai: topical authority builds and link velocity planning for real estate marketers who need visibility in the searches tha
spam,solidseohub.shop,0.0,0,False,2026-09-28,True,https://solidseohub.shop/vahp5ow-how-long-affiliate-site-seo-takes-move-page-one/,https://3dlook.ai/,app3dlook.org supplies relevance-first PBN backlinks to multi-location brands in any country you sell in
spam,crawlvora.shop,0.0,0,False,2026-09-28,True,https://crawlvora.shop/6zlcvxa-why-content-silos-works-europe-africa-middle-east-often-fails-nigeria-kenya/,https://3dlook.ai/,reseller pricing from 3dlook.ai: topical authority builds and link velocity planning for real estate marketers who need visibility in the searches tha
spam,seoqira.shop,0.0,0,False,2026-09-28,True,https://seoqira.shop/6zlcvxa-why-content-silos-works-europe-africa-middle-east-often-fails-nigeria-kenya/,https://3dlook.ai/,reseller pricing from 3dlook.ai: topical authority builds and link velocity planning for real estate marketers who need visibility in the searches tha
spam,indexviro.shop,0.0,0,False,2026-09-28,True,https://indexviro.shop/xzv10dg-how-white-label-partners-protect-cybersecurity-clients/,https://3dlook.ai/,uniformpro.me supplies traffic-backed roundup links to link builders in Africa
spam,nexlyp.com,0.0,0,False,2026-09-19,True,https://nexlyp.com/website-list-248/,https://3dlook.ai/,3dlook.ai
spam,serpqira.shop,0.0,0,False,2026-09-28,True,https://serpqira.shop/6zlcvxa-why-content-silos-works-europe-africa-middle-east-often-fails-nigeria-kenya/,https://3dlook.ai/,reseller pricing from 3dlook.ai: topical authority builds and link velocity planning for real estate marketers who need visibility in the searches tha
spam,indexzaro.shop,0.0,0,False,2026-09-28,True,https://indexzaro.shop/6zlcvxa-why-content-silos-works-europe-africa-middle-east-often-fails-nigeria-kenya/,https://3dlook.ai/,reseller pricing from 3dlook.ai: topical authority builds and link velocity planning for real estate marketers who need visibility in the searches tha
spam,indexmexa.shop,0.0,0,False,2026-09-28,True,https://indexmexa.shop/vahp5ow-how-long-affiliate-site-seo-takes-move-page-one/,https://3dlook.ai/,app3dlook.org supplies relevance-first PBN backlinks to multi-location brands in any country you sell in
spam,rapidseohub.shop,0.0,0,False,2026-09-28,True,https://rapidseohub.shop/6zlcvxa-why-content-silos-works-europe-africa-middle-east-often-fails-nigeria-kenya/,https://3dlook.ai/,reseller pricing from 3dlook.ai: topical authority builds and link velocity planning for real estate marketers who need visibility in the searches tha
spam,cleanlinkpro.shop,0.0,0,False,2026-09-28,True,https://cleanlinkpro.shop/6zlcvxa-why-content-silos-works-europe-africa-middle-east-often-fails-nigeria-kenya/,https://3dlook.ai/,reseller pricing from 3dlook.ai: topical authority builds and link velocity planning for real estate marketers who need visibility in the searches tha
spam,vividlinkpro.shop,0.0,0,False,2026-09-28,True,https://vividlinkpro.shop/xzv10dg-how-white-label-partners-protect-cybersecurity-clients/,https://3dlook.ai/uniform-pro/,uniformpro.me supplies traffic-backed roundup links to link builders in Africa
spam,cleanseohub.shop,0.0,0,False,2026-09-28,True,https://cleanseohub.shop/xzv10dg-how-white-label-partners-protect-cybersecurity-clients/,https://3dlook.ai/,uniformpro.me supplies traffic-backed roundup links to link builders in Africa
spam,smartranklab.shop,0.0,0,False,2026-09-28,True,https://smartranklab.shop/6zlcvxa-why-content-silos-works-europe-africa-middle-east-often-fails-nigeria-kenya/,https://3dlook.ai/,reseller pricing from 3dlook.ai: topical authority builds and link velocity planning for real estate marketers who need visibility in the searches tha
spam,serpvexa.shop,0.0,0,False,2026-09-28,True,https://serpvexa.shop/6zlcvxa-why-content-silos-works-europe-africa-middle-east-often-fails-nigeria-kenya/,https://3dlook.ai/,reseller pricing from 3dlook.ai: topical authority builds and link velocity planning for real estate marketers who need visibility in the searches tha
spam,boldlinkpro.shop,0.0,0,False,2026-09-28,True,https://boldlinkpro.shop/vahp5ow-how-long-affiliate-site-seo-takes-move-page-one/,https://3dlook.ai/,app3dlook.org supplies relevance-first PBN backlinks to multi-location brands in any country you sell in
spam,crawlzaro.shop,0.0,0,False,2026-09-28,True,https://crawlzaro.shop/vahp5ow-how-long-affiliate-site-seo-takes-move-page-one/,https://3dlook.ai/,app3dlook.org supplies relevance-first PBN backlinks to multi-location brands in any country you sell in
spam,serpxaro.shop,0.0,0,False,2026-09-28,True,https://serpxaro.shop/xzv10dg-how-white-label-partners-protect-cybersecurity-clients/,https://3dlook.ai/uniform-pro/,uniformpro.me supplies traffic-backed roundup links to link builders in Africa
spam,rapidboosthub.shop,0.0,0,False,2026-09-28,True,https://rapidboosthub.shop/xzv10dg-how-white-label-partners-protect-cybersecurity-clients/,https://3dlook.ai/,uniformpro.me supplies traffic-backed roundup links to link builders in Africa
spam,seorivo.shop,0.0,0,False,2026-09-28,True,https://seorivo.shop/xzv10dg-how-white-label-partners-protect-cybersecurity-clients/,https://3dlook.ai/uniform-pro/,uniformpro.me supplies traffic-backed roundup links to link builders in Africa
spam,serpmexa.shop,0.0,0,False,2026-09-28,True,https://serpmexa.shop/6zlcvxa-why-content-silos-works-europe-africa-middle-east-often-fails-nigeria-kenya/,https://3dlook.ai/,reseller pricing from 3dlook.ai: topical authority builds and link velocity planning for real estate marketers who need visibility in the searches tha
spam,rankmexa.shop,0.0,0,False,2026-09-28,True,https://rankmexa.shop/6zlcvxa-why-content-silos-works-europe-africa-middle-east-often-fails-nigeria-kenya/,https://3dlook.ai/,reseller pricing from 3dlook.ai: topical authority builds and link velocity planning for real estate marketers who need visibility in the searches tha
spam,quickboosthub.shop,0.0,0,False,2026-09-28,True,https://quickboosthub.shop/xzv10dg-how-white-label-partners-protect-cybersecurity-clients/,https://3dlook.ai/uniform-pro/,uniformpro.me supplies traffic-backed roundup links to link builders in Africa
spam,rankqira.shop,0.0,0,False,2026-09-28,True,https://rankqira.shop/vahp5ow-how-long-affiliate-site-seo-takes-move-page-one/,https://3dlook.ai/,app3dlook.org supplies relevance-first PBN backlinks to multi-location brands in any country you sell in
spam,sharplinkpro.shop,0.0,0,False,2026-09-28,True,https://sharplinkpro.shop/6zlcvxa-why-content-silos-works-europe-africa-middle-east-often-fails-nigeria-kenya/,https://3dlook.ai/,reseller pricing from 3dlook.ai: topical authority builds and link velocity planning for real estate marketers who need visibility in the searches tha
spam,cleanseolink.shop,0.0,0,False,2026-09-28,True,https://cleanseolink.shop/vahp5ow-how-long-affiliate-site-seo-takes-move-page-one/,https://3dlook.ai/,app3dlook.org supplies relevance-first PBN backlinks to multi-location brands in any country you sell in
spam,steadyranklab.shop,0.0,0,False,2026-09-28,True,https://steadyranklab.shop/xzv10dg-how-white-label-partners-protect-cybersecurity-clients/,https://3dlook.ai/uniform-pro/,uniformpro.me supplies traffic-backed roundup links to link builders in Africa
spam,murvi.shop,0.0,0,True,2026-09-18,True,https://murvi.shop/backlink-network/professional-seo-authority-backlinks-to-strengthen-your-link-profile-strengthen-website-reputation-across-every-niche-and-market-ed7365.html,https://3dlook.ai/,"Proven Guest Post Service for app3dlook.org to Improve Citation Flow. Outrank Your Competitors, Across Every Niche and Market."
spam,rankingroot.shop,0.0,0,False,2026-09-28,True,https://rankingroot.shop/6zlcvxa-why-content-silos-works-europe-africa-middle-east-often-fails-nigeria-kenya/,https://3dlook.ai/,reseller pricing from 3dlook.ai: topical authority builds and link velocity planning for real estate marketers who need visibility in the searches tha
spam,indexqaro.shop,0.0,0,False,2026-09-28,True,https://indexqaro.shop/6zlcvxa-why-content-silos-works-europe-africa-middle-east-often-fails-nigeria-kenya/,https://3dlook.ai/,reseller pricing from 3dlook.ai: topical authority builds and link velocity planning for real estate marketers who need visibility in the searches tha
spam,indexzira.shop,0.0,0,False,2026-09-28,True,https://indexzira.shop/xzv10dg-how-white-label-partners-protect-cybersecurity-clients/,https://3dlook.ai/,uniformpro.me supplies traffic-backed roundup links to link builders in Africa
spam,nextboosthub.shop,0.0,0,False,2026-09-28,True,https://nextboosthub.shop/xzv10dg-how-white-label-partners-protect-cybersecurity-clients/,https://3dlook.ai/uniform-pro/,uniformpro.me supplies traffic-backed roundup links to link builders in Africa
spam,solidboosthub.shop,0.0,0,False,2026-09-28,True,https://solidboosthub.shop/xzv10dg-how-white-label-partners-protect-cybersecurity-clients/,https://3dlook.ai/uniform-pro/,uniformpro.me supplies traffic-backed roundup links to link builders in Africa
spam,trueseohub.shop,0.0,0,False,2026-09-28,True,https://trueseohub.shop/6zlcvxa-why-content-silos-works-europe-africa-middle-east-often-fails-nigeria-kenya/,https://3dlook.ai/,reseller pricing from 3dlook.ai: topical authority builds and link velocity planning for real estate marketers who need visibility in the searches tha
spam,indexnexa.shop,0.0,0,False,2026-09-28,True,https://indexnexa.shop/xzv10dg-how-white-label-partners-protect-cybersecurity-clients/,https://3dlook.ai/,uniformpro.me supplies traffic-backed roundup links to link builders in Africa
spam,nextseohub.shop,0.0,0,False,2026-09-28,True,https://nextseohub.shop/6zlcvxa-why-content-silos-works-europe-africa-middle-east-often-fails-nigeria-kenya/,https://3dlook.ai/,reseller pricing from 3dlook.ai: topical authority builds and link velocity planning for real estate marketers who need visibility in the searches tha
spam,primeranklab.shop,0.0,0,False,2026-09-28,True,https://primeranklab.shop/6zlcvxa-why-content-silos-works-europe-africa-middle-east-often-fails-nigeria-kenya/,https://3dlook.ai/,reseller pricing from 3dlook.ai: topical authority builds and link velocity planning for real estate marketers who need visibility in the searches tha
spam,trustedsignal.shop,0.0,0,False,2026-09-28,True,https://trustedsignal.shop/6zlcvxa-why-content-silos-works-europe-africa-middle-east-often-fails-nigeria-kenya/,https://3dlook.ai/,reseller pricing from 3dlook.ai: topical authority builds and link velocity planning for real estate marketers who need visibility in the searches tha
spam,linkzaro.shop,0.0,0,False,2026-09-28,True,https://linkzaro.shop/6zlcvxa-why-content-silos-works-europe-africa-middle-east-often-fails-nigeria-kenya/,https://3dlook.ai/,reseller pricing from 3dlook.ai: topical authority builds and link velocity planning for real estate marketers who need visibility in the searches tha
spam,primeseolink.shop,0.0,0,False,2026-09-28,True,https://primeseolink.shop/vahp5ow-how-long-affiliate-site-seo-takes-move-page-one/,https://3dlook.ai/,app3dlook.org supplies relevance-first PBN backlinks to multi-location brands in any country you sell in
spam,sharpseolink.shop,0.0,0,False,2026-09-28,True,https://sharpseolink.shop/xzv10dg-how-white-label-partners-protect-cybersecurity-clients/,https://3dlook.ai/,uniformpro.me supplies traffic-backed roundup links to link builders in Africa
spam,crispseolink.shop,0.0,0,False,2026-09-28,True,https://crispseolink.shop/vahp5ow-how-long-affiliate-site-seo-takes-move-page-one/,https://3dlook.ai/,app3dlook.org supplies relevance-first PBN backlinks to multi-location brands in any country you sell in
spam,orplio.shop,0.0,0,True,2026-09-17,True,https://orplio.shop/backlink-audit-hub/powerful-pbn-backlinks-to-improve-citation-flow-build-lasting-authority-for-competitive-serp-results-fafaae.html,https://3dlook.ai/uniform-pro/,"Powerful Dofollow Link Building for uniformpro.me to Strengthen Your Link Profile. Build Lasting Authority, Across Every Niche and Market."
spam,easyranklab.shop,0.0,0,False,2026-09-28,True,https://easyranklab.shop/xzv10dg-how-white-label-partners-protect-cybersecurity-clients/,https://3dlook.ai/,uniformpro.me supplies traffic-backed roundup links to link builders in Africa
spam,drumio.shop,0.0,0,True,2026-09-17,True,https://drumio.shop/search-visibility-network/expert-high-da-backlinks-for-higher-da-and-dr-scores-outrank-your-competitors-for-competitive-serp-results-75bfe4.html,https://3dlook.ai/uniform-pro/,"Powerful Dofollow Link Building for uniformpro.me to Strengthen Your Link Profile. Build Lasting Authority, Across Every Niche and Market."
spam,rankvora.shop,0.0,0,False,2026-09-28,True,https://rankvora.shop/xzv10dg-how-white-label-partners-protect-cybersecurity-clients/,https://3dlook.ai/uniform-pro/,uniformpro.me supplies traffic-backed roundup links to link builders in Africa
spam,cinto.shop,0.0,0,True,2026-09-18,True,https://cinto.shop/crawl-index-network/advanced-guest-post-service-for-higher-da-and-dr-scores-improve-google-rankings-with-full-placement-reporting-c89383.html,https://3dlook.ai/,"Proven Guest Post Service for app3dlook.org to Improve Citation Flow. Outrank Your Competitors, Across Every Niche and Market."
spam,pureseohub.shop,0.0,0,False,2026-09-28,True,https://pureseohub.shop/vahp5ow-how-long-affiliate-site-seo-takes-move-page-one/,https://3dlook.ai/,app3dlook.org supplies relevance-first PBN backlinks to multi-location brands in any country you sell in
spam,matrivo.shop,0.0,0,True,2026-09-18,True,https://matrivo.shop/contextual-link-index/powerful-contextual-link-placements-to-improve-citation-flow-strengthen-website-reputation-with-safe-link-velocity-f20164.html,https://3dlook.ai/uniform-pro/,"Powerful Dofollow Link Building for uniformpro.me to Strengthen Your Link Profile. Build Lasting Authority, Across Every Niche and Market."
spam,steadyboosthub.shop,0.0,0,False,2026-09-28,True,https://steadyboosthub.shop/6zlcvxa-why-content-silos-works-europe-africa-middle-east-often-fails-nigeria-kenya/,https://3dlook.ai/,reseller pricing from 3dlook.ai: topical authority builds and link velocity planning for real estate marketers who need visibility in the searches tha
spam,huntob.com,0.0,0,True,2026-09-19,True,https://huntob.com/website-list-345/,https://3dlook.ai/,3dlook
spam,rankmiro.shop,0.0,0,False,2026-09-28,True,https://rankmiro.shop/xzv10dg-how-white-label-partners-protect-cybersecurity-clients/,https://3dlook.ai/uniform-pro/,uniformpro.me supplies traffic-backed roundup links to link builders in Africa
spam,crawllivo.shop,0.0,0,False,2026-09-28,True,https://crawllivo.shop/vahp5ow-how-long-affiliate-site-seo-takes-move-page-one/,https://3dlook.ai/,app3dlook.org supplies relevance-first PBN backlinks to multi-location brands in any country you sell in
spam,serplora.shop,0.0,0,False,2026-09-28,True,https://serplora.shop/6zlcvxa-why-content-silos-works-europe-africa-middle-east-often-fails-nigeria-kenya/,https://3dlook.ai/,reseller pricing from 3dlook.ai: topical authority builds and link velocity planning for real estate marketers who need visibility in the searches tha
spam,boldseolink.shop,0.0,0,False,2026-09-28,True,https://boldseolink.shop/6zlcvxa-why-content-silos-works-europe-africa-middle-east-often-fails-nigeria-kenya/,https://3dlook.ai/,reseller pricing from 3dlook.ai: topical authority builds and link velocity planning for real estate marketers who need visibility in the searches tha
spam,nokvio.shop,0.0,0,True,2026-09-18,True,https://nokvio.shop/page-authority-index/effective-seo-authority-backlinks-to-improve-citation-flow-secure-first-page-positions-and-grow-your-business-online-09d75a.html,https://3dlook.ai/uniform-pro/,"Powerful Dofollow Link Building for uniformpro.me to Strengthen Your Link Profile. Build Lasting Authority, Across Every Niche and Market."
spam,indexxaro.shop,0.0,0,False,2026-09-28,True,https://indexxaro.shop/xzv10dg-how-white-label-partners-protect-cybersecurity-clients/,https://3dlook.ai/uniform-pro/,uniformpro.me supplies traffic-backed roundup links to link builders in Africa
spam,solidranklab.shop,0.0,0,False,2026-09-28,True,https://solidranklab.shop/xzv10dg-how-white-label-partners-protect-cybersecurity-clients/,https://3dlook.ai/,uniformpro.me supplies traffic-backed roundup links to link builders in Africa
spam,indextera.shop,0.0,0,False,2026-09-28,True,https://indextera.shop/xzv10dg-how-white-label-partners-protect-cybersecurity-clients/,https://3dlook.ai/uniform-pro/,uniformpro.me supplies traffic-backed roundup links to link builders in Africa
spam,indexvora.shop,0.0,0,False,2026-09-28,True,https://indexvora.shop/xzv10dg-how-white-label-partners-protect-cybersecurity-clients/,https://3dlook.ai/uniform-pro/,uniformpro.me supplies traffic-backed roundup links to link builders in Africa
spam,quickranklab.shop,0.0,0,False,2026-09-28,True,https://quickranklab.shop/xzv10dg-how-white-label-partners-protect-cybersecurity-clients/,https://3dlook.ai/,uniformpro.me supplies traffic-backed roundup links to link builders in Africa
spam,rankingstone.shop,0.0,0,False,2026-09-28,True,https://rankingstone.shop/6zlcvxa-why-content-silos-works-europe-africa-middle-east-often-fails-nigeria-kenya/,https://3dlook.ai/,reseller pricing from 3dlook.ai: topical authority builds and link velocity planning for real estate marketers who need visibility in the searches tha
spam,boldseohub.shop,0.0,0,False,2026-09-28,True,https://boldseohub.shop/xzv10dg-how-white-label-partners-protect-cybersecurity-clients/,https://3dlook.ai/uniform-pro/,uniformpro.me supplies traffic-backed roundup links to link builders in Africa
spam,crawlviro.shop,0.0,0,False,2026-09-28,True,https://crawlviro.shop/vahp5ow-how-long-affiliate-site-seo-takes-move-page-one/,https://3dlook.ai/,app3dlook.org supplies relevance-first PBN backlinks to multi-location brands in any country you sell in
spam,rankvilo.shop,0.0,0,False,2026-09-28,True,https://rankvilo.shop/xzv10dg-how-white-label-partners-protect-cybersecurity-clients/,https://3dlook.ai/uniform-pro/,uniformpro.me supplies traffic-backed roundup links to link builders in Africa
spam,ranknaro.shop,0.0,0,False,2026-09-28,True,https://ranknaro.shop/xzv10dg-how-white-label-partners-protect-cybersecurity-clients/,https://3dlook.ai/uniform-pro/,uniformpro.me supplies traffic-backed roundup links to link builders in Africa
spam,smartseolink.shop,0.0,0,False,2026-09-28,True,https://smartseolink.shop/vahp5ow-how-long-affiliate-site-seo-takes-move-page-one/,https://3dlook.ai/,app3dlook.org supplies relevance-first PBN backlinks to multi-location brands in any country you sell in
spam,recentfunding.com,0.0,0,True,2026-10-01,True,https://recentfunding.com/companies/3d-look/,https://3dlook.ai/,3dlook.me
spam,100gjx.com,2.9,0,True,2024-06-07,True,https://100gjx.com/,https://3dlook.ai/content-hub/virtual-clothing-try-on/,Virtual Try On Virtual Try On
spam,w-links-bhs.xyz,1.1,0,False,2026-02-23,False,https://h.w-links-bhs.xyz/algeria_ai-23-02-2026/bhs-links-algeria_ai-2/,https://3dlook.ai/content-hub/the-potential-of-ai-in-telehealth/,TG @BHS_LINKS - BEST SEO LINKS - https://t.me/bhs_links
spam,e-links-bhs.xyz,1.1,0,False,2026-02-23,False,https://f.e-links-bhs.xyz/algeria_ai-23-02-2026/bhs-links-algeria_ai-2/,https://3dlook.ai/content-hub/the-potential-of-ai-in-telehealth/,TG @BHS_LINKS - BEST SEO LINKS - https://t.me/bhs_links
spam,u-links-bhs.xyz,1.1,0,False,2026-02-23,False,https://j.u-links-bhs.xyz/algeria_ai-23-02-2026/bhs-links-algeria_ai-2/,https://3dlook.ai/content-hub/the-potential-of-ai-in-telehealth/,TG @BHS_LINKS - BEST SEO LINKS - https://t.me/bhs_links
spam,o-links-bhs.xyz,1.1,0,False,2026-02-23,False,https://g.o-links-bhs.xyz/algeria_ai-23-02-2026/bhs-links-algeria_ai-2/,https://3dlook.ai/content-hub/the-potential-of-ai-in-telehealth/,TG @BHS_LINKS - BEST SEO LINKS - https://t.me/bhs_links
spam,y-links-bhs.xyz,1.2,0,False,2026-02-23,False,https://k.y-links-bhs.xyz/algeria_ai-23-02-2026/bhs-links-algeria_ai-2/,https://3dlook.ai/content-hub/the-potential-of-ai-in-telehealth/,TG @BHS_LINKS - BEST SEO LINKS - https://t.me/bhs_links
spam,p-links-bhs.xyz,1.1,0,False,2026-02-23,False,https://s.p-links-bhs.xyz/algeria_ai-23-02-2026/bhs-links-algeria_ai-2/,https://3dlook.ai/content-hub/the-potential-of-ai-in-telehealth/,TG @BHS_LINKS - BEST SEO LINKS - https://t.me/bhs_links
spam,i-links-bhs.xyz,1.1,0,False,2026-02-23,False,https://z.i-links-bhs.xyz/algeria_ai-23-02-2026/bhs-links-algeria_ai-2/,https://3dlook.ai/content-hub/the-potential-of-ai-in-telehealth/,TG @BHS_LINKS - BEST SEO LINKS - https://t.me/bhs_links
spam,t-links-bhs.xyz,1.1,0,False,2026-02-23,False,https://a.t-links-bhs.xyz/algeria_ai-23-02-2026/bhs-links-algeria_ai-2/,https://3dlook.ai/content-hub/the-potential-of-ai-in-telehealth/,TG @BHS_LINKS - BEST SEO LINKS - https://t.me/bhs_links
spam,q-links-bhs.xyz,1.1,0,False,2026-02-23,False,https://a.q-links-bhs.xyz/algeria_ai-23-02-2026/bhs-links-algeria_ai-2/,https://3dlook.ai/content-hub/the-potential-of-ai-in-telehealth/,TG @BHS_LINKS - BEST SEO LINKS - https://t.me/bhs_links
spam,r-links-bhs.xyz,1.2,0,False,2026-02-23,False,https://h.r-links-bhs.xyz/algeria_ai-23-02-2026/bhs-links-algeria_ai-2/,https://3dlook.ai/content-hub/the-potential-of-ai-in-telehealth/,TG @BHS_LINKS - BEST SEO LINKS - https://t.me/bhs_links
spam,seo-anomaly-mexico.online,2.1,0,False,2025-10-31,False,https://seo-anomaly-mexico.online/armenia_ai-31-10-2025/seo-anomaly-armenia_ai-4/,https://3dlook.ai/content-hub/artificial-intelligence-in-fashion/,"TELEGRAM @SEO_ANOMALY - SEO BACKLINKS, BLACK-LINKS, TRAFFIC BOOST, LINK INDEXING"
spam,primecompanydirectory.com,2.7,0,True,2026-01-03,True,https://primecompanydirectory.com/directory-website-list-1967-marketing-pro-290/,https://3dlook.ai/,3dlook
spam,seotrove.shop,2.8,0,False,2026-06-20,True,https://seotrove.shop/ueb8s7i-page10-to-dr50-fintech-45-day-strategy-only-local-seo/,https://3dlook.ai/,"app3dlook.org: contextual backlinks, premium guest posts, on-page SEO, local SEO, custom web development, SaaS tools plus automation tools, all drivin"
spam,seobazaar.shop,2.8,0,False,2026-06-17,True,https://seobazaar.shop/ueb8s7i-page10-to-dr50-fintech-45-day-strategy-only-local-seo/,https://3dlook.ai/,"app3dlook.org: contextual backlinks, premium guest posts, on-page SEO, local SEO, custom web development, SaaS tools plus automation tools, all drivin"
spam,techleads.fyi,1.2,0,True,2026-07-04,True,https://techleads.fyi/technology/3dlook,https://3dlook.ai/,3dlook.me
spam,indians.cc,2.7,0,True,2026-05-09,False,https://www.indians.cc/page-2b2778a6f8a5d8d9a5fa46ef7c0d2f2f.html,https://3dlook.ai/,3dlook.ai
spam,knitika.com,3.4,0,False,2025-10-29,True,https://www.knitika.com/top-sweater-supplier-thessaloniki-best-knitwear-guide/,https://3dlook.ai/content-hub/apparel-return-rates-the-stats-retailers-cannot-ignore/,cut return costs by up to 75%
spam,domaindexer.com,3.8,0,False,2026-04-21,True,https://domaindexer.com/ERBVZGZ/94/,https://3dlook.ai/,app3dlook.org
spam,egyptiandirectory.com,4.2,0,True,2026-01-21,False,https://www.egyptiandirectory.com/page-2b2778a6f8a5d8d9a5fa46ef7c0d2f2f.html,https://3dlook.ai/,3dlook.ai
spam,indexed.vc,1.7,0,True,2026-08-01,True,https://indexed.vc/companies/3dlook,https://3dlook.ai/,3dlook.me
spam,domainanalysis.org,1.5,0,True,2026-03-03,True,https://domainanalysis.org/page-2b2778a6f8a5d8d9a5fa46ef7c0d2f2f.html,https://3dlook.ai/,3dlook.ai
spam,enterprisedirectoryhub.com,1.4,0,True,2025-10-24,False,https://enterprisedirectoryhub.com/directory-website-list-1967-marketing-pro-290/,https://3dlook.ai/,3dlook
spam,wearz.app,4.2,0,True,2025-05-03,True,https://wearz.app/clothing-augmented-reality/,https://3dlook.ai/,https://3dlook.ai/yourfit/
spam,backlinksbank.com,2.1,0,True,2026-07-02,False,http://www.backlinksbank.com/page-2b2778a6f8a5d8d9a5fa46ef7c0d2f2f.html,http://3dlook.ai/,3dlook.ai
spam,openpwa.kr,2.1,0,True,2026-07-25,True,https://www.openpwa.kr/apps/3dlook,https://3dlook.ai/,Launch App
spam,indexaward.com,4.9,0,True,2026-05-18,True,https://indexaward.com/3330107fe2a460e6cd8525ec504c0dc1-l/,https://3dlook.ai/uniform-pro/,uniformpro.me
spam,shotsecret.com,2.9,0,True,2025-02-25,True,https://shotsecret.com/ai-driven-workouts-revolutionizing-personal-training-in-2025.html,https://3dlook.ai/content-hub/ai-in-fitness-industry/,AI-driven fitness is changing
spam,linksnatcher.com,4.8,0,True,2026-01-01,False,https://www.linksnatcher.com/page-2b2778a6f8a5d8d9a5fa46ef7c0d2f2f.html,https://3dlook.ai/,3dlook.ai
spam,dupurgeniefr.com,1.8,0,True,2026-08-11,True,https://www.dupurgeniefr.com/all/3027/34.html,https://3dlook.ai/uniform-pro/,High Quality Dofollow Backlinks DA 50 PA 40 Premium PBN Network Service uniformpro.me Rank First Page Google Fast SEO Link Building Buy Backlinks Onli
spam,1000.co.in,1.2,0,True,2026-02-10,True,http://www.1000.co.in/page-2b2778a6f8a5d8d9a5fa46ef7c0d2f2f.html,http://3dlook.ai/,3dlook.ai
spam,techbumppy.com,2.2,0,True,2026-08-25,True,https://techbumppy.com/all/265/2.html,https://3dlook.ai/,High Quality Dofollow Backlinks DA 50 PA 40 Premium PBN Network Service app3dlook.org Rank First Page Google Fast SEO Link Building Buy Backlinks Onli
spam,bizbrainstorms.com,3.9,0,True,2026-07-04,False,https://www.bizbrainstorms.com/p/everything-know-ecommerce/,https://3dlook.ai/content-hub/apparel-return-rates-the-stats-retailers-cannot-ignore/,$281B in returns/yr
spam,flylabs.fun,1.1,0,True,2026-09-16,True,https://flylabs.fun/ideas/29acad4d-a50c-49ee-946c-a45d0a57233f,https://3dlook.ai/,Visit
spam,quotesblom.com,3.5,0,True,2026-08-02,True,https://quotesblom.com/all/50/31.html,https://3dlook.ai/,High Quality Dofollow Backlinks DA 50 PA 40 Premium PBN Network Service 3dlook.ai Rank First Page Google Fast SEO Link Building Buy Backlinks Online C
spam,buyseolinks.site,2.6,0,False,2026-08-01,True,https://buyseolinks.site/delta-8-flower-the-emerging-trend-in-hemp-and-wellness/,https://3dlook.ai/,3dlook.me
spam,chordmp3.net,1.3,0,True,2026-09-14,True,http://chordmp3.net/page-authority-index/professional-pbn-backlinks-to-increase-trust-flow-improve-google-rankings-with-safe-link-velocity-a8399f.html,https://3dlook.ai/,High Quality Dofollow Backlinks DA 50 PA 40 Premium PBN Network Service app3dlook.org Rank First Page Google Fast SEO Link Building Buy Backlinks Onli
spam,tyres.pro,1.0,0,True,2026-05-13,False,http://www.tyres.pro/page-2b2778a6f8a5d8d9a5fa46ef7c0d2f2f.html,http://3dlook.ai/,3dlook.ai
spam,topdirectory.co.in,3.3,0,False,2024-10-18,True,https://www.topdirectory.co.in/domain-list-615,https://3dlook.ai/,3dlook.me
spam,timewarnerent.com,2.5,0,True,2023-03-31,True,https://timewarnerent.com/toms-scorn-drives-interest-in-monstrous-tote-bag/,https://3dlook.ai/,3DLOOK
spam,wallpapers.pro,2.0,0,True,2026-05-12,False,https://www.wallpapers.pro/3330107fe2a460e6cd8525ec504c0dc1-l/,https://3dlook.ai/uniform-pro/,uniformpro.me
spam,stockstobuynow.com,1.6,0,True,2018-03-04,True,https://www.stockstobuynow.com/author/christopher/page/167/,https://3dlook.ai/content-hub/body-measurement-app-for-clothing/,https://ibn.fm/ADDQ3
spam,bisprofit.com,1.3,0,True,2026-08-13,False,https://www.bisprofit.com/all/50/31.html,https://3dlook.ai/,High Quality Dofollow Backlinks DA 50 PA 40 Premium PBN Network Service 3dlook.ai Rank First Page Google Fast SEO Link Building Buy Backlinks Online C
spam,tunca.org,4.3,0,True,2026-01-01,False,https://tunca.org/338a73670641b4b88757bc572440bdb4-l/,https://3dlook.ai/,3dlook.ai
spam,lydiaroyrealestate.com,1.3,0,True,2026-09-13,True,https://www.lydiaroyrealestate.com/seo-authority-links/expert-niche-edit-links-to-raise-domain-rating-strengthen-website-reputation-across-every-niche-and-market-13cecd.html,https://3dlook.ai/,High Quality Dofollow Backlinks DA 50 PA 40 Premium PBN Network Service app3dlook.org Rank First Page Google Fast SEO Link Building Buy Backlinks Onli
spam,gea.edu.ge,1.1,0,False,2024-10-19,True,https://gea.edu.ge/c/body-measurement-app-for-clothes-size.html,https://3dlook.ai/content-hub/body-measurement-app-for-clothing,Get More Here!!
spam,archive-hu.com,3.3,0,True,2026-08-11,True,https://www.archive-hu.com/all/3027/34.html,https://3dlook.ai/uniform-pro/,High Quality Dofollow Backlinks DA 50 PA 40 Premium PBN Network Service uniformpro.me Rank First Page Google Fast SEO Link Building Buy Backlinks Onli
spam,uncledspizza.com,2.0,0,True,2026-09-09,True,https://uncledspizza.com/link-equity-archive/powerful-manual-outreach-backlinks-to-improve-citation-flow-outrank-your-competitors-and-grow-your-business-online-56e87e.html,https://3dlook.ai/,High Quality Dofollow Backlinks DA 50 PA 40 Premium PBN Network Service 3dlook.ai Rank First Page Google Fast SEO Link Building Buy Backlinks Online C
spam,bestnz-poker-casinoslot.com,1.5,0,True,2026-08-05,True,https://bestnz-poker-casinoslot.com/all/3027/34.html,https://3dlook.ai/uniform-pro/,High Quality Dofollow Backlinks DA 50 PA 40 Premium PBN Network Service uniformpro.me Rank First Page Google Fast SEO Link Building Buy Backlinks Onli
spam,s-tribe.net,3.2,0,True,2026-09-24,True,https://s-tribe.net/indexation-directory/expert-dofollow-link-building-to-raise-domain-rating-grow-search-traffic-and-grow-your-business-online-7a1df0.html,https://3dlook.ai/uniform-pro/,High Quality Dofollow Backlinks DA 50 PA 40 Premium PBN Network Service uniformpro.me Rank First Page Google Fast SEO Link Building Buy Backlinks Onli
spam,favicool.com,6.0,0,True,2026-01-21,True,https://favicool.com/download/3dlook,https://3dlook.ai/,Visit Website
spam,topranking.shop,5.0,0,False,2026-09-10,True,https://topranking.shop/bdkb-get-ranking-on-1st-page-with-us,https://3dlook.ai/,3dlook.ai
spam,backlinkon.com,5.0,0,True,2026-07-02,False,http://www.backlinkon.com/page-2b2778a6f8a5d8d9a5fa46ef7c0d2f2f.html,http://3dlook.ai/,3dlook.ai
spam,boosttraffic.site,5.0,0,False,2026-09-18,True,https://boosttraffic.site/azkr-get-ranking-on-1st-page-with-us,https://3dlook.ai/,3dlook.ai
spam,newsblogsports.site,7.0,0,True,2026-05-07,False,https://newsblogsports.site/all/9/2,https://3dlook.ai/,Best Pinterest Tool SiteToSocial.com to Grow Your Website Traffic Fully Automated
spam,allistingdirectory.com,5.0,0,True,2025-10-10,True,https://allistingdirectory.com/directory-website-list-1967/,https://3dlook.ai/,3dlook
spam,domainsc.com,6.0,0,True,2026-04-18,True,https://www.domainsc.com/page-2b2778a6f8a5d8d9a5fa46ef7c0d2f2f.html,https://3dlook.ai/,3dlook.ai
spam,getranked.site,5.0,0,False,2026-09-18,True,https://getranked.site/cbzw-get-ranking-on-1st-page-with-us,https://3dlook.ai/uniform-pro/,uniformpro.me
spam,way2check.cv,7.0,0,True,2026-04-18,False,https://www.way2check.cv/page-2b2778a6f8a5d8d9a5fa46ef7c0d2f2f.html,https://3dlook.ai/,3dlook.ai
spam,panderzinedistro.com,6.0,0,True,2024-01-14,True,https://panderzinedistro.com/trendsetters-arsenal-fashion-tools.html,https://3dlook.ai/content-hub/ar-clothing-try-on-tools/,Trendsetters Arsenal Fashion Tools
spam,topy.ai,10.0,0,True,2025-07-31,True,https://demo.topy.ai/top-ukrainian-startup-investment-platforms-and-opportunities-in-2025/,https://3dlook.ai/,3Dlook
spam,robuta.com,7.0,0,True,2026-07-02,True,https://robuta.com/?q=body+scanning,https://3dlook.ai/,3DLOOK - AI-powered 3D body scanning solution
spam,searchwins.shop,5.0,0,False,2026-09-10,True,https://searchwins.shop/aghu-get-ranking-on-1st-page-with-us,https://3dlook.ai/,3dlook.ai
spam,allinone.co.in,7.0,0,False,2026-04-15,True,https://www.allinone.co.in/domains/24279/eae6dec2bf4d27f153e6cd7fd6199e36/,https://3dlook.ai/,app3dlook.org
spam,fastranking.shop,5.0,0,False,2026-09-11,True,https://fastranking.shop/bxir-get-ranking-on-1st-page-with-us,https://3dlook.ai/,app3dlook.org
spam,ycm.info,7.0,0,True,2025-12-27,False,https://www.ycm.info/3330107fe2a460e6cd8525ec504c0dc1-l/,https://3dlook.ai/uniform-pro/,uniformpro.me
spam,trafficexperts.site,5.0,0,False,2026-09-18,True,https://trafficexperts.site/aukm-get-ranking-on-1st-page-with-us,https://3dlook.ai/uniform-pro/,uniformpro.me
spam,mooone.co,8.0,0,False,2026-08-17,True,http://www.mooone.co/index-2378.html,https://3dlook.ai/content-hub/weight-loss-industry-overview/,$362.1 billion by 2034
spam,organictraffic.site,5.0,0,False,2026-09-09,True,https://organictraffic.site/biek-get-ranking-on-1st-page-with-us,https://3dlook.ai/,3dlook.ai
spam,acquire.co.in,6.0,0,False,2026-04-23,True,https://www.acquire.co.in/domains/281310/c86e1c376eec50af65b3be0c2e46889e/,https://3dlook.ai/uniform-pro/,uniformpro.me
spam,growwithseo.shop,5.0,0,False,2026-09-09,True,https://growwithseo.shop/atmf-get-ranking-on-1st-page-with-us,https://3dlook.ai/,3dlook.ai
spam,eliteseo.site,5.0,0,False,2026-09-10,True,https://eliteseo.site/bnvd-get-ranking-on-1st-page-with-us,https://3dlook.ai/,app3dlook.org
spam,seodirectorypro.com,6.0,0,True,2026-01-25,True,https://seodirectorypro.com/directory-website-list-1967/,https://3dlook.ai/,3dlook
spam,ready.pro,9.0,0,False,2026-04-02,True,https://www.ready.pro/stats/92710,https://3dlook.ai/,3dlook.me
spam,plrdownloadshub.com,6.0,0,True,2026-08-19,True,https://www.plrdownloadshub.com/all/3027/34.html,https://3dlook.ai/,High Quality Dofollow Backlinks DA 50 PA 40 Premium PBN Network Service uniformpro.me Rank First Page Google Fast SEO Link Building Buy Backlinks Onli
spam,findit.co.in,8.0,0,False,2026-04-29,True,https://www.findit.co.in/domains/24279/eeb08676143a8de435fa4ad7b8982a60/,https://3dlook.ai/,app3dlook.org
spam,windowspc.software,5.0,0,False,2021-06-11,True,https://windowspc.software/app/1563033836/uniform-pro,https://3dlook.ai/uniform-pro/,"3DLOOK, Inc."
spam,rankfirst.shop,5.0,0,False,2026-09-11,True,https://rankfirst.shop/awzt-get-ranking-on-1st-page-with-us,https://3dlook.ai/,app3dlook.org
spam,wecelebrities.com,6.0,0,True,2026-07-31,True,http://wecelebrities.com/all/265/2.html,https://3dlook.ai/,High Quality Dofollow Backlinks DA 50 PA 40 Premium PBN Network Service app3dlook.org Rank First Page Google Fast SEO Link Building Buy Backlinks Onli
spam,localranking.site,5.0,0,False,2026-09-09,True,https://localranking.site/aufr-get-ranking-on-1st-page-with-us,https://3dlook.ai/,3dlook.ai
spam,uwirepr.com,6.0,0,True,2013-09-01,True,http://uwirepr.com/category/other/page/21/,https://3dlook.ai/,website
spam,gamerkun.com,9.0,0,True,2026-05-09,False,http://www.gamerkun.com/page-2b2778a6f8a5d8d9a5fa46ef7c0d2f2f.html,http://3dlook.ai/,3dlook.ai
spam,smartstimer.com,6.0,0,True,2026-08-07,False,https://www.smartstimer.com/all/3027/34.html,https://3dlook.ai/uniform-pro/,High Quality Dofollow Backlinks DA 50 PA 40 Premium PBN Network Service uniformpro.me Rank First Page Google Fast SEO Link Building Buy Backlinks Onli
spam,alljobs.info,8.0,0,True,2026-01-28,False,https://www.alljobs.info/338a73670641b4b88757bc572440bdb4-l/,https://3dlook.ai/,3dlook.ai
spam,winningseo.site,5.0,0,False,2026-09-09,True,https://winningseo.site/aply-get-ranking-on-1st-page-with-us,https://3dlook.ai/,3dlook.ai
spam,seoprodirectory.com,9.0,0,True,2025-12-18,False,https://seoprodirectory.com/directory-website-list-345/,https://3dlook.ai/,3dlook
spam,techlist.ai,9.0,0,True,2026-05-18,True,https://techlist.ai/3dlook.ai,https://3dlook.ai/pricing/,pricing page
spam,pagesearch.net,6.0,0,True,2025-12-26,False,https://pagesearch.net/338a73670641b4b88757bc572440bdb4-l/,https://3dlook.ai/,3dlook.ai
spam,rankpilot.shop,13.0,0,False,2025-09-26,True,https://rankpilot.shop/0i8oyw-ready-to-rank-fast-choose-your-plan-manual-work-google-friendly/,https://3dlook.ai/,"Rank uniformpro.me in all niches — PBN links, DR80+, monthly SEO, DR/DA/TF, full SEO — gambling accepted. | Visit Rankva.com for any Query"
spam,beaconpointcolorado.com,17.0,0,False,2026-03-04,True,http://beaconpointcolorado.com/index-2631.html,https://3dlook.ai/,3DLOOK
spam,ratemyaisite.com,11.0,0,False,2026-05-09,True,https://ratemyaisite.com/site/3dlook.ai,https://3dlook.ai/,Visit ↗
spam,seotrafficdirectory.com,14.0,0,True,2025-09-27,False,https://seotrafficdirectory.com/directory-website-list-345/,https://3dlook.ai/,3dlook
spam,tasteofthaiharrisonburg.com,16.0,0,False,2022-03-26,True,https://tasteofthaiharrisonburg.com/4-digital-innovations-transforming-the-fashion-industry.html,https://3dlook.ai/,3D Look
spam,alternativeradar.com,11.0,0,True,2025-10-30,True,https://alternativeradar.com/undresser-ai-alternatives/,https://3dlook.ai/,3DLOOK
spam,rdxextremez.com,12.0,0,True,2026-09-24,True,https://www.rdxextremez.com/seo-metrics-hub/high-quality-dofollow-link-building-for-higher-da-and-dr-scores-drive-qualified-visitors-across-every-niche-and-market-e02e62.html,https://3dlook.ai/,High Quality Dofollow Backlinks DA 50 PA 40 Premium PBN Network Service 3dlook.ai Rank First Page Google Fast SEO Link Building Buy Backlinks Online C
spam,apprank.io,12.0,0,True,2026-09-17,True,https://apprank.io/xpertfit-backstage-7448,https://3dlook.ai/,Support Page
spam,tiavialva.com,10.0,0,True,2026-04-30,True,https://tiavialva.com/category/fashion/,https://3dlook.ai/,3DLOOK
spam,thediscountinfo.com,12.0,0,True,2024-10-08,True,https://thediscountinfo.com/top-6-fitness-technology-trends-in-2024/,https://3dlook.ai/content-hub/ai-in-fitness-industry/,AI in fitness
spam,paultandesigns.com,17.0,0,False,2021-06-12,True,https://paultandesigns.com/why-fashion-needs-to-be-more-sustainable.html,https://3dlook.ai/,Mobile body scanning
spam,ranksdirectory.com,18.0,0,True,2024-03-25,True,https://ranksdirectory.com/podcasting-as-a-marketings-channels/,https://3dlook.ai/,3dlook
spam,semrushdirectory.com,14.0,0,True,2025-09-26,True,https://semrushdirectory.com/directory-website-list-1967/,https://3dlook.ai/,3dlook
spam,cheaplebronjamesshoes2014.com,17.0,0,True,2025-03-25,True,https://cheaplebronjamesshoes2014.com/how-emerging-fashion-trends-are-shaping-the-future.html,https://3dlook.ai/content-hub/the-future-of-fashion-retail/,future fashion shaping trends
spam,seowebsitesdirectory.com,12.0,0,True,2025-10-03,True,https://seowebsitesdirectory.com/most-visited-website-list-1967/,https://3dlook.ai/,3dlook
spam,brouky.tech,10.0,0,True,2026-08-11,True,https://brouky.tech/startups/3DLOOK,https://3dlook.ai/,3dlook.me/
spam,primesolodirectory.com,11.0,0,True,2025-09-28,True,https://primesolodirectory.com/directory-website-list-345/,https://3dlook.ai/,3dlook
spam,theskylinepub.com,18.0,0,False,2022-04-29,True,https://theskylinepub.com/3dlook-releases-fashions-earth-day-heroes-lookbook-top-50-sustainable-fashion-influencers-of-2022-news.html,https://3dlook.ai/mobile-tailor/,site
spam,directorycloudhub.com,15.0,0,True,2025-08-07,True,https://directorycloudhub.com/directory-website-list-345/,https://3dlook.ai/,3dlook
spam,linkdirectoryzone.com,14.0,0,True,2025-09-26,True,https://linkdirectoryzone.com/directory-website-list-345/,https://3dlook.ai/,3dlook
spam,marketingexperts.click,16.0,0,False,2026-02-10,True,https://marketingexperts.click/?p=328475,https://3dlook.ai/,3dlook.me
spam,nitinenterprises.shop,18.0,0,True,2026-09-26,True,http://nitinenterprises.shop/all/265/2.html,https://3dlook.ai/,High Quality Dofollow Backlinks DA 50 PA 40 Premium PBN Network Service app3dlook.org Rank First Page Google Fast SEO Link Building Buy Backlinks Onli
spam,theforbestimes.com,10.0,0,True,2026-09-09,True,https://theforbestimes.com/link-building-hub/high-quality-guest-post-service-to-increase-trust-flow-secure-first-page-positions-with-safe-link-velocity-7e09b6.html,https://3dlook.ai/uniform-pro/,High Quality Dofollow Backlinks DA 50 PA 40 Premium PBN Network Service uniformpro.me Rank First Page Google Fast SEO Link Building Buy Backlinks Onli
spam,inhealthbody.co.uk,20.0,0,True,2025-03-13,True,https://inhealthbody.co.uk/discover-new-workouts-with-innovative-fitness-apps.html,https://3dlook.ai/content-hub/top-trends-and-features-in-fitness-apps/,variety of classes
spam,edy-diplom.com,12.0,0,True,2026-09-10,True,https://edy-diplom.com/take-shoulder-measurement,https://3dlook.ai/,3DLook
spam,kkinsider.com,19.0,0,True,2026-08-23,True,https://kkinsider.com/all/50/31.html,https://3dlook.ai/,High Quality Dofollow Backlinks DA 50 PA 40 Premium PBN Network Service 3dlook.ai Rank First Page Google Fast SEO Link Building Buy Backlinks Online C
spam,topsiterankdirectory.com,14.0,0,True,2025-11-14,False,https://topsiterankdirectory.com/directory-website-list-1967-marketing-pro-290/,https://3dlook.ai/,3dlook
spam,websiterace.com,10.0,0,True,2025-12-27,False,https://www.websiterace.com/3330107fe2a460e6cd8525ec504c0dc1-l/,https://3dlook.ai/,uniformpro.me
spam,wardrobewonderspro.com,16.0,0,True,2025-03-13,True,https://wardrobewonderspro.com/trends-shaping-fashion-industry.html,https://3dlook.ai/content-hub/the-future-of-fashion-retail/,Trends Shaping Fashion Industry
spam,afre.org,19.0,0,True,2024-12-10,True,https://afre.org/sustainable-fashion-choices-for-eco-conscious-living.html,https://3dlook.ai/content-hub/sustainable-fashion-trends/,Eco-conscious fashion
spam,ambrosi.ca,15.0,0,True,2026-09-16,True,https://ambrosi.ca/take-shoulder-measurement,https://3dlook.ai/,3DLook
spam,getwebsiteworth.com,15.0,0,True,2025-11-29,False,https://www.getwebsiteworth.com/3330107fe2a460e6cd8525ec504c0dc1-l/,https://3dlook.ai/uniform-pro/,uniformpro.me
spam,fastlifesite.com,10.0,0,True,2026-08-24,True,https://fastlifesite.com/all/265/2.html,https://3dlook.ai/,High Quality Dofollow Backlinks DA 50 PA 40 Premium PBN Network Service app3dlook.org Rank First Page Google Fast SEO Link Building Buy Backlinks Onli
spam,thedocmag.com,16.0,0,True,2026-08-19,True,http://thedocmag.com/all/50/31.html,https://3dlook.ai/,High Quality Dofollow Backlinks DA 50 PA 40 Premium PBN Network Service 3dlook.ai Rank First Page Google Fast SEO Link Building Buy Backlinks Online C
spam,guestpostwebdirectory.com,13.0,0,True,2025-08-20,True,https://guestpostwebdirectory.com/most-visited-website-list-345/,https://3dlook.ai/,3dlook
spam,toptierdirectory.com,11.0,0,True,2025-12-08,True,https://toptierdirectory.com/directory-website-list-1967/,https://3dlook.ai/,3dlook
spam,shopselegante.com,15.0,0,True,2025-05-12,True,https://shopselegante.com/the-best-sustainable-fashion-trends-to-try-this-season.html,https://3dlook.ai/content-hub/sustainable-fashion-trends/,the best sustainable fashion trends
spam,tebesir.com,13.0,0,True,2026-09-10,True,https://tebesir.com/take-shoulder-measurement,https://3dlook.ai/,3DLook
spam,ploetzlicher-kindstod.org,18.0,0,False,2024-08-05,True,https://ploetzlicher-kindstod.org/the-fashion-retailer-a-few-words-with-vadim-rogovskiy-3dlook-ceo.html,https://3dlook.ai/,3DLOOK
spam,berthascafephoenix.com,17.0,0,True,2021-02-08,True,https://berthascafephoenix.com/these-manner-applications-are-as-near-to-irl-searching-as-you-can-get.html,https://3dlook.ai/,3DLook
spam,topbillion.net,14.0,0,False,2026-07-05,True,https://www.topbillion.net/domains/24279/97c17016d03aafd3320ed06a6fd0a22a/,https://3dlook.ai/,app3dlook.org
spam,tiorai.com,11.0,0,False,2026-08-31,True,https://tiorai.com/tools/3dlook/,https://3dlook.ai/,Open the pricing page (opens in a new tab)
spam,clientsbee.com,15.0,0,True,2025-05-11,True,https://clientsbee.com/website/3dlook.me/,https://3dlook.ai/,Visit
spam,ailternative.com,12.0,0,False,2026-08-23,True,https://ailternative.com/alternative/virtual-fitter,https://3dlook.ai/,Visit site
spam,clearlinkpro.shop,30.0,0,False,2026-09-26,True,https://clearlinkpro.shop/6zlcvxa-why-content-silos-works-europe-africa-middle-east-often-fails-nigeria-kenya/,https://3dlook.ai/,reseller pricing from 3dlook.ai: topical authority builds and link velocity planning for real estate marketers who need visibility in the searches tha
spam,crawlmiro.shop,30.0,0,False,2026-09-27,True,https://crawlmiro.shop/6zlcvxa-why-content-silos-works-europe-africa-middle-east-often-fails-nigeria-kenya/,https://3dlook.ai/,reseller pricing from 3dlook.ai: topical authority builds and link velocity planning for real estate marketers who need visibility in the searches tha
spam,clearranklab.shop,30.0,0,False,2026-09-27,True,https://clearranklab.shop/6zlcvxa-why-content-silos-works-europe-africa-middle-east-often-fails-nigeria-kenya/,https://3dlook.ai/,reseller pricing from 3dlook.ai: topical authority builds and link velocity planning for real estate marketers who need visibility in the searches tha
spam,linkqira.shop,30.0,0,False,2026-09-26,True,https://linkqira.shop/6zlcvxa-why-content-silos-works-europe-africa-middle-east-often-fails-nigeria-kenya/,https://3dlook.ai/,reseller pricing from 3dlook.ai: topical authority builds and link velocity planning for real estate marketers who need visibility in the searches tha
spam,crawltera.shop,30.0,0,False,2026-09-27,True,https://crawltera.shop/6zlcvxa-why-content-silos-works-europe-africa-middle-east-often-fails-nigeria-kenya/,https://3dlook.ai/,reseller pricing from 3dlook.ai: topical authority builds and link velocity planning for real estate marketers who need visibility in the searches tha
spam,ideas.xyz,21.0,0,False,2026-03-27,True,https://ideas.xyz/compagnies/sl,https://3dlook.ai/content-hub/slo-jeans-and-mobile-tailor/,https://3dlook.ai/content-hub/slo-jeans-and-mobile-tailor/
spam,anchorrixa.shop,30.0,0,False,2026-09-26,True,https://anchorrixa.shop/6zlcvxa-why-content-silos-works-europe-africa-middle-east-often-fails-nigeria-kenya/,https://3dlook.ai/,reseller pricing from 3dlook.ai: topical authority builds and link velocity planning for real estate marketers who need visibility in the searches tha
spam,freshboosthub.shop,30.0,0,False,2026-09-27,True,https://freshboosthub.shop/6zlcvxa-why-content-silos-works-europe-africa-middle-east-often-fails-nigeria-kenya/,https://3dlook.ai/,reseller pricing from 3dlook.ai: topical authority builds and link velocity planning for real estate marketers who need visibility in the searches tha
spam,sandobap.com,22.0,0,True,2022-04-04,True,https://sandobap.com/4-digital-innovations-transforming-the-fashion-industry.html,https://3dlook.ai/,3DLOOK
spam,crawlmexa.shop,30.0,0,False,2026-09-27,True,https://crawlmexa.shop/6zlcvxa-why-content-silos-works-europe-africa-middle-east-often-fails-nigeria-kenya/,https://3dlook.ai/,reseller pricing from 3dlook.ai: topical authority builds and link velocity planning for real estate marketers who need visibility in the searches tha
spam,linklivo.shop,30.0,0,False,2026-09-26,True,https://linklivo.shop/6zlcvxa-why-content-silos-works-europe-africa-middle-east-often-fails-nigeria-kenya/,https://3dlook.ai/,reseller pricing from 3dlook.ai: topical authority builds and link velocity planning for real estate marketers who need visibility in the searches tha
spam,freshranklab.shop,30.0,0,False,2026-09-26,True,https://freshranklab.shop/6zlcvxa-why-content-silos-works-europe-africa-middle-east-often-fails-nigeria-kenya/,https://3dlook.ai/,reseller pricing from 3dlook.ai: topical authority builds and link velocity planning for real estate marketers who need visibility in the searches tha
spam,brightseohub.shop,30.0,0,False,2026-09-20,True,https://brightseohub.shop/3kmr4bz-how-agency-owners-brief-supplier-trust-flow-links/,https://3dlook.ai/uniform-pro/,"GMB optimization from uniformpro.me for publishers who are tired of vague deliverables: turnaround times stated up front, a single invoice covering ev"
spam,crawlqaro.shop,30.0,0,False,2026-09-27,True,https://crawlqaro.shop/6zlcvxa-why-content-silos-works-europe-africa-middle-east-often-fails-nigeria-kenya/,https://3dlook.ai/,reseller pricing from 3dlook.ai: topical authority builds and link velocity planning for real estate marketers who need visibility in the searches tha
spam,anchorviro.shop,30.0,0,False,2026-09-26,True,https://anchorviro.shop/6zlcvxa-why-content-silos-works-europe-africa-middle-east-often-fails-nigeria-kenya/,https://3dlook.ai/,reseller pricing from 3dlook.ai: topical authority builds and link velocity planning for real estate marketers who need visibility in the searches tha
spam,crawlqano.shop,30.0,0,False,2026-09-27,True,https://crawlqano.shop/6zlcvxa-why-content-silos-works-europe-africa-middle-east-often-fails-nigeria-kenya/,https://3dlook.ai/,reseller pricing from 3dlook.ai: topical authority builds and link velocity planning for real estate marketers who need visibility in the searches tha
spam,swiftseolink.shop,30.0,0,False,2026-09-26,True,https://swiftseolink.shop/6zlcvxa-why-content-silos-works-europe-africa-middle-east-often-fails-nigeria-kenya/,https://3dlook.ai/,reseller pricing from 3dlook.ai: topical authority builds and link velocity planning for real estate marketers who need visibility in the searches tha
spam,webbranddirectory.com,21.0,0,True,2025-10-31,True,https://webbranddirectory.com/most-visited-website-list-345/,https://3dlook.ai/,3dlook
spam,authoritywave.shop,30.0,0,False,2026-09-27,True,https://authoritywave.shop/6zlcvxa-why-content-silos-works-europe-africa-middle-east-often-fails-nigeria-kenya/,https://3dlook.ai/,reseller pricing from 3dlook.ai: topical authority builds and link velocity planning for real estate marketers who need visibility in the searches tha
spam,linkrivo.shop,30.0,0,False,2026-09-26,True,https://linkrivo.shop/6zlcvxa-why-content-silos-works-europe-africa-middle-east-often-fails-nigeria-kenya/,https://3dlook.ai/,reseller pricing from 3dlook.ai: topical authority builds and link velocity planning for real estate marketers who need visibility in the searches tha
spam,clearseohub.shop,30.0,0,False,2026-09-26,True,https://clearseohub.shop/6zlcvxa-why-content-silos-works-europe-africa-middle-east-often-fails-nigeria-kenya/,https://3dlook.ai/,reseller pricing from 3dlook.ai: topical authority builds and link velocity planning for real estate marketers who need visibility in the searches tha
spam,anchornaro.shop,30.0,0,False,2026-09-27,True,https://anchornaro.shop/6zlcvxa-why-content-silos-works-europe-africa-middle-east-often-fails-nigeria-kenya/,https://3dlook.ai/,reseller pricing from 3dlook.ai: topical authority builds and link velocity planning for real estate marketers who need visibility in the searches tha
spam,neoaztlan.com,22.0,0,False,2022-05-01,True,https://neoaztlan.com/3dlook-releases-fashions-earth-day-heroes-lookbook-top-50-sustainable-fashion-influencers-of-2022-news.html,https://3dlook.ai/top-50-sustainable-fashion-influencers/,website
spam,homesforsaleoldgreenwichct.com,23.0,0,True,2026-08-27,True,https://www.homesforsaleoldgreenwichct.com/all/3027/34.html,https://3dlook.ai/,High Quality Dofollow Backlinks DA 50 PA 40 Premium PBN Network Service uniformpro.me Rank First Page Google Fast SEO Link Building Buy Backlinks Onli
spam,anchortera.shop,30.0,0,False,2026-09-26,True,https://anchortera.shop/6zlcvxa-why-content-silos-works-europe-africa-middle-east-often-fails-nigeria-kenya/,https://3dlook.ai/,reseller pricing from 3dlook.ai: topical authority builds and link velocity planning for real estate marketers who need visibility in the searches tha
spam,linkmiro.shop,30.0,0,False,2026-09-26,True,https://linkmiro.shop/6zlcvxa-why-content-silos-works-europe-africa-middle-east-often-fails-nigeria-kenya/,https://3dlook.ai/,reseller pricing from 3dlook.ai: topical authority builds and link velocity planning for real estate marketers who need visibility in the searches tha
spam,domains.com.bz,28.0,0,True,2026-05-18,True,https://www.domains.com.bz/page/3856/,https://3dlook.ai/,3dlook.ai
spam,anchorvexa.shop,30.0,0,False,2026-09-27,True,https://anchorvexa.shop/6zlcvxa-why-content-silos-works-europe-africa-middle-east-often-fails-nigeria-kenya/,https://3dlook.ai/,reseller pricing from 3dlook.ai: topical authority builds and link velocity planning for real estate marketers who need visibility in the searches tha
spam,clearseolink.shop,30.0,0,False,2026-09-27,True,https://clearseolink.shop/6zlcvxa-why-content-silos-works-europe-africa-middle-east-often-fails-nigeria-kenya/,https://3dlook.ai/,reseller pricing from 3dlook.ai: topical authority builds and link velocity planning for real estate marketers who need visibility in the searches tha
spam,linkqano.shop,30.0,0,False,2026-09-26,True,https://linkqano.shop/6zlcvxa-why-content-silos-works-europe-africa-middle-east-often-fails-nigeria-kenya/,https://3dlook.ai/,reseller pricing from 3dlook.ai: topical authority builds and link velocity planning for real estate marketers who need visibility in the searches tha
spam,freshseohub.shop,30.0,0,False,2026-09-26,True,https://freshseohub.shop/6zlcvxa-why-content-silos-works-europe-africa-middle-east-often-fails-nigeria-kenya/,https://3dlook.ai/,reseller pricing from 3dlook.ai: topical authority builds and link velocity planning for real estate marketers who need visibility in the searches tha
spam,crawlnexa.shop,30.0,0,False,2026-09-26,True,https://crawlnexa.shop/6zlcvxa-why-content-silos-works-europe-africa-middle-east-often-fails-nigeria-kenya/,https://3dlook.ai/,reseller pricing from 3dlook.ai: topical authority builds and link velocity planning for real estate marketers who need visibility in the searches tha
spam,swiftlinkpro.shop,30.0,0,False,2026-09-20,True,https://swiftlinkpro.shop/yl5ebni-bulk-order-discounts-guest-posts-what-media-buyers-expect-serious-supplier/,https://3dlook.ai/uniform-pro/,"Keywords are where most people start. uniformpro.me takes travel brands further with SEO reseller programs, TF boost packages, site audits and keyword"
spam,sunnyjophotography.com,22.0,0,False,2021-06-13,True,https://sunnyjophotography.com/why-fashion-needs-to-be-more-sustainable.html,https://3dlook.ai/,Mobile body scanning
spam,linkharvest.shop,30.0,0,False,2026-09-26,True,https://linkharvest.shop/6zlcvxa-why-content-silos-works-europe-africa-middle-east-often-fails-nigeria-kenya/,https://3dlook.ai/,reseller pricing from 3dlook.ai: topical authority builds and link velocity planning for real estate marketers who need visibility in the searches tha
spam,worldbusinesspromote.com,22.0,0,False,2026-03-25,True,https://worldbusinesspromote.com/delta-8-flower-the-emerging-trend-in-hemp-and-wellness/,https://3dlook.ai/,3dlook.me
spam,grandseolink.shop,30.0,0,False,2026-09-26,True,https://grandseolink.shop/6zlcvxa-why-content-silos-works-europe-africa-middle-east-often-fails-nigeria-kenya/,https://3dlook.ai/,reseller pricing from 3dlook.ai: topical authority builds and link velocity planning for real estate marketers who need visibility in the searches tha
spam,bitproperty.online,26.0,0,True,2026-09-11,True,https://bitproperty.online/link-profile-hub/trusted-pbn-backlinks-to-strengthen-your-link-profile-grow-search-traffic-and-grow-your-business-online-ed6c15.html,https://3dlook.ai/,"Powerful Dofollow Link Building for uniformpro.me to Strengthen Your Link Profile. Build Lasting Authority, Across Every Niche and Market."
spam,linknaro.shop,30.0,0,False,2026-09-27,True,https://linknaro.shop/xzv10dg-how-white-label-partners-protect-cybersecurity-clients/,https://3dlook.ai/,uniformpro.me supplies traffic-backed roundup links to link builders in Africa
spam,pirdu.com,27.0,0,True,2022-08-29,False,https://pirdu.com/the-top-5-business-owners-search-engine-optimization-seo-myths-explained/,https://3dlook.ai/,3dlook
spam,anchorqaro.shop,30.0,0,False,2026-09-27,True,https://anchorqaro.shop/xzv10dg-how-white-label-partners-protect-cybersecurity-clients/,https://3dlook.ai/,uniformpro.me supplies traffic-backed roundup links to link builders in Africa
spam,brightboosthub.shop,30.0,0,False,2026-09-20,True,https://brightboosthub.shop/e4ftztv-how-marketers-tired-vague-deliverables-scale-page-seo-one-client/,https://3dlook.ai/,"same-week turnaround, editorially reviewed WordPress development and local SEO — 3dlook.ai was built for portfolio owners in Africa. Book a short call"
spam,crawlrivo.shop,30.0,0,False,2026-09-27,True,https://crawlrivo.shop/6zlcvxa-why-content-silos-works-europe-africa-middle-east-often-fails-nigeria-kenya/,https://3dlook.ai/,reseller pricing from 3dlook.ai: topical authority builds and link velocity planning for real estate marketers who need visibility in the searches tha
spam,xacobeogalicia.org,29.0,0,True,2021-03-08,True,https://xacobeogalicia.org/these-style-apps-are-as-near-to-irl-buying-as-you-can-get.html,https://3dlook.ai/,3DLook
spam,brightranklab.shop,30.0,0,False,2026-09-19,True,https://brightranklab.shop/rbvmn6m-how-bloggers-choose-supplier-skyscraper-outreach-vetting-criteria-red-flags-realistic/,https://3dlook.ai/,"Ranking in every market we can verify data for is not the same job as ranking at home. 3dlook.ai handles scalable press release links, technical SEO a"
spam,freshseolink.shop,30.0,0,False,2026-09-27,True,https://freshseolink.shop/6zlcvxa-why-content-silos-works-europe-africa-middle-east-often-fails-nigeria-kenya/,https://3dlook.ai/,reseller pricing from 3dlook.ai: topical authority builds and link velocity planning for real estate marketers who need visibility in the searches tha
spam,grandseohub.shop,30.0,0,False,2026-09-26,True,https://grandseohub.shop/6zlcvxa-why-content-silos-works-europe-africa-middle-east-often-fails-nigeria-kenya/,https://3dlook.ai/,reseller pricing from 3dlook.ai: topical authority builds and link velocity planning for real estate marketers who need visibility in the searches tha
spam,grandlinkpro.shop,30.0,0,False,2026-09-26,True,https://grandlinkpro.shop/xzv10dg-how-white-label-partners-protect-cybersecurity-clients/,https://3dlook.ai/,uniformpro.me supplies traffic-backed roundup links to link builders in Africa
spam,swiftseohub.shop,30.0,0,False,2026-09-20,True,https://swiftseohub.shop/jmol0wp-private-inventory-resell-explained-what-media-buyers-uk-europe-gulf-safely/,https://3dlook.ai/,"Every order of footer links from app3dlook.org includes penalty recovery, the same reporting we run on our own campaigns and campaign planning include"
spam,crawlrixa.shop,30.0,0,False,2026-09-27,True,https://crawlrixa.shop/6zlcvxa-why-content-silos-works-europe-africa-middle-east-often-fails-nigeria-kenya/,https://3dlook.ai/,reseller pricing from 3dlook.ai: topical authority builds and link velocity planning for real estate marketers who need visibility in the searches tha
spam,skylinkseo.site,27.0,0,False,2026-04-23,True,https://skylinkseo.site/210-area-code-the-heartbeat-of-san-antonio/comment-page-1/,https://3dlook.ai/,3dlook
spam,clearboosthub.shop,30.0,0,False,2026-09-27,True,https://clearboosthub.shop/6zlcvxa-why-content-silos-works-europe-africa-middle-east-often-fails-nigeria-kenya/,https://3dlook.ai/,reseller pricing from 3dlook.ai: topical authority builds and link velocity planning for real estate marketers who need visibility in the searches tha
spam,swiftranklab.shop,30.0,0,False,2026-09-20,True,https://swiftranklab.shop/4s2v8mt-cheap-citation-building-versus-budget-aware-automation-tools-what/,https://3dlook.ai/uniform-pro/,"Whether you need web development or link velocity planning, uniformpro.me serves crypto projects across more than a dozen time zones with monthly reta"
spam,goooogla.com,28.0,0,False,2026-05-11,True,https://www.goooogla.com/best-for-ranking-xzghghseo/hbvjqdseo/,https://3dlook.ai/,https://3dlook.ai/
spam,authoritynestle.shop,30.0,0,False,2026-09-26,True,https://authoritynestle.shop/6zlcvxa-why-content-silos-works-europe-africa-middle-east-often-fails-nigeria-kenya/,https://3dlook.ai/,reseller pricing from 3dlook.ai: topical authority builds and link velocity planning for real estate marketers who need visibility in the searches tha
spam,authoritypeak.shop,30.0,0,False,2026-09-26,True,https://authoritypeak.shop/vahp5ow-how-long-affiliate-site-seo-takes-move-page-one/,https://3dlook.ai/,app3dlook.org supplies relevance-first PBN backlinks to multi-location brands in any country you sell in
spam,toparticlesdirectory.com,25.0,0,True,2022-06-25,True,https://toparticlesdirectory.com/learn-the-truth-about-your-web-design-company-by-its-portfolio/,https://3dlook.ai/,3dlook
spam,archiebronsonoutfit.net,20.0,0,False,2022-03-24,True,https://archiebronsonoutfit.net/4-digital-innovations-transforming-the-fashion-industry.html,https://3dlook.ai/,3D Look
spam,grandboosthub.shop,30.0,0,False,2026-09-26,True,https://grandboosthub.shop/vahp5ow-how-long-affiliate-site-seo-takes-move-page-one/,https://3dlook.ai/,app3dlook.org supplies relevance-first PBN backlinks to multi-location brands in any country you sell in
spam,ecommerces.shop,25.0,0,False,2026-07-13,False,https://www.ecommerces.shop/vr-ar/3dlook-vr,https://3dlook.ai/,Visit Website ↗
spam,linklora.shop,30.0,0,False,2026-09-27,True,https://linklora.shop/6zlcvxa-why-content-silos-works-europe-africa-middle-east-often-fails-nigeria-kenya/,https://3dlook.ai/,reseller pricing from 3dlook.ai: topical authority builds and link velocity planning for real estate marketers who need visibility in the searches tha
spam,linkmexa.shop,30.0,0,False,2026-09-26,True,https://linkmexa.shop/6zlcvxa-why-content-silos-works-europe-africa-middle-east-often-fails-nigeria-kenya/,https://3dlook.ai/,reseller pricing from 3dlook.ai: topical authority builds and link velocity planning for real estate marketers who need visibility in the searches tha
spam,brightseolink.shop,30.0,0,False,2026-09-20,True,https://brightseolink.shop/gibn5rm-13-image-link-building-suppliers-compared-media-buyers-nigeria-kenya-south/,https://3dlook.ai/,"Check our metrics against your own tools. carefully paced outreach campaigns and roundup links from 3dlook.ai, built for teams with more clients than "
spam,crawlnaro.shop,30.0,0,False,2026-09-27,True,https://crawlnaro.shop/6zlcvxa-why-content-silos-works-europe-africa-middle-east-often-fails-nigeria-kenya/,https://3dlook.ai/,reseller pricing from 3dlook.ai: topical authority builds and link velocity planning for real estate marketers who need visibility in the searches tha
spam,linkqaro.shop,30.0,0,False,2026-09-27,True,https://linkqaro.shop/6zlcvxa-why-content-silos-works-europe-africa-middle-east-often-fails-nigeria-kenya/,https://3dlook.ai/,reseller pricing from 3dlook.ai: topical authority builds and link velocity planning for real estate marketers who need visibility in the searches tha
spam,icmsmt.com,20.0,0,True,2024-09-30,True,https://icmsmt.com/list763/,https://3dlook.ai/,3dlook
spam,grandranklab.shop,30.0,0,False,2026-09-26,True,https://grandranklab.shop/xzv10dg-how-white-label-partners-protect-cybersecurity-clients/,https://3dlook.ai/,uniformpro.me supplies traffic-backed roundup links to link builders in Africa
spam,brightlinkpro.shop,30.0,0,False,2026-09-20,True,https://brightlinkpro.shop/kr4kdlz-seo-major-english-speaking-market-how-saas/,https://3dlook.ai/,"startups come to app3dlook.org for velocity-controlled penalty recovery and sidebar links, and they stay for a written scope for every order."
spam,canlisohbethatlari.online,20.0,0,True,2026-09-26,True,https://canlisohbethatlari.online/backlink-audit-hub/professional-manual-outreach-backlinks-to-increase-trust-flow-increase-organic-visibility-with-full-placement-reporting-2273fa.html,https://3dlook.ai/,"Reliable White Hat SEO Links for 3dlook.in to Strengthen Your Link Profile. Secure First Page Positions, with Full Placement Reporting."
spam,dailymusings.top,37.0,0,False,2025-12-16,True,https://dailymusings.top/stats/32301,https://3dlook.ai/,app3dlook.org
spam,aifrontiers.com,35.0,0,True,2018-07-20,True,https://nov2017.aifrontiers.com/,https://3dlook.ai/,3DLook
spam,worldmarketingdirectoy.com,30.0,0,True,2025-10-03,True,https://worldmarketingdirectoy.com/most-visited-website-list-1967/,https://3dlook.ai/,3dlook
spam,rankyour.website,33.0,0,False,2025-12-12,True,https://rankyour.website/dl4tiit-boost-google-rankings-with-premium-contextual-seo-backlinks/,https://3dlook.ai/,All-in-one link building and SEO for 3dlook.me | RankZly.com – Your Unbeatable SEO Partner for Fast Google Rankings
spam,marketinghubdirectoy.com,31.0,0,True,2025-09-27,True,https://marketinghubdirectoy.com/most-visited-website-list-345/,https://3dlook.ai/,3dlook
spam,websitedirectoy.com,30.0,0,True,2025-10-01,True,https://websitedirectoy.com/most-visited-website-list-1967/,https://3dlook.ai/,3dlook
spam,byteboostforge.shop,37.0,0,True,2026-09-17,True,https://www.byteboostforge.shop/trust-flow-directory/expert-pbn-backlinks-to-raise-domain-rating-drive-qualified-visitors-and-grow-your-business-online-137d02.html,https://3dlook.ai/,"Reliable White Hat SEO Links for 3dlook.in to Strengthen Your Link Profile. Secure First Page Positions, with Full Placement Reporting."
spam,mediedirectory.com,30.0,0,True,2025-08-23,True,https://mediedirectory.com/most-visited-website-list-1967/,https://3dlook.ai/,3dlook
spam,pageseotoolkit.shop,34.0,0,False,2026-07-19,True,https://pageseotoolkit.shop/39d6553ff-120-day-dr-boost-services-journey-real-estate-position80-to-10x-traffic-full-ranking-workflow-mistakes-risks-and-solutions-for-sustainable-organic-growth/,https://3dlook.ai/,"Grow app3dlook.org with premium guest posts, contextual backlinks, on-page and local SEO, conversion-focused web development, SaaS tools and automatio"
spam,dotnetliberty.com,37.0,0,True,2026-08-27,True,https://dotnetliberty.com/how-to-take-a-shoulder-measurement-0dnulah,https://3dlook.ai/,3DLook
spam,websiteslinkdirectory.com,30.0,0,True,2025-10-03,True,https://websiteslinkdirectory.com/most-visited-website-list-1967/,https://3dlook.ai/,3dlook
spam,rankseomasters.shop,34.0,0,False,2026-07-23,True,https://rankseomasters.shop/ae4640132-stacked-editorial-links-link-insertions-legal-dual-strategy-doubled-ranking-speed-practical-execution-roadmap-examples-metrics-and-lessons-for-scalable-seo-performance/,https://3dlook.ai/,"Power up uniformpro.me: high-quality backlinks, guest posts, on-page and local SEO, custom web development, SaaS tools and automation tools for sustai"
spam,pageseonetwork.shop,34.0,0,False,2026-07-23,True,https://pageseonetwork.shop/6ad1efd8d-build-unstoppable-healthcare-serp-web-development-dofollow-backlinks-traffic-playbook-complete-implementation-guide-tools-tactics-and-insights-for-stronger-domain-authority/,https://3dlook.ai/,"Strengthen 3dlook.ai through high-quality backlinks, guest posts, on-page and local SEO, custom web development, SaaS tools and automation tools for r"
spam,tracedata.ai,35.0,0,True,2026-09-07,True,https://tracedata.ai/company/3dlook,https://3dlook.ai/,3dlook.me
spam,rankgrowthmasters.shop,34.0,0,False,2026-07-21,True,https://rankgrowthmasters.shop/4400103e6-stacked-crowd-links-traffic-services-b2b-dual-strategy-doubled-ranking-speed-complete-implementation-guide-authority-traffic-and-conversions-for-reliable-page-one-progress/,https://3dlook.ai/,"Power up app3dlook.org: premium guest posts, contextual backlinks, on-page and local SEO, conversion-focused web development, SaaS tools and automatio"
spam,backlinkinsights.shop,34.0,0,False,2026-07-24,True,https://backlinkinsights.shop/eaa6c1c0f-120-day-editorial-links-journey-b2b-page10-to-10x-traffic-practical-execution-roadmap-data-progress-and-outcomes-for-sustainable-organic-growth/,https://3dlook.ai/uniform-pro/,"Everything uniformpro.me needs: high-DR backlinks, editorial guest posts, on-page SEO, local SEO, web development, SaaS tools and automation tools — c"
spam,linkcollective.shop,34.0,0,False,2026-07-24,True,https://linkcollective.shop/cea6c4226-dr2-to-full-recovery-b2b-60-day-strategy-only-press-release-links-real-world-action-plan-planning-testing-and-tracking-for-long-term-search-success/,https://3dlook.ai/,"Boost uniformpro.me using premium guest posts, contextual backlinks, on-page and local SEO, conversion-focused web development, SaaS tools and automat"
spam,organicranksystems.shop,34.0,0,False,2026-07-28,True,https://organicranksystems.shop/2cc9829f1-bought-authority-link-packages-pharmaceutical-site-90-day-review-metrics-rankings-traffic-full-ranking-workflow-authority-traffic-and-conversions-for-higher-search-visibility/,https://3dlook.ai/,"Everything app3dlook.org needs: high-quality backlinks, guest posts, on-page and local SEO, custom web development, SaaS tools and automation tools — "
spam,jake.eu,36.0,0,False,2025-12-27,True,https://sites.jake.eu/share/32300,https://3dlook.ai/,app3dlook.org
spam,seoboostagency.shop,34.0,0,False,2026-07-23,True,https://seoboostagency.shop/646fc465d-used-guest-posts-recovered-from-google-penalty-60-days-b2b-site-month-by-month-progress-complete-implementation-guide-examples-metrics-and-lessons-for-stronger-domain-authority/,https://3dlook.ai/,"Boost 3dlook.ai using contextual backlinks, premium guest posts, on-page SEO, local SEO, custom web development, SaaS tools plus automation tools for "
spam,domainrankacademy.shop,34.0,0,False,2026-07-24,True,https://domainrankacademy.shop/b49ec137f-pbn-backlinks-vs-sidebar-links-medical-cost-speed-quality-ranking-outcomes-advanced-growth-framework-cost-timeline-and-results-for-long-term-search-success/,https://3dlook.ai/,"Boost 3dlook.ai using guest posts, backlinks, on-page and local SEO, web development, SaaS tools and workflow automation tools for DR/DA/TF gains that"
spam,siterankacademy.shop,34.0,0,False,2026-07-23,True,https://siterankacademy.shop/491063b88-homepage-links-vs-crowd-links-local-business-which-moves-rankings-faster-holds-longer-complete-implementation-guide-quality-checks-and-reporting-for-sustainable-organic-growth/,https://3dlook.ai/,"Power up app3dlook.org: high-quality backlinks, guest posts, on-page and local SEO, custom web development, SaaS tools and automation tools for higher"
spam,toprankservice.shop,34.0,0,False,2026-07-24,True,https://toprankservice.shop/4343cd8d3-search-visibility-blueprint-fintech-rank-using-dr-boost-services-blogroll-links-proven-optimization-process-tools-tactics-and-insights-for-reliable-page-one-progress/,https://3dlook.ai/,"Rank app3dlook.org higher with premium guest posts, high-quality backlinks, on-page SEO, local SEO, web development, SaaS tools and automation tools —"
spam,analyticshaven.top,39.0,0,False,2026-01-14,True,https://analyticshaven.top/stats/92711,https://3dlook.ai/,3dlook.me
spam,seogrowthresults.shop,34.0,0,False,2026-08-06,True,https://seogrowthresults.shop/b7e5e576e-bought-high-da-guest-posts-healthcare-site-6-month-review-metrics-rankings-traffic-advanced-growth-framework-planning-testing-and-tracking-for-better-google-positions/,https://3dlook.ai/,"Power up 3dlook.ai: guest posts, backlinks, on-page and local SEO, web development, SaaS tools and workflow automation tools for durable DR/DA/TF gain"
spam,betulcrime.com,40.0,0,True,2026-08-22,True,https://betulcrime.com/all/3027/34.html,https://3dlook.ai/uniform-pro/,High Quality Dofollow Backlinks DA 50 PA 40 Premium PBN Network Service uniformpro.me Rank First Page Google Fast SEO Link Building Buy Backlinks Onli
spam,serpcollective.shop,34.0,0,False,2026-07-24,True,https://serpcollective.shop/4b146e491-google-penalty-to-full-recovery-ymyl-60-day-strategy-only-press-release-links-full-ranking-workflow-examples-metrics-and-lessons-for-competitive-serp-results/,https://3dlook.ai/,"For app3dlook.org, we deliver backlinks and guest posts, on-page SEO, local SEO, custom web development, SaaS integrations and automation tools — dura"
spam,domainrankteam.shop,34.0,0,False,2026-07-23,True,https://domainrankteam.shop/5e733868f-link-insertions-cleaned-toxic-links-grew-40-percent-health-money-site-every-dollar-ranking-tracked-long-term-seo-method-budget-links-and-content-for-better-google-positions/,https://3dlook.ai/,"Rank app3dlook.org higher with contextual backlinks, premium guest posts, on-page SEO, local SEO, custom web development, SaaS tools plus automation t"
spam,seoboostsystems.shop,34.0,0,False,2026-07-23,True,https://seoboostsystems.shop/8bef1fb81-stacked-guest-posts-link-insertions-b2b-dual-strategy-doubled-ranking-speed-detailed-campaign-breakdown-data-progress-and-outcomes-for-sustainable-organic-growth/,https://3dlook.ai/uniform-pro/,"Complete SEO for uniformpro.me: guest posts, backlinks, on-page and local SEO, web development, SaaS tools and workflow automation tools, delivering r"
spam,searchrankgroup.shop,34.0,0,False,2026-07-21,True,https://searchrankgroup.shop/eb82ba4cd-30-day-editorial-links-journey-ecommerce-dr2-to-6-figure-revenue-real-world-action-plan-mistakes-risks-and-solutions-for-lasting-ranking-improvements/,https://3dlook.ai/,"Strengthen 3dlook.ai through premium guest posts, high-quality backlinks, on-page SEO, local SEO, web development, SaaS tools and automation tools for"
spam,backlinkmasters.shop,34.0,0,False,2026-07-19,True,https://backlinkmasters.shop/72927a235-web-development-grew-domain-authority-past-dr30-finance-money-site-every-dollar-ranking-tracked-detailed-campaign-breakdown-research-execution-and-analysis-for-lasting-ranking-improvements/,https://3dlook.ai/,"Strengthen app3dlook.org through guest posts, backlinks, on-page and local SEO, web development, SaaS tools and workflow automation tools for a health"
spam,pageseoresults.shop,34.0,0,False,2026-07-24,True,https://pageseoresults.shop/c8c1e15ce-guest-posts-cleaned-toxic-links-grew-40-percent-crypto-money-site-every-dollar-ranking-tracked-detailed-campaign-breakdown-data-progress-and-outcomes-for-higher-search-visibility/,https://3dlook.ai/,"app3dlook.org gets high-DR backlinks, editorial guest posts, on-page SEO, local SEO, web development, SaaS tools and automation tools, together drivin"
spam,onlyhealthydeals.com,34.0,0,True,2026-08-24,True,https://onlyhealthydeals.com/all/264/26.html,https://3dlook.ai/,High Quality Dofollow Backlinks DA 50 PA 40 Premium PBN Network Service app3dlook.org Rank First Page Google Fast SEO Link Building Buy Backlinks Onli
spam,worldsitedirectory.com,30.0,0,True,2025-12-13,True,https://worldsitedirectory.com/most-visited-website-list-345/,https://3dlook.ai/,3dlook
spam,linkseocollective.shop,34.0,0,False,2026-07-19,True,https://linkseocollective.shop/1d49e8ba4-30-day-blogroll-links-journey-b2b-no-traffic-to-page1-step-by-step-strategy-budget-links-and-content-for-higher-search-visibility/,https://3dlook.ai/,"Strengthen uniformpro.me through premium guest posts, contextual backlinks, on-page and local SEO, conversion-focused web development, SaaS tools and "
spam,clicktorankdirectoy.com,33.0,0,True,2025-09-11,True,https://clicktorankdirectoy.com/most-visited-website-list-1967/,https://3dlook.ai/,3dlook
spam,techktimes.com,37.0,0,True,2022-05-28,True,https://techktimes.com/how-to-reduce-returns-in-the-fashion-industry/,https://3dlook.ai/content-hub/reduce-returns-in-fashion-ecommerce/,how to reduce returns in eCommerce
spam,seogrowthpipeline.shop,34.0,0,False,2026-07-19,True,https://seogrowthpipeline.shop/9ca2764ec-build-unstoppable-healthcare-serp-dr-boost-services-guest-posts-traffic-playbook-long-term-seo-method-examples-metrics-and-lessons-for-reliable-page-one-progress/,https://3dlook.ai/,"Rank app3dlook.org higher with premium guest posts, contextual backlinks, on-page and local SEO, conversion-focused web development, SaaS tools and au"
spam,organicrankdirect.shop,34.0,0,False,2026-07-21,True,https://organicrankdirect.shop/5108728c1-no-traffic-to-dr50-law-firm-30-day-strategy-only-web-development-long-term-seo-method-authority-traffic-and-conversions-for-lasting-ranking-improvements/,https://3dlook.ai/uniform-pro/,"Complete SEO for uniformpro.me: backlinks and guest posts, on-page SEO, local SEO, custom web development, SaaS integrations and automation tools, del"
spam,toprankacademy.shop,34.0,0,False,2026-07-25,True,https://toprankacademy.shop/99cd2206d-stacked-high-da-guest-posts-automation-tools-health-dual-strategy-doubled-ranking-speed-real-world-action-plan-quality-checks-and-reporting-for-scalable-seo-performance/,https://3dlook.ai/,"app3dlook.org gets contextual backlinks, premium guest posts, on-page SEO, local SEO, custom web development, SaaS tools plus automation tools, togeth"
spam,webrankinsights.shop,34.0,0,False,2026-07-21,True,https://webrankinsights.shop/6f1b786b7-on-page-seo-vs-blogroll-links-financial-advisory-cost-speed-quality-ranking-outcomes-proven-optimization-process-budget-links-and-content-for-lasting-ranking-improvements/,https://3dlook.ai/,"For app3dlook.org, we deliver guest posts, backlinks, on-page and local SEO, web development, SaaS tools and workflow automation tools — DR/DA/TF gain"
spam,optimizeflow.top,37.0,0,False,2025-12-27,True,https://optimizeflow.top/stats/92711,https://3dlook.ai/,3dlook.me
spam,webzonedirectory.com,30.0,0,True,2025-09-29,True,https://webzonedirectory.com/most-visited-website-list-1967/,https://3dlook.ai/,3dlook
spam,linkseoservice.shop,34.0,0,False,2026-07-23,True,https://linkseoservice.shop/213050c4b-anchor-text-strategy-high-da-guest-posts-health-exact-branded-generic-safely-long-term-seo-method-tools-tactics-and-insights-for-consistent-traffic-growth/,https://3dlook.ai/,"Everything 3dlook.ai needs: contextual backlinks, premium guest posts, on-page SEO, local SEO, custom web development, SaaS tools plus automation tool"
spam,aiqlabs.ai,34.0,0,True,2026-09-10,True,https://aiqlabs.ai/blog/best-ai-lead-generation-system-for-fitness-centers,https://3dlook.ai/content-hub/ai-in-fitness-industry/,per 3DLook.ai
spam,domainrankprovider.shop,34.0,0,False,2026-07-23,True,https://domainrankprovider.shop/2af68cf9a-algorithm-hit-to-dr40-pharmaceutical-30-day-strategy-only-guest-posts-real-world-action-plan-research-execution-and-analysis-for-long-term-search-success/,https://3dlook.ai/,"For 3dlook.ai, we deliver high-DR backlinks, editorial guest posts, on-page SEO, local SEO, web development, SaaS tools and automation tools — a notic"
spam,linkgrowthinsights.shop,34.0,0,False,2026-07-22,True,https://linkgrowthinsights.shop/32ad22b17-sidebar-links-vs-authority-link-packages-crypto-cost-speed-quality-ranking-outcomes-complete-implementation-guide-authority-traffic-and-conversions-for-sustainable-organic-growth/,https://3dlook.ai/uniform-pro/,"uniformpro.me gets high-quality backlinks, guest posts, on-page and local SEO, custom web development, SaaS tools and automation tools, together drivi"
spam,seogeko.shop,31.0,0,False,2026-05-03,True,https://seogeko.shop/premium-seo-backlinks-to-boost-website-google-rankings-2070-11/,https://3dlook.ai/,"Premium SEO Backlinks uniformpro.me Provides High-Quality Authority Backlinks, Professional Guest Posting, and Advanced Link Building Services to Boos"
spam,rankgrowthgroup.shop,34.0,0,False,2026-07-23,True,https://rankgrowthgroup.shop/41d5b7071-zero-rankings-to-industry-leading-serp-insurance-45-day-strategy-only-press-release-links-full-ranking-workflow-quality-checks-and-reporting-for-better-google-positions/,https://3dlook.ai/,"For 3dlook.ai, we deliver guest posts, backlinks, on-page and local SEO, web development, SaaS tools and workflow automation tools — a healthier DR/DA"
spam,webpostdirectory.com,31.0,0,True,2025-09-29,True,https://webpostdirectory.com/most-visited-website-list-1967/,https://3dlook.ai/,3dlook
spam,marketingdirectoy.com,30.0,0,True,2025-08-27,True,https://marketingdirectoy.com/most-visited-website-list-345/,https://3dlook.ai/,3dlook
spam,seolinktoolkit.shop,34.0,0,False,2026-07-19,True,https://seolinktoolkit.shop/400d7bfa8-120-day-sidebar-links-journey-finance-position80-to-6-figure-revenue-full-ranking-workflow-quality-checks-and-reporting-for-higher-search-visibility/,https://3dlook.ai/,"Rank app3dlook.org higher with high-DR backlinks, editorial guest posts, on-page SEO, local SEO, web development, SaaS tools and automation tools — hi"
spam,searchrankbuilders.shop,34.0,0,False,2026-07-21,True,https://searchrankbuilders.shop/aa343f017-60-day-automation-tools-journey-crypto-page3-to-10x-traffic-practical-execution-roadmap-mistakes-risks-and-solutions-for-long-term-search-success/,https://3dlook.ai/,"For app3dlook.org, we deliver high-DR backlinks, editorial guest posts, on-page SEO, local SEO, web development, SaaS tools and automation tools — dur"
spam,screenshots.wiki,38.0,0,False,2026-01-09,True,https://screenshots.wiki/report/80791,https://3dlook.ai/,3dlook.in
spam,pageseoexpress.shop,34.0,0,False,2026-07-23,True,https://pageseoexpress.shop/ec93985ba-45-day-serp-climb-dental-combined-contextual-backlinks-niche-edits-position1-long-term-seo-method-data-progress-and-outcomes-for-lasting-ranking-improvements/,https://3dlook.ai/,"3dlook.ai gets backlinks and guest posts, on-page SEO, local SEO, custom web development, SaaS integrations and automation tools, together driving ris"
spam,seolinkfactory.shop,34.0,0,False,2026-07-23,True,https://seolinkfactory.shop/7c64d65e5-ranking-recovery-blueprint-financial-advisory-rank-using-high-da-guest-posts-sidebar-links-detailed-campaign-breakdown-budget-links-and-content-for-reliable-page-one-progress/,https://3dlook.ai/,"For uniformpro.me, we deliver guest posts, backlinks, on-page and local SEO, web development, SaaS tools and workflow automation tools — a strong DR/D"
spam,mostrankdirectory.com,30.0,0,True,2025-12-07,True,https://mostrankdirectory.com/most-visited-website-list-1967/,https://3dlook.ai/,3dlook
spam,domainrankpartners.shop,34.0,0,False,2026-08-08,True,https://domainrankpartners.shop/baedc749f-algorithm-hit-to-dr50-crypto-90-day-strategy-only-dofollow-backlinks-advanced-growth-framework-quality-checks-and-reporting-for-long-term-search-success/,https://3dlook.ai/,"Everything uniformpro.me needs: high-DR backlinks, editorial guest posts, on-page SEO, local SEO, web development, SaaS tools and automation tools — d"
spam,rankzonedirectory.com,30.0,0,True,2025-10-02,True,https://rankzonedirectory.com/most-visited-website-list-345/,https://3dlook.ai/,3dlook
spam,backlinkbuilders.shop,34.0,0,False,2026-07-23,True,https://backlinkbuilders.shop/f92c90a51-dr5-to-6-figure-revenue-mortgage-90-day-strategy-only-press-release-links-measurable-results-blueprint-data-progress-and-outcomes-for-stronger-domain-authority/,https://3dlook.ai/,"For 3dlook.ai, we deliver high-quality backlinks, guest posts, on-page and local SEO, custom web development, SaaS tools and automation tools — real D"
spam,pageseopartners.shop,34.0,0,False,2026-07-23,True,https://pageseopartners.shop/8fdaf4c82-page1-rankings-blueprint-real-estate-rank-using-high-da-guest-posts-authority-link-packages-real-world-action-plan-budget-links-and-content-for-consistent-traffic-growth/,https://3dlook.ai/,"Grow 3dlook.ai with guest posts and backlinks, on-page SEO, local SEO, web development, SaaS integrations and automation tools — a strong DR/DA/TF inc"
spam,siterankbuilders.shop,34.0,0,False,2026-07-25,True,https://siterankbuilders.shop/032e761ab-blogroll-links-vs-sidebar-links-pharmaceutical-which-moves-rankings-faster-holds-longer-advanced-growth-framework-authority-traffic-and-conversions-for-reliable-page-one-progress/,https://3dlook.ai/,"For app3dlook.org, we deliver premium guest posts, high-quality backlinks, on-page SEO, local SEO, web development, SaaS tools and automation tools — "
spam,linkpointdirectory.com,47.0,0,True,2025-10-05,True,https://linkpointdirectory.com/most-visited-website-list-345/,https://3dlook.ai/,3dlook
spam,quero.party,45.0,0,False,2025-08-23,True,https://quero.party/report/32300,https://3dlook.ai/,app3dlook.org
spam,backlinkshop.site,49.0,0,False,2026-07-15,True,https://backlinkshop.site/f9x5xmf-build-unstoppable-dental-serp-dofollow-backlinks-contextual-backlinks-traffic-playbook,https://3dlook.ai/,"Power up uniformpro.me: backlinks and guest posts, on-page SEO, local SEO, custom web development, SaaS integrations and automation tools for a health"
spam,websiteworlddirectory.com,46.0,0,True,2025-12-12,True,https://websiteworlddirectory.com/most-visited-website-list-345/,https://3dlook.ai/,3dlook
spam,passiro.com,44.0,0,True,2026-09-15,True,https://passiro.com/en-gb/reviews/3dlook.ai,https://3dlook.ai/,https://3dlook.ai
spam,rankingwebdirectory.com,46.0,0,True,2025-09-04,True,https://rankingwebdirectory.com/most-visited-website-list-345/,https://3dlook.ai/,3dlook
spam,anchorlivo.shop,47.0,0,False,2026-09-26,True,https://anchorlivo.shop/6zlcvxa-why-content-silos-works-europe-africa-middle-east-often-fails-nigeria-kenya/,https://3dlook.ai/,reseller pricing from 3dlook.ai: topical authority builds and link velocity planning for real estate marketers who need visibility in the searches tha
spam,mostrankingdirectory.com,46.0,0,True,2025-12-16,True,https://mostrankingdirectory.com/most-visited-website-list-345/,https://3dlook.ai/,3dlook
spam,backlinksplace.site,49.0,0,False,2026-07-13,True,https://backlinksplace.site/li4ape5-authority-building-blueprint-financial-advisory-rank-using-press-release-links-homepage-links/,https://3dlook.ai/,"For 3dlook.ai, we deliver high-DR backlinks, editorial guest posts, on-page SEO, local SEO, web development, SaaS tools and automation tools — steady "
spam,worldwebsitesdirectory.com,46.0,0,True,2025-12-25,True,https://worldwebsitesdirectory.com/most-visited-website-list-345/,https://3dlook.ai/,3dlook
spam,topviraldirectory.com,46.0,0,True,2025-09-27,True,https://topviraldirectory.com/most-visited-website-list-345/,https://3dlook.ai/,3dlook
spam,byteshort.xyz,41.0,0,False,2025-09-13,True,https://byteshort.xyz/report/94878,https://3dlook.ai/,3dlook.ai
spam,topworlddirectory.com,46.0,0,True,2025-08-24,True,https://topworlddirectory.com/most-visited-website-list-345/,https://3dlook.ai/,3dlook
spam,sureprofitscoach.com,44.0,0,True,2025-10-03,True,https://sureprofitscoach.com/most-visited-website-list-1967/,https://3dlook.ai/,3dlook
spam,bye.fyi,47.0,0,False,2025-10-21,True,https://bye.fyi/report/120209,https://3dlook.ai/uniform-pro/,uniformpro.me
spam,blogsphere.top,41.0,0,False,2026-01-12,True,https://blogsphere.top/stats/92710,https://3dlook.ai/,3dlook.me
spam,sigmadax.com,45.0,0,False,2026-09-10,True,https://sigmadax.com/best/sportswear-software/,https://3dlook.ai/,Visit 3DLOOK
spam,creativeposts.top,41.0,0,False,2025-11-20,True,https://creativeposts.top/stats/80790,https://3dlook.ai/,3dlook.in
spam,statpit.com,45.0,0,False,2026-09-10,True,https://statpit.com/best/sunglass-design-software/,https://3dlook.ai/,Visit 3DLOOK
spam,atomizelink.icu,42.0,0,False,2026-01-13,True,https://atomizelink.icu/report/94878,https://3dlook.ai/,3dlook.ai
spam,worldtopwebsite.com,47.0,0,True,2025-08-19,True,https://worldtopwebsite.com/most-visited-website-list-345/,https://3dlook.ai/,3dlook
spam,seolinkpro.shop,52.0,0,False,2026-05-07,True,https://seolinkpro.shop/kv30ktn-guest-posts-travel-monetization-ranking-increased-revenue-60-percent-90-days/,https://3dlook.ai/,Capture 3dlook.me Niche Dominance: High-Authority Guest Posting + Dofollow Backlinks • Grow Ahrefs Domain Rating DR • Moz Domain Authority DA • Majest
spam,rankboostly.shop,54.0,0,False,2026-06-18,True,https://rankboostly.shop/z36qzp1-boost-fast-link-building-result-036-page-one-any-niche-worldwide/,https://3dlook.ai/,Get app3dlook.org boost high-DR link building making every page rank better
spam,buyseobacklinks.shop,54.0,0,False,2026-05-14,True,https://buyseobacklinks.shop/3rev8bh-buy-invest-link-building-result-010-page-one-any-niche-worldwide/,https://3dlook.ai/,"Buying DR, DA and TF boost for uniformpro.me from real high-authority aged domain placements"
spam,linkrankpro.shop,54.0,0,False,2026-06-28,True,https://linkrankpro.shop/3rev8bh-agency-professional-link-building-result-017-page-one-any-niche-worldwide,https://3dlook.ai/uniform-pro/,Get uniformpro.me high-quality agency-grade links from expert professional link building service
spam,wowqualitybacklinks.com,60.0,0,False,2026-06-29,True,https://wowqualitybacklinks.com/jhoncvseo/,https://3dlook.ai/,3dlook.ai
spam,superbqualitybacklinks.com,60.0,0,False,2026-07-29,True,https://superbqualitybacklinks.com/jhoncvseo/,https://3dlook.ai/,3dlook.ai
spam,webbacklinkskbuy.com,60.0,0,False,2026-08-11,True,https://webbacklinkskbuy.com/jhoncvseo/,https://3dlook.ai/,3dlook.ai
spam,superbhubdirectory.com,50.0,0,True,2025-12-28,True,https://superbhubdirectory.com/most-visited-website-list-345/,https://3dlook.ai/,3dlook
spam,increasewebtrafficwithlinks.com,60.0,0,False,2026-07-08,True,https://increasewebtrafficwithlinks.com/jhoncvseo/,https://3dlook.ai/,3dlook.ai
spam,buytopqualitybacklinks.com,59.0,0,False,2026-08-05,True,https://buytopqualitybacklinks.com/jhoncvseo/,https://3dlook.ai/,3dlook.ai
spam,webrankingsolutionbacklinks.com,60.0,0,False,2026-06-29,True,https://webrankingsolutionbacklinks.com/jhoncvseo/,https://3dlook.ai/,3dlook.ai
spam,rarebacklinks.com,60.0,0,False,2026-07-06,True,https://rarebacklinks.com/jhoncvseo/,https://3dlook.ai/,3dlook.ai
spam,welinkbacklinks.com,60.0,0,False,2026-06-29,True,https://welinkbacklinks.com/jhoncvseo/,https://3dlook.ai/,3dlook.ai
spam,99backlinksbuy.com,59.0,0,False,2026-07-07,True,https://99backlinksbuy.com/jhoncvseo/,https://3dlook.ai/,3dlook.ai
spam,buyrankbacklinks.com,59.0,0,False,2026-07-27,True,https://buyrankbacklinks.com/jhoncvseo/,https://3dlook.ai/,3dlook.ai
spam,allbaclinks.com,60.0,0,False,2026-08-21,True,https://allbaclinks.com/jhoncvseo/,https://3dlook.ai/,3dlook.ai
spam,rankhubdirectory.com,50.0,0,True,2026-03-10,True,https://rankhubdirectory.com/most-visited-website-list-345/,https://3dlook.ai/,3dlook
spam,topdomaindirectory.com,50.0,0,True,2025-12-30,True,https://topdomaindirectory.com/most-visited-website-list-345/,https://3dlook.ai/,3dlook
spam,best-value-seo-service.com,59.0,0,True,2026-08-06,True,https://best-value-seo-service.com/website-list-1967/,https://3dlook.ai/,3dlook
spam,topbilliondirectory.com,56.0,0,True,2023-01-31,True,https://topbilliondirectory.com/website-new-list1055/,https://3dlook.ai/,3dlook
spam,web-ranking-boosters.com,59.0,0,True,2026-09-15,True,https://web-ranking-boosters.com/website-list-345/,https://3dlook.ai/,3dlook
spam,ultimate-backlink-solution.com,59.0,0,True,2026-08-04,True,https://ultimate-backlink-solution.com/website-list-345/,https://3dlook.ai/,3dlook
spam,beststartup.us,57.0,0,True,2022-06-12,True,https://beststartup.us/meet-united-statess-101-top-ceos-in-the-computer-space-2/,https://3dlook.ai/,Website
spam,linkpitcherdirectory.com,51.0,0,True,2025-09-28,True,https://linkpitcherdirectory.com/most-visited-website-list-345/,https://3dlook.ai/,3dlook
spam,friendlybacklinksbuy.com,60.0,0,False,2026-08-23,True,https://friendlybacklinksbuy.com/jhoncvseo/,https://3dlook.ai/,3dlook.ai
spam,buyfairbacklinks.com,59.0,0,False,2026-07-06,True,https://buyfairbacklinks.com/jhoncvseo/,https://3dlook.ai/,3dlook.ai
spam,urgent-seo-ranking-help.com,60.0,0,False,2026-08-19,True,https://urgent-seo-ranking-help.com/website-list-248/,https://3dlook.ai/,3dlook.ai
spam,buy-backlinks-ranking-power.com,59.0,0,False,2026-08-02,True,https://buy-backlinks-ranking-power.com/website-list-248/,https://3dlook.ai/,3dlook.ai
spam,reelmind.ai,52.0,0,True,2026-05-22,True,https://reelmind.ai/blog/zara-men-s-shorts-ai-fashion-trends-for-summer,https://3dlook.ai/,3DLOOK
spam,buybacklinks.agency,69.0,0,False,2026-03-09,True,https://buybacklinks.agency/lw7f-get-ranking-on-1st-page-with-us/,https://3dlook.ai/,Google presence for 3dlook.me: authoritative backlinks + guest blogging; DR/DA/TF gain — any market. | Visit buybacklinks.agency for any Query
spam,proseoarticles.com,61.0,0,True,2025-07-01,True,https://proseoarticles.com/is-overnight-seo-success-still-possible/,https://3dlook.ai/,3dlook
spam,ylutag.com,61.0,0,False,2026-09-18,True,https://ylutag.com/website-list-248/,https://3dlook.ai/,3dlook.ai
spam,aligow.com,61.0,0,True,2026-09-14,True,https://aligow.com/website-list-1967/,https://3dlook.ai/,3dlook
spam,heavenarticle.com,62.0,0,True,2026-08-17,True,https://heavenarticle.com/new-high-dadr-links-for-seo-list-no-101/,https://3dlook.ai/,3dlook.ai
spam,apsoz.com,61.0,0,True,2026-09-16,True,https://apsoz.com/website-list-1967/,https://3dlook.ai/,3dlook
spam,gigbic.com,61.0,0,False,2026-09-14,True,https://gigbic.com/website-list-248/,https://3dlook.ai/,3dlook.ai
spam,yellii.com,61.0,0,False,2026-09-16,True,https://yellii.com/website-list-248/,https://3dlook.ai/,3dlook.ai
spam,zomatt.com,61.0,0,True,2026-09-28,True,https://zomatt.com/website-list-345/,https://3dlook.ai/,3dlook
spam,hotfri.com,61.0,0,False,2026-09-14,True,https://hotfri.com/website-list-248/,https://3dlook.ai/,3dlook.ai
spam,zlutag.com,61.0,0,True,2026-09-14,True,https://zlutag.com/website-list-1967/,https://3dlook.ai/,3dlook
spam,dotpim.com,60.0,0,False,2026-09-14,True,https://dotpim.com/website-list-248/,https://3dlook.ai/,3dlook.ai
spam,fiverr-seo-for-small-businesses.site,68.0,0,False,2026-04-18,True,https://fiverr-seo-for-small-businesses.site/after-fiverr-contextual-links-my-site-ranked-top-2-for-keywords/,https://3dlook.ai/uniform-pro/,Using Fiverr services helped uniformpro.me achieve a #1 ranking for key terms 🔝
spam,mantaw.com,61.0,0,False,2026-09-14,True,https://mantaw.com/website-list-248/,https://3dlook.ai/,3dlook.ai
spam,yelpad.com,61.0,0,True,2026-09-14,True,https://yelpad.com/website-list-345/,https://3dlook.ai/,3dlook
spam,fiverr-quality-seo-at-affordable-rates.site,67.0,0,False,2026-04-22,True,https://fiverr-quality-seo-at-affordable-rates.site/fiverr-web2-0-backlinks-helped-bring-more-organic-trafffic/,https://3dlook.ai/,I couldn't believe how fast my 3dlook.ai outranked competitors using Fiverr services 🏆
spam,backlinker.shop,71.0,0,False,2025-09-18,True,https://backlinker.shop/bwjuqh-contact-to-us-and-get-offer-details-for-seo-ranking-fast/,https://3dlook.ai/,Rank app3dlook.org globally now: GP + backlinks; DR/DA/TF up — all niches. | Visit Skylinkseo.com for any Query
spam,factmags.com,75.0,0,False,2026-05-05,True,http://factmags.com/udexzseo/aapmississippi-best-seo-service/,https://3dlook.ai/,https://3dlook.ai/
syndication,globo.com,91.0,199549984,False,2026-02-11,False,https://valor.globo.com/patrocinado/dino/noticia/2026/02/11/uso-de-bioimpedancia-muda-forma-de-acompanhar-emagrecimento-1.ghtml,https://3dlook.ai/content-hub/glp-1-market/,análises de mercado
syndication,terra.com.br,86.0,19689440,True,2026-02-11,False,"https://www.terra.com.br/noticias/uso-de-bioimpedancia-muda-forma-de-acompanhar-emagrecimento,e443e9674d129f887f016eda728e6387xeiwgcp3.html",https://3dlook.ai/content-hub/glp-1-market/,análises de mercado
syndication,ig.com.br,83.0,3497138,True,2026-08-30,False,https://dino.ig.com.br/2026-02-18/uso-de-bioimpedancia-muda-forma-de-acompanhar-emagrecimento.html,https://3dlook.ai/content-hub/glp-1-market/,análises de mercado
syndication,em.com.br,79.0,865095,True,2026-02-12,False,https://www.em.com.br/mundo-corporativo/2026/02/7352855-uso-de-bioimpedancia-muda-forma-de-acompanhar-emagrecimento.html,https://3dlook.ai/content-hub/glp-1-market/,análises de mercado
syndication,uai.com.br,74.0,454005,False,2026-02-15,False,"https://www.uai.com.br/app/noticia/mundo-corporativo/2026/02/11/noticia-mundo-corporativo,377740/uso-de-bioimpedancia-muda-forma-de-acompanhar-emagrecimento.shtml",https://3dlook.ai/content-hub/glp-1-market/,análises de mercado
syndication,tupi.fm,59.0,362881,True,2026-02-11,False,https://www.tupi.fm/mundo-corporativo/uso-de-bioimpedancia-muda-forma-de-acompanhar-emagrecimento/,https://3dlook.ai/content-hub/glp-1-market/,análises de mercado
syndication,realnews.com.br,26.0,13724,True,2026-02-11,False,https://realnews.com.br/uso-de-bioimpedancia-muda-forma-de-acompanhar-emagrecimento/,https://3dlook.ai/content-hub/glp-1-market/,análises de mercado
syndication,comunique-se.com.br,67.0,6131,True,2026-02-11,False,https://portal.comunique-se.com.br/326339-uso-de-bioimpedancia-muda-forma-de-acompanhar-emagrecimento/,https://3dlook.ai/content-hub/glp-1-market/,análises de mercado
syndication,portaldojj.com.br,4.2,5077,True,2026-02-11,False,https://portaldojj.com.br/326339-uso-de-bioimpedancia-muda-forma-de-acompanhar-emagrecimento/,https://3dlook.ai/content-hub/glp-1-market/,análises de mercado
syndication,leianoticias.com.br,36.0,3684,True,2026-02-11,False,https://leianoticias.com.br/326339-uso-de-bioimpedancia-muda-forma-de-acompanhar-emagrecimento/,https://3dlook.ai/content-hub/glp-1-market/,análises de mercado
syndication,portalvv8.com.br,21.0,3347,True,2026-02-11,False,https://portalvv8.com.br/noticia/51367/uso-de-bioimpedancia-muda-forma-de-acompanhar-emagrecimento,https://3dlook.ai/content-hub/glp-1-market/,análises de mercado
syndication,jornalpontagrossa.com.br,65.0,2703,True,2026-02-11,False,https://www.jornalpontagrossa.com.br/noticia/172658/uso-de-bioimpedancia-muda-forma-de-acompanhar-emagrecimento,https://3dlook.ai/content-hub/glp-1-market/,análises de mercado
syndication,nbnoticias.com.br,30.0,2515,True,2026-02-11,False,https://www.nbnoticias.com.br/noticia/114797/uso-de-bioimpedancia-muda-forma-de-acompanhar-emagrecimento,https://3dlook.ai/content-hub/glp-1-market/,análises de mercado
syndication,jornaldebarueri.com.br,31.0,1784,True,2026-09-13,False,https://jornaldebarueri.com.br/educacao/326339-uso-de-bioimpedancia-muda-forma-de-acompanhar-emagrecimento,https://3dlook.ai/content-hub/glp-1-market/,análises de mercado
syndication,bahiajornal.com.br,30.0,1736,True,2026-02-11,False,https://www.bahiajornal.com.br/noticia/161378/uso-de-bioimpedancia-muda-forma-de-acompanhar-emagrecimento,https://3dlook.ai/content-hub/glp-1-market/,análises de mercado
syndication,oalfenense.com.br,21.0,1653,True,2026-02-12,False,https://www.oalfenense.com.br/noticia/123880/uso-de-bioimpedancia-muda-forma-de-acompanhar-emagrecimento,https://3dlook.ai/content-hub/glp-1-market/,análises de mercado
syndication,portalaltonia.com.br,9.0,1603,True,2026-02-11,False,https://portalaltonia.com.br/noticia/106763/uso-de-bioimpedancia-muda-forma-de-acompanhar-emagrecimento,https://3dlook.ai/content-hub/glp-1-market/,análises de mercado
syndication,oreporterregional.com.br,22.0,1422,True,2026-02-11,False,https://www.oreporterregional.com.br/noticia/119232/uso-de-bioimpedancia-muda-forma-de-acompanhar-emagrecimento,https://3dlook.ai/content-hub/glp-1-market/,análises de mercado
syndication,jornalcorreiodeuberlandia.com.br,15.0,1416,True,2026-02-11,False,https://jornalcorreiodeuberlandia.com.br/noticia/88946/uso-de-bioimpedancia-muda-forma-de-acompanhar-emagrecimento,https://3dlook.ai/content-hub/glp-1-market/,análises de mercado
syndication,filantropia.ong,47.0,1149,True,2026-03-28,False,https://filantropia.ong/informacao/326339-uso-de-bioimpedancia-muda-forma-de-acompanhar-emagrecimento/,https://3dlook.ai/content-hub/glp-1-market/,análises de mercado
syndication,odiariodemaringa.com.br,29.0,980,True,2026-02-11,False,https://odiariodemaringa.com.br/2026/02/11/326339-uso-de-bioimpedancia-muda-forma-de-acompanhar-emagrecimento/,https://3dlook.ai/content-hub/glp-1-market/,análises de mercado
syndication,bonfimdigital.com,2.5,932,True,2026-02-12,False,https://bonfimdigital.com/noticia/19012/uso-de-bioimpedancia-muda-forma-de-acompanhar-emagrecimento,https://3dlook.ai/content-hub/glp-1-market/,análises de mercado
syndication,grupoabcnews.com.br,18.0,865,True,2026-02-13,False,https://grupoabcnews.com.br/noticia/40924/uso-de-bioimpedancia-muda-forma-de-acompanhar-emagrecimento,https://3dlook.ai/content-hub/glp-1-market/,análises de mercado
syndication,carlosleen.com.br,2.4,684,True,2026-02-12,False,https://carlosleen.com.br/noticia/18316/uso-de-bioimpedancia-muda-forma-de-acompanhar-emagrecimento,https://3dlook.ai/content-hub/glp-1-market/,análises de mercado
syndication,cna7.com.br,18.0,472,True,2026-02-12,False,https://www.cna7.com.br/noticia/51970/uso-de-bioimpedancia-muda-forma-de-acompanhar-emagrecimento,https://3dlook.ai/content-hub/glp-1-market/,análises de mercado
syndication,sajnet.com.br,7.0,459,True,2026-02-11,False,https://www.sajnet.com.br/noticia/111517/uso-de-bioimpedancia-muda-forma-de-acompanhar-emagrecimento,https://3dlook.ai/content-hub/glp-1-market/,análises de mercado
syndication,tvbrusque.com.br,21.0,457,True,2026-02-11,False,https://www.tvbrusque.com.br/noticia/104273/uso-de-bioimpedancia-muda-forma-de-acompanhar-emagrecimento,https://3dlook.ai/content-hub/glp-1-market/,análises de mercado
syndication,folhadoamapa.com,17.0,449,True,2026-02-11,False,https://www.folhadoamapa.com/noticia/83717/uso-de-bioimpedancia-muda-forma-de-acompanhar-emagrecimento,https://3dlook.ai/content-hub/glp-1-market/,análises de mercado
syndication,botucatuonline.com,16.0,429,True,2026-02-11,False,https://botucatuonline.com/326339-uso-de-bioimpedancia-muda-forma-de-acompanhar-emagrecimento/,https://3dlook.ai/content-hub/glp-1-market/,análises de mercado
syndication,quartetoradioweb.com.br,8.0,405,True,2026-02-11,False,https://quartetoradioweb.com.br/noticia/235105/uso-de-bioimpedancia-muda-forma-de-acompanhar-emagrecimento,https://3dlook.ai/content-hub/glp-1-market/,análises de mercado
syndication,olhardinamico.com,6.0,387,True,2026-02-11,False,https://olhardinamico.com/noticia/172134/uso-de-bioimpedancia-muda-forma-de-acompanhar-emagrecimento,https://3dlook.ai/content-hub/glp-1-market/,análises de mercado
syndication,blogdoamazonas.com.br,4.6,358,True,2026-02-13,False,https://blogdoamazonas.com.br/326339-uso-de-bioimpedancia-muda-forma-de-acompanhar-emagrecimento/,https://3dlook.ai/content-hub/glp-1-market/,análises de mercado
syndication,acreaovivo.com,26.0,355,True,2026-02-11,False,https://www.acreaovivo.com/noticia/192442/uso-de-bioimpedancia-muda-forma-de-acompanhar-emagrecimento,https://3dlook.ai/content-hub/glp-1-market/,análises de mercado
syndication,emnoticia.com.br,23.0,309,False,2026-02-15,False,https://emnoticia.com.br/326339-uso-de-bioimpedancia-muda-forma-de-acompanhar-emagrecimento/,https://3dlook.ai/content-hub/glp-1-market/,análises de mercado
syndication,prensadebabel.com.br,26.0,266,True,2026-02-11,False,https://prensadebabel.com.br/326339-uso-de-bioimpedancia-muda-forma-de-acompanhar-emagrecimento/,https://3dlook.ai/content-hub/glp-1-market/,análises de mercado
syndication,meioenegocio.com.br,39.0,255,True,2026-02-11,False,https://meioenegocio.com.br/Uso_de_bioimpedancia_muda_forma_de_acompanhar_emagrecimento/,https://3dlook.ai/content-hub/glp-1-market/,análises de mercado
syndication,dino.com.br,51.0,242,True,2026-02-12,False,https://noticias.dino.com.br/uso-de-bioimpedancia-muda-forma-de-acompanhar-emagrecimento/,https://3dlook.ai/content-hub/glp-1-market/,análises de mercado
syndication,portaldafeira.com.br,8.0,241,True,2026-02-12,False,https://www.portaldafeira.com.br/noticia/155064/uso-de-bioimpedancia-muda-forma-de-acompanhar-emagrecimento,https://3dlook.ai/content-hub/glp-1-market/,análises de mercado
syndication,leadnoticia.com.br,10.0,221,True,2026-02-11,False,https://leadnoticia.com.br/noticia/9978/uso-de-bioimpedancia-muda-forma-de-acompanhar-emagrecimento,https://3dlook.ai/content-hub/glp-1-market/,análises de mercado
syndication,giro1.com.br,11.0,210,True,2026-02-12,False,https://giro1.com.br/noticia/43001/uso-de-bioimpedancia-muda-forma-de-acompanhar-emagrecimento,https://3dlook.ai/content-hub/glp-1-market/,análises de mercado
syndication,chapadagrande.com,15.0,186,True,2026-02-11,False,https://www.chapadagrande.com/noticia/186526/uso-de-bioimpedancia-muda-forma-de-acompanhar-emagrecimento,https://3dlook.ai/content-hub/glp-1-market/,análises de mercado
syndication,saogoncaloagora.com.br,23.0,183,True,2026-02-11,False,https://www.saogoncaloagora.com.br/noticia/221899/uso-de-bioimpedancia-muda-forma-de-acompanhar-emagrecimento,https://3dlook.ai/content-hub/glp-1-market/,análises de mercado
syndication,impactooeste.com.br,2.5,158,True,2026-02-12,False,https://impactooeste.com.br/noticia/25600/uso-de-bioimpedancia-muda-forma-de-acompanhar-emagrecimento,https://3dlook.ai/content-hub/glp-1-market/,análises de mercado
syndication,debateparaiba.com.br,11.0,150,True,2026-02-12,False,https://www.debateparaiba.com.br/noticia/91770/uso-de-bioimpedancia-muda-forma-de-acompanhar-emagrecimento,https://3dlook.ai/content-hub/glp-1-market/,análises de mercado
syndication,oscobrasdanoticia.com.br,14.0,140,True,2026-02-12,False,https://oscobrasdanoticia.com.br/noticia/61338/uso-de-bioimpedancia-muda-forma-de-acompanhar-emagrecimento,https://3dlook.ai/content-hub/glp-1-market/,análises de mercado
syndication,jornalcandeias.com.br,3.3,133,True,2026-02-12,False,https://jornalcandeias.com.br/noticia/12171/uso-de-bioimpedancia-muda-forma-de-acompanhar-emagrecimento,https://3dlook.ai/content-hub/glp-1-market/,análises de mercado
syndication,portalantenados.com.br,18.0,131,True,2026-02-12,False,https://portalantenados.com.br/noticia/184580/uso-de-bioimpedancia-muda-forma-de-acompanhar-emagrecimento,https://3dlook.ai/content-hub/glp-1-market/,análises de mercado
syndication,portalbrasileira.com.br,4.0,130,True,2026-02-13,False,https://www.portalbrasileira.com.br/noticia/92032/uso-de-bioimpedancia-muda-forma-de-acompanhar-emagrecimento,https://3dlook.ai/content-hub/glp-1-market/,análises de mercado
syndication,diganoticias.com.br,14.0,122,True,2026-02-11,False,https://diganoticias.com.br/noticia/174493/uso-de-bioimpedancia-muda-forma-de-acompanhar-emagrecimento,https://3dlook.ai/content-hub/glp-1-market/,análises de mercado
syndication,vidamoderna.com.br,33.0,115,True,2026-02-11,False,https://www.vidamoderna.com.br/326339-uso-de-bioimpedancia-muda-forma-de-acompanhar-emagrecimento/,https://3dlook.ai/content-hub/glp-1-market/,análises de mercado
syndication,awtvnews.com.br,12.0,104,True,2026-02-12,False,https://awtvnews.com.br/noticia/221391/uso-de-bioimpedancia-muda-forma-de-acompanhar-emagrecimento,https://3dlook.ai/content-hub/glp-1-market/,análises de mercado
syndication,teresinaemfoco.com.br,1.6,96,True,2026-02-12,False,https://teresinaemfoco.com.br/noticia/12334/uso-de-bioimpedancia-muda-forma-de-acompanhar-emagrecimento,https://3dlook.ai/content-hub/glp-1-market/,análises de mercado
syndication,tribunapopular.net,9.0,93,True,2026-02-11,False,https://tribunapopular.net/noticia/78338/uso-de-bioimpedancia-muda-forma-de-acompanhar-emagrecimento,https://3dlook.ai/content-hub/glp-1-market/,análises de mercado
syndication,vinosite.com.br,5.0,78,True,2026-02-11,False,https://vinosite.com.br/noticia/23277/uso-de-bioimpedancia-muda-forma-de-acompanhar-emagrecimento,https://3dlook.ai/content-hub/glp-1-market/,análises de mercado
syndication,anoticiacerta.com.br,8.0,68,True,2026-02-11,False,https://www.anoticiacerta.com.br/noticia/23644/uso-de-bioimpedancia-muda-forma-de-acompanhar-emagrecimento,https://3dlook.ai/content-hub/glp-1-market/,análises de mercado
syndication,mariamandu.com.br,6.0,67,True,2026-02-12,False,https://mariamandu.com.br/noticia/15655/uso-de-bioimpedancia-muda-forma-de-acompanhar-emagrecimento,https://3dlook.ai/content-hub/glp-1-market/,análises de mercado
syndication,etcnoticias.com.br,13.0,65,True,2026-03-26,False,https://etcnoticias.com.br/326339-uso-de-bioimpedancia-muda-forma-de-acompanhar-emagrecimento/,https://3dlook.ai/content-hub/glp-1-market/,análises de mercado
syndication,oeste360.com,19.0,65,True,2026-02-11,False,https://www.oeste360.com/noticia/307361/uso-de-bioimpedancia-muda-forma-de-acompanhar-emagrecimento,https://3dlook.ai/content-hub/glp-1-market/,análises de mercado
syndication,agoradiario.com.br,7.0,52,True,2026-02-11,False,https://agoradiario.com.br/noticia/17889/uso-de-bioimpedancia-muda-forma-de-acompanhar-emagrecimento,https://3dlook.ai/content-hub/glp-1-market/,análises de mercado
syndication,360hoje.com.br,6.0,46,True,2026-02-11,False,https://360hoje.com.br/noticia/14742/uso-de-bioimpedancia-muda-forma-de-acompanhar-emagrecimento,https://3dlook.ai/content-hub/glp-1-market/,análises de mercado
syndication,portalnarede.com.br,16.0,43,True,2026-02-12,False,https://portalnarede.com.br/noticia/16332/uso-de-bioimpedancia-muda-forma-de-acompanhar-emagrecimento,https://3dlook.ai/content-hub/glp-1-market/,análises de mercado
syndication,faroldoes.com.br,6.0,38,True,2026-02-11,False,https://faroldoes.com.br/noticia/9891/uso-de-bioimpedancia-muda-forma-de-acompanhar-emagrecimento,https://3dlook.ai/content-hub/glp-1-market/,análises de mercado
syndication,penhanews.com.br,11.0,37,True,2026-02-12,False,https://www.penhanews.com.br/noticia/107616/uso-de-bioimpedancia-muda-forma-de-acompanhar-emagrecimento,https://3dlook.ai/content-hub/glp-1-market/,análises de mercado
syndication,tvbc.com.br,4.0,32,True,2026-02-12,False,https://tvbc.com.br/noticia/78560/uso-de-bioimpedancia-muda-forma-de-acompanhar-emagrecimento,https://3dlook.ai/content-hub/glp-1-market/,análises de mercado
syndication,clickitapema.com,4.8,31,True,2026-02-12,False,https://www.clickitapema.com/noticia/111961/uso-de-bioimpedancia-muda-forma-de-acompanhar-emagrecimento,https://3dlook.ai/content-hub/glp-1-market/,análises de mercado
syndication,oraculonews.com.br,4.6,27,True,2026-02-11,False,https://oraculonews.com.br/2026/02/11/326339-uso-de-bioimpedancia-muda-forma-de-acompanhar-emagrecimento/,https://3dlook.ai/content-hub/glp-1-market/,análises de mercado
syndication,correiopantanal.com.br,1.7,26,True,2026-02-11,False,https://correiopantanal.com.br/noticia/29909/uso-de-bioimpedancia-muda-forma-de-acompanhar-emagrecimento,https://3dlook.ai/content-hub/glp-1-market/,análises de mercado
syndication,anoticiadigital.com.br,26.0,25,True,2026-02-11,False,https://anoticiadigital.com.br/noticia/311456/uso-de-bioimpedancia-muda-forma-de-acompanhar-emagrecimento,https://3dlook.ai/content-hub/glp-1-market/,análises de mercado
syndication,tvplural.com.br,1.5,23,True,2026-02-11,False,https://tvplural.com.br/noticia/20289/uso-de-bioimpedancia-muda-forma-de-acompanhar-emagrecimento,https://3dlook.ai/content-hub/glp-1-market/,análises de mercado
syndication,msfronteira.com.br,0.4,22,True,2026-02-11,False,https://msfronteira.com.br/noticia/13319/uso-de-bioimpedancia-muda-forma-de-acompanhar-emagrecimento,https://3dlook.ai/content-hub/glp-1-market/,análises de mercado
syndication,jornalvozdooeste.com.br,3.4,19,True,2026-02-12,False,https://jornalvozdooeste.com.br/noticia/43717/uso-de-bioimpedancia-muda-forma-de-acompanhar-emagrecimento,https://3dlook.ai/content-hub/glp-1-market/,análises de mercado
syndication,cnbv.com.br,4.6,17,True,2026-02-11,False,https://cnbv.com.br/noticia/74235/uso-de-bioimpedancia-muda-forma-de-acompanhar-emagrecimento,https://3dlook.ai/content-hub/glp-1-market/,análises de mercado
syndication,estadaodaparaiba.com.br,4.1,16,True,2026-02-11,False,https://estadaodaparaiba.com.br/noticia/117068/uso-de-bioimpedancia-muda-forma-de-acompanhar-emagrecimento,https://3dlook.ai/content-hub/glp-1-market/,análises de mercado
syndication,noticiasdosjornais.com.br,13.0,16,True,2026-05-05,False,https://noticiasdosjornais.com.br/326339-uso-de-bioimpedancia-muda-forma-de-acompanhar-emagrecimento/,https://3dlook.ai/content-hub/glp-1-market/,análises de mercado
syndication,chjornal.com.br,8.0,12,True,2026-02-11,False,https://chjornal.com.br/noticia/11418/uso-de-bioimpedancia-muda-forma-de-acompanhar-emagrecimento,https://3dlook.ai/content-hub/glp-1-market/,análises de mercado
syndication,portalespia.com.br,4.2,9,True,2026-02-12,False,https://portalespia.com.br/noticia/15348/uso-de-bioimpedancia-muda-forma-de-acompanhar-emagrecimento,https://3dlook.ai/content-hub/glp-1-market/,análises de mercado
syndication,onortenews.com.br,1.5,9,True,2026-02-11,False,https://onortenews.com.br/noticia/30200/uso-de-bioimpedancia-muda-forma-de-acompanhar-emagrecimento,https://3dlook.ai/content-hub/glp-1-market/,análises de mercado
syndication,portalsantananews.com,0.3,7,True,2026-02-11,False,https://portalsantananews.com/noticia/45041/uso-de-bioimpedancia-muda-forma-de-acompanhar-emagrecimento,https://3dlook.ai/content-hub/glp-1-market/,análises de mercado
syndication,noticiasdefato.com.br,6.0,7,True,2026-02-12,False,https://noticiasdefato.com.br/noticia/13812/uso-de-bioimpedancia-muda-forma-de-acompanhar-emagrecimento,https://3dlook.ai/content-hub/glp-1-market/,análises de mercado
syndication,circuitoabertonews.com.br,9.0,6,True,2026-02-12,False,https://circuitoabertonews.com.br/noticia/24685/uso-de-bioimpedancia-muda-forma-de-acompanhar-emagrecimento,https://3dlook.ai/content-hub/glp-1-market/,análises de mercado
syndication,odiariodoparana.com.br,22.0,6,True,2026-02-11,False,https://odiariodoparana.com.br/noticias-corporativas-dino/2026/02/11/326339-uso-de-bioimpedancia-muda-forma-de-acompanhar-emagrecimento/,https://3dlook.ai/content-hub/glp-1-market/,análises de mercado
syndication,barreiras40graus.com.br,0.4,5,True,2026-02-11,False,https://barreiras40graus.com.br/noticia/18506/uso-de-bioimpedancia-muda-forma-de-acompanhar-emagrecimento,https://3dlook.ai/content-hub/glp-1-market/,análises de mercado
syndication,pantanalemdia.com.br,4.9,5,True,2026-02-11,False,https://www.pantanalemdia.com.br/noticia/93007/uso-de-bioimpedancia-muda-forma-de-acompanhar-emagrecimento,https://3dlook.ai/content-hub/glp-1-market/,análises de mercado
syndication,mustach.com.br,12.0,5,True,2026-02-12,False,https://www.mustach.com.br/noticia/77060/uso-de-bioimpedancia-muda-forma-de-acompanhar-emagrecimento,https://3dlook.ai/content-hub/glp-1-market/,análises de mercado
syndication,tvcupula.com.br,1.1,4,True,2026-02-11,False,https://tvcupula.com.br/noticia/87123/uso-de-bioimpedancia-muda-forma-de-acompanhar-emagrecimento,https://3dlook.ai/content-hub/glp-1-market/,análises de mercado
syndication,borapb.com.br,0.8,3,True,2026-02-11,False,https://borapb.com.br/noticia/22156/uso-de-bioimpedancia-muda-forma-de-acompanhar-emagrecimento,https://3dlook.ai/content-hub/glp-1-market/,análises de mercado
syndication,jatapop.com.br,0.3,3,True,2026-02-11,False,https://jatapop.com.br/noticia/5091/uso-de-bioimpedancia-muda-forma-de-acompanhar-emagrecimento,https://3dlook.ai/content-hub/glp-1-market/,análises de mercado
syndication,reporterms.com.br,25.0,3,True,2026-02-11,False,https://www.reporterms.com.br/noticia/42784/uso-de-bioimpedancia-muda-forma-de-acompanhar-emagrecimento,https://3dlook.ai/content-hub/glp-1-market/,análises de mercado
syndication,avozdosmunicipios.com.br,4.4,1,True,2026-02-11,False,https://www.avozdosmunicipios.com.br/noticia/125436/uso-de-bioimpedancia-muda-forma-de-acompanhar-emagrecimento,https://3dlook.ai/content-hub/glp-1-market/,análises de mercado
syndication,folhadejardim.com.br,1.9,1,True,2026-05-10,False,https://folhadejardim.com.br/noticia/28689/uso-de-bioimpedancia-muda-forma-de-acompanhar-emagrecimento,https://3dlook.ai/content-hub/glp-1-market/,análises de mercado
syndication,gpsdanoticia.com.br,9.0,1,True,2026-03-03,False,https://gpsdanoticia.com.br/326339-uso-de-bioimpedancia-muda-forma-de-acompanhar-emagrecimento/,https://3dlook.ai/content-hub/glp-1-market/,análises de mercado
syndication,tvinterbam.com.br,10.0,1,True,2026-02-12,False,https://www.tvinterbam.com.br/noticia/114757/uso-de-bioimpedancia-muda-forma-de-acompanhar-emagrecimento,https://3dlook.ai/content-hub/glp-1-market/,análises de mercado
syndication,ms1noticias.com.br,0.5,0,True,2026-02-15,False,https://ms1noticias.com.br/noticia/11520/uso-de-bioimpedancia-muda-forma-de-acompanhar-emagrecimento,https://3dlook.ai/content-hub/glp-1-market/,análises de mercado
syndication,falaverdadems.com.br,0.3,0,True,2026-02-11,False,https://falaverdadems.com.br/noticia/9691/uso-de-bioimpedancia-muda-forma-de-acompanhar-emagrecimento,https://3dlook.ai/content-hub/glp-1-market/,análises de mercado
syndication,minutogo.com,0.3,0,True,2026-02-11,False,https://minutogo.com/noticia/379/uso-de-bioimpedancia-muda-forma-de-acompanhar-emagrecimento,https://3dlook.ai/content-hub/glp-1-market/,análises de mercado
syndication,toemalta.com.br,0.0,0,True,2026-02-11,False,https://toemalta.com.br/noticia/3382/uso-de-bioimpedancia-muda-forma-de-acompanhar-emagrecimento,https://3dlook.ai/content-hub/glp-1-market/,análises de mercado
syndication,combinadonoticias.com.br,0.5,0,True,2026-02-12,False,https://combinadonoticias.com.br/noticia/5809/uso-de-bioimpedancia-muda-forma-de-acompanhar-emagrecimento,https://3dlook.ai/content-hub/glp-1-market/,análises de mercado
syndication,mtsemfiltro.com.br,0.6,0,True,2026-02-12,False,https://mtsemfiltro.com.br/noticia/6488/uso-de-bioimpedancia-muda-forma-de-acompanhar-emagrecimento,https://3dlook.ai/content-hub/glp-1-market/,análises de mercado
syndication,turmadoradiobahia.com.br,0.3,0,True,2026-05-07,False,https://turmadoradiobahia.com.br/noticia/2848/uso-de-bioimpedancia-muda-forma-de-acompanhar-emagrecimento,https://3dlook.ai/content-hub/glp-1-market/,análises de mercado
syndication,pensatocantins.com.br,4.0,0,True,2026-02-11,False,https://pensatocantins.com.br/noticia/37427/uso-de-bioimpedancia-muda-forma-de-acompanhar-emagrecimento,https://3dlook.ai/content-hub/glp-1-market/,análises de mercado
syndication,fatoms.com.br,1.5,0,True,2026-02-12,False,https://fatoms.com.br/noticia/11880/uso-de-bioimpedancia-muda-forma-de-acompanhar-emagrecimento,https://3dlook.ai/content-hub/glp-1-market/,análises de mercado
syndication,destaquecapixaba.com,3.9,0,True,2026-02-11,False,https://www.destaquecapixaba.com/noticia/uso-de-bioimpedancia-muda-forma-de-acompanhar-emagrecimento,https://3dlook.ai/content-hub/glp-1-market/,análises de mercado
syndication,portalnv1.com.br,1.3,0,True,2026-04-27,False,https://portalnv1.com.br/noticia/5168/uso-de-bioimpedancia-muda-forma-de-acompanhar-emagrecimento,https://3dlook.ai/content-hub/glp-1-market/,análises de mercado
syndication,taacontecendo.com.br,1.1,0,True,2026-04-08,False,https://taacontecendo.com.br/noticia/25991/uso-de-bioimpedancia-muda-forma-de-acompanhar-emagrecimento,https://3dlook.ai/content-hub/glp-1-market/,análises de mercado
syndication,redeinterativa.com.br,1.8,0,True,2026-02-11,False,https://redeinterativa.com.br/noticia/87811/uso-de-bioimpedancia-muda-forma-de-acompanhar-emagrecimento,https://3dlook.ai/content-hub/glp-1-market/,análises de mercado
syndication,blogdojornalistacamilo.com.br,2.9,0,True,2026-05-05,False,https://blogdojornalistacamilo.com.br/noticia/36338/uso-de-bioimpedancia-muda-forma-de-acompanhar-emagrecimento,https://3dlook.ai/content-hub/glp-1-market/,análises de mercado
syndication,realmt.com.br,1.9,0,True,2026-02-11,False,https://realmt.com.br/noticia/10941/uso-de-bioimpedancia-muda-forma-de-acompanhar-emagrecimento,https://3dlook.ai/content-hub/glp-1-market/,análises de mercado
syndication,rm7portaldenoticias.com.br,2.7,0,True,2026-02-11,False,https://rm7portaldenoticias.com.br/noticia/30830/uso-de-bioimpedancia-muda-forma-de-acompanhar-emagrecimento,https://3dlook.ai/content-hub/glp-1-market/,análises de mercado
syndication,redecearatv.com.br,4.7,0,True,2026-02-11,False,https://redecearatv.com.br/noticia/66560/uso-de-bioimpedancia-muda-forma-de-acompanhar-emagrecimento,https://3dlook.ai/content-hub/glp-1-market/,análises de mercado
syndication,plantaominas.com.br,1.2,0,True,2026-02-11,False,https://plantaominas.com.br/noticia/62395/uso-de-bioimpedancia-muda-forma-de-acompanhar-emagrecimento,https://3dlook.ai/content-hub/glp-1-market/,análises de mercado
syndication,bahiahoje.ba,1.3,0,True,2026-02-11,False,https://bahiahoje.ba/noticia/9273/uso-de-bioimpedancia-muda-forma-de-acompanhar-emagrecimento,https://3dlook.ai/content-hub/glp-1-market/,análises de mercado
syndication,radarnewsamazonas.com,4.4,0,True,2026-02-11,False,https://radarnewsamazonas.com/noticia/17895/uso-de-bioimpedancia-muda-forma-de-acompanhar-emagrecimento,https://3dlook.ai/content-hub/glp-1-market/,análises de mercado
syndication,estilonewsms.com.br,7.0,0,True,2026-02-12,False,https://estilonewsms.com.br/noticia/1385/uso-de-bioimpedancia-muda-forma-de-acompanhar-emagrecimento,https://3dlook.ai/content-hub/glp-1-market/,análises de mercado
syndication,aquinabahia.com.br,7.0,0,True,2026-02-11,False,https://www.aquinabahia.com.br/noticia/39976/uso-de-bioimpedancia-muda-forma-de-acompanhar-emagrecimento,https://3dlook.ai/content-hub/glp-1-market/,análises de mercado
syndication,plantaoms.com.br,6.0,0,True,2026-02-12,False,https://plantaoms.com.br/noticia/77636/uso-de-bioimpedancia-muda-forma-de-acompanhar-emagrecimento,https://3dlook.ai/content-hub/glp-1-market/,análises de mercado
syndication,lagonoticias.com.br,5.0,0,True,2026-02-12,False,https://lagonoticias.com.br/noticia/27766/uso-de-bioimpedancia-muda-forma-de-acompanhar-emagrecimento,https://3dlook.ai/content-hub/glp-1-market/,análises de mercado
syndication,revistamatrimoni.com.br,12.0,0,True,2026-02-11,False,https://revistamatrimoni.com.br/Uso_de_bioimpedancia_muda_forma_de_acompanhar_emagrecimento/,https://3dlook.ai/content-hub/glp-1-market/,análises de mercado
weak,earthkey.blog,6.0,98,True,2024-07-11,False,https://earthkey.blog/global/%E3%83%96%E3%83%A9%E3%82%B8%E3%83%AB%E3%81%AE%E8%BE%B2%E6%A5%AD%E3%82%BB%E3%82%AF%E3%82%BF%E3%83%BC%E3%81%AB%E9%9D%A9%E6%96%B0%E3%82%92%E3%82%82%E3%81%9F%E3%82%89%E3%81%99%E3%82%B9%E3%82%BF%E3%83%BC/,https://3dlook.ai/,https://3dlook.ai/
weak,murrayroadagency.com,17.0,92,True,2026-09-18,False,https://murrayroadagency.com/3dlook-safariland-expand-xpertfit-revolutionary-sizing-technology-for-tactical-armor/,https://3dlook.ai/,https://3dlook.ai/
weak,qartsolutions.com,19.0,78,True,2026-08-19,False,https://www.qartsolutions.com/post/virtual-dressing-room-technology-is-changing-how-fashion-brands-present-collections,https://3dlook.ai/content-hub/virtual-clothing-try-on/,breakdown of virtual clothing try on
weak,kokbisa.id,18.0,72,True,2023-02-20,False,https://www.kokbisa.id/newsletter/revolusi-ai,https://3dlook.ai/,AI bakal bisa men-simulasikan baju yang kalian pengen beli ke badan kalian
weak,promptpanda.io,19.0,66,True,2024-09-29,False,https://www.promptpanda.io/blog/ai-in-fashion-industry/,https://3dlook.ai/content-hub/artificial-intelligence-in-fashion/,3DLOOK
weak,fitbodyarizona.com,3.3,64,True,2025-01-22,False,https://www.fitbodyarizona.com/blog/7-fitness-trends-you-cant-miss-in-2025,https://3dlook.ai/content-hub/top-fitness-tech-companies/,leading fitness technology companies in 2025
weak,sojitz-ti.us,19.0,63,True,2024-12-20,False,https://sojitz-ti.us/ja/article/awe2021_startup/,https://3dlook.ai/,3DLook
weak,heylillian.com,16.0,61,False,2026-10-03,False,https://www.heylillian.com/blog/social-media-strategy-clothing-brands-2025/,https://3dlook.ai/content-hub/how-to-market-a-clothing-brand/,Sharing narratives about craftsmanship and eco-friendly practices
weak,iee.org.ua,16.0,58,False,2023-10-07,False,https://iee.org.ua/ru/prog_info/47457/,https://3dlook.ai/yourfit,3DLook
weak,olps.co.za,5.0,55,True,2026-05-15,False,https://olps.co.za/kiwix/content/wikipedia_en_all_maxi_2024-01/A/Almaz_Capital,https://3dlook.ai/about-us/,"""About 3DLOOK"""
weak,abiteks.com.tr,11.0,49,True,2023-02-27,False,https://www.abiteks.com.tr/blog/what-are-the-current-challenges-facing-the-textile-and-fashion-retail-industry-in-2023,https://3dlook.ai/,https://3dlook.me/
weak,slidez.social,0.0,47,True,2026-08-06,False,https://www.slidez.social/blog/how-ai-helps-find-clothes-that-suit-you,https://3dlook.ai/content-hub/true-cost-apparel-returns-data-rising-return-rates/,"True Cost of Apparel Returns Data and Rising Return Rates, Coresight Research, 2023"
weak,somniacsecurity.com,5.0,47,True,2025-03-16,False,https://www.somniacsecurity.com/why-the-fashion-and-textiles-industry-faces-heightened-cyber-security-risks/,https://3dlook.ai/content-hub/fashion-industry-challenges/,https://3dlook.ai/content-hub/fashion-industry-challenges/
weak,sinaunangpanahon.com,10.0,47,False,2025-02-14,False,https://sinaunangpanahon.com/ancient-filipino-clothing-materials-and-styles/,https://3dlook.ai/content-hub/top-11-fashion-technologies/,comprehensive guide
weak,webmind.mk,8.0,45,False,2024-05-03,False,https://webmind.mk/nft-mk/kako-nft-go-menuvaat-svetot-na-modnata-industrija/,https://3dlook.ai/content-hub/nft-in-fashion/,проширената реалност (AR)
weak,newtoyou.net,4.8,43,True,2023-12-07,False,https://newtoyou.net/blogs/new-to-you-fashion-news/tagged/luxuryfashion,https://3dlook.ai/content-hub/top-11-fashion-technologies/,cutting-edge technology
weak,xiweiundies.com,4.5,39,True,2025-04-08,False,https://xiweiundies.com/quality-control-custom-thong-underwear/,https://3dlook.ai/content-hub/body-scanning-technology-for-apparel/,innovate their sizing approach
weak,redsurgeapparel.com,4.9,38,True,2024-12-21,False,https://redsurgeapparel.com/cultural-influences-on-2024-oscars-fashion-choices/,https://3dlook.ai/content-hub/virtual-fitting-room-for-ecommerce/,Virtual fitting rooms
weak,thehubnews.org,6.0,37,True,2022-10-18,False,https://thehubnews.org/08-trends-that-will-rock-fashion-ecommerce-in-2023/,https://3dlook.ai/content-hub/the-future-of-fashion-retail/,$845
weak,founderlodge.com,10.0,37,False,2023-01-28,False,https://founderlodge.com/round/3DLOOK-raises-10000000-Series-A-2021-12-21-Vadim-Rogovskiy--Mzc0Mw,https://3dlook.ai/,https://3dlook.me/
weak,evolvesv.org,0.6,36,True,2024-12-23,False,https://evolvesv.org/Show_Deeptech_Companies_People_List.asp?GTCountry=&ShowType=&StupType=&Start=%9Aa&E=&SrcType=&SRCWord=%F6%01%EA&EncryptSTR=&chkOpt=,https://3dlook.ai/,Vadim Rogovskiy 3DLOOK Founder/Co-Founder
weak,evolvesv.org,0.6,36,True,2025-08-16,False,https://evolvesv.org/Show_Deeptech_Companies_List.asp?GTcountry=&ShowType=%FE%23%D2%EB92%81%CE&CHKType=&StupType=&SRCWord=%F6c%9A%B3%0F,https://3dlook.ai/,3DLOOK United States
weak,joinjapan.jp,3.2,36,True,2024-01-14,False,https://joinjapan.jp/ukrainian-news/ukraine-no-start-up/,https://3dlook.ai/,3DLook
weak,cloami.com,1.1,35,True,2025-01-15,False,https://cloami.com/tech-futuristic-fashion/,https://3dlook.ai/wp-content/uploads/2021/06/virtual-try-on-the-future-of-fashion-2265h921-1-min.jpg,3DLOOK
weak,na-magazine.com,10.0,35,True,2024-09-24,False,https://www.na-magazine.com/article-stitching-the-future,https://3dlook.ai/content-hub/artificial-intelligence-in-fashion/,supply chain management
weak,virtualpersonaltrainer.co,7.0,33,True,2026-01-02,False,https://www.virtualpersonaltrainer.co/artificial-intelligence-fitness-guidance/,https://3dlook.ai/content-hub/ai-in-fitness-industry/,https://3dlook.ai/content-hub/ai-in-fitness-industry/
weak,vmora.com,13.0,30,True,2023-10-07,False,https://www.vmora.com/blog-and-press/the-best-way-to-avoid-returns-3dlook-redefines-sizing-with-mobile-body-scanning-on-your-clothing-website,https://3dlook.ai/mobile-tailor/,Mobile Tailor by 3DLOOK
weak,umbrelly.cloud,5.0,28,True,2024-08-30,False,https://umbrelly.cloud/case_study_3dlook,https://3dlook.ai/,3DLOOK
weak,clad.you,12.0,27,True,2026-03-27,False,https://clad.you/blog/posts/body-pipeline/,https://3dlook.ai/pricing/,3DLOOK
weak,infinity-press.jp,14.0,25,False,2024-03-28,False,https://infinity-press.jp/press/74742,https://3dlook.ai/content-hub/introducing-uniform-pro/,https://3dlook.ai/content-hub/introducing-uniform-pro/
weak,essentialyfe.com,4.9,23,False,2026-09-11,False,https://essentialyfe.com/guide-to-smart-fitness-for-luxury-rentals/,https://3dlook.ai/,FitXpress
weak,babassusoaps.com,0.1,21,True,2023-09-11,False,https://www.babassusoaps.com/post/rethinking-fashion-and-cosmetics-paving-the-way-for-a-sustainable-and-inclusive-future,https://3dlook.ai/content-hub/inclusivity-in-fashion/,challenge these norms
weak,babassusoaps.com,0.1,21,True,2024-11-15,False,https://www.babassusoaps.com/de/post/die-neugestaltung-von-mode-und-kosmetik,https://3dlook.ai/content-hub/inclusivity-in-fashion/,diese Normen in Frage zu stellen
weak,ukrrudprom.eu,9.0,20,True,2024-10-27,False,https://ukrrudprom.eu/news/Lyubimaya_investkompaniya_Petra_Poroshenko_raskrila_portfel_svoi.html,https://3dlook.ai/,3D Look
weak,rnsclothes.com,13.0,20,True,2024-11-28,False,https://www.rnsclothes.com/posts/fashion-in-digital-age,https://3dlook.ai/content-hub/artificial-intelligence-in-fashion/,هوش مصنوعی در فشن
weak,newfashion.zone,13.0,20,True,2021-12-22,False,https://newfashion.zone/demo-day-2021-results-eng/,https://3dlook.ai/,3DLook
weak,mayavarta.com,10.0,20,True,2024-04-26,False,https://mayavarta.com/blogs/news/social-media-engagement-with-ar-code-integrated-ar-filters,https://3dlook.ai/content-hub/virtual-fitting-room-for-ecommerce/,virtual dressing rooms
weak,fdlaesthetics.com,0.8,18,True,2026-01-23,False,https://www.fdlaesthetics.com/the-smart-start-why-3d-body-composition-scans-anchor-effective-medical-weight-loss/,https://3dlook.ai/content-hub/body-scanning-technology-for-weight-loss/,Book your 3D Body Composition Scan and consultation today
weak,aitalentlist.com,0.0,18,True,2026-02-04,False,https://aitalentlist.com/companies/city/san-mateo,https://3dlook.ai/,Visit ↗
weak,getunruly.com,19.0,17,True,2026-06-13,False,https://getunruly.com/essay/your-body-was-never-the-problem,https://3dlook.ai/content-hub/weight-loss-industry-overview/,an estimated value of $24.23 billion in 2024
weak,beaubellasboutique.com,4.3,16,True,2025-10-05,False,https://beaubellasboutique.com/blogs/news/nice-online-clothing-stores,https://3dlook.ai/content-hub/fashion-ecommerce-in-2025/,Impact of AI and AR on online fashion shopping
weak,bulkgen.ai,2.0,15,True,2025-02-06,False,https://www.bulkgen.ai/posts/8-industries,https://3dlook.ai/content-hub/virtual-clothing-try-on/,3D Look
weak,500ee.co,13.0,15,True,2023-05-15,False,https://www.500ee.co/portfolio,https://3dlook.ai/,
weak,trackr.help,0.1,14,True,2026-07-23,False,https://trackr.help/jobs/senior-backend-engineer-python-3dlook-83e98581fed0f214,https://3dlook.ai/about-us/,3DLook
weak,masrawysat111.com,4.1,14,True,2021-07-03,False,https://www.masrawysat111.com/2019/12/ifreex555.html,https://3dlook.ai/,3DLook
weak,trophydaughter.com,4.4,14,True,2025-12-22,False,https://trophydaughter.com/en-ca/blogs/news/luxury-athleisure-leggings-return-rate-statistics,https://3dlook.ai/content-hub/apparel-return-rates-the-stats-retailers-cannot-ignore/,3DLOOK: Apparel return rates statistics and data that retailers cannot ignore in the current market
weak,pentopeg.com,0.0,13,True,2021-03-21,False,https://www.pentopeg.com/blog/goodbye-measuringtape,https://3dlook.ai/uniform-pro/,https://3dlook.me/uniform-pro/
weak,ayanaactive.com,9.0,13,True,2024-10-25,False,https://ayanaactive.com/blogs/news/more-on-tech-infused-fashion,https://3dlook.ai/content-hub/nft-in-fashion/,NFTs
weak,incredibletech.org,11.0,13,True,2023-12-28,False,https://incredibletech.org/ecommerce-and-retail,https://3dlook.ai/,3dlook.ai
weak,weatherinmelbourne.news,11.0,11,False,2026-09-27,False,http://www.weatherinmelbourne.news/article/wellness-bundoora-20260715-26d0366a7df1,https://3dlook.ai/content-hub/top-fitness-industry-trends/,3dlook.ai · Top fitness industry trends
weak,abcofprocurement.com,16.0,11,True,2022-06-03,False,https://abcofprocurement.com/hey-procurement-team-what-can-you-buy-in-the-metaverse/,https://3dlook.ai/,https://3dlook.me/yourfit/
weak,hukuktakariyerkulubu.net,0.4,10,True,2024-02-12,False,https://www.hukuktakariyerkulubu.net/post/can-nfts-be-used-in-real-estate-transactions-with-the-help-of-blockchain,https://3dlook.ai/content-hub/nft-in-fashion/,https://3dlook.ai/content-hub/nft-in-fashion/
weak,okkels.com,0.7,10,True,2024-07-08,False,https://www.okkels.com/artikler/retail-strategier-2024,https://3dlook.ai/,3DLook
weak,passionofessence.com,0.9,10,True,2025-04-10,False,https://passionofessence.com/blogs/news/gen-z-fashion-trends-2025-what-cool-kids-are-actually-wearing,https://3dlook.ai/content-hub/ar-clothing-try-on-tools/,https://3dlook.ai/content-hub/ar-clothing-try-on-tools/
weak,textile-journal.com,2.4,10,True,2025-11-30,False,https://textile-journal.com/index.php/textile/article/view/22,https://3dlook.ai/content-hub/case-study-how-1822-denim-reduced-returns-by-30/,https://3dlook.ai/content-hub/case-study-how-1822-denim-reduced-returns-by-30/?utm_source=linkedin&utm_medium=company_page&utm_campaign=1822_case_stud
weak,newsroom.ir,2.6,10,True,2026-08-22,False,https://newsroom.ir/%D9%87%D9%88%D8%B4-%D9%85%D8%B5%D9%86%D9%88%D8%B9%DB%8C-%D8%AF%D8%B1-%D8%B5%D9%86%D8%B9%D8%AA-%D9%85%D8%AF-%D9%88-%D9%81%D8%B4%D9%86/,https://3dlook.ai/,
weak,mps-commerce.com,18.0,10,False,2023-06-07,False,https://mps-commerce.com/blog/become-gold-digger-in-the-world-of-dropshipping-best-sales-practices-on-shopify,https://3dlook.ai/,YourFit
weak,blancer.com,13.0,10,True,2026-05-26,False,https://blancer.com/tech/847016/announcing-the-tc-top-picks-for-disrupt-sf-2018/,https://3dlook.ai/,3DLOOK:
weak,fercom.dev,0.3,9,True,2026-06-22,False,https://blog.fercom.dev/the-future-of-fashion-retail-key-trends/,https://3dlook.ai/blog/virtual-clothing-try-on/,clothes virtual try on
weak,sportsbrareviews.com,1.4,9,True,2026-06-15,False,https://sportsbrareviews.com/article/the-ultimate-2026-bra-guide-new-technology-sizing-shifts-and-finding-your-perfect-fit/,https://3dlook.ai/,3DLOOK
weak,computerreview.com,3.5,9,True,2022-12-21,False,http://www.computerreview.com/cgi-bin/EBOOKS/gen_book.pl?page_number=4&criteria=&increment_ip_counter=1,https://3dlook.ai/,3DLOOK
weak,geti.pe,1.4,9,True,2025-09-18,False,https://geti.pe/blog/post/mas-de-20-estadisticas-y-datos-sobre-el-retail-moda,https://3dlook.ai/content-hub/fashion-ecommerce-in-2025/,The Retailer’s Guide to Fashion eCommerce in 2025
weak,fotb.news,8.0,9,True,2025-08-19,False,https://fotb.news/fashion-on-the-beat/fashioninnovation-january-2024-nyc,https://3dlook.ai/content-hub/ar-clothing-try-on-tools/,Augmented Reality
weak,lotscomic.com,0.1,8,True,2025-07-24,False,http://lotscomic.com/alliances.html,https://3dlook.ai/,3DLook
weak,dehometal.com,1.5,6,True,2024-10-31,False,https://dehometal.com/eco-friendly-buttons-new-trends-in-sustainable-fashion/,https://3dlook.ai/content-hub/sustainable-fashion-trends/,https://3dlook.ai/content-hub/sustainable-fashion-trends-to-watch-in-2024/
weak,thejob.tech,4.0,6,True,2026-07-27,False,https://thejob.tech/companies/3dlook,https://3dlook.ai/,Visit Website
weak,evolvenova.com,16.0,6,True,2025-02-22,False,https://evolvenova.com/blog/interactive-marketing-strategies-2025,https://3dlook.ai/,3DLOOK
weak,woldemar.net.ua,3.6,5,True,2020-05-21,False,https://www.woldemar.net.ua/news/obvineniyax-amerikanskix-smi-protiv-ring/,https://3dlook.ai/,3DLOOK
weak,kiantp.com,8.0,5,True,2025-03-07,False,https://kiantp.com/blog/fashion-2/clothing-designer-44,https://3dlook.ai/content-hub/metaverse-fashion/,طراح لباس و متاورس
weak,digitalbeehive.net,5.0,5,True,2023-06-25,False,https://www.digitalbeehive.net/facebooks-rebrand-to-meta-what-does-this-mean-for-your-business/,https://3dlook.ai/,3DLOOK
weak,weartotrack.com,12.0,5,False,2025-07-24,False,https://weartotrack.com/smart-recovery-ai-optimizes-rest-days-biometric-data/,https://3dlook.ai/content-hub/ai-in-fitness-industry/,strong encryption
weak,bluelinestyle.com,16.0,4,False,2024-01-24,False,https://bluelinestyle.com/hip-measurement/,https://3dlook.ai/content-hub/the-enormous-impact-of-daily-physiological-changes-on-the-accuracy-of-our-body-measurements/,hip measurements can change
weak,shopifyforsmallbrands.com,13.0,4,True,2026-03-26,False,https://shopifyforsmallbrands.com/blog/3d-commerce-for-fashion-brands-virtual-try-ons-ar-fitting-rooms-and-whats-working-in-2026,https://3dlook.ai/,3DLOOK
weak,quenty.com.br,0.8,3,True,2026-08-02,False,https://quenty.com.br/resumo/1-agosto-2026/homem-cria-jeito-de-experimentar-roupas-sem-vesti-las-provador-virtual-vira-debate-sobre-privacidade-e-comercio,https://3dlook.ai/technology/,3dlook.ai
weak,aiwa-ai.com,2.2,3,True,2025-06-11,False,https://www.aiwa-ai.com/post/fashion-industry-ai-innovators-top-100,https://3dlook.ai/,3DLOOK
weak,marketgenics.co,14.0,3,True,2026-09-22,False,https://marketgenics.co/reports/virtual-try-on-technology-market-47900,https://3dlook.ai/content-hub/virtual-clothing-try-on/,3DLOOK Inc.
weak,ituade.com,19.0,3,False,2019-07-11,False,https://www.ituade.com/article/startup-3dlook-wie-ki-die-mode-branche-revolutioniert,https://3dlook.ai/,3DLOOK
weak,banishcancer.org,0.6,2,False,2026-02-27,False,https://blog.banishcancer.org/the-growing-field-of-telemedicine-in-cancer-diagnosis-trends/,https://3dlook.ai/content-hub/the-potential-of-ai-in-telehealth/,boost diagnostic accuracy
weak,forgetrainer.ai,2.0,2,True,2026-01-28,False,https://forgetrainer.ai/blog/best-ai-personal-trainer-apps-2026,https://3dlook.ai/content-hub/ai-fitness-app/,3DLook
weak,reewrites.com,1.6,2,True,2025-03-30,False,https://reewrites.com/fitness-apps-vs-personal-trainers-which-is-right-for-you/,https://3dlook.ai/content-hub/top-trends-and-features-in-fitness-apps/,https://3dlook.ai/content-hub/top-trends-and-features-in-fitness-apps/
weak,fashionic.ca,4.6,2,True,2024-08-18,False,https://www.fashionic.ca/rozblog/2021/6/14/myself-as-a-clo-avatar,https://3dlook.ai/,logo.png
weak,cueform.ai,6.0,2,False,2025-07-10,False,https://cueform.ai/posts/ai-vs-personal-trainer-pros-and-cons-for-form-feedback,https://3dlook.ai/content-hub/ai-in-fitness-industry/,[1]
weak,theshoeboxnyc.com,8.0,2,True,2022-11-12,False,https://www.theshoeboxnyc.com/pointe-shoe-size-chart-how-to-choose-the-right-pointe-shoes/,https://3dlook.ai/content-hub/how-to-take-your-body-measurements-at-home/,take your measurements at home
weak,gymijet.com,9.0,2,True,2025-11-04,False,https://gymijet.com/blogs/news/the-rise-of-smart-workout-equipment-in-2025,https://3dlook.ai/content-hub/ai-in-fitness-industry/,AI-powered fitness apps enable superior personalization compared to traditional programs
weak,muksalcreative.com,17.0,2,True,2025-08-21,False,https://muksalcreative.com/2025/08/18/digital-fashion-tech-2025-human-ai-try-ons-curation/,https://3dlook.ai/content-hub/ar-clothing-try-on-tools/,Forbes+83DLOOK+8SmartTek Solutions+8
weak,induscollection.com,0.4,1,True,2025-06-09,False,https://induscollection.com/eco-friendly-fashion/,https://3dlook.ai/content-hub/sustainable-fashion-trends/,sustainability
weak,nukoe.com,0.6,1,True,2026-05-21,False,https://www.nukoe.com/blog/ru-%D1%81%D0%BC%D0%B5%D1%88%D0%B0%D0%BD%D0%BD%D0%B0%D1%8F-%D1%80%D0%B5%D0%B0%D0%BB%D1%8C%D0%BD%D0%BE%D1%81%D1%82%D1%8C-%D0%B8-%D1%84%D0%B8%D1%82%D0%BD%D0%B5%D1%81-%D0%BA%D0%BE%D0%B3%D0%B4%D0%B0-%D0%B2%D0%B8%D1%80%D1%82%D1%83%D0%B0%D0%BB%D1%8C%D0%BD%D0%BE%D0%B5-%D0%BF%D0%BE%D0%B3%D1%80%D1%83%D0%B6%D0%B5%D0%BD%D0%B8%D0%B5-%D0%BF%D0%B5%D1%80%D0%B5%D0%BE%D0%BF%D1%80%D0%B5%D0%B4%D0%B5%D0%BB%D1%8F%D0%B5%D1%82-%D0%B7%D0%B4%D0%BE%D1%80%D0%BE%D0%B2%D1%8C%D0%B5-mku42t54,https://3dlook.ai/content-hub/ai-in-fitness-industry/,3dlook AI
weak,links-ai.ru,0.0,1,True,2026-08-18,False,https://links-ai.ru/tools/3dlook,https://3dlook.ai/,https://3dlook.me
weak,arfits.com,2.8,1,True,2026-06-04,False,https://arfits.com/how-foot-scanning-works,https://3dlook.ai/,3DLOOK
weak,circularloopholes.net,7.0,1,True,2023-07-04,False,https://circularloopholes.net/category/digitalization/AR%20try-on.html,https://3dlook.ai/content-hub/ar-clothing-try-on-tools/,Project link
weak,fellowone.com,6.0,1,True,2026-07-31,False,https://skinnyfat.fellowone.com/skinny-fat-science/how-is-skinny-fat-measured-question/,https://3dlook.ai/for-bmi-verification/,Lean Body Mass (LBM)
weak,ideamill.info,7.0,1,True,2023-10-07,False,https://ideamill.info/an-augmented-reality-app-to-try-shoes-on-virtually/,https://3dlook.ai/content-hub/virtual-clothing-try-on/,https://3dlook.ai/content-hub/vi
weak,wellwhisk.com,19.0,1,True,2026-07-10,False,https://wellwhisk.com/ai-in-fitness-industry/,https://3dlook.ai/content-hub/ai-in-fitness-industry/,“AI in the Fitness Industry.”
weak,deviantdigital.io,12.0,1,True,2025-10-04,False,https://deviantdigital.io/insights/the-anatomy-of-a-modern-growth-marketing-funnel-(with-real-examples-gymshark-duolingo-slack),https://3dlook.ai/content-hub/average-conversion-rate-for-fashion-ecommerce/,fashion e-commerce average of 2.9-3.3%.
weak,clovirtualfashion.blog,14.0,1,True,2024-05-04,False,https://clovirtualfashion.blog/2020/09/08/meshed-thoughts-how-3dlook-drives-garment-fit-with-just-two-photos/,https://3dlook.ai/yourfit/,Size and Fit Recommendations
weak,lukechristou.com,0.0,0,True,2019-04-18,False,https://lukechristou.com/,https://3dlook.ai/content-hub/artificial-intelligence-in-fashion/,Artificial intelligence in fashion: Reshaping the entire industry
weak,mytechnologyoutlet.com,0.0,0,True,2022-08-15,False,https://mytechnologyoutlet.com/digital-style-the-subsequent-frontier-in-style/,https://3dlook.ai/content-hub/fashions-new-future-pandemic-inspired-change-in-fashion-retail/,COVID-19 pandemic
weak,ua-talks.com,0.0,0,False,2022-12-14,False,https://ua-talks.com/people/%D0%B2%D0%B0%D0%B4%D0%B8%D0%BC-%D1%80%D0%BE%D0%B3%D0%BE%D0%B2%D1%81%D1%8C%D0%BA%D0%B8%D0%B9/,https://3dlook.ai/,3DLOOK
weak,nftnewsme.com,0.2,0,True,2022-10-13,False,https://nftnewsme.com/nft-fashion-in-middle-east/,https://3dlook.ai/content-hub/nft-in-fashion/,"Burberry, Gucci, and Louis Vuitton"
weak,techmongo.com,0.0,0,True,2019-06-04,False,https://techmongo.com/2018/07/30/body-scanning-app-3dlook-raises-1-million-to-measure-your-corpus-techcrunch/,https://3dlook.ai/,3DLOOK
weak,livedailynews24.com,0.4,0,True,2021-07-13,False,https://livedailynews24.com/shuttered-fitting-rooms-anger-shoppers-and-boost-returns-how-these-retailers-are-trying-to-fix-that/,https://3dlook.ai/,3DLook
weak,azeesystems.com,0.7,0,True,2020-12-18,False,https://azeesystems.com/category/uncategorized/page/3608/,https://3dlook.ai/,3DLOOK
weak,nycarticles.xyz,0.3,0,True,2023-10-13,False,https://www.nycarticles.xyz/benefits-of-digital-magic-mirror-in-port-washington-north/,https://3dlook.ai/content-hub/how-to-impelement-ar-in-fashion/,reduce returns
weak,technology-news.it,0.0,0,True,2023-02-25,False,https://technology-news.it/2023/02/25/a-year-on-from-russias-invasion-ukrainian-startups-show-astounding-resilience/,https://3dlook.ai/,3DLOOK
weak,superfounders.org,0.2,0,True,2023-09-26,False,http://superfounders.org/2018/05/superfounders-ukrainian-u-ventures-invests-15-mill-in-three-local-startups/,https://3dlook.ai/,3DLook
weak,moderoozmag.com,0.0,0,True,2023-12-22,False,https://moderoozmag.com/%D9%85%D8%AF-%D9%BE%D8%A7%DB%8C%D8%AF%D8%A7%D8%B1%D8%9B-%D9%81%D8%B4%D9%86%DB%8C-%DA%A9%D9%87-%D9%85%D8%AD%DB%8C%D8%B7%D8%B2%DB%8C%D8%B3%D8%AA-%D8%B1%D8%A7-%D9%86%D8%AC%D8%A7%D8%AA-%D9%85/,https://3dlook.ai/content-hub/7-sustainable-fashion-technologies/,https://3dlook.ai/content-hub/7-sustainable-fashion-technologies/
weak,toptechtrends.co,0.0,0,True,2023-02-27,False,https://toptechtrends.co/a-year-on-from-russias-invasion-ukrainian-startups-show-astounding-resilience/,https://3dlook.ai/,3DLOOK
weak,roboticcontent.com,0.2,0,True,2023-11-21,False,https://roboticcontent.com/ai-and-holiday-shopping-6-ways-online-shoppers-will-encounter-ai-this-cyber-monday/,https://3dlook.ai/yourfit/,YourFit by 3DLOOK
weak,kopivy.com,0.6,0,True,2023-09-18,False,https://kopivy.com/ui-ux-design-for-digital-clothes-strive-on/,https://3dlook.ai/,3DLook
weak,thenoublejournal.com,0.2,0,False,2023-12-16,False,https://www.thenoublejournal.com/trends/what-is-cyberpunk-fashion-a-guide-to-cyberpunk-couture/,https://3dlook.ai/content-hub/how-to-impelement-ar-in-fashion/,augmented reality
weak,thelascaux.com,0.0,0,True,2024-02-07,False,https://thelascaux.com/weaving-a-tale-of-sustainable-threads/,https://3dlook.ai/content-hub/fashion-industry-challenges/,fashion’s challenges.
weak,1000businessconcepts.com,0.5,0,False,2024-03-07,False,https://1000businessconcepts.com/custom-clothing-and-apparel/gender-inclusive-fashion-business-concept/,https://3dlook.ai/content-hub/inclusivity-in-fashion/,https://3dlook.ai/content-hub/inclusivity-in-fashion/
weak,anpip.co,0.0,0,False,2024-04-30,False,https://anpip.co/cybercybersociety/,https://3dlook.ai/content-hub/sustainable-fashion-trends/,Discover the latest sustainable fashion trends for 2024
weak,metastack.cc,0.2,0,True,2024-02-27,False,https://metastack.cc/dressing-up-in-the-metaverse-the-rise-of-digital-fashion/,https://3dlook.ai/content-hub/ar-clothing-try-on-tools/,Augmented Reality (AR) Outfits
weak,choiceculture.com.au,0.0,0,True,2024-03-13,False,https://choiceculture.com.au/blogs/art-in-fashion/art-of-attire,https://3dlook.ai/content-hub/artificial-intelligence-in-fashion/,As we advance
weak,cellswift.com,0.0,0,False,2024-09-22,False,https://cellswift.com/mobile-apps/innovative-health-and-fitness-apps/,https://3dlook.ai/content-hub/top-trends-and-features-in-fitness-apps/,https://3dlook.ai/content-hub/top-trends-and-features-in-fitness-apps/
weak,openwing.ai,0.0,0,True,2024-12-11,False,https://openwing.ai/2024/08/connected-fashion-events/,https://3dlook.ai/content-hub/artificial-intelligence-in-fashion/,Artificial Intelligence (AI) in Fashion: Reshaping the Industry
weak,rtbhouse.nl,0.0,0,False,2024-11-20,False,https://rtbhouse.nl/blog/an-ensemble-to-die-for-mastering-omnichannel-in-fashion-retail,https://3dlook.ai/content-hub/leveraging-personalization/,50% of all purchases are driven by personalization
weak,boxingshortscustom.com,0.6,0,True,2025-01-28,False,https://boxingshortscustom.com/how-ai-is-revolutionizing-boxing-shorts-design-in-2025-a-fighters-guide-to-smarter-gear.html,https://3dlook.ai/,https://3dlook.ai
weak,ygluk.com,0.0,0,False,2025-03-19,False,https://ygluk.com/top-weight-loss-influencer-marketing-campaigns/,https://3dlook.ai/content-hub/weight-loss-industry-overview/,$360 billion by 2034
weak,healthbeautyreviewer.com,0.2,0,True,2025-03-30,False,https://healthbeautyreviewer.com/new-fashion-trend-2/,https://3dlook.ai/content-hub/sustainable-fashion-trends/,circular economy and upcycling
weak,keepmeupdate.com,0.0,0,True,2025-02-03,False,https://keepmeupdate.com/the-rising-popularity-of-sustainable-fashion/,https://3dlook.ai/content-hub/sustainable-fashion-trends/,sustainable fashion
weak,abcc-platform.org.uk,0.0,0,True,2025-01-18,False,https://mindmaps.abcc-platform.org.uk/firms/20487,https://3dlook.ai/,Visit Website
weak,trend-setting.fr,0.0,0,True,2025-03-04,False,https://trend-setting.fr/exam2a3/2024/01/25/katherine-yollin/,https://3dlook.ai/content-hub/artificial-intelligence-in-fashion/,Click Here to Read About Generative AI
weak,perfectlysustainable.com,0.0,0,True,2025-06-10,False,https://perfectlysustainable.com/sustainable-living/eco-friendly-sustainable-fashion-trends/,https://3dlook.ai/content-hub/sustainable-fashion-manufacturing/,3D printing and sustainable fashion manufacturing
weak,domainsandsites.com,0.6,0,False,2025-04-06,False,https://www.domainsandsites.com/domain-list-177,https://3dlook.ai/,3dlook.me
weak,rtbhouse.nl,0.0,0,False,2025-04-16,False,https://www.rtbhouse.nl/blog/an-ensemble-to-die-for-mastering-omnichannel-in-fashion-retail,https://3dlook.ai/content-hub/e-guide-leveraging-personalization-fashion-retail/,50% of all purchases are driven by personalization
weak,tectivor.com,0.7,0,True,2025-04-09,False,https://tectivor.com/ai-in-fitness-beauty-medical-tech-in-2025/,https://3dlook.ai/content-hub/ai-in-fitness-industry/,"AI Trends in the Fitness Industry: An article by 3DLOOK discusses how AI is shaping the fitness industry, with the global market for AI fitness apps e"
weak,trend-setting.fr,0.0,0,True,2025-06-02,False,https://trend-setting.fr/exam2a3/2024/01/25/alice-maria-plotino/,https://3dlook.ai/content-hub/artificial-intelligence-in-fashion/,Click Here
weak,cdavidcooley.com,0.9,0,True,2025-04-19,False,http://cdavidcooley.com/alliances.html,https://3dlook.ai/,3DLook
weak,gbgmt.com,0.1,0,False,2025-05-20,False,https://gbgmt.com/blue-ocean-kids-clothing-opportunities/,https://3dlook.ai/content-hub/fashion-industry-challenges/,On-demand manufacturing
weak,0deepresearch.com,0.0,0,True,2025-06-07,False,https://0deepresearch.com/posts/filothea-favatas-and-ghlass-an-in-depth-analysis-of-a-fashion-tech-venture/,https://3dlook.ai/top-50-sustainable-fashion-influencers/,https://3dlook.ai/top-50-sustainable-fashion-influencers/
weak,allbrightepoxyfloorcoatings.com,0.0,0,True,2025-06-11,False,http://www.allbrightepoxyfloorcoatings.com/alliances.html,https://3dlook.ai/,3DLook
weak,octonet.net,0.0,0,True,2025-04-05,False,http://www.octonet.net/pdnsadmin_old/ihwx/energy-efficiency-2022,https://3dlook.ai/content-hub/body-measurement-app-for-clothing/,Body Measurement App for Clothing: Finding The Perfect Fit - 3DLOOK
weak,returnreduction.com,0.0,0,True,2025-05-15,False,https://www.returnreduction.com/comparator?solution=4f0391ef-4171-4107-8425-7446d836c0d1,https://3dlook.ai/,https://3dlook.ai
weak,infofair24.com,0.1,0,True,2025-05-19,False,http://infofair24.com/index-1081.html,https://3dlook.ai/content-hub/leveraging-personalization/,driving forceOpens a new window
weak,fitcoachdom.com,0.0,0,True,2025-08-13,False,https://fitcoachdom.com/f/artificial-intelligence-and-the-future-of-fitness,https://3dlook.ai/content-hub/ai-in-fitness-industry/,3DLOOK – AI in Fitness Industry
weak,ecommerceappreview.com,0.5,0,True,2025-08-07,False,https://ecommerceappreview.com/fit-finder-virtual-try-on-apps-shopify-woocommerce/,https://3dlook.ai/,3DLOOK
weak,checknet.online,0.0,0,True,2025-07-13,False,https://checknet.online/ai-tools-for-daily-life-students/,https://3dlook.ai/content-hub/ai-in-fitness-industry/,Top AI Trends Shaping the Fitness Industry
weak,luxlinus.com,0.0,0,True,2025-09-27,False,https://luxlinus.com/blogs/blog/emerging-technologies-in-fashion,https://3dlook.ai/,https://3dlook.me/
weak,cdavidcooley.com,0.9,0,True,2025-07-18,False,http://www.cdavidcooley.com/alliances.html,https://3dlook.ai/,3DLook
weak,sheinya.net,0.9,0,True,2025-08-29,False,https://sheinya.net/fashion/transforming-custom-fashion-fittings-with-3d-body-scanning-precision-personalization-and-the-future-of-fit/,https://3dlook.ai/content-hub/body-scanning-technology-for-apparel/,3DLOOK (2023). Body Scanning Technology for Apparel.
weak,synergyweightlossclinic.com,0.0,0,True,2025-08-18,False,https://synergyweightlossclinic.com/unlock-your-healthiest-self-with-synergy-weight-loss-clinic/,https://3dlook.ai/,3dlook.ai
weak,re9on.com,0.0,0,True,2025-09-25,False,https://re9on.com/discover-your-perfect-fashion-style-tips-for-every-wardrobe/,https://3dlook.ai/content-hub/top-11-fashion-technologies/,https://3dlook.ai/content-hub/top-11-fashion-technologies/
weak,gbgmt.com,0.1,0,False,2025-09-29,False,https://gbgmt.com/common-mistakes-wholesale-buying-childrens-clothing/,https://3dlook.ai/content-hub/apparel-return-rates-the-stats-retailers-cannot-ignore/,31% of returns happen because clothes are too small
weak,alexlabarces.com,0.0,0,True,2025-07-28,False,https://alexlabarces.com/articles/day-68-train-smarter-than-a-human/,https://3dlook.ai/content-hub/ai-in-fitness-industry/,https://3dlook.ai/content-hub/ai-in-fitness-industry/
weak,getscholarships.de,0.0,0,True,2025-09-08,False,https://getscholarships.de/wellness/how-ai-powered-personalization-is-transforming-the-future-of-fitness-programs/,https://3dlook.ai/content-hub/ai-in-fitness-industry/,3DLOOK (2025). Top AI Trends Shaping The Fitness Industry in 2025.
weak,bargainradarpro.com,0.0,0,True,2025-09-13,False,https://bargainradarpro.com/health/how-ai-is-revolutionizing-the-future-of-personalized-fitness-coaching/,https://3dlook.ai/content-hub/ai-in-fitness-industry/,3DLOOK (2025). Top AI Trends Shaping The Fitness Industry in 2025.
weak,fashionsdigest.co.uk,0.5,0,False,2025-08-11,False,https://fashionsdigest.co.uk/the-barbie-movie-has-caused-a-huge-spike-in-searches-for-this-summer-staple/,https://3dlook.ai/,3DLOOK
weak,allbrightepoxyfloorcoatings.com,0.0,0,True,2025-07-25,False,http://allbrightepoxyfloorcoatings.com/alliances.html,https://3dlook.ai/,3DLook
weak,nidgym.com,0.0,0,True,2025-08-13,False,https://www.nidgym.com/gym-software-management-trends-2025/,https://3dlook.ai/content-hub/ai-in-fitness-industry/,AI in the Fitness Industry
weak,climovo.com,0.0,0,True,2025-09-30,False,https://www.climovo.com/blog/sustainable-fashion-playbook-2025,https://3dlook.ai/content-hub/sustainable-fashion-trends/,3dlook
weak,trend-setting.fr,0.0,0,True,2025-07-14,False,https://trend-setting.fr/exam2a4/2024/01/25/rhea-clarke/,https://3dlook.ai/content-hub/metaverse-fashion/,Read More
weak,azeesystems.com,0.7,0,True,2025-12-26,False,https://azeesystems.com/2019/page/685/,https://3dlook.ai/,3DLOOK
weak,infomatcher.com,0.0,0,False,2025-12-18,False,https://infomatcher.com/future-of-augmented-reality-in-everyday-tasks/,https://3dlook.ai/content-hub/ai-in-fitness-industry/,increased accessibility
weak,miro.fashion,0.1,0,True,2025-12-15,False,https://miro.fashion/blog/ai-kids-fashion-photography,https://3dlook.ai/content-hub/average-conversion-rate-for-fashion-ecommerce/,3DLook - Average Conversion Rate for Fashion E-commerce
weak,globeza.site,0.0,0,True,2026-01-01,False,https://globeza.site/why-clothing-manufacturing-must-embrace-diverse-fashion-styles/,https://3dlook.ai/content-hub/fashion-industry-challenges/,
weak,constitute.net,0.0,0,False,2026-02-15,False,https://www.constitute.net/domain-list-615,https://3dlook.ai/,3dlook.me
weak,codeoflearning.com,0.0,0,False,2026-01-06,False,https://codeoflearning.com/ech-gear/ai-workout-apps-personal-trainers-in-your-pocket/,https://3dlook.ai/content-hub/ai-in-fitness-industry/,https://3dlook.ai/content-hub/ai-in-fitness-industry/
weak,luxlinus.com,0.0,0,True,2026-02-01,False,https://luxlinus.com/de/blogs/blog/emerging-technologies-in-fashion,https://3dlook.ai/,https://3dlook.me/
weak,jkuerjxi.top,0.0,0,True,2026-04-09,False,https://jkuerjxi.top/lab/fashion-industry/challenges-fashion-industry/,https://3dlook.ai/content-hub/fashion-industry-challenges/,40 million tons of textile waste are generated annually
weak,fangearfinder.com,0.0,0,True,2026-03-31,False,https://www.fangearfinder.com/posts/how-to-find-womens-plus-size-football-shirts-that-fit/,https://3dlook.ai/content-hub/size-recommendation-tools/,size recommendation tools
weak,modegenie.fr,0.0,0,True,2026-04-28,False,https://modegenie.fr/notre-histoire/,https://3dlook.ai/,https://3dlook.ai/
weak,djgoodvibes.com,0.0,0,False,2026-04-29,False,http://djgoodvibes.com/index-1901.html,https://3dlook.ai/,Visit Website
weak,dapago.net,0.7,0,False,2026-04-26,False,https://dapago.net/what-is-the-future-of-fashion-wholesale-fashion-insiders,https://3dlook.ai/content-hub/the-future-of-fashion-retail/,Source
weak,infitechdesign.com,0.0,0,False,2026-04-14,False,http://infitechdesign.com/index-1561.html,https://3dlook.ai/,3DLOOK
weak,sierradesign.org,0.0,0,True,2026-04-16,False,https://sierradesign.org/2026/04/16/how-we-helped-a-retail-brand-increase-sales-with-custom-apparel/,https://3dlook.ai/content-hub/on-demand-fashion-industry-tech-landscape/,on-demand manufacturing
weak,cityantik.com,0.0,0,True,2026-03-05,False,http://cityantik.com/index-13.html,https://3dlook.ai/content-hub/virtual-fitting-room-for-ecommerce/,virtual fitting rooms
weak,rozmcn.com,0.5,0,True,2026-06-16,False,https://www.rozmcn.com/museum-proposal,https://3dlook.ai/mobile-tailor/,3DLook
weak,dev-prototypes.online,0.0,0,False,2026-06-26,False,https://dev-prototypes.online/fr/blog/cabines-d-essayage-virtuelles,https://3dlook.ai/,3DLOOK
weak,decoupage-paper.com,0.6,0,False,2026-05-02,False,https://decoupage-paper.com/what-is-the-future-of-fashion-wholesale-fashion-insiders,https://3dlook.ai/content-hub/the-future-of-fashion-retail/,Source
weak,norveilex.com,0.0,0,True,2026-05-06,False,https://norveilex.com/the-worst-fad-diets-for-your-health/,https://3dlook.ai/content-hub/weight-loss-industry-overview/,$163 billion in 2024
weak,pinoysports.com,0.0,0,False,2026-05-12,False,https://www.pinoysports.com/domain-list-615,https://3dlook.ai/,3dlook.me
weak,raisingcanesprices.com,0.0,0,True,2026-05-08,False,https://raisingcanesprices.com/handling-treadmill-returns-and-refunds-efficiently/,https://3dlook.ai/content-hub/how-to-handle-ecommerce-returns/,returns
weak,trendsonfire.com,0.0,0,True,2026-05-25,False,https://trendsonfire.com/technology/fashion-sizing-tech.html,https://3dlook.ai/pricing/,3dlook.ai/pricing
weak,financaslucrativas.com.br,0.0,0,True,2026-06-21,False,https://financaslucrativas.com.br/provadores-digitais/,https://3dlook.ai/content-hub/virtual-dressing/,3DLOOK
weak,newsupdated.in,0.0,0,False,2026-05-12,False,https://newsupdated.in/shuttered-fitting-rooms-anger-shoppers-and-boost-returns-how-these-retailers-are-trying-to-fix-that/,https://3dlook.ai/,3DLook
weak,shapeverdict.com,0.0,0,True,2026-06-24,False,https://shapeverdict.com/thong-shaper-vs-full-back-shaper/,https://3dlook.ai/content-hub/apparel-return-rates-the-stats-retailers-cannot-ignore/,3DLOOK
weak,fashionme.io,0.0,0,True,2026-05-14,False,https://www.fashionme.io/terms-of-service,https://3dlook.ai/privacy-policy/,3dlook.ai/privacy-policy
weak,julliannepiano.com,0.4,0,True,2026-06-20,False,https://julliannepiano.com/take-shoulder-measurement,https://3dlook.ai/,3DLook
weak,pepio.app,0.0,0,True,2026-06-06,False,https://blog.pepio.app/blog/7-best-glp1-tracker-app-features-for-busy-professionals/,https://3dlook.ai/content-hub/visual-progress-tracking-glp1-adherence-retention/,3DLook Visual Progress Tracking Report
weak,safetygearlog.com,0.0,0,True,2026-07-24,False,https://safetygearlog.com/guides-reviews/fabric-overalls-women,https://www.3dlook.ai/,3DLOOK
weak,aifashion.it,0.0,0,True,2026-08-19,False,https://aifashion.it/blog/raccomandazione-taglie-ai-come-funziona-riduce-resi,https://3dlook.ai/,3DLOOK
weak,comentario.ai,0.0,0,True,2026-08-21,False,https://comentario.ai/blog/vender-ropa-por-instagram-chile/,https://3dlook.ai/content-hub/true-cost-apparel-returns-data-rising-return-rates/,"3DLOOK — The True Cost of Apparel Returns (encuesta de Coresight Research, 2023)"
weak,allthingsfashiontech.blog,0.0,0,True,2026-08-19,False,https://allthingsfashiontech.blog/blog/tolerance-stacking-fit-failures-after-grading-apparel,https://3dlook.ai/,3DLOOK
weak,copperstatefitco.com,0.0,0,True,2026-08-15,False,https://www.copperstatefitco.com/blog/7-fitness-trends-you-cant-miss-in-2025,https://3dlook.ai/content-hub/top-fitness-tech-companies/,leading fitness technology companies in 2025
weak,mariannetipton.com,0.0,0,True,2026-08-21,False,https://mariannetipton.com/announce/27638-starlook-prilozhenie-dlya-ios-opredelyaet-razmeryi-odezhdyi-po-fotografii/,https://3dlook.ai/,3DLOOK
weak,sendcloud.pro,0.0,0,True,2026-08-23,False,https://www.sendcloud.pro/fr/rma-autorisation-retour-marchandise/,https://3dlook.ai/content-hub/virtual-clothing-try-on/,essayages virtuels
weak,quettor.com,0.8,0,True,2026-08-05,False,https://www.quettor.com/intelligence-reports/mobility-intelligence-report-august-2026,https://3dlook.ai/content-hub/top-fitness-industry-trends/,Open source ↗
weak,probsee.com,0.7,0,False,2026-08-13,False,https://probsee.com/p/Dressmaker,https://3dlook.ai/content-hub/fashion-industry-challenges/,11 Fashion Industry Challenges to Overcome in 2025 - 3DLOOK
weak,aitrendfashion.com,0.4,0,True,2026-08-20,False,https://aitrendfashion.com/blog/body-data-fit-signals-retailers-feeding-ai-models,https://3dlook.ai/,3DLOOK
weak,annonseraonline.nu,0.0,0,True,2026-09-13,False,https://www.annonseraonline.nu/virtuella-provrum-och-augmented-reality/,https://3dlook.ai/yourfit/,YourFit by 3dlook
weak,pepio.app,0.0,0,True,2026-09-10,False,https://blog.pepio.app/blog/5-essential-glp-1-tracking-app-features-for-new-users/,https://3dlook.ai/content-hub/visual-progress-tracking-glp1-adherence-retention/,Visual Progress Tracking for GLP‑1 Adherence
weak,thestateofplay.ai,0.0,0,True,2026-09-10,False,https://www.thestateofplay.ai/practice/visual-search-product-matching-and-virtual-try-on,https://3dlook.ai/content-hub/virtual-clothing-try-on/,Virtual Clothing Try On: The Future Of Fashion? - 3DLOOK
weak,quettor.com,0.8,0,True,2026-09-11,False,https://www.quettor.com/patterns/biometric-coaching-adapts-to-individual-performance,https://3dlook.ai/content-hub/connected-fitness-industry/,Open source ↗
weak,fashioninnovation.blog,0.1,0,True,2026-09-09,False,https://fashioninnovation.blog/blog/body-scanning-fit-data-fashion-size-intelligence,https://3dlook.ai/,3DLOOK
weak,gefe.com.ro,0.0,0,True,2026-09-21,False,https://gefe.com.ro/library/journal/jrgs-15-2-2025.pdf,https://3dlook.ai/content-hub/inclusivityin-fashion/,https://3dlook.ai/content-hub/inclusivityin-fashion/
weak,fitpocket.fitness,0.0,0,True,2026-09-23,False,https://fitpocket.fitness/insights/i-tested-the-logic-behind-10-ai-fitness-platforms-here-is-what-actually-separates-them,https://3dlook.ai/content-hub/ai-in-fitness-industry/,seven in ten users
weak,evow.app,0.0,0,True,2026-09-18,False,https://evow.app/en/compare/size-recommendation-solutions,https://3dlook.ai/technology/,3DLOOK — https://3dlook.ai/technology/
weak,quettor.com,0.8,0,True,2026-09-29,False,https://www.quettor.com/es/signals/health-tracking-apps-continuous-self-monitoring-wearables,https://3dlook.ai/content-hub/top-fitness-industry-trends/,Open source ↗
weak,deanlind.org,0.0,0,True,2026-10-04,False,https://www.deanlind.org/the-future-of-ai-in-personal-fitness-and-wellness/,https://3dlook.ai/content-hub/ai-in-fitness-industry/,"Body Data, Progress Tracking, and Coaching"
weak,qualium.systems,0.0,0,True,2026-10-01,False,https://qualium.systems/blog/ar-vr/augmented-reality-in-2022-5-most-interesting-solutions-for-different-fields/,https://3dlook.ai/content-hub/case-study-how-1822-denim-reduced-returns-by-30/,statistics
weak,ผลิตเสื้อยืด.com,0.0,0,True,2026-10-03,False,https://ผลิตเสื้อยืด.com/blog/tshirt-size-chart-reduce-returns-brand-2026/,https://3dlook.ai/content-hub/the-true-cost-of-apparel-returns/,The true cost of apparel returns — Coresight figure (3DLOOK)
weak,nurpurfitnessnews.com,3.6,0,True,2025-12-01,False,https://www.nurpurfitnessnews.com/2025/11/How-Smart-Apps-Revolutionizing-Workout-Nutrition%20-2025.html,https://3dlook.ai/content-hub/ai-in-fitness-industry/,https://3dlook.ai/content-hub/ai-in-fitness-industry/
weak,trenerpersonalny.ai,1.5,0,False,2025-11-29,False,https://trenerpersonalny.ai/najlepsze-aplikacje-fitness,https://3dlook.ai/content-hub/ai-in-fitness-industry/,3dlook – AI w fitness
weak,etongarment.com,4.0,0,True,2025-12-05,False,https://etongarment.com/faq/what-are-top-5-tools-for-virtual-fit-testing-in-2025/,https://3dlook.ai/,3DLOOK
weak,marielaim.com,4.3,0,True,2019-04-25,False,https://www.marielaim.com/blog/how-can-machine-learning-help-to-scale-your-business,https://3dlook.ai/,3DLOOK
weak,nairobitechhub.com,2.5,0,True,2024-10-03,False,https://nairobitechhub.com/a-year-on-from-russias-invasion-ukrainian-startups-show-astounding-resilience/,https://3dlook.ai/,3DLOOK
weak,techzonedaily.com,2.6,0,False,2024-02-15,False,https://techzonedaily.com/fashionphile-founder-and-cco-explains-why-that-ludicrously-capacious-bag-from-succession-had-a-310-spike-in-online-searches/,https://3dlook.ai/,3DLOOK
weak,morningjog.com.br,3.4,0,True,2025-06-18,False,https://www.morningjog.com.br/p/a-tokenizacao-do-absurdo-porque-o,https://3dlook.ai/content-hub/artificial-intelligence-in-fashion/,McKinsey
weak,fexwear.net,2.7,0,False,2025-09-13,False,https://fexwear.net/recycled-polyester-spandex-blend-athletic-shorts-the-wholesale-buyers-technical-blueprint-for-performance-profit-planet/,https://3dlook.ai/,3DLook’s
weak,srkonline.net,2.9,0,True,2024-08-28,False,https://www.srkonline.net/post/top-10-new-technologies-for-fashion-retailers-enhancing-customer-experience-and-boosting-sales,https://3dlook.ai/content-hub/how-to-impelement-ar-in-fashion/,3DLOOK
weak,allmyuniverse.com,1.3,0,True,2026-07-06,False,https://allmyuniverse.com/image-prompt-guide-subject-multipose-realistic-reproduction/,https://3dlook.ai/content-hub/ai-in-fitness-industry/,“AI in the Fitness Industry: Top Trends and Use Cases”
weak,phinin.com,2.2,0,False,2025-04-04,False,http://www.phinin.com/domain-list-583,https://3dlook.ai/,3dlook.me
weak,obarbas.com,2.7,0,True,2021-07-07,False,https://obarbas.com/retailers-attempt-to-clear-up-the-fitting-area-dilemma-as-on-the-internet-product-sales-increase.html,https://3dlook.ai/,3DLook
weak,china-clothing-manufacturer.com,4.0,0,True,2025-10-22,False,https://china-clothing-manufacturer.com/faq/what-are-top-5-tools-for-virtual-fit-testing-in-2025/,https://3dlook.ai/,3DLOOK
weak,lrdancefashion.com,3.3,0,True,2025-01-03,False,https://www.lrdancefashion.com/create-your-own-dress,https://3dlook.ai/mobile-tailor/,more info
weak,todaywork.co.uk,2.2,0,True,2026-02-02,False,https://todaywork.co.uk/technology/echnology-in-fashion-retail/,https://3dlook.ai/content-hub/top-11-fashion-technologies/,echnology in fashion retail
weak,workwearmanufacturer.com,2.8,0,False,2026-07-19,False,https://www.workwearmanufacturer.com/promotional-season-uniforms-ad-hoc-vs-odm-small-batch/,https://3dlook.ai/content-hub/on-demand-clothing-manufacturing/,advanced technology and innovative supply chain strategies
weak,smartifydaily.com,1.2,0,True,2025-05-14,False,https://www.smartifydaily.com/2025/05/the-rise-of-wearable-tech-whats-next.html,https://3dlook.ai/content-hub/ai-in-fitness-industry/,Learn More
weak,mangrv.com,1.9,0,True,2026-08-01,False,https://mangrv.com/2023/02/24/a-year-on-from-russias-invasion-ukrainian-startups-show-astounding-resilience,https://3dlook.ai/,3DLOOK
weak,getrootd.com,3.2,0,True,2024-01-16,False,https://perfectfit.getrootd.com/,https://3dlook.ai/mobile-tailor/,3DLOOK
weak,verandersignalen.nl,1.0,0,True,2025-02-09,False,https://verandersignalen.nl/contactlooslenzen/,https://3dlook.ai/mobile-tailor/,bestaat
weak,aiforfree.online,1.2,0,True,2025-11-29,False,https://aiforfree.online/blogs/how-ai-is-revolutionizing-fashion-design-trends-tools-and-benefits-AfLYOhHVukc0O7PiRTPB/,https://3dlook.ai/content-hub/artificial-intelligence-in-fashion/,Artificial Intelligence (AI) in Fashion: Reshaping the Industry
weak,reikinetics.com,2.0,0,True,2025-08-07,False,https://www.reikinetics.com/ai-fit-well/beyond-reps-amp-revenue10-ai-shifts-every-fitness-pro-needs-on-their-radar,https://3dlook.ai/,3DLOOK’s body‑scanning
weak,handyseam.com,1.5,0,True,2026-07-03,False,https://blog.handyseam.com/8-best-tailor-body-measurement-app-for-accurate-fits/,https://3dlook.ai/mobile-tailor/,3DLOOK Mobile Tailor
weak,anganwadi.in,2.8,0,False,2026-03-23,False,https://www.anganwadi.in/domain-list-615,https://3dlook.ai/,3dlook.me
weak,aifashionlaw.com,2.0,0,True,2026-07-09,False,https://www.aifashionlaw.com/lab,https://3dlook.ai/content-hub/body-scanning-technology-for-apparel/,"3DLOOK, body scanning for apparel ↗"
weak,hadadesign.co,2.7,0,True,2021-11-23,False,https://www.hadadesign.co/post/3-easy-ways-to-boost-sales-on-your-new-e-commerce-site,https://3dlook.ai/,"https://3dlook.me/,"
weak,mytechmanager.net,2.8,0,True,2024-12-05,False,https://mytechmanager.net/how-might-we-design-cities-to-support-both-human-and-animal-needs/,https://3dlook.ai/content-hub/inclusivity-in-fashion/,Inclusivity in Fashion
weak,realceostories.com,3.1,0,True,2026-02-19,False,https://realceostories.com/industries/sports/fitness-industry-growth/,https://3dlook.ai/content-hub/top-fitness-industry-trends/,Top Fitness Industry Trends for 2025 – A Closer Look
weak,uuaa.net,3.5,0,True,2025-12-15,False,https://www.uuaa.net/aitools/d/3dlookai,https://3dlook.ai/?_f=uuaa,Try 3D Look AI Now
weak,best10k.com,1.5,0,False,2025-12-17,False,https://www.best10k.com/domain-list-19,https://3dlook.ai/,3dlook.me
weak,webprogramcilariplatformu.org,2.2,0,True,2026-10-01,False,http://www.webprogramcilariplatformu.org/index-889.html,https://3dlook.ai/content-hub/average-conversion-rate-for-fashion-ecommerce/,2.9 – 3.3%
weak,dowidth.com,4.3,0,False,2025-08-06,False,https://dowidth.com/commerce/size-recommendation-algorithms-vs-virtual-try-on,https://3dlook.ai/content-hub/size-recommendation-tools/,Size Recommendation Tools Guide: Best Options for Fashion
weak,themagpost.com,4.8,0,True,2026-09-25,False,https://themagpost.com/post/indias-path-to-global-web3-dominance-the-2028-vision,https://3dlook.ai/content-hub/top-fitness-industry-trends/,Top Fitness Industry Trends for 2025 – A Closer Look - 3DLOOK
weak,dadmadeinbritain.co.uk,3.6,0,True,2024-03-28,False,https://dadmadeinbritain.co.uk/mens-fashion-guide/,https://3dlook.ai/content-hub/top-11-fashion-technologies/,these garments
weak,trusthub.me,3.3,0,True,2025-01-19,False,https://trusthub.me/?index&page=3,https://3dlook.ai/,3DLOOK
weak,informationblogger.com,1.6,0,True,2024-09-23,False,https://informationblogger.com/the-rise-of-digital-fashion-how-technology-is-shaping-style/,https://3dlook.ai/content-hub/virtual-clothing-try-on/,virtual clothing
weak,lifesblog.com,1.6,0,False,2025-05-07,False,https://www.lifesblog.com/domain-list-583,https://3dlook.ai/,3dlook.me
weak,philmora.com,3.3,0,True,2025-03-04,False,https://www.philmora.com/the-big-picture/category/all/toppgun.net,https://3dlook.ai/content-hub/ai-in-fitness-industry/,Top AI Trends Shaping The Fitness Industry in 2025
weak,aicostadvisory.com,3.2,0,True,2026-09-20,False,https://aicostadvisory.com/c/ar-vr-for-retail/guide,https://3dlook.ai/,Visit →
weak,blackbriarcomputing.com,3.1,0,True,2026-06-10,False,https://wikipedia.blackbriarcomputing.com/content/wikipedia_en_all_maxi_2024-01/A/Almaz_Capital,https://3dlook.ai/about_3dlook/,"""About 3DLOOK"""
weak,cheapuggsforsalesonline.com,3.7,0,True,2023-06-21,False,https://www.cheapuggsforsalesonline.com/you-can-now-virtually-try-on-shirts-with-google-shopping.html,https://3dlook.ai/content-hub/virtual-clothing-try-on/,to help reduce
weak,thedupacs.net,1.4,0,True,2026-09-16,False,https://wikipedia.thedupacs.net/content/wikipedia_en_all_maxi_2024-01/A/Almaz_Capital,https://3dlook.ai/about-us/,"""About 3DLOOK"""
weak,aliceinfarmland.com,2.9,0,True,2022-10-04,False,https://aliceinfarmland.com/how-many-world-of-women-nft-are-there-what-is-it-actually-how-much-do-you-get-from-this-nft-collection/,https://3dlook.ai/content-hub/nft-in-fashion/,World of Women NFTs
weak,allthingsfashion.tech,2.5,0,True,2026-08-19,False,https://allthingsfashion.tech/blog/virtual-try-on-launches-results-2026,https://3dlook.ai/,3DLOOK
weak,netornot.at,1.0,0,True,2022-05-05,False,https://desres21.netornot.at/interaction-design/3-ar-a-problem-solver-in-the-fashion-industry/,https://3dlook.ai/blog/how-to-impelement-ar-in-fashion/,https://3dlook.me/blog/how-to-impelement-ar-in-fashion/
weak,mspcost.com,2.2,0,True,2026-08-07,False,https://mspcost.com/c/ar-vr-for-retail/guide,https://3dlook.ai/,Visit →
weak,ateliersociety.com,1.5,0,True,2023-11-12,False,https://ateliersociety.com/pages/how-it-works,https://3dlook.ai/technology/,GDPR and SOC 2 Compliant
weak,info-welt.com,2.0,0,False,2025-03-26,False,https://info-welt.com/which-is-correct-womens-or-womens/,https://3dlook.ai/content-hub/fashion-industry-challenges/,https://3dlook.ai/content-hub/fashion-industry-challenges/
weak,brandefty.com,1.0,0,True,2026-08-13,False,https://brandefty.com/ok-outfit/,https://3dlook.ai/content-hub/fashion-ecommerce-in-2025/,Fashion eCommerce in 2025
weak,monolith.co,1.9,0,True,2020-12-10,False,https://blog.monolith.co/innovative-solutions-that-help-retailers-adapt-to-covid-19/,https://3dlook.ai/,3D look
weak,salamatcharity.org,2.8,0,False,2026-02-02,False,http://salamatcharity.org/index-1456.html,https://3dlook.ai/content-hub/how-to-grow-clothing-business,how to grow a clothing brand
weak,briefnews.eu,4.5,0,True,2021-03-06,False,https://briefnews.eu/3dlook-launches-a-smartphone-body-scanner-to-help-apparel-retailers/,https://3dlook.ai/saia,SAIA
weak,seodiff.io,2.5,0,False,2026-03-09,False,https://seodiff.io/radar/domains/3dlook.ai,https://3dlook.ai/contact,https://3dlook.ai/contact
weak,staging-spocket.co,3.2,0,True,2025-09-27,False,https://www.staging-spocket.co/br/blogs/como-comecar-um-pequeno-negocio-de-roupas-em-casa,https://3dlook.ai/content-hub/fashion-ecommerce-in-2025/,"1,2 trilhão de dólares até 2027"
weak,postacie.ai,9.0,0,False,2025-12-14,False,https://postacie.ai/ai-wirtualni-trenerzy-personalni,https://3dlook.ai/content-hub/ai-in-fitness-industry/,3DLOOK: AI in Fitness Industry
weak,inckredible.com,7.0,0,False,2022-05-09,False,https://inckredible.com/outfit-generator-apps-and-websites/,https://3dlook.ai/,IMAGE SOURCE
weak,newway-apparel.com,7.0,0,True,2026-08-17,False,https://www.newway-apparel.com/blog/garment-qc-inspection-statistics-2026.html,https://3dlook.ai/content-hub/apparel-return-rates-the-stats-retailers-cannot-ignore/,3DLook's Apparel Return Rates analysis
weak,playpodcasts.com,9.0,0,True,2026-07-14,False,https://playpodcasts.com/podcasts/cant-be-done/ep-110-solving-the-800m-problem-of-apparel-returnswith-vadim-rogovskiy-of-3dlook,https://3dlook.ai/,https://3dlook.me/
weak,feelfree.in,6.0,0,False,2020-05-21,False,https://www.feelfree.in/domain-list-615,https://3dlook.ai/,3dlook.me
weak,innovscovid19.com,8.0,0,True,2021-02-15,False,https://www.innovscovid19.com/innovations-contre-la-covid-les-technologies-sans-contact-en-plein-boom-pour-eviter-la-transmission-du-virus/,https://3dlook.ai/mobile-tailor/,Mobile Tailor
weak,octopusera.com,5.0,0,True,2025-05-09,False,https://www.octopusera.com/emlv,https://3dlook.ai/,yourfit.webp
weak,metacrun.ch,7.0,0,True,2022-10-07,False,https://www.metacrun.ch/post/working-in-the-metaverse,https://3dlook.ai/content-hub/fashion-industry-challenges/,The real problem here is the fashion industry
weak,mach-mal-urlaub.eu,6.0,0,True,2025-12-17,False,https://www.mach-mal-urlaub.eu/silhouette-virtuelle-viauxho/,https://3dlook.ai/,3DLOOK
weak,garderobo.ai,7.0,0,True,2023-11-15,False,https://garderobo.ai/blog/best-fashion-styling-tools-for-ecommerce/,https://3dlook.ai/,3DLOOK
weak,botsquad.ai,9.0,0,True,2025-12-04,False,https://botsquad.ai/ai-chatbot-for-fashion-industry,https://3dlook.ai/content-hub/artificial-intelligence-in-fashion/,"3DLOOK, 2024"
weak,sv3dprinterai.com,6.0,0,False,2025-12-29,False,https://sv3dprinterai.com/2018/08/21/the-3d-printed-modern-eye-wear/,https://3dlook.ai/3dlook-technology/,https://3dlook.me/3dlook-technology/
weak,futurelifenetwork.com,5.0,0,True,2025-07-24,False,https://futurelifenetwork.com/fashion-and-wearable-tech/custom-nft-outfits-for-metaverse/,https://3dlook.ai/wp-content/uploads/2022/06/2265h921-11-1.jpg,Featured Image Source
weak,mipaoverseas.com,7.0,0,True,2026-02-02,False,https://mipaoverseas.com/top-5-saas-tools-garment-sizing/,https://3dlook.ai/,3DLOOK
weak,enrouteeditor.com,9.0,0,True,2022-03-26,False,https://enrouteeditor.com/business/introducing-3d-virtual-fitting-rooms/,https://3dlook.ai/content-hub/virtual-dressing/,3d virtual fitting room
weak,hermesoutletsmall.com,7.0,0,True,2025-11-18,False,https://hermesoutletsmall.com/seasonal-jewelry-trend-forecast-2024.html,https://www.3dlook.ai/,3DLOOK
weak,dailygeekreport.com,6.0,0,True,2023-02-27,False,https://dailygeekreport.com/2023/02/27/a-year-on-from-russias-invasion-ukrainian-startups-show-astounding-resilience/,https://3dlook.ai/,3DLOOK
weak,resourcelinkai.com,8.0,0,True,2025-05-30,False,https://resourcelinkai.com/reviews/detailed-reviews/ai-fashion-tools-detailed-reviews/3dlook-detailed-review/,https://3dlook.ai/,3DLOOK Website
weak,sbookscan.com,7.0,0,False,2026-04-02,False,https://www.sbookscan.com/domain-list-615,https://3dlook.ai/,3dlook.me
weak,insightmarketreports.com,7.0,0,False,2026-05-11,False,https://www.insightmarketreports.com/reports/ai-in-fashion-retail-93418,https://3dlook.ai/,3DLOOK
weak,teemosoft.net,5.0,0,True,2025-10-04,False,http://teemosoft.net/3dlook.html?hsLang=zh-cn,https://3dlook.ai/,Learn more
weak,lifeconceptual.com,5.0,0,True,2024-06-04,False,https://lifeconceptual.com/fashion-green-revolution-sustainable-future/,https://3dlook.ai/content-hub/the-future-of-fashion-retail/,consumer behavior
weak,arittam.com,9.0,0,True,2026-08-30,False,https://arittam.com/announce/27638-starlook-prilozhenie-dlya-ios-opredelyaet-razmeryi-odezhdyi-po-fotografii/,https://3dlook.ai/,3DLOOK
weak,nlaha.com,6.0,0,True,2026-05-23,False,https://wikipedia.nlaha.com/content/wikipedia_en_all_maxi_2024-01/A/Almaz_Capital,https://3dlook.ai/about_3dlook/,"""About 3DLOOK"""
weak,aitechbrief.com,6.0,0,False,2025-10-30,False,http://aitechbrief.com/ai-revolution-fitness-google-gemini-fitbit-coach/,https://3dlook.ai/content-hub/ai-in-fitness-industry/,https://3dlook.ai/content-hub/ai-in-fitness-industry/
weak,glamtabloid.com,10.0,0,True,2024-01-08,False,https://glamtabloid.com/earth-friendly-fashion-the-latest-trends-in-sustainable-clothing-and-accessories/,https://3dlook.ai/content-hub/sustainable-fashion-trends-to-watch-in-2023/,fashion industry
weak,bestarticleworld.com,15.0,0,True,2024-12-13,False,https://bestarticleworld.com/implementing-sustainable-packaging-as-a-marketing-tool-in-e-commerce/,https://3dlook.ai/,3dlook
weak,multiranks.com,15.0,0,True,2024-12-13,False,https://multiranks.com/implementing-sustainable-packaging-as-a-marketing-tool-in-e-commerce/,https://3dlook.ai/,3dlook
weak,ranksarticle.com,14.0,0,True,2024-12-13,False,https://ranksarticle.com/implementing-sustainable-packaging-as-a-marketing-tool-in-e-commerce/,https://3dlook.ai/,3dlook
weak,patriciahaueiss.com,15.0,0,True,2023-03-28,False,https://www.patriciahaueiss.com/post/metaverse-fashion-report-2023-unlocking-the-future-of-style,https://3dlook.ai/,3D Look
weak,voyageinns.com,15.0,0,True,2025-09-10,False,https://voyageinns.com/wellness-retreats-and-mindful-accommodation-trends.html,https://3dlook.ai/content-hub/sustainable-fashion-trends/,wellness retreats and mindful accommodations
weak,techio.co,19.0,0,True,2018-07-30,False,https://techio.co/body-scanning-app-3dlook-raises-1-million-to-measure-your-corpus/,https://3dlook.ai/,3DLOOK
weak,societemag.com,14.0,0,True,2024-07-01,False,https://societemag.com/18-game-changing-ways-gen-z-is-impacting-the-world/,https://3dlook.ai/content-hub/sustainable-fashion-trends-to-watch-in-2024/,fashion industry heading towards sustainable choices.
weak,girleffect-jobs.org,18.0,0,False,2022-03-26,False,https://girleffect-jobs.org/4-digital-innovations-transforming-the-fashion-industry.html,https://3dlook.ai/,3D Appear
weak,labussoladellia.com,14.0,0,True,2026-09-04,False,https://labussoladellia.com/ia-moda-algoritmo-tendenze,https://3dlook.ai/content-hub/artificial-intelligence-in-fashion/,algoritmi IA per analizzare feedback
weak,theglossychic.com,11.0,0,True,2023-12-07,False,https://theglossychic.com/influence-of-ai-on-fashion/,https://3dlook.ai/content-hub/artificial-intelligence-in-fashion/,AI in fashion
weak,luxuryonsales.com,12.0,0,True,2025-06-28,False,https://luxuryonsales.com/trends-news/brand-collaborations/upcoming-brand-partnerships/,https://3dlook.ai/wp-content/uploads/2022/03/2265h921-1-min.jpg,Image source.
weak,websitedesign.com.tr,12.0,0,True,2025-12-09,False,https://ucuzwebsitesitasarimi.websitedesign.com.tr/ucuzsite/ucuzkaliteliinternetsayfasi-0009/3dlook.ai.html,https://3dlook.ai/,
weak,astrafit.com,13.0,0,True,2024-09-05,False,https://www.astrafit.com/post/design-a-stunning-blog,https://3dlook.ai/,3DLOOK
weak,best-dragon.com,10.0,0,True,2025-04-25,False,https://best-dragon.com/why-buyers-attend-the-2025-canton-fair-fashion-expo%EF%BC%9F/,https://3dlook.ai/content-hub/sustainable-fashion-trends/,Eco-Friendly Fashion
weak,555vcto.com,14.0,0,True,2021-04-26,False,https://555vcto.com/recurrent-patterns/amazon-is-testing-the-future-in-labs-around-the-world,https://3dlook.ai/,3Dlook
weak,ecotourismnet.com,10.0,0,True,2025-12-27,False,https://www.ecotourismnet.com/2024/07/sustainable-fashion-trends-your-guide.html,https://3dlook.ai/content-hub/7-emerging-technologies-for-sustainable-fashion-production-in-2022/,sustainable fashion technologies
weak,diploman-ru.com,10.0,0,True,2026-06-25,False,https://diploman-ru.com/take-shoulder-measurement,https://3dlook.ai/,3DLook
weak,monyomonyo.net,12.0,0,True,2024-06-21,False,https://www.monyomonyo.net/awe34m8/virtual-body-measurement,https://3dlook.ai/mobile-tailor/,Mobile Tailor | Leading digital body measuring solution | 3DLOOK
weak,onemoremoney.com,12.0,0,True,2024-10-03,False,https://www.onemoremoney.com/makemoneywithaishop/GenerativeAIinPractice.pdf,https://3dlook.ai/content-hub/virtual-clothing-try-on/,content-hub/virtual-clothing-try-on/
weak,dietexerciseshop.com,13.0,0,True,2025-12-26,False,https://dietexerciseshop.com/blogs/articles/workout-routine-for-weight-loss,https://3dlook.ai/content-hub/weight-loss-industry-overview/,explore more about these industry findings
weak,kaitphotography.com.au,12.0,0,False,2022-06-22,False,https://kaitphotography.com.au/0-9-photography/3d-fashion-photography.html,https://3dlook.ai/content-hub/virtual-dressing/,Virtual Dressing Rooms and 3D Body Models - 3DLOOK
weak,lgd.my.id,10.0,0,True,2025-07-21,False,https://lgd.my.id/handling-treadmill-returns-and-refunds-efficiently/,https://3dlook.ai/content-hub/how-to-handle-ecommerce-returns/,returns
weak,founderweekly.com,14.0,0,True,2026-09-10,False,https://www.founderweekly.com/p/founder-weekly-issue-363-november-14-2018,https://3dlook.ai/,3DLOOK
weak,theninthworld.com,10.0,0,True,2021-11-02,False,https://theninthworld.com/three-areas-in-which-fashion-retailers-can-embrace-technology/,https://3dlook.ai/blog/7-emerging-technologies-for-sustainable-fashion-production-in-2020/,fashion technologies
weak,l8shop.net,18.0,0,False,2022-03-30,False,https://l8shop.net/4-digital-innovations-transforming-the-fashion-industry.html,https://3dlook.ai/,3DLOOK
weak,truegazette.com,12.0,0,True,2024-12-25,False,https://truegazette.com/how-ai-powered-diagnostics-are-enhancing-telemedicine-in-2024/,https://3dlook.ai/content-hub/the-potential-of-ai-in-telehealth/,diagnostics
weak,markettradingessentials.com,13.0,0,True,2021-07-06,False,https://www.markettradingessentials.com/2021/07/shuttered-fitting-rooms-anger-shoppers-and-boost-returns-how-these-retailers-are-trying-to-fix-that/,https://3dlook.ai/,3DLook
weak,glance.app,11.0,0,True,2026-04-02,False,https://glance.app/us/blogs/glanceai/shopping/virtual-try-on-fashion-ecommerce,https://3dlook.ai/content-hub/virtual-clothing-try-on/,research from 3DLOOK
weak,bywaterhideout.com,18.0,0,False,2022-04-29,False,https://bywaterhideout.com/3dlook-releases-fashions-earth-day-heroes-lookbook-top-50-sustainable-fashion-influencers-of-2022-news.html,https://3dlook.ai/mobile-tailor/,website
weak,scoopandshare.com,14.0,0,True,2025-04-17,False,https://www.scoopandshare.com/consumer-preferences-2025,https://3dlook.ai/content-hub/ai-in-fitness-industry/,3D Look
weak,saasdiscovery.com,12.0,0,False,2021-09-15,False,https://saasdiscovery.com/mobile-tailor/,https://3dlook.ai/mobile-tailor/,Official Website
