Linkedin_url,First_name,Last_name,Photo_url,Job_title,Company_name,Location,Skills,Experience,Education,Headline,Industry,Bio,Connections,Followers,Company linkedin_url,Company website_url,Company description,Company foundation_year,Company staff_in_li,Company specialities,Company headquarter_city,Company headquarter_country,Company headquarter_geographic_area,Company location_city,Company location_country,Company location_geographic_area
https://www.linkedin.com/in/lindsaykdages,Lindsay,Dages,https://i.closelyhq.com/smngoz52kg5ocoqdi.b7f885d0.jpg,Senior Software Engineer,Form Health,United States,"Ruby on Rails, React, GraphQL, Web Development, JavaScript, Ruby, HTML, Git, CSS, JSON, jQuery, React.js, PostgreSQL, SQL, Microsoft Excel, Microsoft Office, SharePoint, Microsoft Word, AJAX, Bootstrap","Senior Software Engineer at Form Health, Senior Software Engineer at Book of the Month, Senior Full Stack Engineer at Buffy, Full Stack Developer at Healthie Inc., Technical Support Mentor at Firehose Project, Web Development Volunteer at Operation Paws For Homes, Billing Coordinator at SiteCompli, Commercial Enrollment and Billing Team Leader at PacificSource Health Plans",theFirehoseProject,Software Engineer,Hospitals and Health Care,"As a passionate software engineer with a strong foundation in TypeScript, Node.js, React and SQL, I love tackling high impact projects where I can collaborate and learn. When collaborating with others I advocate for clean scalable code, cross functional teamwork, and honest feedback.

In addition to my technical experience, I have years of billing and client service exposure. I have also held a leadership position where I managed a team of 6 people and led daily huddles. With my diverse work experience I bring a unique perspective to solving technical challenges and building user-focused applications.",,,https://www.linkedin.com/company/form-health,http://formhealth.co,"Form Health is the national leader in science-based obesity and cardiometabolic care. Our clinical care model consists of one-on-one, personalized care from a dedicated ABOM-certified physician and a CSOWM-certified Registered Dietitian, who develop individualized treatment plans that address behavioral health, nutrition, physical activity, and include a prescription for FDA-approved medication, if appropriate. Form Health keeps safety, efficacy, and outcomes at the forefront as we incorporate the latest research and science into our approach. This means we’re always innovating, constantly getting smarter about the science of obesity care, relentlessly focusing on exceptional results, and calling out harmful practices that hold back progress. The result is life-changing outcomes for our patients and meaningful ROI for our enterprise partners. Form Health is in-network with national health plans. Learn more at formhealth.co.",2019,268,,Boston,United States,Massachusetts,Boston,United States,Massachusetts
https://www.linkedin.com/in/pjbollinger,Patrick,Bollinger,https://i.closelyhq.com/smngoz3ohiqsu5sggg.18f6b61c.jpg,Senior Director of Engineering,FlyteHealth,United States,"Strategic Planning, Engineering Leadership, Engineering Management, Root Cause Analysis, Cross-team Collaboration, Containerization, TypeScript, Amazon Web Services (AWS), Software Design, Technical Leadership, Distributed Systems, Software Architecture, Project Management, Mentoring, Software Engineering Practices, Problem Solving, Electronics, Programming, Python, Matlab","Senior Director of Engineering at FlyteHealth, Fractional CTO at Confidential HR Startup (Seed), Senior Software Engineer at DrChrono, Instructor at Youngstown State University, System Engineer at Aptiv, System Engineer at Delphi, Student Web Programmer / CMS Developer at Youngstown State University","Youngstown State University, freeCodeCamp, Youngstown State University",Senior Director of Engineering | Healthtech | Building Engineering Operations from First Principles,Hospitals and Health Care,"As Senior Director of Engineering at FlyteHealth, I manage a team of 12 (engineers and engineering manager) building a virtual care platform. During my time here, I’ve supported large revenue growth while maintaining 99.95% platform uptime, transitioned the engineering organization from a mix of offshore contractors and onshore employees to a fully onshore team, and helped the company achieve HITRUST certification. I approach leadership the same way I approach architecture: by thinking in systems. Every team is a system of people, incentives, and feedback loops. When those are designed well, great products follow.My background is a bit unusual for software; I started in electrical and computer engineering, spent time in automotive systems at Aptiv, and then moved into healthtech. That path gave me a holistic view of how hardware, software, and people all fit together, and it shapes how I think about building organizations that can scale.What I care about most: building teams where engineers do the best work of their careers, shipping products that meaningfully improve health outcomes, and making the complex simple in code and in organizations.Always happy to connect over a virtual coffee.",,,https://www.linkedin.com/company/flytehealth,http://www.flytehealth.com,"FlyteHealth is an integrated early cardio-kidney-metabolic (eCKM) care platform addressing obesity, prediabetes, type 2 diabetes, hypertension, and hyperlipidemia.

FlyteHealth is one of the few cardiometabolic programs backed by two separate actuarial analyses with independent data and methodology.

We deliver a single, risk-based clinical model that combines lifestyle intervention, multidisciplinary medical care, medication optimization, and long-term maintenance — replacing fragmented solutions and GLP-1-only approaches.

Designed for employers and health plans, FlyteHealth drives measurable outcomes, optimized Rx spend, and a clear path to ROI.",2018,113,"Telehealth, Obesity, Technology, Healthcare, MedTech, Cardiometabolic, CKM, eCKM, Digital Health, CKM, eCKM",New Canaan,United States,CT,New Canaan,United States,CT
https://www.linkedin.com/in/chongtseng,Chong,Tseng,https://i.closelyhq.com/smngoz69cq01vb461.fcc927f0.jpg,Director of Systems Operations,JumpstartMD,United States,"Team Management, Program Development, Wellness Coaching, Health Education, Fitness, Exercise Physiology, Wellness, Nutrition, Strength & Conditioning, Sports Nutrition, Fitness Training, Public Health, Healthcare, Nutrition Education, Event Planning, Research, Exercise Prescription, Kinesiology, Strength, Functional Training","Director of Systems Operations at JumpstartMD, Crossfit Coach at Crossfit One World","University of California, Berkeley",Director of Systems Operations at JumpstartMD,Wellness and Fitness Services,,,,https://www.linkedin.com/company/jumpstartmd,http://www.jumpstartmd.com,"JumpstartMD is helping thousands of people lose weight and live healthier and happier lives through personalized, medically supervised treatment programs. Based on extensive clinical research, JumpstartMD offers nutritional science and 1-on-1 support that's shown to reverse diabetes and cardio-metabolic risk.

As the largest medical weight loss practice in Northern California, JumpstartMD is the leading personalized science-based program driven by Stanford-trained physicians and Diplomates of the American Board of Obesity.

JumpstartMD is the most referred, medically supervised weight loss program by Bay Area physicians.",2007,98,"Weight Loss, Wellness, Nutrition, Bioidentical Hormone Replacement Therapy, healthcare, Physicians, Nurse Practitioners, Physician Assistants, Health Coach, Diabetes Prevention, Cardiometabolic risk, Men's Health, Women's Health, Endocrinology",Burlingame,United States,CA,Burlingame,United States,CA
https://www.linkedin.com/in/david-weiskittel,David,Weiskittel,https://i.closelyhq.com/smngoz3uchfjjk62vg.29caaa13.jpg,"Director, Backend Engineering",Ilant Health,United States,"Python, PostgreSQL, Start-ups, Programming, Algorithms, iOS development, Object Oriented Design, Mobile Applications, Machine Learning, Software Development, Software Design, Digital Marketing, Email Marketing, Facebook Marketing, SQL, C++, C, Java, Eclipse, Objective-C","Director, Backend Engineering at Ilant Health, Senior Backend Developer at Capital Rx, Founding Engineer at Amae Health, Senior Software Engineer at Zus Health, Software Engineer at Aledade, Inc., Founder & CEO at Estimit, Software Developer at Epic, Software Developer at Siemens PLM Software, Software Developer at Siemens PLM Software, Software Developer at Siemens PLM Software",The Ohio State University,Director of Backend Engineering,Hospitals and Health Care,,,,https://www.linkedin.com/company/ilant-health,https://www.ilanthealth.com/,"Ilant Health is an obesity treatment company, focused on increasing access to obesity treatment while reducing total cost of care for employers and payers through value-based care. 

We provide the single front door for individuals with obesity, delivering end-to-end evidence-based solutions (bariatric surgery, medication, intense behavioral therapy) through a technology-enabled and analytics-driven obesity medicine practice. ",2022,41,,,,,,,
https://www.linkedin.com/in/markmnich,Mark,Mnich,,Directory of Security & IT,Ilant Health,United States,,"Directory of Security & IT at Ilant Health, Director of Infrastructure & Security at Ventricle Health, Director of IT at Cerebral, Director of IT & Business Operations at Plethora, Support Operations Manager at Gravitas",DePaul University,Infrastructure & Security Leader | Remote-First IT Systems Expert,Hospitals and Health Care,,,,https://www.linkedin.com/company/ilant-health,https://www.ilanthealth.com/,"Ilant Health is an obesity treatment company, focused on increasing access to obesity treatment while reducing total cost of care for employers and payers through value-based care. 

We provide the single front door for individuals with obesity, delivering end-to-end evidence-based solutions (bariatric surgery, medication, intense behavioral therapy) through a technology-enabled and analytics-driven obesity medicine practice. ",2022,41,,,,,,,
https://www.linkedin.com/in/leon-igel,Leon,"Igel, MD, FACP, FTOS, DABOM",,Chief Medical Officer - Flyte,Intellihealth,United States,"Clinical Research, Medicine, Hospitals, Medical Education, Healthcare Management, Public Health, Epidemiology, Research, Board Certified, EMR","Chief Medical Officer - Flyte at Intellihealth, Endocrinologist at Weill Cornell Medical College, Endocrine Fellow at New York-Presbyterian Hospital","Albert Einstein College of Medicine, Harvard University, Tufts University",Chief Medical Officer (Intellihealth / Flyte); Endocrinologist & Obesity Medicine Physician at Weill Cornell Medicine,Hospitals and Health Care,"Leon I. Igel, MD, FACP, FTOS, DABOM is the Chief Medical Officer for Intellihealth, a Clinical Assistant Professor of Medicine in the Division of Endocrinology, Diabetes and Metabolism at Weill Cornell Medicine, and an Attending Endocrinologist at NewYork-Presbyterian Hospital/Weill Cornell Medical Center. He was previously the Director of Weill Cornell's West Side division of the Comprehensive Weight Control Center, as well as the former Program Director for Weill Cornell's Obesity Medicine and Obesity Medicine/Bariatric Endoscopy fellowships.

Dr. Igel specializes in the care of patients with obesity and a broad spectrum of associated endocrine conditions. Dr. Igel's primary areas of expertise include: Weight management, post-bariatric surgery care (including treatment of inadequate weight loss or weight regain after surgery), type 2 diabetes, polycystic ovarian syndrome (PCOS), and disorders of the thyroid (hypothyroidism).

Dr. Igel graduated from the Albert Einstein College of Medicine with a M.D. degree with special distinction in Endocrinology, Diabetes & Metabolism. He completed his Internal Medicine residency at NewYork-Presbyterian/Weill Cornell Medical Center, where he served as ambulatory chief resident. He subsequently completed a combined Endocrinology, Diabetes & Metabolism fellowship at NewYork-Presbyterian/Weill Cornell Medical Center, Memorial Sloan Kettering Cancer Center, and the Hospital for Special Surgery. 

Dr. Igel is board certified in Internal Medicine, Obesity Medicine, and Endocrinology, Diabetes & Metabolism.

He has lectured and published broadly on the topics of obesity medicine, pharmacotherapy for the treatment of obesity, and obesity-associated endocrine conditions. He is a fellow of The Obesity Society (FTOS), and a fellow of the American College of Physicians (FACP).

Dr. Igel has been selected by his peers to New York Super Doctors® Rising Stars for 2018, 2019, 2020 and 2022. While approximately 5% of the physicians within their respective states are named to Super Doctors, no more than 2.5% are named to the Rising Stars list.",,,https://www.linkedin.com/company/flytehealth,http://www.flytehealth.com,"FlyteHealth is an integrated early cardio-kidney-metabolic (eCKM) care platform addressing obesity, prediabetes, type 2 diabetes, hypertension, and hyperlipidemia.

FlyteHealth is one of the few cardiometabolic programs backed by two separate actuarial analyses with independent data and methodology.

We deliver a single, risk-based clinical model that combines lifestyle intervention, multidisciplinary medical care, medication optimization, and long-term maintenance — replacing fragmented solutions and GLP-1-only approaches.

Designed for employers and health plans, FlyteHealth drives measurable outcomes, optimized Rx spend, and a clear path to ROI.",2018,113,"Telehealth, Obesity, Technology, Healthcare, MedTech, Cardiometabolic, CKM, eCKM, Digital Health, CKM, eCKM",New Canaan,United States,CT,New Canaan,United States,CT
https://www.linkedin.com/in/jake-lahr-08482164,Jake,Lahr,https://i.closelyhq.com/smngoz4norrsofokh.6527d22b.jpg,"Director, Business Operations",knownwell,United States,"Research, Statistics, PowerPoint, Public Speaking, Higher Education, Microsoft Excel, Data Analysis, Microsoft Office, Social Media, Economics, Microsoft Word, Nonprofits, Blogging","Director, Business Operations at knownwell, Sr. Product Manager at Interwell Health, Business Operations Manager at Cricket Health, Senior Associate Consultant at Bain & Company, Strategy Manager Extern, Health Technology  at Johnson & Johnson, Project Leader and Executive Board Member at The Social Impact Consulting Group, Summer Associate at Parthenon-EY, Vice President of External Affairs, Recruitment Chair, Formal Chair at Delta Sigma Pi, Research Assistant at The Wharton School","The Wharton School, University of Pennsylvania, The Hong Kong University of Science and Technology, Illinois Mathematics and Science Academy","Business Operations @ knownwell, ex-Bain",Hospitals and Health Care,,,,https://www.linkedin.com/company/knownwellhealth,http://www.knownwell.co,"Have you ever dreaded going to the doctor, knowing you're in for a lecture? Us too. That’s why we created knownwell. 

At knownwell, we look past the scale to see our patients. We offer weight-inclusive healthcare for all and provide evidence-based medicine that supports your unique goals. 

Whether you need primary care or are focused on your metabolic health, we are here to serve you with warmth and expertise. We will treat you with empathy, patience, and respect, listen to you, and empower you to make informed decisions about your health journey with us. 

Let us take care of you and change the landscape of healthcare together. ",2022,126,,Boston,United States,MA,Boston,United States,MA
https://www.linkedin.com/in/elizabeth-lacarra-0045a867,Elizabeth,Lacarra,https://i.closelyhq.com/smngozad0llc6n622.a091dd31.jpg,Senior Product Manager,knownwell,United States,"Interpersonal Communication, Product Strategy, Stakeholder Engagement, Prompt Engineering, AI Workflow Design, Cross-functional Team Leadership, Go-to-Market Strategy, Senior Stakeholder Management, Software Project Management, User Personas, Strategy, Agile Project Management, Communication, Business-to-Business (B2B), A/B Testing, Microsoft Office, Microsoft Excel, Microsoft Word, Matlab, Solidworks","Senior Product Manager at knownwell, Senior Product Manager, Digital at Traeger, Inc., Product Manager at Collective Medical, Product Operations Manager at athenahealth, Crimson Key Tour Guide at Worcester Polytechnic Institute, Academic Intern at Department of Neurosciences New Mexico State University, Intern at MIT Sea Grant, Intern at SeaBotix","Corporate Education Group, Product Institute, Worcester Polytechnic Institute, High Tech High Media Arts","Startup Ambiguity → Shipped Product. Product, Dev & UX Leadership",Hospitals and Health Care,"Hello!My name is Beth, and I'm a product leader with a demonstrated history of driving high-priority product strategy, building new capabilities, and standing up new functions in fast-paced, high-growth environments. I specialize in defining and executing go-to-market strategy across diverse product lines, with a particular focus on navigating how AI is reshaping product experiences and the teams that build them. I'm passionate about delivering high-quality, human-centered user experiences while driving the process and operational efficiencies that let teams move faster without losing sight of the people they're building for. I thrive in ambiguous, fast-moving spaces where there's real opportunity to bring structure and unlock growth. When I'm not working, I love spending time in the air as an aerial artist, and in the mountains hiking and skiing with my puppy. Please don't hesitate to reach out!",,,https://www.linkedin.com/company/knownwellhealth,http://www.knownwell.co,"Have you ever dreaded going to the doctor, knowing you're in for a lecture? Us too. That’s why we created knownwell. 

At knownwell, we look past the scale to see our patients. We offer weight-inclusive healthcare for all and provide evidence-based medicine that supports your unique goals. 

Whether you need primary care or are focused on your metabolic health, we are here to serve you with warmth and expertise. We will treat you with empathy, patience, and respect, listen to you, and empower you to make informed decisions about your health journey with us. 

Let us take care of you and change the landscape of healthcare together. ",2022,126,,Boston,United States,MA,Boston,United States,MA
https://www.linkedin.com/in/mary-failla-ms-rdn-ldn-cdces-36108071,Mary,"Failla, MS, RDN, LDN, CDCES",https://i.closelyhq.com/smngoz7blh6saaujg.76d6c557.jpg,"Clinical Director, Nutrition Services",knownwell,United States,"Medical Nutrition Therapy, Weight Loss Counseling, Nutrition Education, CBORD, Nutrition Data System for Research, Microsoft Office, Microsoft Publisher, Food Service, Health Education, Renal Nutrition, Healthcare, Fitness, Public Health, Nutrition, Diabetes, Clinical Research, Wellness, Hospitals, Dietetics, Weight Management","Clinical Director, Nutrition Services at knownwell, Program Director, Medical Weight Management at Ascension, Program Coordinator, Medical Weight Management at AMITA Health, Clinical Dietitian at Aramark Healthcare, Registered Dietitian at Center for Health and Nutrition","University of Saint Joseph, University of Illinois Urbana-Champaign",Clinical Director of Nutrition Services at knownwell - Bringing weight inclusive care to all.,Hospitals and Health Care,,,,https://www.linkedin.com/company/knownwellhealth,http://www.knownwell.co,"Have you ever dreaded going to the doctor, knowing you're in for a lecture? Us too. That’s why we created knownwell. 

At knownwell, we look past the scale to see our patients. We offer weight-inclusive healthcare for all and provide evidence-based medicine that supports your unique goals. 

Whether you need primary care or are focused on your metabolic health, we are here to serve you with warmth and expertise. We will treat you with empathy, patience, and respect, listen to you, and empower you to make informed decisions about your health journey with us. 

Let us take care of you and change the landscape of healthcare together. ",2022,126,,Boston,United States,MA,Boston,United States,MA
https://www.linkedin.com/in/maxcwolf,Max,Wolf,https://i.closelyhq.com/smngoz2f8gqagc708.33832d82.jpg,Senior Software Engineer,Form Health,United States,"Code Review, Testing, Remix, Front-End Development, JavaScript, React.js, React Native, Software Development, Web Development, Kanban, Mobile Applications, Agile Methodologies, Test Driven Development, Data Analysis, Quantitative Research, Analysis, Scrum, Jest, GraphQL, Vue.js","Senior Software Engineer at Form Health, Senior Software Engineer at Switchfly, Frontend Engineer at XOi Technologies, Software Development Consultant at The Escape Game, Instructor at Vanderbilt University, Software Developer - Frontend Lead at Precise Systems, Inc., Apprentice Software Developer at Nashville Software School, Data Manager at Klein Buendel","Warren Wilson College, Nashville Software School, Warren Wilson College, SUNY New Paltz",Senior Software Engineer,Hospitals and Health Care,"Software Engineer focused on the front-end, specializing in React, React-Native, and TypeScript. I enjoy creating reusable, composable, and theme-reliant component libraries for both web and mobile.",,,https://www.linkedin.com/company/form-health,http://formhealth.co,"Form Health is the national leader in science-based obesity and cardiometabolic care. Our clinical care model consists of one-on-one, personalized care from a dedicated ABOM-certified physician and a CSOWM-certified Registered Dietitian, who develop individualized treatment plans that address behavioral health, nutrition, physical activity, and include a prescription for FDA-approved medication, if appropriate. Form Health keeps safety, efficacy, and outcomes at the forefront as we incorporate the latest research and science into our approach. This means we’re always innovating, constantly getting smarter about the science of obesity care, relentlessly focusing on exceptional results, and calling out harmful practices that hold back progress. The result is life-changing outcomes for our patients and meaningful ROI for our enterprise partners. Form Health is in-network with national health plans. Learn more at formhealth.co.",2019,268,,Boston,United States,Massachusetts,Boston,United States,Massachusetts
https://www.linkedin.com/in/pete-moen-2b895,Pete,Moen,https://i.closelyhq.com/smngoz1ph67b3f72p8.fa451a76.jpg,Vice President of Strategic Partnerships,FlyteHealth,United States,"Needs Analysis, Strategic Planning, Coaching, Loyalty Marketing, Learning Management, Mentoring, Leadership Development, Healthcare, Account Management, Customer Service, Management, New Business Development, Sales, Contract Negotiation, Operations Management, Sales Management, Integrated Marketing, Strategy, Business Analysis, Cross-functional Team Leadership","Vice President of Strategic Partnerships at FlyteHealth, Vice President of Business Development at Omada Health, Enterprise Sales Advisor at OptioSurgical, VP Sales and Customer Management at Occtegrity, Co-Founder, VP of Sales and Customer Management at NetClinic, Inc, Vice President Sales and Account Management at Carlson","University of Minnesota, Carlson School of Management, Luther College",Vice President of Strategic Partnerships,Hospitals and Health Care,"At FlyteHealth, we provide a comprehensive virtual healthcare solution tailored to combat obesity and related chronic conditions, including pre-diabetes, diabetes, hypertension, hyperlipidemia, and behavioral health challenges. Our services cover weight management medications, chronic disease management, and lifestyle support, all conveniently accessible through secure video consultations and an easy-to-use mobile app. Our dedicated team of certified physicians, nurse practitioners, registered dietitians, care navigators, and health coaches delivers personalized, evidence-based care. We collaborate with hospital systems, payers, and PBMs to expand access to effective obesity treatment, and we back our approach with performance guarantees tied to measurable outcomes.",,,https://www.linkedin.com/company/flytehealth,http://www.flytehealth.com,"FlyteHealth is an integrated early cardio-kidney-metabolic (eCKM) care platform addressing obesity, prediabetes, type 2 diabetes, hypertension, and hyperlipidemia.

FlyteHealth is one of the few cardiometabolic programs backed by two separate actuarial analyses with independent data and methodology.

We deliver a single, risk-based clinical model that combines lifestyle intervention, multidisciplinary medical care, medication optimization, and long-term maintenance — replacing fragmented solutions and GLP-1-only approaches.

Designed for employers and health plans, FlyteHealth drives measurable outcomes, optimized Rx spend, and a clear path to ROI.",2018,113,"Telehealth, Obesity, Technology, Healthcare, MedTech, Cardiometabolic, CKM, eCKM, Digital Health, CKM, eCKM",New Canaan,United States,CT,New Canaan,United States,CT
https://www.linkedin.com/in/gregd04,Greg,de Haaff,https://i.closelyhq.com/smngozhbd14vd26mo.09a93905.jpg,Chief Product Officer,Form Health,United States,"C Level Management, Product Planning, Artificial Intelligence (AI), Team Leadership, E-Commerce, Digital Health, B2B2C, Product Development, Product Strategy, Product Management, Location Based Services, Broadband, Mobile Internet, Program Management, Strategic Partnerships, Identity, Search, Internet Security, Online Advertising, SaaS","Chief Product Officer at Form Health, VP, Product at Lyra Health, VP, Product at Truepill, Sr. Director, Product Management at Walmart eCommerce, Sr. Director, Products at Adchemy (acquired by Walmart eCommerce), Director, Product Management at Yahoo!, Product Manager at Loudcloud/Opsware (IPO / acquired by HP), Provisioning Manager at Concentric Network (acquired by XO Communications)","Stanford University Graduate School of Business, University of California, Berkeley",Chief Product Officer at Form Health,Hospitals and Health Care,"I build organizations that develop great people and ship meaningful products. Throughout my career I have worked at the intersection of complex platform challenges and human-centered products: enterprise tools built to scale, consumer experiences built to help people live better, and teams built with the culture to deliver both. My work has found its most meaningful home over the past several years in healthcare — a space where what we build has a direct connection to whether people get the life-changing care they need.Prior to my role with Form Health, I led and scaled product organizations at Lyra Health, Truepill, Walmart, Adchemy, and Yahoo! — developing a foundation in AI-powered product development, large-scale platforms, B2B/B2C product strategy, and data-driven decision-making.Stanford GSB MBA. UC Berkeley BS.",,,https://www.linkedin.com/company/form-health,http://formhealth.co,"Form Health is the national leader in science-based obesity and cardiometabolic care. Our clinical care model consists of one-on-one, personalized care from a dedicated ABOM-certified physician and a CSOWM-certified Registered Dietitian, who develop individualized treatment plans that address behavioral health, nutrition, physical activity, and include a prescription for FDA-approved medication, if appropriate. Form Health keeps safety, efficacy, and outcomes at the forefront as we incorporate the latest research and science into our approach. This means we’re always innovating, constantly getting smarter about the science of obesity care, relentlessly focusing on exceptional results, and calling out harmful practices that hold back progress. The result is life-changing outcomes for our patients and meaningful ROI for our enterprise partners. Form Health is in-network with national health plans. Learn more at formhealth.co.",2019,268,,Boston,United States,Massachusetts,Boston,United States,Massachusetts
https://www.linkedin.com/in/davidcthompson,David,Thompson,https://i.closelyhq.com/smngoz1f35kt3j0k1.080f6ac9.jpg,Chief Administrative Officer (CAO),Form Health,United States,"Data Privacy, Executive Leadership, Healthcare, Venture Capital, Mergers & Acquisitions (M&A), Intellectual Property, Privacy Law, Corporate Law, Litigation, Legal Research, Online Reputation Management, Public Speaking, Reputation Management, Online Privacy, Legal Writing, Mergers & Acquisitions, Employment Law, Copyright Law, Transactional Law, Securities Regulation","Chief Administrative Officer (CAO) at Form Health, Director Board of Directors at Death Clock, General Counsel at Headway, General Counsel at Included Health, Attorney at Munger, Tolles & Olson, General Counsel and Chief Privacy Officer at Reputation.com (formerly ReputationDefender, Inc.), Law Clerk at Supreme Court of the U.S., Law Clerk at Ninth Circuit Court of Appeals, Research Assistant at Stanford Law School, Attorney Clerk at Latham and Watkins, LLP","Stanford Law School, Yale University, TJHSST","Chief Administrative Officer | Director | Building healthy companies, teams and futures",Hospitals and Health Care,"New York Times bestselling author of ""The Reputation Economy.""​  Amazon.com bestselling author of ""Wild West 2.0.""​  

Nationwide speaking appearances about health, online reputation and privacy issues include:
  - d.Health 2017 (The Digital Health Summit) (New York, NY)
  - The CBS Early Show (national)
  - American Bar Association (ABA) Labor and Employment Law Annual Meeting (Chicago)
  - Law Seminars International (LSI) ""Buying and Selling Data""​ Conference (chair) (Seattle, WA)
  - LSI Privacy and Technology Law Conference (Seattle, WA)
  - ABA National Symposium on Technology in Labor and Employment Law (New York, NY);

Radio and audio appearances include:

 -  “The Dr. Katherine Albrecht Radio Show” (nationally syndicated)
 - “Privacy Piracy Show” (KUCI-FM)
 - “Beat the Chip” (podcast)
 - ""Hispanic Marketing and Public Relations"" (podcast).
",,,https://www.linkedin.com/company/form-health,http://formhealth.co,"Form Health is the national leader in science-based obesity and cardiometabolic care. Our clinical care model consists of one-on-one, personalized care from a dedicated ABOM-certified physician and a CSOWM-certified Registered Dietitian, who develop individualized treatment plans that address behavioral health, nutrition, physical activity, and include a prescription for FDA-approved medication, if appropriate. Form Health keeps safety, efficacy, and outcomes at the forefront as we incorporate the latest research and science into our approach. This means we’re always innovating, constantly getting smarter about the science of obesity care, relentlessly focusing on exceptional results, and calling out harmful practices that hold back progress. The result is life-changing outcomes for our patients and meaningful ROI for our enterprise partners. Form Health is in-network with national health plans. Learn more at formhealth.co.",2019,268,,Boston,United States,Massachusetts,Boston,United States,Massachusetts
https://www.linkedin.com/in/al-remediani-917b00,Al,Remediani,https://i.closelyhq.com/smngoz6urh4ps2kr6.25b41c50.jpg, Fractional CFO,The Center for Medical Weight Loss (CMWL),United States,"Business Analysis, Business Intelligence, Business Process, Business Process Improvement, Integration, Process Improvement, Professional Services, Requirements Analysis, Change Management, Project Management, Management Consulting, Visio, Team Building, ERP, Vendor Management, MS Project, Program Management, IT Strategy, New Business Development, Business Strategy"," Fractional CFO at The Center for Medical Weight Loss (CMWL), Tax Associate at H&R Block, SVP & CFO at Datalytics Technologies LLC d/b/a RapidDecision, Manager of Business Systems at RENAISSANCE COSMETICS, INC(A holding company for Dana Perfumes Corp. and Houbigant, Inc.), Assistant Director and Chief Operating Officer at MANHATTAN CAREER INSTITUTE, Treasurer at TECHNICAL CAREER INSTITUTES, Accountant at BDO SEIDMAN, General Business Division,",Concordia College,Experienced Financial Executive,"Health, Wellness & Fitness",,,,https://www.linkedin.com/company/the-center-for-medical-weight-loss-cmwl-,http://www.centerformedicalweightloss.com,"The Center for Medical Weight Loss empowers physicians to help patients fight obesity. Our organization is the largest network of non-surgical medical weight loss providers in the U.S. We offer effective, customized weight loss treatments administered exclusively by doctors and based on a proprietary program. The Center for Medical Weight Loss has more than 420 board-certified physicians in its network, covering 46 states. For more information, visit www.centerformedicalweightloss.com",2006,29,,Tarrytown,United States,NY,Tarrytown,United States,NY
https://www.linkedin.com/in/roopal-pujara-lalaji-psyd-dipaclm-277488,Roopal,"Pujara Lalaji, PsyD DipACLM",,Director of Behavioral Health,Enara Health,United States,"Mindfulness, Clinical Supervision, Motivational Speaking, Cognitive Behavioral Therapy (CBT), Program Development, Motivational Interviewing, Clinical Psychology, Treatment","Director of Behavioral Health at Enara Health, Psychologist- Employee Assistance Program at Lawrence Livermore National Laboratory, Psychologist at Kaiser Permanente, Psychologist at Birmingham Maple Clinic/St. Mary's Hospital, Supervisor, Health Psychology Service at Swedish Hospital, Assistant Director of Training and Lead Psychologist at PsyKare/WISH Center, Pre-doctoral Intern at University of Medicine and Dentistry of New Jersey-Newark, Summer Intern-Policy Research Associate at Welfare to Work Partnership","American college of Lifestyle Medicine (ACLM), Obesity Medicine Association, The George Washington University, The Johns Hopkins University School of Medicine, University of Michigan, Detroit Country Day",Director of Behavioral Health,Hospitals and Health Care,"Multi state licensed clinical psychologist, Board Certified in Lifestyle Medicine, Blue Zones Certified Health Professional with over 20 years of experience in prevention, health maintenance, and treatment through multidisciplinary care. Areas of treatment specialty include cognitive behavioral, dialectical behavioral, mindfulness, and psychodynamic oriented individual and group therapy for a variety of concerns including obesity/weight management, depression, anxiety, mood disorders, medical illness, disability, pain management, stress management, substance abuse, eating disorders, and multicultural issues. Extensive experience and expertise in psychological treatment for surgical and non-surgical weight management, program development, and program management. Worked with over 1500 patients conducting pre-surgical psychological evaluations, individual therapy, and group therapy for weight related concerns. Specialties: Treatment for obesity. Active Licensure in California, Texas, Minnesota, Illinois, Michigan, and all PSYPACT Telehealth participating states.",,,https://www.linkedin.com/company/enarahealth,https://www.enarahealth.com,Enara is building a platform and network to scale medical obesity treatment. Our platform allows medical groups and health partners to launch insurance-covered obesity programs with a multi-disciplinary network of caring medical providers and coaches. ,2020,80,"obesity, cardiometabolic medicine",San Mateo,United States,California,San Mateo,United States,California
https://www.linkedin.com/in/lisaconnelly,Lisa,Connelly,https://i.closelyhq.com/smngoz67cmjaje1ao.ea078fc1.jpg,Chief Product and Operations Officer,The Center for Medical Weight Loss (CMWL),United States,"Critical Thinking, User Research, Product Design, Problem Solving, Design Thinking, Key Performance Indicators, Data Analysis, Product Development, Business-to-Business (B2B), Product Road Mapping, Product Strategy, Business Requirements, Online Marketing, SEO, User Experience, Social Networking, SEM, Product Management, Business Development, Marketing","Chief Product and Operations Officer at The Center for Medical Weight Loss (CMWL), Vice President, Product at HealthiNation, Senior Director, Brand & Product Marketing Communications at WeightWatchers.com, Product Manager, Electronic Merchant Services at American Express, Senior Marketing Communications Manager at Oxford Health Plans, Admissions Office Assistant at University of Pennsylvania",University of Pennsylvania,Product Management I Ops I Health & Wellness I Subscription I eCommerce I Marketing I Former WeightWatchers.com,"Health, Wellness & Fitness","Ambiguity isn't for everyone, but I thrive on it. It supplies the fuel for my desire to solve (big) problems, innovate, and build strong, collaborative teams.  Whether for a start-up or world-class brand, I love the process of developing a unique vision and building the foundations designed for growth.

Notable Achievements:

•	Launched first Weight Watchers Online subscription products in US & UK.
•	Expanded Weight Watchers Online to corporate wellness line of business (over 60 employer groups).
•	Designed and launched first HealthiNation ad-supported syndicated broadband video platform.
•	Designed and launched end-to-end scalable personalized obesity screening and treatment platform to support a network of 350+ client locations and enhance brand awareness. Integrated with top EHR/EMR to facilitate workflow and fulfill documentation needs.

An entrepreneurial mindset with versatile skills:

•	P&L Management
•	Strategic Planning 
•	Start-Up Development
•	Change Management
•	Platform architecture and development
•	Product and Services Development & Roadmapping	
•	Project Management; Agile & Waterfall software development
•	Multi-Media Content Strategy and Production
•	Marketing Strategy 	
•	Customer Relationships and Support
•	Subscription, eCommerce, Advertising Models	
•	Enterprise Solutions Architecture
•	Branding and Product Positioning	
•	Talent Acquisition and Development
•	Multimedia Campaign Development
•	Enterprise Resource Planning (ERP)
•	Data Analytics
•	UX & Usability
•.      Artificial Intelligence
•	Blockchain",,,https://www.linkedin.com/company/the-center-for-medical-weight-loss-cmwl-,http://www.centerformedicalweightloss.com,"The Center for Medical Weight Loss empowers physicians to help patients fight obesity. Our organization is the largest network of non-surgical medical weight loss providers in the U.S. We offer effective, customized weight loss treatments administered exclusively by doctors and based on a proprietary program. The Center for Medical Weight Loss has more than 420 board-certified physicians in its network, covering 46 states. For more information, visit www.centerformedicalweightloss.com",2006,29,,Tarrytown,United States,NY,Tarrytown,United States,NY
https://www.linkedin.com/in/sean-bourke-md-8322134,Sean,"Bourke, MD",https://i.closelyhq.com/smngoz7o2c9443mjn.c7a97c3a.jpg,Co-Founder & Chief Medical Officer,JumpstartMD,United States,"Fitness, Start-ups, Public Speaking, Nutrition, Healthcare, Nutrition Education, Research, Strategic Partnerships, Lifestyle, Food, Management, Strategy, Entrepreneurship, Medicine, Business Strategy, Marketing Strategy, Wellness","Co-Founder & Chief Medical Officer at JumpstartMD, Co-Founder at Hale Mary Russian River Pinot Noir, Emergency Medicine Physician at California Emergency Physicians, Medical Director at United States Air Force, Medical Device Development Consultant at Cardeon Corporation","Stanford University Medical Center, Keck School of Medicine of the University of Southern California, Yale University, Palo Alto High School",Co-Founder & Chief Medical Officer,Wellness and Fitness Services,,,,https://www.linkedin.com/company/jumpstartmd,http://www.jumpstartmd.com,"JumpstartMD is helping thousands of people lose weight and live healthier and happier lives through personalized, medically supervised treatment programs. Based on extensive clinical research, JumpstartMD offers nutritional science and 1-on-1 support that's shown to reverse diabetes and cardio-metabolic risk.

As the largest medical weight loss practice in Northern California, JumpstartMD is the leading personalized science-based program driven by Stanford-trained physicians and Diplomates of the American Board of Obesity.

JumpstartMD is the most referred, medically supervised weight loss program by Bay Area physicians.",2007,98,"Weight Loss, Wellness, Nutrition, Bioidentical Hormone Replacement Therapy, healthcare, Physicians, Nurse Practitioners, Physician Assistants, Health Coach, Diabetes Prevention, Cardiometabolic risk, Men's Health, Women's Health, Endocrinology",Burlingame,United States,CA,Burlingame,United States,CA
https://www.linkedin.com/in/kimebrian,Brian,Kime,https://i.closelyhq.com/smngoz4kdgnl6ckk3.6f6579f3.jpg,Senior Director Of Information Technology & Security,Form Health,United States,"Customer Service, Project Management, System Administration, Troubleshooting, People Skills, Cisco Technologies, IT Infrastructure Management, Software Documentation, Servers, Leadership, Networking, Vendor Management, IT Operations, Information Technology, Infrastructure, Process Improvement, Veterans, Management, IT Strategy, IT Management","Senior Director Of Information Technology & Security at Form Health, Senior Director, Information Technology & Security  at H1, Head of IT at Cityblock Health, Head of Information Technology at Citi Bike, Senior Manager IT Support & Infrastructure at Pennsylvania Leadership Charter School (PALCS), Senior Network Administrator at Genaera Corporation, Information Technology Specialist at Lonza, Supply Management Technician at United States Air Force",Community College of the Air Force,"Technology & Security Leader | HealthTech | IT Strategy, GRC & Cybersecurity | Risk, Compliance & IT Operations",Hospitals and Health Care,,,,https://www.linkedin.com/company/form-health,http://formhealth.co,"Form Health is the national leader in science-based obesity and cardiometabolic care. Our clinical care model consists of one-on-one, personalized care from a dedicated ABOM-certified physician and a CSOWM-certified Registered Dietitian, who develop individualized treatment plans that address behavioral health, nutrition, physical activity, and include a prescription for FDA-approved medication, if appropriate. Form Health keeps safety, efficacy, and outcomes at the forefront as we incorporate the latest research and science into our approach. This means we’re always innovating, constantly getting smarter about the science of obesity care, relentlessly focusing on exceptional results, and calling out harmful practices that hold back progress. The result is life-changing outcomes for our patients and meaningful ROI for our enterprise partners. Form Health is in-network with national health plans. Learn more at formhealth.co.",2019,268,,Boston,United States,Massachusetts,Boston,United States,Massachusetts
https://www.linkedin.com/in/keta-pandit-md-6b110b3,Keta,"Pandit, MD",https://i.closelyhq.com/smngoz73nu6jmqgbt.cb052dee.jpg,Clinical Lead,Form Health,United States,"Teaching kitchen, Subject Matter Experts, Shared medical appointments, Obesity Treatment, Telehealth, Employee Wellness Programs, Financial Analysis, Business Analysis, Operational Efficiency, Patient Education, Patient Care, Consultation, Clinical Research, Clinical Trials, Diabetes Care, Type 1 Diabetes, Telemedicine, Electronic Medical Record (EMR), Communication, Evidence-based Medicine","Clinical Lead at Form Health, Endocrinologist, Partner at Texas Diabetes & Endocrinology, P.A., Research fellow at The University of Texas M.D.  Anderson Cancer Center, Endocrine Fellow at Baylor College of Medicine, Internal Medicine Resident at The University of Texas Medical Branch at Galveston, Internal Medicine Consultant at Kijabe Hospital, Research Assistant at Translational Genomics Research Institute (TGen)","University of Arizona, Baylor College of Medicine, University of Arizona College of Medicine – Tucson","Endocrinologist, Lead Obesity Medicine Specialist",Hospitals and Health Care,,,,https://www.linkedin.com/company/form-health,http://formhealth.co,"Form Health is the national leader in science-based obesity and cardiometabolic care. Our clinical care model consists of one-on-one, personalized care from a dedicated ABOM-certified physician and a CSOWM-certified Registered Dietitian, who develop individualized treatment plans that address behavioral health, nutrition, physical activity, and include a prescription for FDA-approved medication, if appropriate. Form Health keeps safety, efficacy, and outcomes at the forefront as we incorporate the latest research and science into our approach. This means we’re always innovating, constantly getting smarter about the science of obesity care, relentlessly focusing on exceptional results, and calling out harmful practices that hold back progress. The result is life-changing outcomes for our patients and meaningful ROI for our enterprise partners. Form Health is in-network with national health plans. Learn more at formhealth.co.",2019,268,,Boston,United States,Massachusetts,Boston,United States,Massachusetts
https://www.linkedin.com/in/lydia-alexander-md-dabom-dablm-mfoma-ab83644,Lydia,"Alexander, MD, DABOM, DABLM, MFOMA",https://i.closelyhq.com/smngoz70ke3vo9pui.4a560301.jpg,Chief Medical Officer,Enara Health,United States,"Culinary Arts, Medical Group Management, Team Leadership, Lecturing, Weight Management, Obesity Treatment, Healthcare, Medicine, Clinical Research, Healthcare Management, Internal Medicine, Public Health, Entrepreneurship, Medical Education, Board Certified, Public Speaking, Treatment, Working with Physicians, Obesity medicine specialist","Chief Medical Officer at Enara Health, Physician at Kaiser Permanente","University of California, Davis - School of Medicine, Tufts University","Past President of the Obesity Medicine Association | Chief Medical Officer, Enara Health | Board-Certified Practicing Physician | Culinary Medicine Specialist",Medical Practices,"Board Certified Internal Medicine & Obesity & Lifestyle Medicine Specialist

Fifteen years of professional experience managing high-risk adults requiring physician-supervised medical weight management to improve diabetes, blood pressure, lipid profile, mobility, and overall health.

Current President Obesity Medicine Association Board of Trustees. The Obesity Medicine Association (OMA) is the largest organization of physicians, nurse practitioners, physician assistants, and other health care providers working every day to improve the lives of patients affected by obesity. OMA members are clinical experts in obesity medicine. They use a comprehensive, scientific, and individualized approach when treating obesity, which helps patients achieve their health and weight goals. OMA offers resources, education, and community to physicians and other healthcare providers in the field of obesity medicine.

As CMO at Enara Health, I serve as the medical spokesperson to clinical providers and staff. I am accountable for developing and executing patient medical education programs, medical training of the staff, patient care oversight, opinion leader development, running the clinical team, overseeing clinical outcomes, managing the department budget, and working with the CEO and CTO to set the overall strategic direction of the company.

During my tenure, our Clinical Team expanded from 12 to 50 providers, including medical providers, Registered Dietitians, and Exercise Physiologists, extending our reach across five states.

Recipient of the Dr. Raymond E Dietz Meritorious Service Award in 2019 and OMA Clinician of the Year in 2018.

Board Certified Internal Medicine 
Board Certified Obesity Medicine Specialist/DiplABOM
Board Certified Lifestyle Medicine/DiplABLM
Trained Culinary Medicine Specialist 

Obesity Medicine Association (OMA), President - April 2024 - present
OMA President-Elect - September 2022 - April 2024
OMA Secretary/Treasurer - September 2019-September 2021
OMA Vice President - September 2021 - September 2022
OMA Member, Board of Trustees. September 2017 - September 2019
OMA Membership Committee, 2015 - 2019; Board Liaison
OMA Organizational Outreach Committee, 2015-2016
OMA Outreach Committee, 2016 - 2019; Board Liaison

The Obesity Society (TOS), general member since 2015
American Medical Association (AMA), general member since 2000
American College of Physicians (ACP), general member since 2010
American College of Lifestyle Medicine (ACLM), general member since 2016
American Association of Family Physicians (AAFP), general member since 2017",,,https://www.linkedin.com/company/enarahealth,https://www.enarahealth.com,Enara is building a platform and network to scale medical obesity treatment. Our platform allows medical groups and health partners to launch insurance-covered obesity programs with a multi-disciplinary network of caring medical providers and coaches. ,2020,80,"obesity, cardiometabolic medicine",San Mateo,United States,California,San Mateo,United States,California
https://www.linkedin.com/in/stphchn,Stephanie,Chen,https://i.closelyhq.com/smngoz5aketv2asd8.efb38b80.jpg,Product Manager,Enara Health,United States,"Product Strategy, Digital Health, User-centered Design, Product Management, Agile Methodologies, Product Lifecycle Management, Cross-functional Team Leadership, Product Development, Meal Planning, Web Content Writing, Weight Management, Presentation Skills, Presentation Development, Content Management Systems (CMS), Search Engine Optimization (SEO), HTML5, Project Management, Training & Development, Nutrition, Graphic Design","Product Manager at Enara Health, Dietitian at On Lok, Registered Dietitian at California Health Care Facility, Intern at Nutrition Ink and Nutricopia, Wellness Clerk at New Leaf Community Markets, Nutrition Clerk at Robert Wood Johnson University Hospital, Nutrition Advocate at Rutgers University, Pharmacy Technician at Saint Barnabas Medical Center","Rutgers University, Academy of Chinese Culture and Health Sciences",Clinical Product Manager @ Enara Health | Registered Dietitian Nutritionist,Hospitals and Health Care,,,,https://www.linkedin.com/company/enarahealth,https://www.enarahealth.com,Enara is building a platform and network to scale medical obesity treatment. Our platform allows medical groups and health partners to launch insurance-covered obesity programs with a multi-disciplinary network of caring medical providers and coaches. ,2020,80,"obesity, cardiometabolic medicine",San Mateo,United States,California,San Mateo,United States,California
https://www.linkedin.com/in/forrestgrant,Forrest,Grant,https://i.closelyhq.com/smngoz7vqdinvnnnf.36361960.jpg,Vice President of Engineering,Form Health,United States,"Engineering Management, Engineering Leadership, Project Planning, React.js, TypeScript, Director level, DevOps, Continuous Integration and Continuous Delivery (CI/CD), Cloud-Native Architecture, Kubernetes, Amazon Web Services (AWS), Agile Methodologies, Ruby on Rails, Mobile Applications, JavaScript, Ruby, iOS, MySQL, Objective-C, jQuery","Vice President of Engineering at Form Health, CIO | VP of Engineering at Atlantis Technology, Software Developer at Self Employed, Consultant at University of Maine",University of Maine,Vice President of Engineering @ Form Health | Product & Engineering Leadership,Hospitals and Health Care,"Engineering &amp; Product leader focused on Outcome Engineering, aligning platform strategy, AI leverage, and engineering execution directly to measurable clinical and business impact. I build empowered, high-performing teams that scale responsibly, strengthen technical foundations, and deliver durable competitive advantage in complex, regulated environments. My technical strategy favors pragmatism over perfection, with continuous learning and tight feedback loops built into how we work. At Form Health, I lead technology strategy across product-aligned pods, integrating AI and automation to improve care delivery, operational efficiency, and enterprise readiness. My focus is predictable execution, resilient systems, and engineering as a strategic asset.",,,https://www.linkedin.com/company/form-health,http://formhealth.co,"Form Health is the national leader in science-based obesity and cardiometabolic care. Our clinical care model consists of one-on-one, personalized care from a dedicated ABOM-certified physician and a CSOWM-certified Registered Dietitian, who develop individualized treatment plans that address behavioral health, nutrition, physical activity, and include a prescription for FDA-approved medication, if appropriate. Form Health keeps safety, efficacy, and outcomes at the forefront as we incorporate the latest research and science into our approach. This means we’re always innovating, constantly getting smarter about the science of obesity care, relentlessly focusing on exceptional results, and calling out harmful practices that hold back progress. The result is life-changing outcomes for our patients and meaningful ROI for our enterprise partners. Form Health is in-network with national health plans. Learn more at formhealth.co.",2019,268,,Boston,United States,Massachusetts,Boston,United States,Massachusetts
https://www.linkedin.com/in/akansham,Akansha,Mittal,https://i.closelyhq.com/smngoznfghrhsimok.05d22162.jpg,Director of Product Management,JumpstartMD,United States,"Voice of the Customer, Healthcare, Conflict Management, Generative AI, Quantitative Analytics, Strategic Initiatives, Clinical Data, Strategic Thinking, Scrum, Leadership Development, Team Leadership, Project Management, Program Planning, Critical Thinking, Problem Solving, Product Road Mapping, Next-Generation Sequencing (NGS), Precision Medicine, Analytical Skills, Software Product Management","Director of Product Management at JumpstartMD, Principal Product Manager at Henry Meds, Group Product Manager at Helix, Senior Product Manager at Teladoc Health, Product Lead at AllWays Health Partners, Senior Business Analyst at Amdocs, software engg. at tech mahindra","Questrom School of Business, Boston University, Pt. Ravishankar Shukla University, Raipur",Director of Product Management at JumpstartMD,Wellness and Fitness Services,"Senior product leader with 15+ years building and scaling healthcare products in regulated environments. I work at the intersection of clinical workflows, operational systems, and technology, identifying structural gaps and turning real-world constraints into products that improve patient experience, provider efficiency, and business outcomes.

I've led products across B2B, B2C, and B2B2C models, and I'm known for strong execution in ambiguous, cross-functional environments, taking products from strategy to shipped solutions with measurable impact.",,,https://www.linkedin.com/company/jumpstartmd,http://www.jumpstartmd.com,"JumpstartMD is helping thousands of people lose weight and live healthier and happier lives through personalized, medically supervised treatment programs. Based on extensive clinical research, JumpstartMD offers nutritional science and 1-on-1 support that's shown to reverse diabetes and cardio-metabolic risk.

As the largest medical weight loss practice in Northern California, JumpstartMD is the leading personalized science-based program driven by Stanford-trained physicians and Diplomates of the American Board of Obesity.

JumpstartMD is the most referred, medically supervised weight loss program by Bay Area physicians.",2007,98,"Weight Loss, Wellness, Nutrition, Bioidentical Hormone Replacement Therapy, healthcare, Physicians, Nurse Practitioners, Physician Assistants, Health Coach, Diabetes Prevention, Cardiometabolic risk, Men's Health, Women's Health, Endocrinology",Burlingame,United States,CA,Burlingame,United States,CA
https://www.linkedin.com/in/markcuviellofitnessrx,Mark ,Cuviello,,Owner,StretchMed Kent Island Md,United States,"Corporate Events, AV, Production Managment, Sound, Trade Shows, Event Planning, Audio Engineering, Live Sound, Video Production, Meeting Planning, Projection, Video, Lighting Design, Fitness, Strength Training, Entertainment, Weight Training, Sports, Exercise Physiology, Fitness Training","Owner at StretchMed Kent Island Md, Owner at Fitness Rx, Owner at Fitness Rx Stevensville, MD 24/7 gym, Owner at Fitness Rx Easton, MD 24/7 gym, Director of Operations at Projection Presentation Technology",Archbishop Carroll,"I Help HIGHLY SUCCESSFUL PEOPLE Get Off The DIET/EXERCISE ROLLER-COASTER To ACHIEVE And KEEP The RESULTS THEY WANT!

Owner StretchMed studios that focus on making people flexible, pain free and more healthy. ",,"There are 3 THINGS That Cause HIGHLY MOTIVATED & SUCCESSFUL WOMEN to lose motivation & desire to stay with a weight loss and fitness program that gets the results they want. Even women who have experience with gyms, trainers and cutting-edge diets are constantly frustrated with their lack of sustainable results.

I have found one common thread with all of them:

They think WORKING OUT MORE & the NEXT MAGIC DIET will give them the body they want.  BUT, you can’t out-exercise incorrect nutrition & most diet programs are not a winning formula for any long-term or sustainable results.

Above all, they get bored with their workout program & results stagnate causing a lack of motivation. 
These high-achieving women want to lose weight, look good, increase energy & confidence, but no matter how many hours they train and diet, nothing seems to work long term. 

So, what are those THREE THINGS?

1. Incorrect nutrition & education
2. A cookie cutter one-size-fits-all plan with poor training techniques
3. Incorrect coaching both physically and mentally to keep them excited and motivated

What those do is create a...
→ lack of results
→ confusion about what they need
→ wasted time and effort trying to rely on industry crutches

Not ideal if they are looking for success to LOSE WEIGHT & MAINTAIN it.  For many of these women it is a constant roller-coaster. Every time they make progress it stalls.  Out of frustration, they eventually quit!

It is often the one area in their life they feel like they have NO control. 
It would be life changing for them if they could find a program that gives them knowledge, total support & guaranteed results.  A program specifically designed for them to easily do for the rest of their life.
They can have this success but not until they fix what isn’t working! 

Until they do, NO AMOUNT of time and effort is going to get them what they want. 

If you’re nodding yes to this post, MESSAGE ME to chat about where you are and where you want to go.",,,,,,,,,,,,,,
https://www.linkedin.com/in/joseph-grasso-2388b44,Joseph,Grasso,https://i.closelyhq.com/smngoz5dtntc3s46q.167267c4.jpg,"Vice President, Finance",Form Health,United States,"Financial Systems, Budgeting & Forecasting, Divestitures, Integration, Financial Planning, Strategic Planning for Growth, Profitable Growth, Headcount Reporting, Financial Operations, Cash Flow Forecasting, Cash Flow Management, Financial Accounting, Data Analysis, People Analytics, Certified Public Accounting (CPA), Business Analysis, Forecasting, Generally Accepted Accounting Principles (GAAP), Financial Statements, Budgeting","Vice President, Finance at Form Health, Director, Financial Planning and Analysis at Two Chairs, Director, Workforce Analytics at Liberty Mutual Insurance, Senior Audit Associate at EY","Questrom School of Business, Boston University, Malden Catholic",Finance at Form Health,Hospitals and Health Care,,,,https://www.linkedin.com/company/form-health,http://formhealth.co,"Form Health is the national leader in science-based obesity and cardiometabolic care. Our clinical care model consists of one-on-one, personalized care from a dedicated ABOM-certified physician and a CSOWM-certified Registered Dietitian, who develop individualized treatment plans that address behavioral health, nutrition, physical activity, and include a prescription for FDA-approved medication, if appropriate. Form Health keeps safety, efficacy, and outcomes at the forefront as we incorporate the latest research and science into our approach. This means we’re always innovating, constantly getting smarter about the science of obesity care, relentlessly focusing on exceptional results, and calling out harmful practices that hold back progress. The result is life-changing outcomes for our patients and meaningful ROI for our enterprise partners. Form Health is in-network with national health plans. Learn more at formhealth.co.",2019,268,,Boston,United States,Massachusetts,Boston,United States,Massachusetts
https://www.linkedin.com/in/angelafitchmd,Angela,"Fitch MD, FACP, MFOMA, Dipl. ABOM",https://i.closelyhq.com/smngoz1fupil9sef7.cbda1266.jpg,Chief Medical Officer,knownwell,United States,"Weight Loss, Overall Wellness, medical complications of obesity, Binge Eating Disorder, pediatric weight loss, weight management program development, Public Speaking, Pediatrics, Weight Management, Prevention, Treatment, Medicine, Healthcare Management, Internal Medicine, Weight, Clinical Research, Healthcare, Leadership, Hospitals","Chief Medical Officer at knownwell, Immediate Past President at Obesity Medicine Association, Assistant Professor at Harvard Medical School, Chair at Jenny Craig, Co Director at Massachusetts General Hospital, Medical Director Medical Weight Mangement UC Health Weight Loss Center at University of Cincinnati, Medical Director Executive Health Program at UC Health, Adult and Pediatric Weight Management at Park Nicollet Health Services, Internal Medicine and Pediatrics Primary Care physician at Fairview Health Services, Pediatric Weight Management program physician at University of Minnesota","University of Cincinnati College of Medicine, Iowa State University",Founder and Chief Medical Officer knownwell. Bringing weight inclusive healthcare to all,Hospitals and Health Care,Specialties: adult and pediatric obesity treatment and prevention,,,https://www.linkedin.com/company/knownwellhealth,http://www.knownwell.co,"Have you ever dreaded going to the doctor, knowing you're in for a lecture? Us too. That’s why we created knownwell. 

At knownwell, we look past the scale to see our patients. We offer weight-inclusive healthcare for all and provide evidence-based medicine that supports your unique goals. 

Whether you need primary care or are focused on your metabolic health, we are here to serve you with warmth and expertise. We will treat you with empathy, patience, and respect, listen to you, and empower you to make informed decisions about your health journey with us. 

Let us take care of you and change the landscape of healthcare together. ",2022,126,,Boston,United States,MA,Boston,United States,MA
https://www.linkedin.com/in/chris-spelman,Chris,Spelman,https://i.closelyhq.com/smngoz78bi60m0qn4.7d0102d2.jpg,Vice President Real Estate Development,knownwell,United States,"Program Management, Construction Management, Commercial Real Estate, Business Process Improvement, Cross-functional Team Leadership, Stakeholder Management, Change Management, Operations Management, Staff Development, Value Engineering, Branding, Design Standards, Architectural Design, Due Diligence, Request for Proposal (RFP), Contract Management, Cost Control, Capital Expenditures, Budget Management, Procurement","Vice President Real Estate Development at knownwell, Consultant at Ever/Body, Vice President Operations at HealthQuarters, Senior Director, Operations at Edenbridge Health, Senior Manager, Facility Design and Construction at Iora Health, Administrative Manager, Department of Psychiatry at Geisel School of Medicine at Dartmouth, Registered Polysomnographic Technologist at Sleep Management Solutions, LLC, Registered Polysomnographic Technologist at Waterbury Hospital, Manager and Buyer - Out of Bounds Snowboards at Basin Sports, Manager and Buyer at Board Barn Snowboard Shop","University of Hartford, University of Vermont","VP, Real Estate Development at knownwell | Multi-site expansion | Ops and Program Management",Hospitals and Health Care,"Creative hands-on leader and relationship builder with 20+ years of experience in multidisciplinary healthcare organizations. As a seasoned operator with strengths in 4-wall and strategic cross-functional operations, I design systems and solutions that allow teams and organizations to deliver on their mission.",,,https://www.linkedin.com/company/knownwellhealth,http://www.knownwell.co,"Have you ever dreaded going to the doctor, knowing you're in for a lecture? Us too. That’s why we created knownwell. 

At knownwell, we look past the scale to see our patients. We offer weight-inclusive healthcare for all and provide evidence-based medicine that supports your unique goals. 

Whether you need primary care or are focused on your metabolic health, we are here to serve you with warmth and expertise. We will treat you with empathy, patience, and respect, listen to you, and empower you to make informed decisions about your health journey with us. 

Let us take care of you and change the landscape of healthcare together. ",2022,126,,Boston,United States,MA,Boston,United States,MA
https://www.linkedin.com/in/parhamjavaherian,Parham,Javaherian,https://i.closelyhq.com/smngoz73i0giu2q1g.83137e53.jpg,Chief Executive Officer,JumpstartMD,United States,"Turn Around Management, Artificial Intelligence (AI), Digital Health, C Level Management, Executive Management, Leadership, Healthcare, Marketing Strategy, Strategic Planning, Lead Generation, Marketing, Social Media Marketing, Online Marketing, Product Management, Business Strategy, New Business Development, Entrepreneurship, Sales, Business Planning, Digital Marketing","Chief Executive Officer at JumpstartMD, Entrepreneur in Residence (EiR) at Cie, Interim Chief Executive Officer at Eyes4Lives, Inc., Chief Executive Officer at Practice Builders, Portfolio Manager at Eli Global, Marketing Director at Peak Virtual Accounting, Director Of Operations at Peak Virtual Marketing (subsidiary of Peak Virtual Accounting), Marketing Consultant at Orange County Business Journal","University of California, Irvine - The Paul Merage School of Business",CEO @ JumpstartMD,Wellness and Fitness Services,"With over 20 years of experience in leadership, growth, and innovation, I have a track record of transforming businesses and delivering results in the healthcare industry.

Today as the CEO of JumpstartMD, a multi-location Medically Supervised Weight Loss & Wellness organization, I lead a team of passionate professionals who have helped our members lose over 1,000,000 pounds (and counting). 

Prior to JumpstartMD, I served as the CEO of Practice Builders (one of the nation's largest healthcare marketing companies and Private Equity owned) for 8 years. I hold an MBA from the University of California, Irvine.",,,https://www.linkedin.com/company/jumpstartmd,http://www.jumpstartmd.com,"JumpstartMD is helping thousands of people lose weight and live healthier and happier lives through personalized, medically supervised treatment programs. Based on extensive clinical research, JumpstartMD offers nutritional science and 1-on-1 support that's shown to reverse diabetes and cardio-metabolic risk.

As the largest medical weight loss practice in Northern California, JumpstartMD is the leading personalized science-based program driven by Stanford-trained physicians and Diplomates of the American Board of Obesity.

JumpstartMD is the most referred, medically supervised weight loss program by Bay Area physicians.",2007,98,"Weight Loss, Wellness, Nutrition, Bioidentical Hormone Replacement Therapy, healthcare, Physicians, Nurse Practitioners, Physician Assistants, Health Coach, Diabetes Prevention, Cardiometabolic risk, Men's Health, Women's Health, Endocrinology",Burlingame,United States,CA,Burlingame,United States,CA
https://www.linkedin.com/in/scott-albrecht-b385966,Scott,Albrecht,https://i.closelyhq.com/smngoz3ron5kcvtjhg.d14db557.jpg,Chief Financial Officer,FlyteHealth,United States,,"Chief Financial Officer at FlyteHealth, VP, Operations & Finance at Getlabs, VP, Finance at SWORD Health, VP, Strategic Growth & Analytics at ECP-PF Holdings, Inc., Managing Director at Barings Alternative Investments, Senior Consultant at Kaiser Associates","Middlebury College, The American School in Japan","Finance, Strategy,  & Investment Professional",Hospitals and Health Care,,,,https://www.linkedin.com/company/flytehealth,http://www.flytehealth.com,"FlyteHealth is an integrated early cardio-kidney-metabolic (eCKM) care platform addressing obesity, prediabetes, type 2 diabetes, hypertension, and hyperlipidemia.

FlyteHealth is one of the few cardiometabolic programs backed by two separate actuarial analyses with independent data and methodology.

We deliver a single, risk-based clinical model that combines lifestyle intervention, multidisciplinary medical care, medication optimization, and long-term maintenance — replacing fragmented solutions and GLP-1-only approaches.

Designed for employers and health plans, FlyteHealth drives measurable outcomes, optimized Rx spend, and a clear path to ROI.",2018,113,"Telehealth, Obesity, Technology, Healthcare, MedTech, Cardiometabolic, CKM, eCKM, Digital Health, CKM, eCKM",New Canaan,United States,CT,New Canaan,United States,CT
https://www.linkedin.com/in/emilyxwang,Emily,Wang,https://i.closelyhq.com/smngoz756l135vri2.773cbfb5.jpg,Lead Product Manager,Form Health,United States,"Management Consulting, Data Analysis, Strategy, Economics, Leadership, Financial Modeling, Business Process Improvement, Business Strategy, Business Analysis, Analytics, Project Management, Change Management, Program Management, Research, Market Research, Nonprofits, Process Improvement, Stata, Analysis, Mergers & Acquisitions","Lead Product Manager at Form Health, Product Manager at Concert Health, Senior Manager, Product Marketing at Included Health, Consultant at Get Well, Director, Enterprise Implementation at HealthLoop, Manager at Deloitte, Summer Associate Finance Manager at The Kraft Heinz Company, Marketing and Operations Intern at LolaBee's Harvest, Consultant, Strategy & Operations at Deloitte Consulting, Business & Finance (B&F) Intern at University of Michigan","The University of Chicago Booth School of Business, University of Michigan",Product at Form Health,Hospitals and Health Care,"I am passionate about the impact of digital technology in both healthcare delivery and creating new ways of achieving health / wellness. I am adept at promoting the adoption of technology among both clinicians and healthcare consumers. I love thinking through ways that technology can be used to eliminate inefficiencies, solve frustrating problems, and connect groups of people within a healthcare context.",,,https://www.linkedin.com/company/form-health,http://formhealth.co,"Form Health is the national leader in science-based obesity and cardiometabolic care. Our clinical care model consists of one-on-one, personalized care from a dedicated ABOM-certified physician and a CSOWM-certified Registered Dietitian, who develop individualized treatment plans that address behavioral health, nutrition, physical activity, and include a prescription for FDA-approved medication, if appropriate. Form Health keeps safety, efficacy, and outcomes at the forefront as we incorporate the latest research and science into our approach. This means we’re always innovating, constantly getting smarter about the science of obesity care, relentlessly focusing on exceptional results, and calling out harmful practices that hold back progress. The result is life-changing outcomes for our patients and meaningful ROI for our enterprise partners. Form Health is in-network with national health plans. Learn more at formhealth.co.",2019,268,,Boston,United States,Massachusetts,Boston,United States,Massachusetts
https://www.linkedin.com/in/jeffreychupp,Jeffrey,Chupp,,Director of Engineering,Form Health,United States,"Ruby on Rails, Ruby, JavaScript, bow hunting skills, Web Services, Test Driven Development, computer hacking skills, Physical Comedy, Web Development, Open Source, Mentoring, Knows what a prince and lover ought to be","Director of Engineering at Form Health, Engineering Manager at Miro, Staff Software Engineer & Engineering Manager at Reforge, Founding Engineer at PrefabCloud, Software Consultant at Red Letter Day Labs, Senior Software Engineer / Tech Lead at Wistia, Senior Software Engineer at Dribbble, Senior Software Engineer at HubSpot, Senior Developer at Terrible Labs, Rails Developer at PatientsLikeMe",Samford University,Director of Engineering at Form Health,Hospitals and Health Care,"I'm passionate about improving the product, the org, and the people I work with. I believe in constant learning, the value of automated testing, and I have a particular love for a well-written commit message.",,,https://www.linkedin.com/company/form-health,http://formhealth.co,"Form Health is the national leader in science-based obesity and cardiometabolic care. Our clinical care model consists of one-on-one, personalized care from a dedicated ABOM-certified physician and a CSOWM-certified Registered Dietitian, who develop individualized treatment plans that address behavioral health, nutrition, physical activity, and include a prescription for FDA-approved medication, if appropriate. Form Health keeps safety, efficacy, and outcomes at the forefront as we incorporate the latest research and science into our approach. This means we’re always innovating, constantly getting smarter about the science of obesity care, relentlessly focusing on exceptional results, and calling out harmful practices that hold back progress. The result is life-changing outcomes for our patients and meaningful ROI for our enterprise partners. Form Health is in-network with national health plans. Learn more at formhealth.co.",2019,268,,Boston,United States,Massachusetts,Boston,United States,Massachusetts
https://www.linkedin.com/in/dominick-garbellano-22155938,Dominick,Garbellano,https://i.closelyhq.com/smngoz74svhkl3e8l.f43fcabe.jpg,Senior Director of Program Management,FlyteHealth,United States,"Agile Project Management, Cross-functional Team Leadership, Microsoft Excel, Microsoft Office, PowerPoint, Microsoft Word, Customer Service, Teamwork, Telecommunications, Systems Engineering, Microsoft Visio, Requirements Analysis, IT Strategy, Consulting, Agile Methodologies, Visio, Management, Testing, Integration, Software Development","Senior Director of Program Management at FlyteHealth, Senior Technical Product Manager at Babyscripts, Certified Scrum Master at MedAllies, Certified Scrum Master at Infinite Computer Solutions, Ceritified Scrum Master/Project Manager at IBM",Mount Saint Mary College,Senior Director of Program Management,Hospitals and Health Care,"Dominick Garbellano is currently a results-driven Senior Technical Program Manager who identifies and recommends improvements to organization software, hardware and business systems and processes. He liaises with subject matter experts to gather business requirements and implement platforms and processes to address needs. Educated in traditional and progressive training techniques to handle highly stressful situations with poise. With his strong character, excellent communication skills, and solid work ethic he thrives while keeping up with the always changing company, customer, and project demands.

Specialties:  Scrum Master Certified, Agile/Lean Software Development, Process Improvement, End to End Systems Integration, Business and System Requirements Analysis, Technical Produt and Program Management. 

Dominick Garbellano has experience supporting many large accounts and leading project teams in their requirements analysis, design, development, testing, and deployment. Mr. Garbellano has helped lead projects through all phases of the project life including vision meetings, requirements gathering and definition, design, development, test and delivery.",,,https://www.linkedin.com/company/flytehealth,http://www.flytehealth.com,"FlyteHealth is an integrated early cardio-kidney-metabolic (eCKM) care platform addressing obesity, prediabetes, type 2 diabetes, hypertension, and hyperlipidemia.

FlyteHealth is one of the few cardiometabolic programs backed by two separate actuarial analyses with independent data and methodology.

We deliver a single, risk-based clinical model that combines lifestyle intervention, multidisciplinary medical care, medication optimization, and long-term maintenance — replacing fragmented solutions and GLP-1-only approaches.

Designed for employers and health plans, FlyteHealth drives measurable outcomes, optimized Rx spend, and a clear path to ROI.",2018,113,"Telehealth, Obesity, Technology, Healthcare, MedTech, Cardiometabolic, CKM, eCKM, Digital Health, CKM, eCKM",New Canaan,United States,CT,New Canaan,United States,CT
https://www.linkedin.com/in/kelleyhuston,Kelley,Huston,https://i.closelyhq.com/smngoz7l95dl9vqfi.9c13bd77.jpg,Group Product Manager,Form Health,United States,"Product Leadership, Revenue Cycle Management, Pricing Strategy, Go-to-Market Strategy, Product Management, Process Improvement, Data Analysis, Forecasting, Inventory Management, Project Management, Program Management, Project Planning, Data Mining, Analysis, Retail, Management","Group Product Manager at Form Health, Sr. Director, Product at Optoro, GenAI Product Advisor at Prospect Intelligence, Product Manager at Music & Arts, Sr. Product Manager, Packaged Solutions at Total Wine & More","University of Maryland - Robert H. Smith School of Business, Northwestern Health Sciences University, University of Denver, Russian State Vocational Pedagogical University","Product Strategy Leader | Growth, Transformation & AI Innovation",Hospitals and Health Care,"Great products don't just improve user experiences—they make entire systems work better. Today, I lead product strategy for care access, patient acquisition, and revenue cycle capabilities at a virtual cardiometabolic healthcare organization. My work focuses on improving patient experiences while scaling the operational systems that support sustainable growth and high-quality care delivery.Throughout my career, I've worked across healthcare technology, SaaS, supply chain, and AI-enabled products, helping organizations solve complex business and operational challenges. I've launched zero-to-one products, scaled established platforms, driven multi-million-dollar revenue growth, and led initiatives focused on automation, operational efficiency, and customer engagement.Prior to healthcare, I led product portfolios in reverse logistics and advised early-stage startups on GenAI adoption, product strategy, commercialization, and roadmap development.What connects each chapter of my career is a passion for understanding users, uncovering opportunities through data, and translating insights into products that create meaningful value for customers, businesses, and the teams that support them.",,,https://www.linkedin.com/company/form-health,http://formhealth.co,"Form Health is the national leader in science-based obesity and cardiometabolic care. Our clinical care model consists of one-on-one, personalized care from a dedicated ABOM-certified physician and a CSOWM-certified Registered Dietitian, who develop individualized treatment plans that address behavioral health, nutrition, physical activity, and include a prescription for FDA-approved medication, if appropriate. Form Health keeps safety, efficacy, and outcomes at the forefront as we incorporate the latest research and science into our approach. This means we’re always innovating, constantly getting smarter about the science of obesity care, relentlessly focusing on exceptional results, and calling out harmful practices that hold back progress. The result is life-changing outcomes for our patients and meaningful ROI for our enterprise partners. Form Health is in-network with national health plans. Learn more at formhealth.co.",2019,268,,Boston,United States,Massachusetts,Boston,United States,Massachusetts
https://www.linkedin.com/in/garyriedelgaudet,Gary,Riedel-Gaudet,https://i.closelyhq.com/smngoz6130052b0cr.2a169281.jpg,Director of Accounting,Form Health,United States,"Accounting, Access, Accounts Receivable, Auditing, Microsoft Excel, Payroll, Microsoft Word, Analysis, PowerPoint, Financial Analysis, Financial Reporting, Financial Statements, Time Management, Financial Accounting, Microsoft Office, Finance, Microsoft PowerPoint","Director of Accounting at Form Health, Director, Corporate Controller at Flexcar, Accounting Manager, Amazon Pharmacy at Amazon, Senior Manager of Corporate Accounting and North American Controller at GCP Applied Technologies, Manager at EY, Finance Intern at St. John's Preparatory School, Graduate Fellow in the Marketing Department at Suffolk University, NESA Summer Intern Boston, MA at Ernst & Young, Office Intern at Wakefield Moving and Storage, Boston Area, Cashier Department Head at Stop & Shop","Suffolk University - Sawyer Business School, Suffolk University - Sawyer Business School, John Cabot University, St. John's Prep",Director of Accounting at Form Health,Hospitals and Health Care,,,,https://www.linkedin.com/company/form-health,http://formhealth.co,"Form Health is the national leader in science-based obesity and cardiometabolic care. Our clinical care model consists of one-on-one, personalized care from a dedicated ABOM-certified physician and a CSOWM-certified Registered Dietitian, who develop individualized treatment plans that address behavioral health, nutrition, physical activity, and include a prescription for FDA-approved medication, if appropriate. Form Health keeps safety, efficacy, and outcomes at the forefront as we incorporate the latest research and science into our approach. This means we’re always innovating, constantly getting smarter about the science of obesity care, relentlessly focusing on exceptional results, and calling out harmful practices that hold back progress. The result is life-changing outcomes for our patients and meaningful ROI for our enterprise partners. Form Health is in-network with national health plans. Learn more at formhealth.co.",2019,268,,Boston,United States,Massachusetts,Boston,United States,Massachusetts
https://www.linkedin.com/in/sonalsakariyamd,Sonal,"Sakariya, MD, DABOM",https://i.closelyhq.com/smngoz6ga5ergv66a.a75311e4.jpg,NYC Market Physician Lead,knownwell,United States,"Telemedicine, Hospice & Palliative Medicine, Hospitalists, Obesity, Weight Management, METABOLIC HEALTH, Obesity Treatment, Internal Medicine, Public Health, Medicine, Clinical Research, Medical Education, Hospitals, Healthcare, Nutrition, Electronic Medical Record (EMR), Healthcare Management, American Board of Internal Medicine, Hospital Medicine, Allscripts","NYC Market Physician Lead at knownwell, Medical Director at Providence St. Joseph Health, Southern California, Internal Medicine Resident Physician at UC San Diego Health, Clinical Research at U.S. Department of Veterans Affairs, Laboratory Assistant at David Geffen School of Medicine at UCLA","UC San Diego School of Medicine, UCLA","Diplomate of the American Board of Obesity Medicine, Internal Medicine, Physician Lead",Hospitals and Health Care,"I am a double board-certified physician in Internal Medicine and Obesity Medicine, with over a decade of experiencing providing both inpatient and outpatient care. My career has been driven by a passion for preventative health and evidence-based approaches that empower patients to take charge of their metabolic wellness.I currently serve as the NYC Market Physician Lead at Knownwell, where I focus on expanding access to obesity and metabolic health care across multiple communities. Additionally, I provide telemedicine options for patients seeking care in New York, California, and New Jersey.Prior to my role at Knownwell, I was the Hospitalist Department Chair at Providence St.Joseph Hospital in Orange, California. During that time, I was honored as a ""Physician of Excellence"" by the Orange County Medical Association and served as a board member from 2024-2025.I look forward to collaborating with others who share a vision for transforming healthcare in the obesity medicine and metabolic health space.",,,https://www.linkedin.com/company/knownwellhealth,http://www.knownwell.co,"Have you ever dreaded going to the doctor, knowing you're in for a lecture? Us too. That’s why we created knownwell. 

At knownwell, we look past the scale to see our patients. We offer weight-inclusive healthcare for all and provide evidence-based medicine that supports your unique goals. 

Whether you need primary care or are focused on your metabolic health, we are here to serve you with warmth and expertise. We will treat you with empathy, patience, and respect, listen to you, and empower you to make informed decisions about your health journey with us. 

Let us take care of you and change the landscape of healthcare together. ",2022,126,,Boston,United States,MA,Boston,United States,MA
https://www.linkedin.com/in/stevenkeem,Steven,Keem,https://i.closelyhq.com/smngoz6vrrpg85lpq.859876bc.jpg,Senior Product Manager,Ilant Health,United States,"User Experience Design (UED), Project Management, Motivational Interviewing, Relationship Building, Behavior Change, Product Design, Software Design, Design Thinking, Analytical Skills, Experimental Design, User Experience (UX), A/B Testing, Agile Methodologies, Product Development, Product Management, Personal Training, Exercise Physiology, Group Exercise, Fitness, Data Analysis","Senior Product Manager at Ilant Health, Senior Product Manager at Good Inside, Product Manager at Noom Inc.","Teachers College, Columbia University, University of Southern California",Product,Hospitals and Health Care,,,,https://www.linkedin.com/company/ilant-health,https://www.ilanthealth.com/,"Ilant Health is an obesity treatment company, focused on increasing access to obesity treatment while reducing total cost of care for employers and payers through value-based care. 

We provide the single front door for individuals with obesity, delivering end-to-end evidence-based solutions (bariatric surgery, medication, intense behavioral therapy) through a technology-enabled and analytics-driven obesity medicine practice. ",2022,41,,,,,,,
https://www.linkedin.com/in/caseylangwith,Casey,Langwith,https://i.closelyhq.com/smngoz2u3b7pptcho.e949118c.jpg,VP of Strategic Operations,Ilant Health,United States,"Chronic Disease, Academic Research, Coalition Development, Childhood Obesity, Health Care Regulation, Healthcare Compliance, Customer Experience, Analytics, Machine Learning, Organizational Design, Startups, Medicare Part D, Pharmacy Benefit Management, Mergers & Acquisitions (M&A), Strategic Partnerships, Business Development, Founder, Product Design, New Venture Launch, Consumer Behavior","VP of Strategic Operations at Ilant Health, Owner at Langwith Consulting, Co-Founder and CEO at Multitude Health, Senior Director Of Operations at Olive, Director of Growth at GoodRx, Business Director at Renew Health, Engagement Manager at McKinsey & Company, MBA Candidate at The Wharton School, MBA Strategy Intern at Collaborative Health Systems (Universal American), Research Consultant at The Lewin Group","The Wharton School, Rice University, Universidad EAFIT, Université Paris Cité",Client Delivery & Growth | McKinsey Alum | Former Founder,Hospitals and Health Care,"Proven healthcare leader with a strong record of driving payor strategy, post-sales client delivery, and strategic partnerships in fast-paced, mission-driven companies. I specialize in scaling client-facing teams, launching new products and verticals, and delivering measurable value across medical and pharmacy benefits, with an emphasis on improving access, affordability, and experience for patients and providers. 

As an alum of McKinsey, Wharton, and Rice, I have a rare mix of academic research, policy, consulting, and startup experience. I bring a combination of analytical rigor, operational execution, and strategic insight. My leadership style is hands-on, collaborative, and grounded in data, with a focus on building diverse, high-performing teams and strong client relationships.

Personal interests: Brain-gut health, the microbiome, equitable access to nutritious foods, and urban greening. Committed advocate for diversity, equity, and inclusion.

Areas of expertise: health insurance, pharmacy benefit managers, Commercial markets, Medicare Advantage, Medicaid managed care, Part D and Prescription Drug Plans, cash-pay and discount cards, medication adherence, social determinants of health, Accountable Care Organizations, health policy, provider networks, claims analytics, telemedicine, customer experience, women's health, and obesity and chronic conditions",,,https://www.linkedin.com/company/ilant-health,https://www.ilanthealth.com/,"Ilant Health is an obesity treatment company, focused on increasing access to obesity treatment while reducing total cost of care for employers and payers through value-based care. 

We provide the single front door for individuals with obesity, delivering end-to-end evidence-based solutions (bariatric surgery, medication, intense behavioral therapy) through a technology-enabled and analytics-driven obesity medicine practice. ",2022,41,,,,,,,
https://www.linkedin.com/in/karamayes,Kara,"Mayes, MD",https://i.closelyhq.com/smngozm4gt5e099o4.0cabfbc3.jpg,Chief Medical Officer,Ilant Health,United States,"Medical Operations, Obesity Treatment, Leadership, Board Certified, Family Medicine, Medical Education, Healthcare, Healthcare Management, Medicine, Public Health","Chief Medical Officer at Ilant Health, Medical Director at Mercy Clinic Weight and Wellness, Family Physician at Mercy Clinic, Resident at Mercy Family Medicine, Student at Saint Louis University School of Medicine","Saint Louis University School of Medicine, University of Missouri-Columbia, University of Missouri-Columbia",Chief Medical Officer at Ilant Health,Hospitals and Health Care,"I am an obesity medicine physician and Chief Medical Officer at Ilant Health. 

In 2018 I led a team to open Mercy Clinic Weight and Wellness, providing multi-disciplinary care for patients with obesity, and served as the Medical Director until 2024. I co-founded the St. Louis Obesity Society. I am a past President of St. Louis Academy of Family Physicians and Missouri Academy of Family Physicians.

I am passionate about helping patients reach their weight management goals and making obesity care more accessible for everyone. I excel at leading multi-disciplinary teams, developing new programs, and teaching the concepts of obesity medicine to patients and colleagues.",,,https://www.linkedin.com/company/ilant-health,https://www.ilanthealth.com/,"Ilant Health is an obesity treatment company, focused on increasing access to obesity treatment while reducing total cost of care for employers and payers through value-based care. 

We provide the single front door for individuals with obesity, delivering end-to-end evidence-based solutions (bariatric surgery, medication, intense behavioral therapy) through a technology-enabled and analytics-driven obesity medicine practice. ",2022,41,,,,,,,
https://www.linkedin.com/in/mitchell-greenberg-03279810,Mitchell,Greenberg,,President,IntelliHealth,United States,,President at IntelliHealth,,President at IntelliHealth,,,,,,,,,,,,,,,,
https://www.linkedin.com/in/ishraf-ahmad-a49a3710,Ishraf,Ahmad,https://i.closelyhq.com/smngoz4d5d55tmn8c.4f69dd94.jpg,Chief Product and Technology Officer ,FlyteHealth,United States,"Leadership, Strategic Planning, Team Leadership, Product Management, Customer Experience, Strategy, Change Management, Project Management, Research, Continuous Improvement, Root Cause Analysis, Vendor Management, Customer Insights, Strategic Communications, Web Analytics, Knowledge Management, Supply Chain Operations, Customer Satisfaction, Business Process Improvement, Business Development","Chief Product and Technology Officer  at FlyteHealth, Head of Product, Member and Client Experience at Virta Health, Sr. Director Product and Experience OptumRx at Optum, Director of Product and Experience at UnitedHealth Group, Experience and Design Associate Director at UnitedHealthcare, Experience Manager at Best Buy, Founder at Forex Realty Consultants","Carleton College, Northwestern University - Kellogg School of Management",Enabling growth through Products and Experiences,Hospitals and Health Care,"Product leader with 15+ years in healthcare technology, leading cross-functional teams to build and scale profitable, delightful products that improve health outcomes and deliver results. Proven track record in delivering best in class consumer experiences, leveraging AI-driven personalization and data analytics to drive user engagement and growth. Deep domain expertise spanning payer, provider, and consumer health, with specialization in behavioral change, clinical workflows, EHR integrations, and platform modernization. Recognized for building and scaling Product orgs, launching impactful new products, and aligning teams toward business objectives with clarity, empathy and flawless execution.",,,https://www.linkedin.com/company/flytehealth,http://www.flytehealth.com,"FlyteHealth is an integrated early cardio-kidney-metabolic (eCKM) care platform addressing obesity, prediabetes, type 2 diabetes, hypertension, and hyperlipidemia.

FlyteHealth is one of the few cardiometabolic programs backed by two separate actuarial analyses with independent data and methodology.

We deliver a single, risk-based clinical model that combines lifestyle intervention, multidisciplinary medical care, medication optimization, and long-term maintenance — replacing fragmented solutions and GLP-1-only approaches.

Designed for employers and health plans, FlyteHealth drives measurable outcomes, optimized Rx spend, and a clear path to ROI.",2018,113,"Telehealth, Obesity, Technology, Healthcare, MedTech, Cardiometabolic, CKM, eCKM, Digital Health, CKM, eCKM",New Canaan,United States,CT,New Canaan,United States,CT
https://www.linkedin.com/in/linford-stillson-19457611,Linford,Stillson,https://i.closelyhq.com/smngozrngit6ejj7g.f51c29cc.jpg,Owner,The Center for Medical Weight Loss (CMWL),United States,"Osteopathic Medicine, Manipulation, Irish Music","Owner at The Center for Medical Weight Loss (CMWL), Owner at Linford J. Stillson DO","UNECOM, Yale School of Medicine",Owner at The Center for Medical Weight Loss (CMWL),"Health, Wellness & Fitness",,,,https://www.linkedin.com/company/the-center-for-medical-weight-loss-cmwl-,http://www.centerformedicalweightloss.com,"The Center for Medical Weight Loss empowers physicians to help patients fight obesity. Our organization is the largest network of non-surgical medical weight loss providers in the U.S. We offer effective, customized weight loss treatments administered exclusively by doctors and based on a proprietary program. The Center for Medical Weight Loss has more than 420 board-certified physicians in its network, covering 46 states. For more information, visit www.centerformedicalweightloss.com",2006,29,,Tarrytown,United States,NY,Tarrytown,United States,NY
https://www.linkedin.com/in/richard-lee-0693ba13,Richard,Lee,,CEO and Co-Founder,The Center for Medical Weight Loss (CMWL),United States,"Strategic Planning, Healthcare, New Business Development, Management, Marketing, Customer Service, Marketing Strategy, Leadership","CEO and Co-Founder at The Center for Medical Weight Loss (CMWL), EVP Business Development and Co-Founder at The Center for Medical Weight Loss and Pondus Health",Brandeis University,CEO and Co-Founder,"Health, Wellness & Fitness",,,,https://www.linkedin.com/company/the-center-for-medical-weight-loss-cmwl-,http://www.centerformedicalweightloss.com,"The Center for Medical Weight Loss empowers physicians to help patients fight obesity. Our organization is the largest network of non-surgical medical weight loss providers in the U.S. We offer effective, customized weight loss treatments administered exclusively by doctors and based on a proprietary program. The Center for Medical Weight Loss has more than 420 board-certified physicians in its network, covering 46 states. For more information, visit www.centerformedicalweightloss.com",2006,29,,Tarrytown,United States,NY,Tarrytown,United States,NY
https://www.linkedin.com/in/hayleymillermd,Hayley,"Miller, MD",https://i.closelyhq.com/smngoz1ln0ttmbc10o.fb19aeb9.jpg,Medical Director,FlyteHealth,United States,"Multistate Medical Compliance , Obesity & Diabetes Management,  Provider Mentorship , Google Docs, Clinical Decision Support, Digital Health, Work Allocation, Clinical Leadership, Performance Appraisal, Electronic Health Records (EHR), Slack, Health Equity, Medication Therapy Management (MTM), Strategic Planning, Clinical Quality Improvement, Medical Technology, Quality Management, Clinical Development, Quality Assurance, Education","Medical Director at FlyteHealth, Founder and CEO at Mountain States Diabetes, Senior Medical Director - Weight & Wellness  at RVO Health, Medical Director: Metabolic Health & Nurx Weight Management at Thirty Madison, Telemedicine Physician at hims & hers, Physician: Internal Medicine  at Montana Internal Medicine, Providence Medical Group, Physician: Internal Medicine, Diabetes and Metabolism  at Community Physicians Group, Medical Director: Diabetes & Metabolism at St. John's Medical Center, Physician: Internal Medicine, Diabetes & Metabolism at Intermountain Health, Regional Medical Liaison at Sanofi","University of Washington - School of Medicine, University of Wyoming",Obesity & Diabetes Specialist | Telemedicine Physician Leader ,Hospitals and Health Care,"I am a board-certified Internal Medicine and Obesity Medicine Physician with fellowship training in Endocrinology, Diabetes, and Metabolism. Over the course of my career, I have developed a unique practice style that bridges specialty and primary care, allowing me to treat patients with diabetes, obesity, and metabolic conditions while addressing their broader health needs.My professional journey spans leadership, clinical practice, and telemedicine innovation.I am currently the Senior Medical Director at RVOHealth, where I oversee clinical strategy and performance, mentor providers, and help scale protocols for patient care. In addition, I serve as the CEO of Mountain States Diabetes, a specialty practice I founded to improve the affordability and accessibility of diabetes care.Earlier in my career, I gained experience in internal medicine and endocrinology roles in both clinic and hospital settings. My professional focus includes internal medicine, diabetes management, obesity medicine, telemedicine innovation, protocol development, and health system efficiency. Delivering superior outcomes in these areas requires strong communication skills, business acumen, clinical expertise, and the ability to adapt rapidly to evolving patient needs and care models.Colleagues describe me as a progressive, patient-centered physician who combines clinical rigor with a practical focus on accessibility and efficiency. I’m passionate about helping health systems adapt to the changing healthcare landscape by integrating specialty care with primary care and applying lessons learned from direct-to-consumer telemedicine.",,,https://www.linkedin.com/company/flytehealth,http://www.flytehealth.com,"FlyteHealth is an integrated early cardio-kidney-metabolic (eCKM) care platform addressing obesity, prediabetes, type 2 diabetes, hypertension, and hyperlipidemia.

FlyteHealth is one of the few cardiometabolic programs backed by two separate actuarial analyses with independent data and methodology.

We deliver a single, risk-based clinical model that combines lifestyle intervention, multidisciplinary medical care, medication optimization, and long-term maintenance — replacing fragmented solutions and GLP-1-only approaches.

Designed for employers and health plans, FlyteHealth drives measurable outcomes, optimized Rx spend, and a clear path to ROI.",2018,113,"Telehealth, Obesity, Technology, Healthcare, MedTech, Cardiometabolic, CKM, eCKM, Digital Health, CKM, eCKM",New Canaan,United States,CT,New Canaan,United States,CT
https://www.linkedin.com/in/jameskunitz,James,Kunitz,https://i.closelyhq.com/smngoz95kp3g50qfq.902a27e1.jpg,Chief Executive Officer,Fitness RX,United States,"Direct Response, Direct Marketing, Advertising, Lead Generation, Media Buying, Mobile Marketing, Email Marketing, Television, Online Marketing, Social Media Marketing, Marketing Strategy, Integrated Marketing, Online Advertising, Digital Media, Media Planning, Digital Strategy, Interactive Marketing, Customer Acquisition, Advertising Sales, Digital Marketing","Chief Executive Officer at Fitness RX, Chief Executive Officer at Body FX, President at DV Creations, Inc.",,"Founder & CEO, Fitness RX | Building a New Approach to Longevity | Medicine + Weight Loss + Fitness + Nutrition + Mindset","Health, Wellness & Fitness","After more than 20 years in fitness and weight loss, I've become convinced that we need to redefine what it means to be fit.Fitness isn't just exercise.It's metabolic health. Strength. Nutrition. Mindset. Hormonal health. And increasingly, it's where lifestyle and modern medicine come together.That's the thinking behind what we're building at&nbsp;Fitness RX.My journey started in fitness and direct-to-consumer health, where I helped create and market programs that reached millions of people around the world. Our work earned multiple Telly and Davey Awards, along with recognition for excellence in health and fitness marketing.We later built&nbsp;Body FX&nbsp;into a global digital fitness platform, serving more than one million members and earning a place on the&nbsp;Inc. 500 list of America's fastest-growing private companies twice.But the longer I spent in fitness and weight loss, the more obvious something became:Lifestyle alone doesn't explain why some people struggle.Exercise matters. Nutrition matters. Mindset matters. But so do hormones, metabolism, genetics, medications and the underlying biology that influences how we feel, perform, age and respond to lifestyle change.That realization led us to create&nbsp;Fitness RX.We're bringing together modern medicine, weight loss, fitness, nutrition and mindset into a more complete approach to health and longevity.And I believe this represents something bigger than another weight-loss or telehealth company.It's part of an evolution in what&nbsp;fitness&nbsp;itself means.Because longevity shouldn't simply be about adding more years to the end of life. It should be about having the strength, energy, health and independence to make those years count.That's the future we're building at Fitness RX.Redefining fitness for the longevity era.Live Longer. Live Stronger.",,,https://www.linkedin.com/company/fitnessrxtelehealth,fitnessrx.com,"Fitness RX is a new approach to longevity—combining medicine, weight loss, fitness, nutrition and mindset into one integrated platform designed to help people live longer, stronger and healthier lives.

We believe longevity isn't simply about adding years to your life. It's about improving the quality of those years—maintaining strength, energy, metabolic health, confidence and independence for as long as possible.

Fitness RX brings together modern medical therapies, including GLP-1 medications, hormone optimization and peptides, with the lifestyle factors that ultimately determine long-term health: movement, nutrition, behavior and mindset.

Our approach grew from more than 15 years in the fitness and weight-loss industry and the experience of helping more than one million people worldwide. We learned that lasting transformation rarely comes from addressing just one piece of the equation.

Medicine can change what's happening inside the body. Fitness can preserve strength and function. Nutrition can improve metabolic health. Mindset can change behaviors. And when these elements work together, the potential is far greater than any one of them alone.

That's the future we're building at Fitness RX.

Live Longer. Live Stronger.",,6,,,,,,,
https://www.linkedin.com/in/brooke-boyarsky,Brooke,Boyarsky Pratt,https://i.closelyhq.com/smngoz544m9cdedqa.38b65db8.jpg,"Chief Executive Officer, Founder",knownwell,United States,"Data Analysis, Product Marketing, Marketing, Marketing Research, Customer Insight, Marketing Communications, Public Relations, Leadership, Competitive Analysis","Chief Executive Officer, Founder at knownwell, Executive Vice President - Chief Operating Officer, Production at Berkadia, Associate Partner at McKinsey & Company, Product Marketing Graduate Intern at Google, Lead Program Manager, Worldwide Campaigns at Hewlett-Packard, Intern at Miramax, Research Assistant at UPenn Anxiety, Depression, and Emotion Lab, Research Assistant at UPenn Positive Psychology Center","Harvard Business School, University of Pennsylvania",Bringing weight-inclusive healthcare to all,Hospitals and Health Care,,,,https://www.linkedin.com/company/knownwellhealth,http://www.knownwell.co,"Have you ever dreaded going to the doctor, knowing you're in for a lecture? Us too. That’s why we created knownwell. 

At knownwell, we look past the scale to see our patients. We offer weight-inclusive healthcare for all and provide evidence-based medicine that supports your unique goals. 

Whether you need primary care or are focused on your metabolic health, we are here to serve you with warmth and expertise. We will treat you with empathy, patience, and respect, listen to you, and empower you to make informed decisions about your health journey with us. 

Let us take care of you and change the landscape of healthcare together. ",2022,126,,Boston,United States,MA,Boston,United States,MA
https://www.linkedin.com/in/tamaraleebrock,TAMARA,BROCK,https://i.closelyhq.com/smngoz6st9l6jfkk5.8b752f4b.jpg,Peptide & Longevity Optimization Specialist ,California Trim Clinic,United States,"Anti-aging Products, New Account Management, Dealer Relationships, Business Development, Finance, Customer Service, B2B, Cold Calling, Vehicle Route Security, Sales Management, Marketing Strategy, Strategic Planning, Lead Generation, Project Management, Decision-Making, Problem Solving, Emergency Management, Fleet Management, Crisis Management, Risk Management","Peptide & Longevity Optimization Specialist  at California Trim Clinic, Dealer Relationship Manager Indirect Lending Automotive at BMO U.S., Account Manager at Westlake Financial Services, Insurance Agent at The Alliance Group LLC, National Sales Director at Adzzoo",Los Angeles Pierce College,Longevity Optimization Specialist | Personalized Peptide & Metabolic Health Strategies for High-Performing Professionals | Energy • Performance • Healthy Aging,Hospital & Health Care,"I work with busy professionals who are doing everything “right” — yet still feel tired, stalled, or not quite like themselves anymore.

My work sits at the intersection of peptide optimization, metabolic health, and longevity. I specialize in helping high-performing men and women restore energy, improve body composition, and extend their healthspan through personalized, clinician-guided strategies.

I’m not a doctor — and that’s intentional.
My role is to translate complex medical options into clear, strategic, and actionable plans, partnering with licensed clinicians to ensure every protocol is appropriate, safe, and individualized.

What clients value most about working with me:
• A no-hype, no-guesswork approach
• Strategies designed for real life, not biohacker extremes
• Discretion, personalization, and long-term thinking
• A focus on how you feel, perform, and age — not just lab numbers

I believe longevity isn’t about chasing youth.
It’s about protecting energy, clarity, strength, and independence — so you can keep showing up at your highest level for decades.

If you’re a busy professional who wants a smarter, more strategic approach to metabolic health and longevity, I’d love to connect.

→ DM me “OPTIMIZE” to start the conversation",,,https://www.linkedin.com/company/californiatrimclinic,www.californiatrimclinic.com,"California Trim Clinic in Westlake Village, CA provides Physician-Guided Medical Weight Loss, GLP-1 Therapy, Peptide Therapy, Semaglutide, Tirzepatide, and Retatrutide Treatment with Telemedicine available in all 50 States.

We help eligible patients explore advanced options for Weight Management, Metabolic Health, Recovery, Wellness, and Longevity through personalized care plans and ongoing medical support.

Our clinic offers convenient online consultations, customized treatment programs, and access to innovative therapies including NAD+, Tesamorelin, and BPC-157. Serving local patients in Westlake Village and nationwide through secure telemedicine care.",2024,1,"Medical Weight Loss, Compounded Peptide Therapy, GLP-1 Weight Loss, Peptide Therapy",Westlake Village,United States,California,Westlake Village,United States,California
https://www.linkedin.com/in/daveecastillo,David,Castillo,https://i.closelyhq.com/smngoz5f6iksk69tf.63d972fb.jpg,Staff Senior Software Engineer,Intellihealth,United States,"Node.js, PostgreSQL, Software Development, Python, Django, Linux, Git, OS X, CSS, JavaScript, YouTube API, APIs, Amazon Web Services (AWS), Vagrant, Ember.js, Nginx, Apache, Dropbox API, REST, JSON","Staff Senior Software Engineer at Intellihealth, Senior Lead Software Engineer at DrChrono, Senior Software Engineer at Enervee, Software Engineer at AllDay Media, Software Developer at Channel Factory, Software Developer at Impress Communications, Full Stack Developer at TireTab.com",Santa Monica College,Staff Senior Software Engineer,Hospitals and Health Care,,,,https://www.linkedin.com/company/flytehealth,http://www.flytehealth.com,"FlyteHealth is an integrated early cardio-kidney-metabolic (eCKM) care platform addressing obesity, prediabetes, type 2 diabetes, hypertension, and hyperlipidemia.

FlyteHealth is one of the few cardiometabolic programs backed by two separate actuarial analyses with independent data and methodology.

We deliver a single, risk-based clinical model that combines lifestyle intervention, multidisciplinary medical care, medication optimization, and long-term maintenance — replacing fragmented solutions and GLP-1-only approaches.

Designed for employers and health plans, FlyteHealth drives measurable outcomes, optimized Rx spend, and a clear path to ROI.",2018,113,"Telehealth, Obesity, Technology, Healthcare, MedTech, Cardiometabolic, CKM, eCKM, Digital Health, CKM, eCKM",New Canaan,United States,CT,New Canaan,United States,CT
https://www.linkedin.com/in/nathan-linsley,Nathan,Linsley,,Chief Financial Officer,knownwell,United States,"Revenue & Profit Growth, P&L Management, Team Leadership, Strategic Planning, Strategic M&A, Data-driven Decision Making, Operational Excellence, Financial Risk Management, Board Governance, Capital Budgeting, Corporate Strategy Formulation, Operational Efficiency, Marketing Strategy, Business Strategy, Negotiation, Healthcare Analytics, Healthcare Information Technology (HIT), Value Based Care, Pay for Performance, Corporate Venture Capital","Chief Financial Officer at knownwell, President at 1925 Advisors, LLC, Senior Vice President, Government & Individual Markets & Network Strategy at Health Care Service Corporation, Board Member at Innovista Health, Board Member at Availity, Board Member at Medecision, Board Member at Cogitativo, Board Member at Blue Health Intelligence, Corporate Strategy at Northern Trust Corporation, Design Engineer at Lovejoy","The University of Chicago Booth School of Business, University of Michigan",Strategic Healthcare Senior Executive | P&L Management | Growth & Innovation | Private Equity | Board Director,Hospitals and Health Care,"Engaging, transformative Healthcare Senior Executive with a CEO and CFO skill set who drives organizational value creation through top line growth and earnings optimization for payers, healthcare IT companies, analytics and data science providers, and value-based care organizations. Experience in P&L management, mergers and acquisitions, treasury operations, investment portfolio management, fee-for-value program design and contracting, capital budgeting, project management, corporate strategy, and government programs (Medicare, Medicaid, ACA/Marketplace). Accomplished leader with a history of attracting, developing, and retaining top talent.

Demonstrated record of success in Board communication and management, helping organizations drive alignment between the Board and leadership across various aspects of strategy and finance. Venture capital and private equity experience as an investor, investment committee member, and Board Director.",,,https://www.linkedin.com/company/knownwellhealth,http://www.knownwell.co,"Have you ever dreaded going to the doctor, knowing you're in for a lecture? Us too. That’s why we created knownwell. 

At knownwell, we look past the scale to see our patients. We offer weight-inclusive healthcare for all and provide evidence-based medicine that supports your unique goals. 

Whether you need primary care or are focused on your metabolic health, we are here to serve you with warmth and expertise. We will treat you with empathy, patience, and respect, listen to you, and empower you to make informed decisions about your health journey with us. 

Let us take care of you and change the landscape of healthcare together. ",2022,126,,Boston,United States,MA,Boston,United States,MA
https://www.linkedin.com/in/robwtyrrell,Rob,Tyrrell,https://i.closelyhq.com/smngoz3j08899189g.3ab5ab33.jpg,Senior Director of Product Management,FlyteHealth,United States,"Web Analytics, E-commerce, SEM, A/B Testing, Data Visualization, Tableau, Display Advertising, Google Analytics, Account Management, SEO, Microsoft Excel, Marketing, Digital Marketing, Data Analysis, Mobile Marketing, Attribution","Senior Director of Product Management at FlyteHealth, VP, Product & Growth at Impulsum Venture Colab, Product Manager (contract) at GoodRx, Product Growth Consultant at Independent, Sr. Analytics and Optimization Manager, Ecommerce at Fitbit, Lead Analyst, Global Marketing and Traffic Aquisition at TripAdvisor, Sr. Marketing Analyst, SEM at Hotwire, Digital Marketing Specialist at iProspect, Ecommerce Analyst at LetsTalk.com, Business Development Intern at Green Home, Inc.",San Francisco State University,Healthcare Product Leader | AI-Powered Clinical Solutions • EHR Integrations • Patient Activation,Hospitals and Health Care,"Product leader with 15+ years of experience building digital health products and driving growth for startups and established tech companies. Deep specialization in customer activation, applied AI products, healthcare system integrations, and API powered clinical operations automation.",,,https://www.linkedin.com/company/flytehealth,http://www.flytehealth.com,"FlyteHealth is an integrated early cardio-kidney-metabolic (eCKM) care platform addressing obesity, prediabetes, type 2 diabetes, hypertension, and hyperlipidemia.

FlyteHealth is one of the few cardiometabolic programs backed by two separate actuarial analyses with independent data and methodology.

We deliver a single, risk-based clinical model that combines lifestyle intervention, multidisciplinary medical care, medication optimization, and long-term maintenance — replacing fragmented solutions and GLP-1-only approaches.

Designed for employers and health plans, FlyteHealth drives measurable outcomes, optimized Rx spend, and a clear path to ROI.",2018,113,"Telehealth, Obesity, Technology, Healthcare, MedTech, Cardiometabolic, CKM, eCKM, Digital Health, CKM, eCKM",New Canaan,United States,CT,New Canaan,United States,CT
https://www.linkedin.com/in/liaskalkos,Lia,Skalkos,,Lead Software Engineer,Form Health,United States,"Vue.js, React.js, Engineering Management, CSS, User Experience, HTML, MySQL, jQuery, PHP, Flash, JavaScript, Node.js, Web Development, Editing, Ruby on Rails, Ruby, Research, Copy Editing, Dreamweaver, Adobe Creative Suite","Lead Software Engineer at Form Health, Engineering Manager at Kindbody, Senior Software Engineer at Ellevest, Software Engineer at SimpleReach, Web Development Immersive Student at The Flatiron School, Front End Developer at ERGO Interactive, Web Project Manager/ Web Technology Coordinator at New York Genome Center, Freelance Book Reviewer at ForeWord Reviews, Editorial Assistant - Materials Research Bulletin at Rutgers University, Zine Intern at Barnard College","University of Chicago, NYU, Rutgers University, Flatiron School, Sackett Street Writers' Workshop",10+ Years Ruby on Rails Engineer | Healthcare Tech | Writing in my spare time,Hospitals and Health Care,,,,https://www.linkedin.com/company/form-health,http://formhealth.co,"Form Health is the national leader in science-based obesity and cardiometabolic care. Our clinical care model consists of one-on-one, personalized care from a dedicated ABOM-certified physician and a CSOWM-certified Registered Dietitian, who develop individualized treatment plans that address behavioral health, nutrition, physical activity, and include a prescription for FDA-approved medication, if appropriate. Form Health keeps safety, efficacy, and outcomes at the forefront as we incorporate the latest research and science into our approach. This means we’re always innovating, constantly getting smarter about the science of obesity care, relentlessly focusing on exceptional results, and calling out harmful practices that hold back progress. The result is life-changing outcomes for our patients and meaningful ROI for our enterprise partners. Form Health is in-network with national health plans. Learn more at formhealth.co.",2019,268,,Boston,United States,Massachusetts,Boston,United States,Massachusetts
https://www.linkedin.com/in/hao-ping-chai,Hao-Ping,Chai,https://i.closelyhq.com/smngoz1ec9qle6i4a.fa825774.jpg,Vice President Operations,Rivas Medical Weight Loss,United States,"Leadership Development, Website Building, lab management, Laboratory Management, Inventory Planning, Task Execution, Contract Negotiation, Contract Management, Inventory Management, SOP Development, Internal Audits, Program Development, Financial Management, Objectives and Key Results (OKRs), KPI Implementation, Higher Education, Operations Management, Contractual Agreements, Project Planning, Metric Development","Vice President Operations at Rivas Medical Weight Loss, Senior Program Manager at The Henry M. Jackson Foundation for the Advancement of Military Medicine, Program Director at University of Maryland, Baltimore (UMB), Training Instructor / Director of Educational Support at Uniformed Services University of the Health Sciences, Simulations Specialist at MedStar SiTEL, Protective Force Security Police Officer at Paragon Technical Services, DHS contractor / EMS Supervisor at Paragon Systems Inc, Medic at US Army","University of Maryland Global Campus, University of Maryland Baltimore County",Vice President Operations @ Rivas Medical Weight Loss | Driving Operational Excellence,Hospital & Health Care,"Experienced leader and program manager with a proven track record in the research and higher education sectors. Skilled in providing operational and financial management, holding a Masters of Science in Health Care Administration/Management from the University of Maryland. Committed to optimizing and improving operations to match strategic vision through servant leadership.",,,https://www.linkedin.com/company/rivas-medical-weight-loss,http://rivasweightloss.com/,"Rivas Medical Weight Loss is a leading provider in Maryland and Virginia, with 15 clinics and over 15,000 patient visits monthly. For 34 years, we’ve helped thousands achieve their wellness goals through personalized care, compassionate providers, and advanced tools like GLP-1 medications and telehealth support.

Our white-glove service sets us apart—offering fast appointment access and genuine human connection, not automated apps or impersonal systems. Every patient works with licensed medical professionals who know your name, listen to your needs, and tailor your plan for lasting progress.

Our mission: to empower healthier lives with individualized weight management and unwavering support. Whether you’re starting fresh or restarting your journey, we’re with you every step.

🔹 In-person care at 15 locations
🔹 Medication management from real providers
🔹 Weekly follow-ups with a dedicated clinical team
🔹 No gimmicks. Just results.

Ready to begin? Connect with us or visit rivasweightloss.com to book your appointment today!",1992,44,"Medical Weight Loss, Weight Management, Obesity Medicine, Phentermine Weight Loss, Semaglutide Weight Loss, Tirzepatide Weight Loss, GLP-1 Medication Management, Telehealth Services, Personalized Healthcare, Bariatric Care, Chronic Disease Management, Metabolic Health, Weight Loss Programs, Patient-Centered Care, Medication-Assisted Weight Loss, Health and Wellness, Lifestyle Medicine, Preventive Healthcare,  Clinical Weight Management",Towson,United States,Maryland,Towson,United States,Maryland
https://www.linkedin.com/in/stevidriver,Stevi,Driver,https://i.closelyhq.com/smngoz7chknosjnfo.06ad94f9.jpg,Director of Product,Form Health,United States,"On Prem, LLMs, Machine Learning, Research, Data Analysis, Public Health, Clinical Research, Public Speaking, Biostatistics, Health Education, Program Evaluation, Spanish, Healthcare, IRB, Leadership, Epic Systems, Product Management, Data Science, Clinical Analytics, Care Management","Director of Product at Form Health, Director of Product Management, AI and Data Science at ZoomInfo, Senior Manager - Product Management at Primer.ai, Product @ Kinsa Health at Kinsa, Director of Product, Revenue Optimization at Vacasa, Manager, Data Science & NLP Products at Cambia Health Solutions, Epidemiology Analyst at Centers for Disease Control and Prevention, IRB Technical Specialist at OHSU, Research Assistant at OHSU","Emory University, Portland State University",Director of Product at Form Health,Hospitals and Health Care,,,,https://www.linkedin.com/company/form-health,http://formhealth.co,"Form Health is the national leader in science-based obesity and cardiometabolic care. Our clinical care model consists of one-on-one, personalized care from a dedicated ABOM-certified physician and a CSOWM-certified Registered Dietitian, who develop individualized treatment plans that address behavioral health, nutrition, physical activity, and include a prescription for FDA-approved medication, if appropriate. Form Health keeps safety, efficacy, and outcomes at the forefront as we incorporate the latest research and science into our approach. This means we’re always innovating, constantly getting smarter about the science of obesity care, relentlessly focusing on exceptional results, and calling out harmful practices that hold back progress. The result is life-changing outcomes for our patients and meaningful ROI for our enterprise partners. Form Health is in-network with national health plans. Learn more at formhealth.co.",2019,268,,Boston,United States,Massachusetts,Boston,United States,Massachusetts
https://www.linkedin.com/in/jack-ward-iii,TJ,Ward,https://i.closelyhq.com/smngoz4bpuc9ts86i.c4f293f4.jpg,Senior Software Engineer,Olli Health,United States,"Engineering Management, Software Design, Software Development, Software Systems Engineering, Django, TypeScript, Software Architecture, Vue, Vuex, Docker, React, TDD, Docker Products, Agile Methodologies, Git, Object-Oriented Programming (OOP), SQL, Test-Driven Development, Technical Leadership, Ruby","Senior Software Engineer at Olli Health, Engineering Manager at Form Health, Lead Full Stack Engineer at Vida Health, Senior Full Stack Engineer at Sana, Senior Developer at University of North Carolina at Chapel Hill, Lead Developer at UNC Cecil G. Sheps Center for Health Services Research, Developer at Newfangled Web, Web Developer at University of North Carolina at Chapel Hill, User Experience Designer at Viget Labs, User Experience Designer at Lulu.com","The University of North Carolina at Chapel Hill, The University of North Carolina at Chapel Hill",Software Engineer | Full Stack Developer | Master of Information Science,Software Development,"As a Full Stack Software Engineer with 14 years of experience, I specialize in developing robust, scalable software solutions, adept in both front-end and back-end technologies. My role extends beyond coding, encompassing a comprehensive understanding of complex project requirements across diverse domains.

Leading technology teams, my focus is on mentoring and fostering growth, with a leadership style rooted in empathy and support. I've driven process improvements, notably implementing Agile methodologies and testing automation, enhancing operational efficiency. My experience in regulated industries like healthcare and academia has sharpened my skills in ensuring software compliance with stringent standards, reflecting my commitment to delivering reliable and secure solutions.",,,https://www.linkedin.com/company/olli-home-health,https://www.ollihomehealth.ai/,"Olli Health is the leading AI-powered home health coding and OASIS/Plan of Care quality review managed service with 98% accuracy and 4x faster turnaround times at half the cost of legacy vendors.

Olli Health’s OASIS and Plan of Care Quality Review Service is CHAP Verified, reflecting our commitment to industry-leading standards in clinical accuracy, compliance, and quality. (Learn more here: https://www.credly.com/users/olli-health)",2023,27,,MADISON,United States,WI,MADISON,United States,WI
https://www.linkedin.com/in/cedarmbolt,Cedar,"Bolt, MBA",,Senior Clinical Systems Specialist,knownwell,United States,"Problem Solving, Compliance Training, System Testing, Integrated Systems, Learning Management Systems, Training Systems, Learning Management, SharePoint, SharePoint Administration, Hospitals, Collaborative Problem Solving, Test Planning, Presentation Skills, Data Transfer, Communication, Client Issue Resolution, Client Onboarding, Program Implementation, Marketing Materials, Instructional Skills","Senior Clinical Systems Specialist at knownwell, Implementation Supervisor at Summit Medical Group, Learning Analyst at Marshfield Clinic Health System, Learning and Development Consultant at Gundersen Health System, Owner / Content Creator at Ciao, Cedar | ciaocedar.com, Food Service Leader at Kwik Trip, Inc., Marketing Coordinator / Intern at Friar Frolic 5K Run/Walk, Viterbo University, Sports Editor at Lumen, Off-Campus Marketing Committee Chair at Friar Frolic 5K Run/Walk, Viterbo University, Senior Shift Supervisor at Papa Murphy's","Viterbo University, Viterbo University, University of Cincinnati","Sr. Clinical Systems Specialist @ knownwell | EHR Rockstar | Clinical Informatics, Workflow Optimization, Training & Change Management",Hospitals and Health Care,"Healthcare technology professional with 10+ years of project management and leadership experience. My areas of expertise include software implementation, content and instructional design, organizational change management, and adult learning. I also make award-winning chili that would give Kevin Malone a run for his money.",,,https://www.linkedin.com/company/knownwellhealth,http://www.knownwell.co,"Have you ever dreaded going to the doctor, knowing you're in for a lecture? Us too. That’s why we created knownwell. 

At knownwell, we look past the scale to see our patients. We offer weight-inclusive healthcare for all and provide evidence-based medicine that supports your unique goals. 

Whether you need primary care or are focused on your metabolic health, we are here to serve you with warmth and expertise. We will treat you with empathy, patience, and respect, listen to you, and empower you to make informed decisions about your health journey with us. 

Let us take care of you and change the landscape of healthcare together. ",2022,126,,Boston,United States,MA,Boston,United States,MA
https://www.linkedin.com/in/ramibailony,Rami,Bailony,https://i.closelyhq.com/smngoz1tctaa4ri86g.20549652.jpg,Co-Founder and CEO,Enara Health,United States,"Internal Medicine, Epidemiology, Public Health, Clinical Research, Entrepreneurship, Design Thinking, Medical Research, Board Certified, Medicine, Health Services Research, Healthcare Consulting, Medical Education, Healthcare, Clinical Trials, Prevention, Informatics, Health Policy, Hospitals, Global Health, Quality Improvement","Co-Founder and CEO at Enara Health, Hospitalist at Kaiser Permanente, Senior Advisor, Telemedicine at Stanford Medicine X, Medical Entrepreneurship Fellow at Stanford University, Internal Medicine Resident at UCSF","Stanford University, UCSF, University of California, Berkeley, Joint Medical Program, UC San Diego",Co-Founder and CEO at Enara Health,Hospitals and Health Care,"Internal Medicine Physician; Obesity Specialist, Healthcare technologist and strategist; Entrepreneur.  

I apply user centric design to change healthcare interactions and workflows. A/B testing digital and service prototypes within the healthcare space to redefine the patient experience or to implement new practices to improve employee and physician workflow and satisfaction.

 I've used a varying combination of market/ academic research, evidence based medicine, user interviews, finance, and data to develop strategic plans for clinical transformation. 

My interests include using mobile as a platform for persuasion to make clinical practices or programs more effective, efficient, and scalable.",,,https://www.linkedin.com/company/enarahealth,https://www.enarahealth.com,Enara is building a platform and network to scale medical obesity treatment. Our platform allows medical groups and health partners to launch insurance-covered obesity programs with a multi-disciplinary network of caring medical providers and coaches. ,2020,80,"obesity, cardiometabolic medicine",San Mateo,United States,California,San Mateo,United States,California
https://www.linkedin.com/in/vickygulko,Vicky,"Gulko, MHI",https://i.closelyhq.com/smngoz6pc60algcj8.0c069ae5.jpg,Clinical Staff Services Manager,knownwell,United States,"Scalability, Systems Building, Salesforce.com, Vendor Management, SPSS Statistics, NVivo, Qualitative & Quantitative Research Methodologies, Service Design, Data-driven Decision Making, Agile Methodologies, Confluence, Data Analysis, Operational Excellence, Creative Problem Solving, Collaborative Problem Solving, Process improvement, Program Management, Project Planning, Analytics, Communication","Clinical Staff Services Manager at knownwell, Healthcare Operational Excellence Specialist at Interwell Health, Clinical Operations Specialist at Cricket Health, Research Consultant at UnitedHealth Group, Healthcare Research/Data Informatics Intern at UnitedHealth Group, Prevention Research Center Research Assistant at University of Michigan School of Public Health","University of Michigan, Western Michigan University",Clinical Staff Services Manager at knownwell | Healthcare Operations | Building Scalable Systems Across the Clinician Lifecycle,Hospitals and Health Care,"Healthcare operations professional with a master’s degree in Health Informatics and 7+ years of experience across healthcare operations, program management, and process improvement. I specialize in building structure around complex, evolving operational needs and developing scalable processes that support clinicians and growing healthcare organizations.Currently, I lead initiatives across clinician onboarding, multi-state licensing, collaboration agreements, compliance readiness, and clinician enablement, partnering cross-functionally across Clinical, Operations, Credentialing, People, and external vendors. I’m known for stepping into ambiguous operational challenges, connecting the right stakeholders, and turning fragmented workflows into clear, sustainable systems.",,,https://www.linkedin.com/company/knownwellhealth,http://www.knownwell.co,"Have you ever dreaded going to the doctor, knowing you're in for a lecture? Us too. That’s why we created knownwell. 

At knownwell, we look past the scale to see our patients. We offer weight-inclusive healthcare for all and provide evidence-based medicine that supports your unique goals. 

Whether you need primary care or are focused on your metabolic health, we are here to serve you with warmth and expertise. We will treat you with empathy, patience, and respect, listen to you, and empower you to make informed decisions about your health journey with us. 

Let us take care of you and change the landscape of healthcare together. ",2022,126,,Boston,United States,MA,Boston,United States,MA
https://www.linkedin.com/in/matthew-faiman-md-mba-facp-47b58919,Matthew,"Faiman, MD, MBA, FACP",https://i.closelyhq.com/smngoz7ebajrp2874.67290745.jpg,"Senior Medical Director, Care Management and Clinical Operations",FlyteHealth,United States,"Medicine, Healthcare Information Technology (HIT), Telehealth, Aesthetics, Internal Medicine, Board Certified, Healthcare Management, Clinical Research, Medical Education, Health Services Research, Healthcare, Healthcare Information Technology, Customer Service, Hospitals, Public Speaking, Strategic Planning, Public Health","Senior Medical Director, Care Management and Clinical Operations at FlyteHealth, Chief Clinical Officer at Ingenium Digital Health Advisors, Virtual Care Medical Director at NextCare Urgent Care, Clinical Assistant Professor of Medicine, Cleveland Clinic Lerner College of Medicine at Cleveland Clinic","University of Manitoba, University of Manitoba, University of Manitoba",Senior Medical Director at FlyteHealth,Hospitals and Health Care,"Dr. Faiman currently serves as the Senior Medical Director of Care Management and Clinical Operations at FlyteHealth, a virtual care company that offers personalized, technology-driven treatment for cardiometabolic conditions. From 2021 to 2025, he served as Virtual Care Medical Director at NextCare Urgent Care, a large multi-state urgent care organization based in Tempe, Arizona. Before that, until 2021, he worked as a Staff Physician in the Department of General Internal Medicine and the Cleveland Clinic Community Care in Cleveland, Ohio. He was also the Medical Director of Express Care Online at the Cleveland Clinic Foundation. Dr. Faiman earned his Bachelor of Science in Statistics in 1991, his Master of Business Administration in 1996, and his Medical Doctorate in 1999 from the University of Manitoba in Winnipeg, Manitoba, Canada. He completed his Internal Medicine residency at the Cleveland Clinic in 2002. In 2005, he began working in Telehealth, developing innovative Telemedicine applications in clinical programs at the Cleveland Clinic. Since 2015, he has served as the Medical Director of Express Care Online, a service that provides on-demand synchronous virtual visits to patients nationwide. An active lecturer on Telehealth, Dr. Faiman is a strong supporter and member of the American Telemedicine Association. He is passionate about finding innovative ways to deliver Telehealth services to patients and providers both nationally and internationally. In his spare time, Dr. Faiman enjoys exercising, playing guitar, and spending time with his family.",,,https://www.linkedin.com/company/flytehealth,http://www.flytehealth.com,"FlyteHealth is an integrated early cardio-kidney-metabolic (eCKM) care platform addressing obesity, prediabetes, type 2 diabetes, hypertension, and hyperlipidemia.

FlyteHealth is one of the few cardiometabolic programs backed by two separate actuarial analyses with independent data and methodology.

We deliver a single, risk-based clinical model that combines lifestyle intervention, multidisciplinary medical care, medication optimization, and long-term maintenance — replacing fragmented solutions and GLP-1-only approaches.

Designed for employers and health plans, FlyteHealth drives measurable outcomes, optimized Rx spend, and a clear path to ROI.",2018,113,"Telehealth, Obesity, Technology, Healthcare, MedTech, Cardiometabolic, CKM, eCKM, Digital Health, CKM, eCKM",New Canaan,United States,CT,New Canaan,United States,CT
https://www.linkedin.com/in/jeremybranstad,Jeremy,Branstad,https://i.closelyhq.com/smngoz7nn200gv4vp.3b37c804.jpg,Senior Technical Manager,Form Health,United States,"Software as a Service (SaaS), HTML5, Systems Engineering, Front-end Coding, Cloud Computing, Node.js, Technology Management, Software Development, Front-End Development, SQL, Python, React.js, Technical Leadership, Systems Design, Full-Stack Development, Amazon Web Services (AWS), Web Application Development, TypeScript, Quality Assurance, Ruby","Senior Technical Manager at Form Health, Founding Engineer at LoanLight, Inc, Director of Engineering at Catchlight - A Fidelity Labs Company, Senior Software Engineer at Fidelity Labs, Software Engineer at Yesware, Front End Engineer at Ovia Health, Software QA Engineer at Cazena","Massachusetts Institute of Technology, Boise State University, Chaminade University of Honolulu, The Startup Institute, North Shore Community College","Product-Focused Software Engineer | Applied AI, Distributed Systems, Cloud, Full Stack.",Hospitals and Health Care,,,,https://www.linkedin.com/company/form-health,http://formhealth.co,"Form Health is the national leader in science-based obesity and cardiometabolic care. Our clinical care model consists of one-on-one, personalized care from a dedicated ABOM-certified physician and a CSOWM-certified Registered Dietitian, who develop individualized treatment plans that address behavioral health, nutrition, physical activity, and include a prescription for FDA-approved medication, if appropriate. Form Health keeps safety, efficacy, and outcomes at the forefront as we incorporate the latest research and science into our approach. This means we’re always innovating, constantly getting smarter about the science of obesity care, relentlessly focusing on exceptional results, and calling out harmful practices that hold back progress. The result is life-changing outcomes for our patients and meaningful ROI for our enterprise partners. Form Health is in-network with national health plans. Learn more at formhealth.co.",2019,268,,Boston,United States,Massachusetts,Boston,United States,Massachusetts
https://www.linkedin.com/in/kwamethomison,Kwame,Thomison,,Chief Technology Officer,knownwell,United States,,"Chief Technology Officer at knownwell, Fractional CTO and M&A/Investment Due Diligence Advisor at Magnetic, Chief Technology Officer at Evvy, VP of Engineering at Alma, VP of Engineering at Teachers Pay Teachers (acquired by IXL Learning), Advisor at Teachers Pay Teachers, Founder at Something new…, Site Lead; Head of NY Engineering at Asana, Engineering Manager; Software Engineer at Facebook, Engineering Manager; Software Engineer at Meebo, Inc (acquired by Google)",Cornell University,Chief Technology Officer at knownwell,Hospitals and Health Care,,,,https://www.linkedin.com/company/knownwellhealth,http://www.knownwell.co,"Have you ever dreaded going to the doctor, knowing you're in for a lecture? Us too. That’s why we created knownwell. 

At knownwell, we look past the scale to see our patients. We offer weight-inclusive healthcare for all and provide evidence-based medicine that supports your unique goals. 

Whether you need primary care or are focused on your metabolic health, we are here to serve you with warmth and expertise. We will treat you with empathy, patience, and respect, listen to you, and empower you to make informed decisions about your health journey with us. 

Let us take care of you and change the landscape of healthcare together. ",2022,126,,Boston,United States,MA,Boston,United States,MA
https://www.linkedin.com/in/sean-grainger-61152620,Sean,Grainger,https://i.closelyhq.com/smngoz187ap3rme748.a8be0d19.jpg,Head of Revenue Cycle Managment,knownwell,United States,"Microsoft Office, Microsoft Excel, PowerPoint, Healthcare, Customer Service, Microsoft Word, Public Speaking, Leadership, Event Planning, Social Media, Teamwork, Hospitals, Access, Outlook, Nonprofits, Research, Community Outreach, Social Networking","Head of Revenue Cycle Managment at knownwell, Head of Revenue Cycle Operations at Stork Club, Revenue Cycle Manager at Foresight Mental Health, Patient A/R Manager  at One Medical, Medical Records Analyst  at Adventist Health, Concierges Services Coordinator at Saint Helena Hospital, Publicity Intern at NBCUniversal, Inc.","Pacific Union College, University of California, San Francisco",Head of Revenue Cycle Management at Knownwell,Hospitals and Health Care,,,,https://www.linkedin.com/company/knownwellhealth,http://www.knownwell.co,"Have you ever dreaded going to the doctor, knowing you're in for a lecture? Us too. That’s why we created knownwell. 

At knownwell, we look past the scale to see our patients. We offer weight-inclusive healthcare for all and provide evidence-based medicine that supports your unique goals. 

Whether you need primary care or are focused on your metabolic health, we are here to serve you with warmth and expertise. We will treat you with empathy, patience, and respect, listen to you, and empower you to make informed decisions about your health journey with us. 

Let us take care of you and change the landscape of healthcare together. ",2022,126,,Boston,United States,MA,Boston,United States,MA
https://www.linkedin.com/in/kylewbarron,Kyle,Barron,https://i.closelyhq.com/smngoz1df3g7ct79r8.69961a26.jpg,"Senior Product Manager | Data, Reporting, & Analytics",Form Health,United States,"Machine Learning, Business Intelligence Tools, Data Analytics, Extract, Transform, Load (ETL), E-Commerce, Microsoft SQL Server, Real-Time Bidding (RTB), A/B Testing, Software Implementation, Digital Marketing, Remarketing, People Management, KPI Reporting, Objectives and Key Results (OKRs), Customer Onboarding, Data Management, Sales Engineering, Business Intelligence (BI), Business Analytics, Client Services","Senior Product Manager | Data, Reporting, & Analytics at Form Health, Senior Manager, Business Intelligence & Analytics at Teikametrics, Senior Implementation Consultant at Salsify, Team Lead, Technical Solutions at Criteo, Software Associate at Wayfair, PC Team Supervisor at Cornell Information Technologies, AppTank Intern at Antenna Software, Foundation Intern at Princeton Healthcare System",Cornell University,"Senior Product Manager, Data @ Form Health",Hospitals and Health Care,,,,https://www.linkedin.com/company/form-health,http://formhealth.co,"Form Health is the national leader in science-based obesity and cardiometabolic care. Our clinical care model consists of one-on-one, personalized care from a dedicated ABOM-certified physician and a CSOWM-certified Registered Dietitian, who develop individualized treatment plans that address behavioral health, nutrition, physical activity, and include a prescription for FDA-approved medication, if appropriate. Form Health keeps safety, efficacy, and outcomes at the forefront as we incorporate the latest research and science into our approach. This means we’re always innovating, constantly getting smarter about the science of obesity care, relentlessly focusing on exceptional results, and calling out harmful practices that hold back progress. The result is life-changing outcomes for our patients and meaningful ROI for our enterprise partners. Form Health is in-network with national health plans. Learn more at formhealth.co.",2019,268,,Boston,United States,Massachusetts,Boston,United States,Massachusetts
https://www.linkedin.com/in/marvinldaley01,Marvin,Daley,https://i.closelyhq.com/smngoz2so3otk1t3l.88a99c4c.jpg,Director of IT & Security | Security Officer,FlyteHealth,United States,"Budget Forecasting, Technology Management, Microsoft Entra ID, Microsoft Intune, Compliance Management, SOC 2, HITRUST, Cybersecurity, Azure Infrastructure as a Service (IaaS), Identity and Access Management (IAM), Communication, Microsoft 365, Google Workspace, Change Management, Problem Solving, Service-Level Agreements (SLA), Apple Hardware, Remote User Support, Microsoft Products, OS X","Director of IT & Security | Security Officer at FlyteHealth, Information Technology Consultant at Independent Consultant, Enterprise Support Manager  at Parsley Health, Senior Support Engineer - IT Manager for North & South America at DAZN, Technical Services at Foot Locker, Senior Information Systems Specialist at Kohl's Department Stores, IT Support Team Lead at StayinFront, IT Administrator at Waldwick School District","Chubb Institute, Passaic County Community College","ITIL v4 - Director of IT & Security | IT Manager | Systems Engineer | Scaling IT operations, support, budgets, security & compliance, driving continuous process improvement",Hospitals and Health Care,"15+ years of experience as an IT professional with a solid management, support, security, and cloud computing background.

Due to my passion for technology and my commitment to making life easier for everyone through automation, I consistently stay up-to-date with security best practices, market trends, and the design and deployment of cloud-based solutions, as well as project management. 

Also, my little brother is entering my field - how exciting! I figure if I'm going to inspire him, I better teach him too. Technology is not waiting for anyone, so I'm keeping up while I can and paying forward as long as possible!

Expertise: Jamf, Intune, MECM-SCCM, Azure, Active Directory, Group Policy, Google Workspace, Okta, Entra, Microsoft 365, Slack, Budget Forecasting, Vendor Management, Project Management, Networking, Mentoring, and Hiring.

Say hi if you want to know more about my background; I love new connections!",,,https://www.linkedin.com/company/flytehealth,http://www.flytehealth.com,"FlyteHealth is an integrated early cardio-kidney-metabolic (eCKM) care platform addressing obesity, prediabetes, type 2 diabetes, hypertension, and hyperlipidemia.

FlyteHealth is one of the few cardiometabolic programs backed by two separate actuarial analyses with independent data and methodology.

We deliver a single, risk-based clinical model that combines lifestyle intervention, multidisciplinary medical care, medication optimization, and long-term maintenance — replacing fragmented solutions and GLP-1-only approaches.

Designed for employers and health plans, FlyteHealth drives measurable outcomes, optimized Rx spend, and a clear path to ROI.",2018,113,"Telehealth, Obesity, Technology, Healthcare, MedTech, Cardiometabolic, CKM, eCKM, Digital Health, CKM, eCKM",New Canaan,United States,CT,New Canaan,United States,CT
https://www.linkedin.com/in/adrian-krutz-fnp-c-a0779554,Adrian,"Krutz, FNP-C",https://i.closelyhq.com/smngoz13mi64l602c.a6efab0c.jpg,Director of Clinical Operations,JumpstartMD,United States,"Clinical Research, Patient Education, BLS, HIPAA, Nursing, Healthcare, Diabetes, ACLS, Health Promotion, EMR, Patient Safety, Public Health","Director of Clinical Operations at JumpstartMD, Nurse Practitioner at PeaceHealth, Regional Director Operations at JumpstartMD, Family Nurse Practitioner at Nova Medical & Urgent Care Center, Inc., Clinical Research Coordinator at Beth Israel Deaconess Medical Center","Georgetown University, Georgetown University, Marquette University","Director of Clinical Operations | Board-Certified Nurse Practitioner | Scaling Clinical Care, Operations & Teams in Healthcare & Wellness",Wellness and Fitness Services,"Board-certified Nurse Practitioner and healthcare operations leader with extensive experience building, scaling, and leading high-performing clinical organizations.Experience spans the intersection of clinical excellence, operational discipline, and sustainable growth. Clinical expertise includes obesity medicine, weight management, cardiometabolic risk reduction, management of obesity-related comorbidities, and hormone &amp; wellness optimization: prevention focused, evidence-based, and rooted in patient education.Leadership focuses on guiding complex clinical operations and multidisciplinary teams with an emphasis on execution, accountability, and measurable outcomes. A practical, solution-oriented approach drives clear expectations, strong systems, and continuous improvement in care delivery at scale.Key areas of focus include:- Elevating standards of care- Developing strong, accountable clinical leaders- Translating strategy into operational reality- Building systems that support both patient outcomes and team performanceOpen to connection and collaboration with others shaping the future of healthcare, wellness, and clinical operations through innovation, integrity, and disciplined execution.",,,https://www.linkedin.com/company/jumpstartmd,http://www.jumpstartmd.com,"JumpstartMD is helping thousands of people lose weight and live healthier and happier lives through personalized, medically supervised treatment programs. Based on extensive clinical research, JumpstartMD offers nutritional science and 1-on-1 support that's shown to reverse diabetes and cardio-metabolic risk.

As the largest medical weight loss practice in Northern California, JumpstartMD is the leading personalized science-based program driven by Stanford-trained physicians and Diplomates of the American Board of Obesity.

JumpstartMD is the most referred, medically supervised weight loss program by Bay Area physicians.",2007,98,"Weight Loss, Wellness, Nutrition, Bioidentical Hormone Replacement Therapy, healthcare, Physicians, Nurse Practitioners, Physician Assistants, Health Coach, Diabetes Prevention, Cardiometabolic risk, Men's Health, Women's Health, Endocrinology",Burlingame,United States,CA,Burlingame,United States,CA
https://www.linkedin.com/in/drgoodpaster,Kasey,"Goodpaster, Ph.D., FASMBS-IH",https://i.closelyhq.com/smngoz5hsv0745cou.f415f41b.jpg,Director of Behavioral Health,Ilant Health,United States,"Health Psychology, Cognitive Behavioral Therapy (CBT), Psychological Assessment, Career Counseling, Psychology, Psychotherapy, Data Analysis, Survey Research, Counseling Psychology, SPSS, Qualitative Research, Treatment, Survey Design, Quantitative Research, Statistics, Literature Reviews, Data Collection, Research, Science, Research Design","Director of Behavioral Health at Ilant Health, Director of Behavioral Services at Cleveland Clinic, Licensed Clinical Psychologist at Legacy Good Samaritan Hospital, Bariatric Psychology Postdoctoral Fellow at Cleveland Clinic, Psychology Intern at St. Vincent Indianapolis Hospital, Research Assistant at Purdue University, Psychologist-in-Training at IU Health Bariatric & Medical Weight Loss, Psychologist-in-Training at Four County Counseling Center, Family Case Manager at Indiana Dept. of Child Services","Purdue University, Canisius University",Director of Behavioral Health at Ilant Health,Hospitals and Health Care,"I'm a clinical health psychologist and the Director of Behavioral Health at Ilant Health, where I oversee a rapidly growing team of behavioral health clinicians in a fully integrated multidisciplinary team supporting weight loss and metabolic health.  I help build personalized care pathways; create evidence-based, scalable behavioral treatment protocols; recruit and train the behavioral health team; and incorporate behavioral health into digital care tools and content. Prior to joining Ilant Health, I served as the Director of Behavioral Services at the Cleveland Clinic Bariatric and Metabolic Interdisciplinary Program, where I led innovative behavioral health programs to support patients through surgical and medical obesity treatment. My clinical interests include overeating disorders, body image, weight stigma, and the emotional and behavioral aspects of long-term weight management. I am passionate about enhancing patient experience and improving weight sensitivity across providers and practice settings, and have contributed to the field of obesity care through direct patient care, multidisciplinary program development, medical school teaching, clinical supervision, research, and service in professional societies.",,,https://www.linkedin.com/company/ilant-health,https://www.ilanthealth.com/,"Ilant Health is an obesity treatment company, focused on increasing access to obesity treatment while reducing total cost of care for employers and payers through value-based care. 

We provide the single front door for individuals with obesity, delivering end-to-end evidence-based solutions (bariatric surgery, medication, intense behavioral therapy) through a technology-enabled and analytics-driven obesity medicine practice. ",2022,41,,,,,,,
https://www.linkedin.com/in/brittney-cini-mba-cpc-b9465325,Brittney,"Cini, MBA, CPC",,Vice President of Patient Operations,FlyteHealth,United States,"Startups, Cash Management, Insurance Denials, Fundraising, Forecasting, Program Development, Strategic Roadmaps, Project Management, Data Analysis, Planning Budgeting & Forecasting, P&L Management, Profit & Loss Management, Multi-State Experience, Program Implementation, Clinical Operations, Operational Excellence, Strategic Partnerships, Communication, Change Management, Business Process Improvement","Vice President of Patient Operations at FlyteHealth, Owner at Cini Solutions Consulting, Chief Revenue Officer  at PsychPlus, US Vice President of Practice Operations at Babylon, Chief Executive Officer/Executive Advisor at Confirmed Consent, Market Manager at HCA Physician Services Group, Practice Manager at HCA Healthcare Physician Services Group, Medical Staff Coordinator at HCA Healthcare","Southern New Hampshire University, Our Lady of the Lake College",Healthcare Operations Executive | Patient Access · Revenue Cycle · Value-Based Care · Multi-State Scale | 15+ Years Transforming Complex Healthcare Systems,Hospitals and Health Care,"I build and scale the operational backbone of healthcare — the systems, teams, and infrastructure that move patients from first contact to care, and care to payment, without friction.With 15+ years of enterprise healthcare leadership, I've led end-to-end operations across some of the most complex environments in the industry — telehealth, payer, provider, population health, and value-based care — with direct accountability for P&amp;L, workforce strategy, and service delivery performance supporting millions of patient interactions and 8.5M+ covered lives.My work sits at the intersection of operational rigor and strategic execution. I've taken national call center organizations from reactive to best-in-class (patient satisfaction from 63% → 92%, wait times under 30 seconds), grown provider utilization from 23% to 90%, built multi-state credentialing and licensing infrastructure from the ground up, and led 15 simultaneous state market launches — all while maintaining financial discipline and performance accountability.What I care most about is building organizations that actually work — ones where the right patient gets to the right provider, the team knows exactly what success looks like, and the business can grow without breaking.Areas of Expertise:Enterprise patient operations &amp; care navigationRevenue cycle management &amp; payer strategy (Medicare, Medicaid, commercial)National call center operations &amp; workforce designMulti-state credentialing, licensing &amp; regulatory complianceKPI governance, executive reporting &amp; performance managementOrganizational transformation &amp; operational scalingValue-based care program operations",,,https://www.linkedin.com/company/flytehealth,http://www.flytehealth.com,"FlyteHealth is an integrated early cardio-kidney-metabolic (eCKM) care platform addressing obesity, prediabetes, type 2 diabetes, hypertension, and hyperlipidemia.

FlyteHealth is one of the few cardiometabolic programs backed by two separate actuarial analyses with independent data and methodology.

We deliver a single, risk-based clinical model that combines lifestyle intervention, multidisciplinary medical care, medication optimization, and long-term maintenance — replacing fragmented solutions and GLP-1-only approaches.

Designed for employers and health plans, FlyteHealth drives measurable outcomes, optimized Rx spend, and a clear path to ROI.",2018,113,"Telehealth, Obesity, Technology, Healthcare, MedTech, Cardiometabolic, CKM, eCKM, Digital Health, CKM, eCKM",New Canaan,United States,CT,New Canaan,United States,CT
https://www.linkedin.com/in/ben-wells-a1473a26,Ben,Wells,https://i.closelyhq.com/smngoz75u8enjse0l.1d8d30d3.jpg,Senior Vice President Finance,knownwell,United States,"Mergers & Acquisitions, Legal Writing, Corporate Finance, Legal Research, Commercial Litigation, Litigation, Corporate Law, Private Equity, Finance, Courts, Mergers , Microsoft Office, Creditors' Rights","Senior Vice President Finance at knownwell, Vice President Finance at Ascend Medical, Vice President Corporate Development and Finance at Carbon Health, Vice President at Truist Securities, Investment Banking Associate - Healthcare at SunTrust Robinson Humphrey, Student at Goizueta Business School, Associate at Stevens & Brand, LLP","Emory University - Goizueta Business School, Emory School of Law",SVP Finance at knownwell,Hospitals and Health Care,,,,https://www.linkedin.com/company/knownwellhealth,http://www.knownwell.co,"Have you ever dreaded going to the doctor, knowing you're in for a lecture? Us too. That’s why we created knownwell. 

At knownwell, we look past the scale to see our patients. We offer weight-inclusive healthcare for all and provide evidence-based medicine that supports your unique goals. 

Whether you need primary care or are focused on your metabolic health, we are here to serve you with warmth and expertise. We will treat you with empathy, patience, and respect, listen to you, and empower you to make informed decisions about your health journey with us. 

Let us take care of you and change the landscape of healthcare together. ",2022,126,,Boston,United States,MA,Boston,United States,MA
https://www.linkedin.com/in/rxfitnesscoachingllc,Alicia,Rawlings,,Business Owner,RX Fitness Coaching LLC,United States,"Orthopedic Massage Certified, Sports Massage Certified, NCBTMB Certified Massage Therapist, Colorado Registered Massage Therapist, NSCA Certified Personal Trainer, Therapeutic Massage, Personal Training, Back Pain, Fitness, Strength Training, Bodywork, Wellness, Muscle Release TechniqueSM, Weight Training, Pain Management, Nutritional Counseling, Yoga, Sports, Nutrition, Cardio","Business Owner at RX Fitness Coaching LLC, Business Owner at Healthy Me Coach, Massage Therapist for the Colorado Sky Sox/Rockies at Athletic Bodywork, Personal Trainer at Morph PT, Owner/Manager at Peak Nutrition","Red Rocks Community College, Institue For Integrative Healthcare Studies, Institute For Integrative Healthcare Studies, Everest College Colorado Springs",Online Wellness and Fitness Coach,,"Fitness Coach | 17+ Years Helping People Improve Their Health | Passionate About Strength, Personalized Wellness, Genetics, Peptides &amp; Hormone Optimization | Built by Science. Driven by Purpose.",,,,,,,,,,,,,,
https://www.linkedin.com/in/alex-harper-msn-apn-acns-bc-cdces-9aa4b059,Alex Harper,"MSN, APN, ACNS-BC, CDCES",https://i.closelyhq.com/smngoz34iic96n82.66d04d7e.jpg,Endocrinology/Obesity APN,Form Health,United States,"Inpatient and Outpatient Care, Wellness Exams, Specialty Care, Endocrine and Diabetes, Endocrine Nursing, Diabetes Management, Certified Diabetes Educator, Healthcare, Obesity Treatment, Leadership","Endocrinology/Obesity APN at Form Health, Endocrinology Advanced Practice Nurse at Franciscan Health, Advanced Practice Nurse at Presence Health, Advanced Practice Nurse Clinician at Advocate Medical Group","Governors State University, University of Washington",Board-Certified APN | Endocrine and Obesity Management | CDCES | Licensed in IL and MI,Hospitals and Health Care,,,,https://www.linkedin.com/company/form-health,http://formhealth.co,"Form Health is the national leader in science-based obesity and cardiometabolic care. Our clinical care model consists of one-on-one, personalized care from a dedicated ABOM-certified physician and a CSOWM-certified Registered Dietitian, who develop individualized treatment plans that address behavioral health, nutrition, physical activity, and include a prescription for FDA-approved medication, if appropriate. Form Health keeps safety, efficacy, and outcomes at the forefront as we incorporate the latest research and science into our approach. This means we’re always innovating, constantly getting smarter about the science of obesity care, relentlessly focusing on exceptional results, and calling out harmful practices that hold back progress. The result is life-changing outcomes for our patients and meaningful ROI for our enterprise partners. Form Health is in-network with national health plans. Learn more at formhealth.co.",2019,268,,Boston,United States,Massachusetts,Boston,United States,Massachusetts
https://www.linkedin.com/in/conradlai,Conrad,Lai,https://i.closelyhq.com/smngoz2uruugmh0ov.e26555e1.jpg,Founder,HeyNearby,United States,"Nutrition, Fitness, Lifestyle, Medicine, Weight Management, Healthcare, Psychology, Start-ups, Wellness, Strategy, Hospitals, Public Speaking, Venture Capital, Health Education, Clinical Research, Entrepreneurship, Research, Team Building","Founder at HeyNearby, Co-Founder at JumpstartMD, Emergency Medicine Physician at CEP America, Emergency Medicine Physician at Stanford University Medical Center","Stanford University, University of California, San Francisco, University of California, Berkeley",Physician/Founder at HeyNearby & JumpstartMD,Computer Software,,,,https://www.linkedin.com/company/heynearby,http://www.heynearby.com,,,1,,,,,,,
https://www.linkedin.com/in/stephanie-r-therrien,Stephanie,Therrien,https://i.closelyhq.com/smngozn4id89gnmqs.5165d6b1.jpg,Head of Research Operations,knownwell,United States,"Research, Laboratory Techniques, Teaching, Time Management, Public Speaking, Communication, Training, Customer Service, Outdoor Education, Hospitality","Head of Research Operations at knownwell, Sr. Administrative and Operations Manager at Massachusetts General Hospital, Research Operations Manager at Brigham and Women's Hospital, Emergency Medical Services Instructor at Boston University, Practice Manager, Division of Minimally Invasive and Bariatric Surgery at Beth Israel Deaconess Medical Center, Program Manager- Bariatric Medicine at Harvard Vanguard Medical Associates, Emergency Medical Technician- EMT-B at Fallon Ambulance Service, Chemistry Teacher at Drury High School, Rainforest Conservation Expedition Volunteer at Global Vision International","Massachusetts College of Liberal Arts, Harvard Extension School, Boston University, Harvard Extension School, Harvard Business School Online",Bringing weight-inclusive healthcare to all,Hospitals and Health Care,,,,https://www.linkedin.com/company/knownwellhealth,http://www.knownwell.co,"Have you ever dreaded going to the doctor, knowing you're in for a lecture? Us too. That’s why we created knownwell. 

At knownwell, we look past the scale to see our patients. We offer weight-inclusive healthcare for all and provide evidence-based medicine that supports your unique goals. 

Whether you need primary care or are focused on your metabolic health, we are here to serve you with warmth and expertise. We will treat you with empathy, patience, and respect, listen to you, and empower you to make informed decisions about your health journey with us. 

Let us take care of you and change the landscape of healthcare together. ",2022,126,,Boston,United States,MA,Boston,United States,MA
https://www.linkedin.com/in/krista-sullivan-13b9702b,Krista,Sullivan,https://i.closelyhq.com/smngoz3lpjkca3v0u.ef306d5c.jpg,"Vice President, Practice Operations",Form Health,United States,"Immunology, Healthcare Management, Quality Improvement, Ambulatory, Process Improvement, Management, Epic Systems, Clinical Practice Management, Healthcare Information Technology, Nonprofits","Vice President, Practice Operations at Form Health, Senior Director Clinical Operations at Teladoc Health, Director, Physician Relations at Best Doctors, Practice Manager- Surgical Specialties at Brigham and Women's Hospital, Program Coordinator at Boston Children's Hospital",University of New Hampshire,"Clinical Operations Leader | 15+ Years Driving Results in Virtual Care, Process Optimization & Cross-Functional Team Leadership",Hospitals and Health Care,,,,https://www.linkedin.com/company/form-health,http://formhealth.co,"Form Health is the national leader in science-based obesity and cardiometabolic care. Our clinical care model consists of one-on-one, personalized care from a dedicated ABOM-certified physician and a CSOWM-certified Registered Dietitian, who develop individualized treatment plans that address behavioral health, nutrition, physical activity, and include a prescription for FDA-approved medication, if appropriate. Form Health keeps safety, efficacy, and outcomes at the forefront as we incorporate the latest research and science into our approach. This means we’re always innovating, constantly getting smarter about the science of obesity care, relentlessly focusing on exceptional results, and calling out harmful practices that hold back progress. The result is life-changing outcomes for our patients and meaningful ROI for our enterprise partners. Form Health is in-network with national health plans. Learn more at formhealth.co.",2019,268,,Boston,United States,Massachusetts,Boston,United States,Massachusetts
https://www.linkedin.com/in/shannon-thomas-a27173129,Shannon,Thomas ,https://i.closelyhq.com/smngoz1a6ht13lu908.d57c57c0.jpg,EHR Administrator,FlyteHealth,United States,"Tableau, SQL, Communication Training, Customer Satisfaction, Revenue Cycle Management, Data Analysis, Presentation Skills, Healthcare, U.S. Health Insurance Portability and Accountability Act (HIPAA), Healthcare Management, Healthcare Information Technology (HIT), EMR Training, Customer Service, Athena, Allscripts, Healthcare Analytics, Epic Systems","EHR Administrator at FlyteHealth, Clinic Account Manager at Plethy, Outpatient Practice Manager at Inova Health System, Patient Access Supervisor at Vienna Family Medicine","George Mason University – Costello College of Business, Northern Virginia Community College",Digital Health | Dedicated to Enhancing Patient Outcomes and Operational Efficiency ,Hospitals and Health Care,"Healthcare systems and operations professional with 15+ years of experience supporting clinical workflows, digital health programs, and technology-enabled care delivery. Known for bridging frontline healthcare operations with modern platforms to improve efficiency, scalability, and patient outcomes.Currently focused on clinical systems optimization within a virtual-first care model, managing Athenahealth configuration and translating operational needs into scalable workflows that support care teams and organizational performance. Comfortable collaborating across clinical, technical, and operational stakeholders to ensure systems effectively enable care delivery.Previously supported access and operational improvement initiatives at Inova Health System, strengthening referral and cross-specialty scheduling processes while contributing to team expansion. Earlier digital health experience includes leading EHR integrations and supporting RPM and RTM program implementation within orthopedic, spine and physical therapy practices.Experienced across Epic and Athenahealth, with growing involvement in Snowflake, SQL, and Python to support reporting, data validation, and operational insight.",,,https://www.linkedin.com/company/flytehealth,http://www.flytehealth.com,"FlyteHealth is an integrated early cardio-kidney-metabolic (eCKM) care platform addressing obesity, prediabetes, type 2 diabetes, hypertension, and hyperlipidemia.

FlyteHealth is one of the few cardiometabolic programs backed by two separate actuarial analyses with independent data and methodology.

We deliver a single, risk-based clinical model that combines lifestyle intervention, multidisciplinary medical care, medication optimization, and long-term maintenance — replacing fragmented solutions and GLP-1-only approaches.

Designed for employers and health plans, FlyteHealth drives measurable outcomes, optimized Rx spend, and a clear path to ROI.",2018,113,"Telehealth, Obesity, Technology, Healthcare, MedTech, Cardiometabolic, CKM, eCKM, Digital Health, CKM, eCKM",New Canaan,United States,CT,New Canaan,United States,CT
https://www.linkedin.com/in/alexandra-argiroff-00411012a,Alexandra,Argiroff ,https://i.closelyhq.com/smngoz3u2h66j3ve4.a65d8cc6.jpg,Clinical Consultant,Ilant Health,United States,"Bariatric Surgery, Robotic Surgery, Laparoscopic Surgery, General Surgery, Healthcare, Medical Education, Hospitals, Medicine, Public Speaking, Surgery","Clinical Consultant at Ilant Health, MIS & Bariatric Surgeon at NYU Langone Hospital—Brooklyn, House Staff at Mount Sinai Health System, Bariatric and General Surgeon at Summit Medical Group of New Jersey, MIS and Bariatric Surgery Fellow at Montefiore Medical Center","Chicago Medical School at Rosalind Franklin U-Med & Science, Rosalind Franklin University of Medicine and Science, The University of North Carolina at Chapel Hill","Assistant Professor of Surgery at NYU, Bariatric and Minimally Invasive Surgeon at NYU Brooklyn, Clinical Advisor at Ilant Health",Hospitals and Health Care,,,,https://www.linkedin.com/company/ilant-health,https://www.ilanthealth.com/,"Ilant Health is an obesity treatment company, focused on increasing access to obesity treatment while reducing total cost of care for employers and payers through value-based care. 

We provide the single front door for individuals with obesity, delivering end-to-end evidence-based solutions (bariatric surgery, medication, intense behavioral therapy) through a technology-enabled and analytics-driven obesity medicine practice. ",2022,41,,,,,,,
https://www.linkedin.com/in/jessicaunderwood1,Jessica,Underwood,https://i.closelyhq.com/smngoz17jd2k5bckqg.62af8184.jpg,Health and Wellness Program Specialist,JumpstartMD,United States,"Multi-Store Operations, Store Management, Storefront, EBITDA Growth, EBITDA, Revenue Analysis, Talent Management, Recruiting, Training and Development (HR), HR Policies, Wellness Education, Employee Wellness Programs, Employee Wellness, Internal and External Communications, Program Development, Data Analysis, Reporting & Analysis, Wellness Programs, Marketing, Customer Retention","Health and Wellness Program Specialist at JumpstartMD, Wellness Coordinator at Salinas Valley Memorial Healthcare System, Store Manager at Cole Haan, Assistant Store Manager at White House Black Market","California State University, Monterey Bay, El Dorado High School","Medical Sales Professional | Strategic Sales & Client Relationships | 10+ Years in Healthcare & Retail | Leadership, Customer Experience & Growth",Wellness and Fitness Services,"As the orchestrator of new member experiences at JumpstartMD, my role is pivotal in fostering sustainable health transformations. With an educational foundation in Kinesiology and Health and Wellness from California State University, Monterey Bay, I apply a deep understanding of wellness to each interaction, ensuring members' goals are met with the utmost support.

My approach is data-informed and relationship-driven, committed to enhancing patient journeys through effective communication and strategic program design. Our team’s efforts in health promotion are anchored by strong interpersonal skills and a commitment to positive outcomes, reflecting my dedication to both individual well-being and organizational excellence.",,,https://www.linkedin.com/company/jumpstartmd,http://www.jumpstartmd.com,"JumpstartMD is helping thousands of people lose weight and live healthier and happier lives through personalized, medically supervised treatment programs. Based on extensive clinical research, JumpstartMD offers nutritional science and 1-on-1 support that's shown to reverse diabetes and cardio-metabolic risk.

As the largest medical weight loss practice in Northern California, JumpstartMD is the leading personalized science-based program driven by Stanford-trained physicians and Diplomates of the American Board of Obesity.

JumpstartMD is the most referred, medically supervised weight loss program by Bay Area physicians.",2007,98,"Weight Loss, Wellness, Nutrition, Bioidentical Hormone Replacement Therapy, healthcare, Physicians, Nurse Practitioners, Physician Assistants, Health Coach, Diabetes Prevention, Cardiometabolic risk, Men's Health, Women's Health, Endocrinology",Burlingame,United States,CA,Burlingame,United States,CA
https://www.linkedin.com/in/matthamil,Matt,Hamil,https://i.closelyhq.com/smngoz7ihmknbq0j1.35199b91.jpg,Senior Software Engineer,Form Health,United States,"Public Speaking, comedic relief during zoom calls, React Native, JavaScript, React.js, Android Development, iOS Development, User Experience, End-to-end Testing, Parallel Parking, Web Development, Entrepreneurship, Agile Methodologies, Scrum, Software Development, .NET Framework, Consulting, Software Development Life Cycle (SDLC), C#, CSS","Senior Software Engineer at Form Health, React Native Consultant at Self-Employed, React Native Engineer at HiHello, Inc., Developer Experience Engineer at Cypress.io, Mobile Engineer at XOi Technologies, Front End Engineer at 20|20 Research, Junior Software Development Engineer at Spera Health",The University of Southern Mississippi,Senior Software Engineer,Hospitals and Health Care,"I'm a firm believer of ""to teach is to learn twice."" That's why I love talking about JavaScript, React, and interesting solutions to programming problems. All of the talks I've given are available at https://github.com/matthamil/talks. I love opportunities to mentor and help teams grow and learn together.

React Native is in my wheelhouse. I have shipped production-ready iOS and Android mobile applications using React Native with TypeScript, JavaScript (ES2015+), React, Redux, MobX, Kotlin, Java, Objective-C, and Swift—there are too many buzzwords to list :).

If you are looking for React Native expertise, send me a message. Let's talk.

If you're a recruiter lurking through my profile, send me some music recommendations in your message! I love finding new music to listen to. I'll forgive you if you don't include any though!",,,https://www.linkedin.com/company/form-health,http://formhealth.co,"Form Health is the national leader in science-based obesity and cardiometabolic care. Our clinical care model consists of one-on-one, personalized care from a dedicated ABOM-certified physician and a CSOWM-certified Registered Dietitian, who develop individualized treatment plans that address behavioral health, nutrition, physical activity, and include a prescription for FDA-approved medication, if appropriate. Form Health keeps safety, efficacy, and outcomes at the forefront as we incorporate the latest research and science into our approach. This means we’re always innovating, constantly getting smarter about the science of obesity care, relentlessly focusing on exceptional results, and calling out harmful practices that hold back progress. The result is life-changing outcomes for our patients and meaningful ROI for our enterprise partners. Form Health is in-network with national health plans. Learn more at formhealth.co.",2019,268,,Boston,United States,Massachusetts,Boston,United States,Massachusetts
https://www.linkedin.com/in/maxmturner,Maxwell,Turner,https://i.closelyhq.com/smngoz4npojk17tkf.d9061ded.jpg,Senior Software Engineer,Ilant Health,United States,"Front-End Development, Node.js, Debugging, Android, Full-Stack Development, Cascading Style Sheets (CSS), Git, Python (Programming Language), HTML, Software Development, iOS, React.js, Xcode, Mobile Applications, React Native, Microsoft Excel, Microsoft Office, Microsoft Word, iOS Development, Strategic Planning","Senior Software Engineer at Ilant Health, Software Engineer at Secure Passage, Lead Software Engineer at Eastech Corporation, Software Engineer at Sequoyah Technologies, Software Engineer at Advantage Controls","Northeastern State University, Beggs High School",Senior Software Engineer at Ilant Health,Hospitals and Health Care,"Experienced Software Engineer with a demonstrated history of architecting solutions for complex problems. Passionate about crafting captivating and user-friendly UI experiences and continuously learning. Strong ability to translate business requirements into technical solutions and deliver results. 

Skilled in JavaScript, React, React Native, AWS, database management, web development, mobile app development, Python, and strategic planning.
Bachelor of Science in Computer Science from Northeastern State University.",,,https://www.linkedin.com/company/ilant-health,https://www.ilanthealth.com/,"Ilant Health is an obesity treatment company, focused on increasing access to obesity treatment while reducing total cost of care for employers and payers through value-based care. 

We provide the single front door for individuals with obesity, delivering end-to-end evidence-based solutions (bariatric surgery, medication, intense behavioral therapy) through a technology-enabled and analytics-driven obesity medicine practice. ",2022,41,,,,,,,
https://www.linkedin.com/in/jenn-roberts-0b6189b7,Jenn,Roberts,,VP Consultant Relations,Ilant Health,United States,"Microsoft Office, Strategic Planning, Leadership, Project Management, Program Management, Team Building, Training, Customer Service, Healthcare, Management, Strategy, Healthcare Management, Employee Benefits, Process Improvement, Healthcare Consulting, Business Process Improvement, Health Insurance","VP Consultant Relations at Ilant Health, Vice President Employer Health Strategy at Hello Heart  at Hello Heart, Board Member at Houston Business Coalition on Health (HBCH), Vice President Southwest Region, National Lead Consultant Relations  at Vera Whole Health, Health Management Consultant at Arthur J. Gallagher & Co., Consultant at Mercer, Professor of Health at University of Houston, Freelance Writer at Livestrong.com, Health Strategy Analyst at Harris Health System, Health Strategy Consultant at National Academy of Sports Medicine (NASM)",University of Houston,Vice President Consultant Relations,Hospitals and Health Care,,,,https://www.linkedin.com/company/ilant-health,https://www.ilanthealth.com/,"Ilant Health is an obesity treatment company, focused on increasing access to obesity treatment while reducing total cost of care for employers and payers through value-based care. 

We provide the single front door for individuals with obesity, delivering end-to-end evidence-based solutions (bariatric surgery, medication, intense behavioral therapy) through a technology-enabled and analytics-driven obesity medicine practice. ",2022,41,,,,,,,
https://www.linkedin.com/in/dishhh,Dish,Lamichhane,https://i.closelyhq.com/smngoz2ocbd7bbkva.0a5f1864.jpg,Senior Product Manager,Form Health,United States,"Product Management, Product Strategy, Cross-Functional Collaboration, Product Implementation, Feature Prioritization, Go-to-Market Strategy, GTM, Dashboard Metrics, Health Literacy, Community Engagement, Product Launch, Product Operations, Systems Thinking, Communication, Data Analysis, Health Communication, Leadership, Process Improvement, Product Roadmap, Product Analytics","Senior Product Manager at Form Health, Senior Product Manager at Imagine Pediatrics, Product Manager at Everly Health, Product Manager at Beacon Platform (acquired by Clearwater Analytics), Product Operations Manager at Papa, Product Implementation Lead at Evidation, Project Manager, Behavioral Science at Juul Labs, Project Manager at Penn State College of Medicine, Research Associate at Duke University School of Medicine","Duke University, UNC Gillings School of Global Public Health",Product at Form Health,Hospitals and Health Care,"👋🏽 With a background in psychology, public health, and product management, I strive to make healthcare more accessible, efficient, and patient-centered.🤝🏽 I unite engineers, designers, clinicians, operations, and leadership to deliver high-impact solutions.✍🏽 I take products from 0→1 and beyond, leading discovery, prioritization, and execution.",,,https://www.linkedin.com/company/form-health,http://formhealth.co,"Form Health is the national leader in science-based obesity and cardiometabolic care. Our clinical care model consists of one-on-one, personalized care from a dedicated ABOM-certified physician and a CSOWM-certified Registered Dietitian, who develop individualized treatment plans that address behavioral health, nutrition, physical activity, and include a prescription for FDA-approved medication, if appropriate. Form Health keeps safety, efficacy, and outcomes at the forefront as we incorporate the latest research and science into our approach. This means we’re always innovating, constantly getting smarter about the science of obesity care, relentlessly focusing on exceptional results, and calling out harmful practices that hold back progress. The result is life-changing outcomes for our patients and meaningful ROI for our enterprise partners. Form Health is in-network with national health plans. Learn more at formhealth.co.",2019,268,,Boston,United States,Massachusetts,Boston,United States,Massachusetts
https://www.linkedin.com/in/searus-mandegary-51358ab9,Searus,Mandegary,https://i.closelyhq.com/smngoz3e9ljkiv8b5.0fb25178.jpg,"Director, Patient Services",Form Health,United States,"Medicine, Hospitals, Medical Education, Healthcare Management, Healthcare, Management, Time Management, Customer Service, Microsoft Excel, PowerPoint, Social Media","Director, Patient Services at Form Health, Senior Manager, Coaching at Virta Health, Director, Member Care Operations at Included Health","University of Nevada, Reno, University of Nevada, Reno","Director of Healthcare Operations | Patient Care, Service Delivery & Operational Excellence",Hospitals and Health Care,,,,https://www.linkedin.com/company/form-health,http://formhealth.co,"Form Health is the national leader in science-based obesity and cardiometabolic care. Our clinical care model consists of one-on-one, personalized care from a dedicated ABOM-certified physician and a CSOWM-certified Registered Dietitian, who develop individualized treatment plans that address behavioral health, nutrition, physical activity, and include a prescription for FDA-approved medication, if appropriate. Form Health keeps safety, efficacy, and outcomes at the forefront as we incorporate the latest research and science into our approach. This means we’re always innovating, constantly getting smarter about the science of obesity care, relentlessly focusing on exceptional results, and calling out harmful practices that hold back progress. The result is life-changing outcomes for our patients and meaningful ROI for our enterprise partners. Form Health is in-network with national health plans. Learn more at formhealth.co.",2019,268,,Boston,United States,Massachusetts,Boston,United States,Massachusetts
https://www.linkedin.com/in/jim-fitzgerald-3992638a,Jim,Fitzgerald,,"SVP, Practice Operations",knownwell,United States,"Research, Statistics, Data Analysis, Laboratory Skills, Microsoft Excel, PowerPoint, Clinical Research, Teamwork, Leadership","SVP, Practice Operations at knownwell, Venture Fellow at Arkitekt Ventures, Director, Growth & Partnerships at Cohere Health, Senior Consultant at Putnam Associates, Associate at Triage Consulting Group, Research Assistant at Beth Israel Deaconess Medical Center, Research Assistant at Duke University Medical Center",Duke University,SVP Operations at knownwell,Hospitals and Health Care,,,,https://www.linkedin.com/company/knownwellhealth,http://www.knownwell.co,"Have you ever dreaded going to the doctor, knowing you're in for a lecture? Us too. That’s why we created knownwell. 

At knownwell, we look past the scale to see our patients. We offer weight-inclusive healthcare for all and provide evidence-based medicine that supports your unique goals. 

Whether you need primary care or are focused on your metabolic health, we are here to serve you with warmth and expertise. We will treat you with empathy, patience, and respect, listen to you, and empower you to make informed decisions about your health journey with us. 

Let us take care of you and change the landscape of healthcare together. ",2022,126,,Boston,United States,MA,Boston,United States,MA
https://www.linkedin.com/in/petersoncourtney,Courtney,Peterson,https://i.closelyhq.com/smngoz2k71168ahiug.f6e2a48b.jpg,Lead FP&A,Form Health,United States,"Microsoft Excel, Microsoft Word, PowerPoint, Social Media, Event Planning, Public Speaking, Customer Service, Research, Teamwork, Leadership, Editing, Fundraising, Social Networking, Microsoft Office, Time Management, Sales, Microsoft PowerPoint","Lead FP&A at Form Health, Lead FP&A at FOLX Health, Enterprise Financial Planning (Financial Leadership Development Program Rotation #3) at Aetna, a CVS Health Company, Event Planning Student Assistant at Wellesley College, National Accounts Underwriting Summer Associate at Aetna, Seasonal Sales Associate at Killington/Pico Ski Resort Partners, LLC, Middle Market Medicare Underwriting Summer Associate at Aetna at Aetna, Sales Associate at Lacrosse Unlimited",Wellesley College,FP&A @ Form Health,Hospitals and Health Care,"A highly motivated leader with excellent communication, organizational and problem solving skills experienced in financial planning & analysis, project management and operational efficiency. Consistently respected for taking initiative and willing to take on responsibility in a fast paced environment.",,,https://www.linkedin.com/company/form-health,http://formhealth.co,"Form Health is the national leader in science-based obesity and cardiometabolic care. Our clinical care model consists of one-on-one, personalized care from a dedicated ABOM-certified physician and a CSOWM-certified Registered Dietitian, who develop individualized treatment plans that address behavioral health, nutrition, physical activity, and include a prescription for FDA-approved medication, if appropriate. Form Health keeps safety, efficacy, and outcomes at the forefront as we incorporate the latest research and science into our approach. This means we’re always innovating, constantly getting smarter about the science of obesity care, relentlessly focusing on exceptional results, and calling out harmful practices that hold back progress. The result is life-changing outcomes for our patients and meaningful ROI for our enterprise partners. Form Health is in-network with national health plans. Learn more at formhealth.co.",2019,268,,Boston,United States,Massachusetts,Boston,United States,Massachusetts
https://www.linkedin.com/in/carrollmedia,Ryan,Carroll,https://i.closelyhq.com/smngoz18k05gegrcjo.a0fa1685.jpg,Lead Software Engineer,Form Health,United States,"Data Science, Artificial Intelligence (AI), Machine Learning, NoSQL, Data Analysis, Spring Boot, Apigee API Management, Concourse CI, Microservices, Kubernetes, OAuth, CI, Amazon Web Services (AWS), Hyperledger, Angular, Ruby on Rails, React.js, PostgreSQL, docker, Software Development","Lead Software Engineer at Form Health, Senior Fullstack Software Engineer at CoverMyMeds, Innovation Software Engineer at Nationwide, IT Infrastructure Engineer Intern at Nationwide Insurance, Support/field technician at Techknowlogic, LTD, Apprentince Technician at Sight Sound Pros, Support Technician at Global Resources Ltd.","Western Governors University, Pensacola Christian College",Software Engineer | Always Curious | Husband | Father,Hospitals and Health Care,"I'm a lead engineer at Form Health, working on the asynchronous data workflows and third-party healthcare integrations behind the product. Ten years of APIs and web systems got me here, six years at Nationwide building and scaling APIs, then four at CoverMyMeds owning a client-facing data application and the ETL pipelines that fed it. Insurance to healthcare, and a lot of distributed systems in between.On my own time I ship mobile, offline-first software, and occasionally a machine-learning model I had no business deploying. Those side projects are where I collect the failures worth talking about. I've spoken at CodeMash and Stir Trek, written on Medium, and turned up on engineering podcasts to talk about how AI is changing the work.",,,https://www.linkedin.com/company/form-health,http://formhealth.co,"Form Health is the national leader in science-based obesity and cardiometabolic care. Our clinical care model consists of one-on-one, personalized care from a dedicated ABOM-certified physician and a CSOWM-certified Registered Dietitian, who develop individualized treatment plans that address behavioral health, nutrition, physical activity, and include a prescription for FDA-approved medication, if appropriate. Form Health keeps safety, efficacy, and outcomes at the forefront as we incorporate the latest research and science into our approach. This means we’re always innovating, constantly getting smarter about the science of obesity care, relentlessly focusing on exceptional results, and calling out harmful practices that hold back progress. The result is life-changing outcomes for our patients and meaningful ROI for our enterprise partners. Form Health is in-network with national health plans. Learn more at formhealth.co.",2019,268,,Boston,United States,Massachusetts,Boston,United States,Massachusetts
https://www.linkedin.com/in/leigh-doner-203755106,Leigh,Doner,,Sr Data Analyst,Form Health,United States,"Microsoft Office, Group Decision Making, Project Management, Event Planning, Leadership, French, Fundraising, Creative Solutions, Critical Thinking, R, Tableau, Marketing Analytics","Sr Data Analyst at Form Health, Business Intelligence Manager at Rx Savings Solutions, Senior Reporting Analyst at Alight Analytics, Associate Consultant at Cerner Corporation","Truman State University, Aix-Marseille University",Sr Data Analyst at Form Health,Hospitals and Health Care,,,,https://www.linkedin.com/company/form-health,http://formhealth.co,"Form Health is the national leader in science-based obesity and cardiometabolic care. Our clinical care model consists of one-on-one, personalized care from a dedicated ABOM-certified physician and a CSOWM-certified Registered Dietitian, who develop individualized treatment plans that address behavioral health, nutrition, physical activity, and include a prescription for FDA-approved medication, if appropriate. Form Health keeps safety, efficacy, and outcomes at the forefront as we incorporate the latest research and science into our approach. This means we’re always innovating, constantly getting smarter about the science of obesity care, relentlessly focusing on exceptional results, and calling out harmful practices that hold back progress. The result is life-changing outcomes for our patients and meaningful ROI for our enterprise partners. Form Health is in-network with national health plans. Learn more at formhealth.co.",2019,268,,Boston,United States,Massachusetts,Boston,United States,Massachusetts
https://www.linkedin.com/in/smarchette,Steven,Marchette,https://i.closelyhq.com/smngoz5ol5ma56hsq.a58bcb37.jpg,Data Scientists,Ilant Health,United States,"Data Analysis, Statistics, Research, Science, Public Speaking, Teaching, Microsoft Office, Scientific Writing, SPSS, Matlab, Research Design, Neuroscience, Experimental Design, Higher Education, Microsoft PowerPoint","Data Scientists at Ilant Health, Research Scientist at Apple, Data Scientist at Compass Medical, Postdoctoral Researcher at University of Pennsylvania, Fellow, Insight Data Science at Insight Data Science","The Johns Hopkins University, University of Virginia",Data Scientist,Hospitals and Health Care,"I am a data scientist working at Compass Medical to deliver the healthcare system of the future. I am working with our team to deliver the best patient outcomes possible at a sustainable cost while adapting to the constantly changing landscape of healthcare. 

I was trained as a cognitive neuroscientist and psychologist with over 11 years experience in experimental design and data analysis in MATLAB. In my experiments on human navigation, I scanned the human brain using functional magnetic resonance imaging (fMRI) as people explore or remember virtual worlds. 

★Languages: Python, MATLAB, SPSS, Bash scripting, SQL (Postgres), some experience C/C++, LISP
★Tools: Pandas, Numpy, Scikit-Learn, PyMC3, Matplotlib, Seaborne, Bokeh, Jupyter
★Specialties: Experimental design, statistical analysis, scientific communication",,,https://www.linkedin.com/company/ilant-health,https://www.ilanthealth.com/,"Ilant Health is an obesity treatment company, focused on increasing access to obesity treatment while reducing total cost of care for employers and payers through value-based care. 

We provide the single front door for individuals with obesity, delivering end-to-end evidence-based solutions (bariatric surgery, medication, intense behavioral therapy) through a technology-enabled and analytics-driven obesity medicine practice. ",2022,41,,,,,,,
https://www.linkedin.com/in/apscott111,Audrey,(Scott) Spahr,https://i.closelyhq.com/smngoz3shnme5126f.567aa774.jpg,"Manager, Business Operations",Form Health,United States,"Change Management, C-level support, Leadership, Public Speaking, Strategic Planning, R","Manager, Business Operations at Form Health, Chief of Staff at maxRTE, Senior Business Analyst at McKinsey & Company, Strategy Fellow at FIDELITY FOUNDATION, Summer Business Analyst at McKinsey & Company, Intern at NERA Economic Consulting, Marketing Intern at Hot Press Magazine","Dartmouth College, The Tuck School of Business at Dartmouth",Healthcare BizOps & Strategy | Ex-McKinsey,Hospitals and Health Care,,,,https://www.linkedin.com/company/form-health,http://formhealth.co,"Form Health is the national leader in science-based obesity and cardiometabolic care. Our clinical care model consists of one-on-one, personalized care from a dedicated ABOM-certified physician and a CSOWM-certified Registered Dietitian, who develop individualized treatment plans that address behavioral health, nutrition, physical activity, and include a prescription for FDA-approved medication, if appropriate. Form Health keeps safety, efficacy, and outcomes at the forefront as we incorporate the latest research and science into our approach. This means we’re always innovating, constantly getting smarter about the science of obesity care, relentlessly focusing on exceptional results, and calling out harmful practices that hold back progress. The result is life-changing outcomes for our patients and meaningful ROI for our enterprise partners. Form Health is in-network with national health plans. Learn more at formhealth.co.",2019,268,,Boston,United States,Massachusetts,Boston,United States,Massachusetts
https://www.linkedin.com/in/jon-scherer,Jon,Scherer,https://i.closelyhq.com/smngozjtk12ig373o.254a26d3.jpg,Head of Revenue Cycle Management,Form Health,United States,"Management, Team Building, Customer Service, Microsoft Office, Microsoft Word, PowerPoint, Healthcare, Invoicing, Accounts Receivable, Electronic Medical Record (EMR), Medical Coding, Administrative Assistance, Medical Terminology, Medical Records, Medicare, Healthcare Management, FQHC, Athena, Epic, NextGen","Head of Revenue Cycle Management at Form Health, Director of Revenue Cycle Management at FOLX Health, Senior Revenue Cycle Manager at Wellvana Health, Revenue Cycle Manager at SWORD Health, Revenue Cycle Manager at Equitas Health, Medical Billing Specialist at Huron Medical Billing Co.","Eastern Michigan University, Washtenaw Community College",Head of Revenue Cycle Management at Form Health | Healthcare Management,Hospitals and Health Care,,,,https://www.linkedin.com/company/form-health,http://formhealth.co,"Form Health is the national leader in science-based obesity and cardiometabolic care. Our clinical care model consists of one-on-one, personalized care from a dedicated ABOM-certified physician and a CSOWM-certified Registered Dietitian, who develop individualized treatment plans that address behavioral health, nutrition, physical activity, and include a prescription for FDA-approved medication, if appropriate. Form Health keeps safety, efficacy, and outcomes at the forefront as we incorporate the latest research and science into our approach. This means we’re always innovating, constantly getting smarter about the science of obesity care, relentlessly focusing on exceptional results, and calling out harmful practices that hold back progress. The result is life-changing outcomes for our patients and meaningful ROI for our enterprise partners. Form Health is in-network with national health plans. Learn more at formhealth.co.",2019,268,,Boston,United States,Massachusetts,Boston,United States,Massachusetts
https://www.linkedin.com/in/marsha-rose-1b41969b,Marsha,Rose,,Jumpstartmd,JumpstartMD,United States,"Nutritional Counseling, Bikram Yoga, Hatha Yoga, Children's Yoga, Yoga Instruction, Yoga, Public Health, Health Education, Sports Nutrition, Weight Management, Weight Loss Coaching, Public Speaking, Wellness Coaching, Management, Microsoft Excel, Microsoft Office, Microsoft Word, Research",Jumpstartmd at JumpstartMD,"Bioindividual Nutrition Institute, Bauman College: Holistic Nutrition and Culinary Arts, University of California, Berkeley, BIkram Yoga College of India",--,Wellness and Fitness Services,"Health coaching specializing in nutrition counseling and yoga therapy for weight loss, asperger, ADHD, autism. ",,,https://www.linkedin.com/company/jumpstartmd,http://www.jumpstartmd.com,"JumpstartMD is helping thousands of people lose weight and live healthier and happier lives through personalized, medically supervised treatment programs. Based on extensive clinical research, JumpstartMD offers nutritional science and 1-on-1 support that's shown to reverse diabetes and cardio-metabolic risk.

As the largest medical weight loss practice in Northern California, JumpstartMD is the leading personalized science-based program driven by Stanford-trained physicians and Diplomates of the American Board of Obesity.

JumpstartMD is the most referred, medically supervised weight loss program by Bay Area physicians.",2007,98,"Weight Loss, Wellness, Nutrition, Bioidentical Hormone Replacement Therapy, healthcare, Physicians, Nurse Practitioners, Physician Assistants, Health Coach, Diabetes Prevention, Cardiometabolic risk, Men's Health, Women's Health, Endocrinology",Burlingame,United States,CA,Burlingame,United States,CA
https://www.linkedin.com/in/brian-dragutsky-517022a0,Brian,Dragutsky,https://i.closelyhq.com/smngoz6efr5qieml.f2c01057.jpg,VP of Clinical Research,knownwell,United States,"Clinical Research, Medicine, Medical Sales, Phlebotomy, Higher Education","VP of Clinical Research at knownwell, Director, Research Partnerships at Iterative Health, National Director of Clinical Research at One GI, Director of Clinical Research at Stern Cardiovascular Foundation, Inc.","University of Florida, UT Health Sciences",VP of Clinical Research at knownwell,Hospitals and Health Care,"I am a clinical research executive focused on building scalable, high-performing research networks that drive growth for providers and deliver strategic value to sponsors.My career has centered on transforming research programs from single-site operations into multi-location, enterprise-level platforms. I have led expansion initiatives that grew research teams from 6 to 50+ professionals, launched 11 new research locations to profitability within their first year, and secured more than $20M in sponsor contracts—resulting in rapid portfolio expansion and enrollment of thousands of patients.At the core of my leadership philosophy is alignment: aligning sponsors with the right investigators and patient populations, aligning operations with financial performance, and aligning growth strategy with long-term enterprise value. I have negotiated complex clinical trial agreements and budgets, built network-level infrastructure across regulatory, QA/QC, project management, and training functions, and ensured audit-ready compliance with GCP and FDA standards.In my current role as Director of Research Partnerships (Cardiology), I lead sponsor strategy and account management across a cardiovascular portfolio, overseeing the full partnership lifecycle from early engagement through activation and execution. I work cross-functionally with operations, finance, and legal teams to reduce activation timelines, improve delivery quality, and expand strategic partnerships. I also own and scale specialized service lines, including biological sample collection programs, designing operating models that support sustainable, repeatable growth.I am particularly energized by building platforms—not just programs. Whether expanding EBITDA by 280%, scaling teams fivefold, or launching new geographies, I focus on creating durable infrastructure that supports long-term growth and competitive differentiation.My leadership style is transparent, metrics-driven, and growth-oriented. I believe strong research organizations succeed at the intersection of operational excellence, commercial strategy, and trusted partnerships.",,,https://www.linkedin.com/company/knownwellhealth,http://www.knownwell.co,"Have you ever dreaded going to the doctor, knowing you're in for a lecture? Us too. That’s why we created knownwell. 

At knownwell, we look past the scale to see our patients. We offer weight-inclusive healthcare for all and provide evidence-based medicine that supports your unique goals. 

Whether you need primary care or are focused on your metabolic health, we are here to serve you with warmth and expertise. We will treat you with empathy, patience, and respect, listen to you, and empower you to make informed decisions about your health journey with us. 

Let us take care of you and change the landscape of healthcare together. ",2022,126,,Boston,United States,MA,Boston,United States,MA
https://www.linkedin.com/in/reena-sudan-861554110,Reena,Sudan,https://i.closelyhq.com/smngoz5d9s6vicqsh.5b1e3c81.jpg,Director of Operations,knownwell,United States,"Service Line Planning, Business Development, Client Relations, Due Diligence, Market Sizing, Venture Capital, New Business Development, Product Development, Product Strategy, Project Management, Product Management, Entrepreneurship, Business Strategy, Go-to-Market Strategy, Cross-functional Team Leadership, Clinical Research, Data Analysis, Public Speaking, Microsoft Office, STATA","Director of Operations at knownwell, Co-Founder at Flaire, Advisor at Fractal Software, Consultant, Software & Platforms at Accenture Strategy, Clinical Research Associate, Bariatric Surgery & Weight Management at Duke University Hospital, Clinical Research Assistant, Bariatric Surgery & Medical Weight Loss at Stanford University","Duke University, DIS - Study Abroad, Durham Academy","Director of Operations @ knownwell, ex-Accenture strategy",Hospitals and Health Care,,,,https://www.linkedin.com/company/knownwellhealth,http://www.knownwell.co,"Have you ever dreaded going to the doctor, knowing you're in for a lecture? Us too. That’s why we created knownwell. 

At knownwell, we look past the scale to see our patients. We offer weight-inclusive healthcare for all and provide evidence-based medicine that supports your unique goals. 

Whether you need primary care or are focused on your metabolic health, we are here to serve you with warmth and expertise. We will treat you with empathy, patience, and respect, listen to you, and empower you to make informed decisions about your health journey with us. 

Let us take care of you and change the landscape of healthcare together. ",2022,126,,Boston,United States,MA,Boston,United States,MA
https://www.linkedin.com/in/juliaaxelbaum,Julia,"Axelbaum, RD, CSOWM",https://i.closelyhq.com/smngoz17qc0u8u21d.4fadf9f6.jpg,Director Of Clinical Nutrition,Form Health │ Personalized Medical Weight Loss,United States,"Weight Management, Medical Nutrition Therapy, Clinical Nutrition, Dietetics, Nutrition Education, Nutritional Counseling, Wellness Coaching, PowerPoint, Microsoft Office, Community Organizing, Leadership","Director Of Clinical Nutrition at Form Health │ Personalized Medical Weight Loss, Weight Management Program Coordinator  at St. Alexius NewStart, St. Louis MO, Bariatric Dietitian at St. Alexius NewStart, Nutrition & Food Science Adjunct Professor at St. Louis Community College, Registered Dietitian at St. Elizabeth's Hospital, Dietetic Intern at Beth Israel Deaconess Medical Center","Beth Israel Deaconess Medical Center, Harvard Medical School Teaching Hospital, New York University","Registered Dietitian, Obesity and Weight Management Specialist",Hospitals and Health Care,"As a Registered Dietitian board certified in obesity and weight management, I am dedicated to increasing awareness of obesity as a complex medical condition rather than a result of lack of willpower or source of shame. I’ve spent my career building and implementing innovative programs and tools to help patients with obesity receive evidence-based clinical care to treat this disease. I was also one of the first RDs in the United States to achieve board certification as a specialist in obesity and weight management (CSOWM) and became a content editor for the exam to help foster the next generation of obesity specialists. I proudly joined FORM in 2019 as the first employee and have developed a comprehensive nutrition program and built a nationwide team of obesity-specialized Registered Dietitians for our virtual medical weight loss program. If you want to learn more about FORM or me, please feel free to reach out.",,,https://www.linkedin.com/company/form-health,http://formhealth.co,"Form Health is the national leader in science-based obesity and cardiometabolic care. Our clinical care model consists of one-on-one, personalized care from a dedicated ABOM-certified physician and a CSOWM-certified Registered Dietitian, who develop individualized treatment plans that address behavioral health, nutrition, physical activity, and include a prescription for FDA-approved medication, if appropriate. Form Health keeps safety, efficacy, and outcomes at the forefront as we incorporate the latest research and science into our approach. This means we’re always innovating, constantly getting smarter about the science of obesity care, relentlessly focusing on exceptional results, and calling out harmful practices that hold back progress. The result is life-changing outcomes for our patients and meaningful ROI for our enterprise partners. Form Health is in-network with national health plans. Learn more at formhealth.co.",2019,268,,Boston,United States,Massachusetts,Boston,United States,Massachusetts
https://www.linkedin.com/in/terran-drescher,Terran,Drescher,,"Manager, Enrollment",Form Health,United States,"People Management, Beverage Industry, Attention to Detail, Thinking Skills, Questionnaires, Request for Proposal (RFP), Critical Thinking, Analytical Skills, Mentoring, Psychological Safety, Employee Recognition, Kudos, Salesforce Reporting, Looker (Software), Organizational Leadership, Training, KPI Implementation, Service-Level Agreements (SLA), People Skills, Computer Software Training","Manager, Enrollment at Form Health, Program Manager, Anxiety and OCD Program at Thrive Wellness, Manager, Member Care Services at Included Health, Provider Referral Coordinator Manager at Grand Rounds Health, Laboratory Assistant Volunteer at University of Nevada, Reno, Bartender at Mixers, Public Service: Vector Borne Disease Program at Washoe County, State of Nevada, Intern at Think Kindness, Head Guard at City of Reno, Aquatics Manager at Clark County"," American Fitness Professionals & Associates, University of California, Davis, University of Nevada, Reno, Laughlin High School",Program Manager,Hospitals and Health Care,,,,https://www.linkedin.com/company/form-health,http://formhealth.co,"Form Health is the national leader in science-based obesity and cardiometabolic care. Our clinical care model consists of one-on-one, personalized care from a dedicated ABOM-certified physician and a CSOWM-certified Registered Dietitian, who develop individualized treatment plans that address behavioral health, nutrition, physical activity, and include a prescription for FDA-approved medication, if appropriate. Form Health keeps safety, efficacy, and outcomes at the forefront as we incorporate the latest research and science into our approach. This means we’re always innovating, constantly getting smarter about the science of obesity care, relentlessly focusing on exceptional results, and calling out harmful practices that hold back progress. The result is life-changing outcomes for our patients and meaningful ROI for our enterprise partners. Form Health is in-network with national health plans. Learn more at formhealth.co.",2019,268,,Boston,United States,Massachusetts,Boston,United States,Massachusetts
https://www.linkedin.com/in/luciene-doobay-ba0187193,Luciene,Doobay,https://i.closelyhq.com/smngoz30tebcaohvgg.cf3c9aaa.jpg,Clinical Operations Lead,knownwell,United States,"Account Management, Office Administration, Administrative Assistance, Easily Adaptable, Customer Satisfaction, Data Entry, Spreadsheets, Customer Service, Customer Relationship Management (CRM), Interpersonal Skills, Communication, Critical Thinking, Organization Skills, Teamwork, Project Management, Problem Solving, Handle Multiple Projects, Oral Communication, Time Management, Microsoft Office","Clinical Operations Lead at knownwell, Medical Assistant at Ascension, Account Executive at Nitto Kohki Usa Inc, Receptionist / Customer Service Representative at Robert Half","Midwestern Career College, Harper College",Clinical Operations Lead | Operations & Project Management | Process Improvement | Executive Support,Hospitals and Health Care,"As a Clinical Operations Lead with more than six years of experience in healthcare, I thrive at the intersection of operations, leadership, and process improvement. I enjoy creating structure where there is complexity, developing systems that improve efficiency, and helping teams perform at their best.Throughout my career, I've led training initiatives, coordinated operations across multiple clinic locations, streamlined workflows, developed tracking systems, managed projects, and partnered with leadership to improve both employee and patient experiences. I believe that strong operations are built on clear communication, thoughtful organization, and a willingness to solve problems before they become obstacles.I'm known for taking initiative, building scalable processes, and bringing calm to fast-paced environments. Whether I'm coordinating projects, documenting procedures, onboarding team members, or identifying operational improvements, I take pride in creating solutions that make work easier for everyone involved.I'm currently exploring opportunities in Operations, Executive Support, Project Coordination, Administrative Leadership, and Chief of Staff–track roles where I can continue helping growing organizations build efficient systems, support leadership, and make a meaningful impact.",,,https://www.linkedin.com/company/knownwellhealth,http://www.knownwell.co,"Have you ever dreaded going to the doctor, knowing you're in for a lecture? Us too. That’s why we created knownwell. 

At knownwell, we look past the scale to see our patients. We offer weight-inclusive healthcare for all and provide evidence-based medicine that supports your unique goals. 

Whether you need primary care or are focused on your metabolic health, we are here to serve you with warmth and expertise. We will treat you with empathy, patience, and respect, listen to you, and empower you to make informed decisions about your health journey with us. 

Let us take care of you and change the landscape of healthcare together. ",2022,126,,Boston,United States,MA,Boston,United States,MA
https://www.linkedin.com/in/florencia-halperin-8496a8197,Florencia,Halperin,https://i.closelyhq.com/smngoz6amp844di5s.91427bb0.jpg,Chief Medical Officer,Form Health,United States,,"Chief Medical Officer at Form Health, Medical Director, Program for Weight Management at Brigham and Women's Hospital, Chief of Endocrinology at Brigham and Women’s Faulkner Hospital","Harvard Medical School, Harvard Medical School, Harvard University","Chief Medical Officer, Form Health",Hospitals and Health Care,"I am the Chief Medical Officer of Form Health, where we provide evidenced-based obesity medical care delivered through telehealth. Our clinical care model consists of one-on-one, personalized longitudinal care from a dedicated ABOM-certified physician and a CSOWM-certified Registered Dietitian, who develop individualized treatment plans that address nutrition, physical activity, mindset shifts, and FDA-approved medications if appropriate. 

I joined Form Health in 2019 to develop and implement our clinical care model based on evidence-based guidelines and the best scientific evidence that we have to guide obesity care. It's been such a privilege to work with such an exceptional team of physicians, advanced practice professionals, and dietitians to deliver high-quality and compassionate medical care to people with obesity. We are thrilled to be expanding access to obesity care across the entire United States.

I am an endocrinologist and a member of many professional societies including the American Medical Association, the Endocrine Society, and The Obesity Society. I've been honored to be recognized at a national level for my dedication to patient care, including the Castle Connolly America’s Top Doctors, and the Schwartz Center Award for Compassionate Care.

My team is hiring! If you’re interested in learning about our open roles or hearing more about Form, please reach out to careers@formhealth.co, or to me directly, or find us on formhealth.co.",,,https://www.linkedin.com/company/form-health,http://formhealth.co,"Form Health is the national leader in science-based obesity and cardiometabolic care. Our clinical care model consists of one-on-one, personalized care from a dedicated ABOM-certified physician and a CSOWM-certified Registered Dietitian, who develop individualized treatment plans that address behavioral health, nutrition, physical activity, and include a prescription for FDA-approved medication, if appropriate. Form Health keeps safety, efficacy, and outcomes at the forefront as we incorporate the latest research and science into our approach. This means we’re always innovating, constantly getting smarter about the science of obesity care, relentlessly focusing on exceptional results, and calling out harmful practices that hold back progress. The result is life-changing outcomes for our patients and meaningful ROI for our enterprise partners. Form Health is in-network with national health plans. Learn more at formhealth.co.",2019,268,,Boston,United States,Massachusetts,Boston,United States,Massachusetts
https://www.linkedin.com/in/morganpak,Morgan,P.,https://i.closelyhq.com/smngoz2t5lujudo9ng.b1bdb363.jpg,Head of Analytics,knownwell,United States,"Statistical Modeling, Data Engineering, Data Analysis, Data Architecture, Data Build Tool (DBT), SQL, Python, R, Microsoft Excel, SPSS, Stata, Quantitative Research, Qualitative Research, Program Evaluation, Survey Design, Database Design, Reporting & Analysis, Project Management","Head of Analytics at knownwell, Analytics Engineer at Minnesota Department of Health, Data Scientist at UMN Midwest Analytics & Disease Modeling Center (MADMC), Data Scientist at Center for Public Health Systems, Statistical Programming Intern at Takeda, Data Analyst at Ipsos, Marketing Operations Analyst at Darktrace, Clinical Research Associate at City of Hope","Dartmouth College, University of Minnesota School of Public Health",Healthcare Analytics Lead & Data Scientist,Hospitals and Health Care,,,,https://www.linkedin.com/company/knownwellhealth,http://www.knownwell.co,"Have you ever dreaded going to the doctor, knowing you're in for a lecture? Us too. That’s why we created knownwell. 

At knownwell, we look past the scale to see our patients. We offer weight-inclusive healthcare for all and provide evidence-based medicine that supports your unique goals. 

Whether you need primary care or are focused on your metabolic health, we are here to serve you with warmth and expertise. We will treat you with empathy, patience, and respect, listen to you, and empower you to make informed decisions about your health journey with us. 

Let us take care of you and change the landscape of healthcare together. ",2022,126,,Boston,United States,MA,Boston,United States,MA
https://www.linkedin.com/in/irissa-danelski,Irissa,D.,https://i.closelyhq.com/smngoz4kcvsufdqim.b4bc4896.jpg,Growth Operations Manager,knownwell,United States,"HubSpot Sales Hub, Analytics, Operations Management, Salesforce.com Administration, Data Analysis, Strategy, Creative Problem Solving, Streamlining Operations, Microsoft Word, Microsoft PowerPoint, Customer Service, Territory Analysis, Strategic Planning, Healthcare, Growth Strategies, Analytical Skills, CRM Databases, Salesforce Sales Cloud, Project Management, Sales Operations","Growth Operations Manager at knownwell, Salesforce Owner, Provider Operations at Interwell Health, Sales Operations Associate at Cricket Health, Sales Operations Team Lead at Wells Fargo, Sales Operations at Coloplast, Contract Account Analyst at Granite Telecommunications, Contract Executive Assistant at Globalization Partners, Contract Project Assistant at Faith Technologies, Inc., Sustainable Cities Intern at RegenSociety, Student Project Assistant at University of Wisconsin-Milwaukee",University of Wisconsin-Milwaukee,Growth Operations,Hospitals and Health Care,,,,https://www.linkedin.com/company/knownwellhealth,http://www.knownwell.co,"Have you ever dreaded going to the doctor, knowing you're in for a lecture? Us too. That’s why we created knownwell. 

At knownwell, we look past the scale to see our patients. We offer weight-inclusive healthcare for all and provide evidence-based medicine that supports your unique goals. 

Whether you need primary care or are focused on your metabolic health, we are here to serve you with warmth and expertise. We will treat you with empathy, patience, and respect, listen to you, and empower you to make informed decisions about your health journey with us. 

Let us take care of you and change the landscape of healthcare together. ",2022,126,,Boston,United States,MA,Boston,United States,MA
https://www.linkedin.com/in/kelley-brosky,Kelley,Brosky,https://i.closelyhq.com/smngoz15tjt0ickbtg.d74036be.jpg,Regional Practice Manager,Form Health,United States,"Customer Service, Microsoft Office, Organizational Development, Team Leadership, Task Management","Regional Practice Manager at Form Health, Member Experience Associate  at Calibrate, Clinical Service Representative at UPMC, Pediatric Occupational Therapy Intern  at Nova Southeastern University ","Slippery Rock University, Nova Southeastern University",Regional Practice Manager,Hospitals and Health Care,,,,https://www.linkedin.com/company/form-health,http://formhealth.co,"Form Health is the national leader in science-based obesity and cardiometabolic care. Our clinical care model consists of one-on-one, personalized care from a dedicated ABOM-certified physician and a CSOWM-certified Registered Dietitian, who develop individualized treatment plans that address behavioral health, nutrition, physical activity, and include a prescription for FDA-approved medication, if appropriate. Form Health keeps safety, efficacy, and outcomes at the forefront as we incorporate the latest research and science into our approach. This means we’re always innovating, constantly getting smarter about the science of obesity care, relentlessly focusing on exceptional results, and calling out harmful practices that hold back progress. The result is life-changing outcomes for our patients and meaningful ROI for our enterprise partners. Form Health is in-network with national health plans. Learn more at formhealth.co.",2019,268,,Boston,United States,Massachusetts,Boston,United States,Massachusetts
https://www.linkedin.com/in/emily-smith-md-19247b173,Emily,Smith MD,https://i.closelyhq.com/smngoz1f9ssg6686p8.113ba37b.jpg,National Medical Director,Form Health,United States,,"National Medical Director at Form Health, Director of Medical Obesity at JESSE BROWN VA MEDICAL CENTER, Assistant Professor at UI Health, Fellowship at Northwestern University","Loyola University Chicago Stritch School of Medicine, Middlebury College, Latin School of Chicago",National Medical Director @ Form Health | MD,Hospitals and Health Care,"I’m a board-certified specialist in Internal Medicine, Endocrinology, Diabetes & Metabolism, and a Diplomate of the American Board of Obesity Medicine (ABOM). My passion is transforming the landscape of obesity care through evidence-based, patient-centered treatment that helps people achieve lasting weight loss and better health.

At Form Health, the leading telehealth practice for expert, evidence-based obesity care, I’m helping build a team of dedicated, passionate clinicians who thrive in their work and deliver exceptional care. We’re unique in the telehealth space—providing truly comprehensive cardiometabolic care led by nationally recognized obesity medicine experts.

I believe that when clinicians are supported and inspired, patients achieve their best outcomes.",,,https://www.linkedin.com/company/form-health,http://formhealth.co,"Form Health is the national leader in science-based obesity and cardiometabolic care. Our clinical care model consists of one-on-one, personalized care from a dedicated ABOM-certified physician and a CSOWM-certified Registered Dietitian, who develop individualized treatment plans that address behavioral health, nutrition, physical activity, and include a prescription for FDA-approved medication, if appropriate. Form Health keeps safety, efficacy, and outcomes at the forefront as we incorporate the latest research and science into our approach. This means we’re always innovating, constantly getting smarter about the science of obesity care, relentlessly focusing on exceptional results, and calling out harmful practices that hold back progress. The result is life-changing outcomes for our patients and meaningful ROI for our enterprise partners. Form Health is in-network with national health plans. Learn more at formhealth.co.",2019,268,,Boston,United States,Massachusetts,Boston,United States,Massachusetts
https://www.linkedin.com/in/nicole-cordero-389197144,Nicole,Cordero,https://i.closelyhq.com/smngoz7eeu2evm4k9.bc2baf12.jpg,Senior Product Manager [Automations],knownwell,United States,"Microsoft PowerPoint, Agile Methodologies, Oncology, Healthcare Information Technology (HIT), Test Planning, Software Implementation, Project Management, Kanban, Microsoft Excel, Jira, Google Suite, Time Management, Supervisory Skills, Smartsheet, Confluence, Electronic Health Records (EHR), Zephyr for Jira","Senior Product Manager [Automations] at knownwell, Senior Product Manager at CVS Health, Board Member at The Charted Path, Customer Success Manager at HubSpot, Senior Application Specialist, Oncology, Implementation at MEDITECH, Assistant Field Hockey Coach at Boston College, DI Field Hockey Player at University of Massachusetts Amherst",University of Massachusetts Amherst,Product Management @ knownwell,Hospitals and Health Care,"High performing leader with diverse experience in implementation, product strategy and customer success. Experienced in EHR & marketing software, with a proficiency in both implementation and development processes. Knowledgeable in both ambulatory and inpatient workflows, specializing in Oncology settings. Skilled information technology professional and Certified Scrum Product Owner (CSPO).",,,https://www.linkedin.com/company/knownwellhealth,http://www.knownwell.co,"Have you ever dreaded going to the doctor, knowing you're in for a lecture? Us too. That’s why we created knownwell. 

At knownwell, we look past the scale to see our patients. We offer weight-inclusive healthcare for all and provide evidence-based medicine that supports your unique goals. 

Whether you need primary care or are focused on your metabolic health, we are here to serve you with warmth and expertise. We will treat you with empathy, patience, and respect, listen to you, and empower you to make informed decisions about your health journey with us. 

Let us take care of you and change the landscape of healthcare together. ",2022,126,,Boston,United States,MA,Boston,United States,MA
https://www.linkedin.com/in/yavuz-k-a533b8177,Yavuz,K.,https://i.closelyhq.com/smngoz1cs9uflino78.3466a755.jpg,Senior Data Engineer,FlyteHealth,United States,"YAML, Groovy, Scala, Apache Spark, Azure Databricks, Microsoft Azure, Azure Data Factory, Azure Data Lake, Data Engineering, Fast Healthcare Interoperability Resources (FHIR), Healthcare, Java, JavaScript, Protractor, Regression Testing, Functional Testing, Test Automation, Manual Testing, Maven, Jenkins","Senior Data Engineer at FlyteHealth, Senior Data Engineer at Teacher Retirement System of Texas, Senior Data Engineer at AMD, Senior Data Engineer at Optum, Data Engineer III at S&P Global Ratings, Software Development Engineer In Test at Fourstay, Software Development Engineer In Test at BookIt","CYDEO, UC Irvine, New America School, Yıldız Teknik Üniversitesi",Data Engineer at Flyte Health formerly known as Intellihealth,Hospitals and Health Care,"Motivated Apache Spark and AWS Certified Big Data Engineer, building big data pipelines with proven abilities and expertise in Apache Spark, Scala, and Python. Involved in every part of SDLC including Test Automation and Development and experienced in big data pipelines, frontend and backend applications. Thrive in Agile, high-performance teams as a highly driven and proactive member of the team. Quick learner, passionate and interested in learning new technologies.",,,https://www.linkedin.com/company/flytehealth,http://www.flytehealth.com,"FlyteHealth is an integrated early cardio-kidney-metabolic (eCKM) care platform addressing obesity, prediabetes, type 2 diabetes, hypertension, and hyperlipidemia.

FlyteHealth is one of the few cardiometabolic programs backed by two separate actuarial analyses with independent data and methodology.

We deliver a single, risk-based clinical model that combines lifestyle intervention, multidisciplinary medical care, medication optimization, and long-term maintenance — replacing fragmented solutions and GLP-1-only approaches.

Designed for employers and health plans, FlyteHealth drives measurable outcomes, optimized Rx spend, and a clear path to ROI.",2018,113,"Telehealth, Obesity, Technology, Healthcare, MedTech, Cardiometabolic, CKM, eCKM, Digital Health, CKM, eCKM",New Canaan,United States,CT,New Canaan,United States,CT
https://www.linkedin.com/in/tarajadun,Tara,J.,https://i.closelyhq.com/smngoz66juc8gu5h2.52ff7035.jpg,Patient Operations Manager,FlyteHealth,United States,"Team Management, Project Management, Employee Training, Interviewing, Operations Administration, Organization Skills, Problem Solving, Critical Thinking, Healthcare, Healthcare Information Technology (HIT), U.S. Health Insurance Portability and Accountability Act (HIPAA), Computer Literacy, Appointment Scheduling, Medical Records, Medical Terminology, Medical Billing, Documentation, Medical Coding, Insurance, Scheduling","Patient Operations Manager at FlyteHealth, Medical Secretary at Hospital for Special Surgery, Senior Patient Coordinator at Weill Cornell Medicine, Legal Administrative Assistant at Law Offices of Steve Newman, Intake Coordinator at United Orthopedic Appliances, Medical Receptionist at Dr. Lori Weisenfeld - Podiatrist, Medical Secretary at Dr. Leonard J. Pianko - Cardiologist, Medical Records Clerk at Dr. Marc Umlas - Orthopedic Surgeon",Baruch College,Patient Operations Manager @ Intellihealth | Healthcare Operations,Hospitals and Health Care,"Healthcare operations leader with 15+ years of experience driving patient-centered workflows, operational efficiency, and cross-functional collaboration. I lead high-performing teams supporting large provider networks, optimizing scheduling, revenue cycle processes, and patient experience while ensuring seamless provider operations.

At FlyteHealth, I lead patient operations for a large provider network, ensuring seamless workflows, optimal scheduling, and high-quality patient experiences. I partner closely with Product, Clinical, Billing, and Finance teams to launch system enhancements, maintain data integrity, and minimize operational friction across departments.

My background spans frontline patient coordination, clinical administration, and legal/medical office operations, giving me a holistic perspective on operational strategy. I specialize in building systems, processes, and teams that enhance efficiency, support decision-making, and enable both patients and providers to thrive in complex healthcare environments.",,,https://www.linkedin.com/company/flytehealth,http://www.flytehealth.com,"FlyteHealth is an integrated early cardio-kidney-metabolic (eCKM) care platform addressing obesity, prediabetes, type 2 diabetes, hypertension, and hyperlipidemia.

FlyteHealth is one of the few cardiometabolic programs backed by two separate actuarial analyses with independent data and methodology.

We deliver a single, risk-based clinical model that combines lifestyle intervention, multidisciplinary medical care, medication optimization, and long-term maintenance — replacing fragmented solutions and GLP-1-only approaches.

Designed for employers and health plans, FlyteHealth drives measurable outcomes, optimized Rx spend, and a clear path to ROI.",2018,113,"Telehealth, Obesity, Technology, Healthcare, MedTech, Cardiometabolic, CKM, eCKM, Digital Health, CKM, eCKM",New Canaan,United States,CT,New Canaan,United States,CT
https://www.linkedin.com/in/james-powell-b42bb5149,James,Powell,https://i.closelyhq.com/smngoz4om6bdn0nkm.75f7f727.jpg,Chief Clinical Operations Officer,FlyteHealth,United States,"Population Health, Healthcare, Healthcare Management, Leadership, Public Speaking, Telemedicine, Developmental Disabilities","Chief Clinical Operations Officer at FlyteHealth, Owner at James R Powell MD, PLLC, Medical Director at UCP of Suffolk, Medical Director at Developmental Disabilities Institute (DDI), Chief Executive Officer For DocGo's Clinical Practice Group at DocGo, Medical Director at EAST END DISABILITY ASSOCIATES, Chief Executive Officer at Long Island Select Healthcare, Inc., Medical Director at Opti Healthcare, Physician at Terryville Medical Assoc","The University of Connecticut School of Medicine, Ross University School of Medicine, Binghamton University",Physician Executive | Population Health & Value-Based Care | Virtual and Home-Based Healthcare Innovation | Multi-State Licensed Physician (50+ States) | Experienced in scaling high-impact clinical services,Hospitals and Health Care,"I am a physician executive passionate about improving healthcare access and building scalable care models that meet patients where they are.
Over the past two decades, I have worked at the intersection of population health, value-based care, and mobile healthcare delivery, helping design and scale programs that expand access to care while improving quality and outcomes.
My experience includes leading clinical and operational initiatives across multi-state healthcare organizations delivering services in:
home-based care
mobile medical programs
preventive health programs
population health management
diagnostic and point-of-care services
PCP and Longitudinal programs

I have extensive experience working with health systems, payers, and community organizations to develop programs that address the logistical and clinical challenges of delivering care outside of traditional healthcare settings.
Areas of focus include:
• Value-based care and population health strategy
• Home-based and mobile healthcare delivery models
• Healthcare logistics and last-mile clinical infrastructure
• Preventive care and chronic disease management
• Partnerships between healthcare providers, payers, and technology companies
I am particularly interested in the emerging convergence of digital health, in-home diagnostics, and distributed care delivery models, which are reshaping the delivery of healthcare services across the United States.
As a multi-state-licensed physician, I enjoy collaborating with organizations exploring innovative approaches to improving patient access, care coordination, and population health outcomes.",,,https://www.linkedin.com/company/flytehealth,http://www.flytehealth.com,"FlyteHealth is an integrated early cardio-kidney-metabolic (eCKM) care platform addressing obesity, prediabetes, type 2 diabetes, hypertension, and hyperlipidemia.

FlyteHealth is one of the few cardiometabolic programs backed by two separate actuarial analyses with independent data and methodology.

We deliver a single, risk-based clinical model that combines lifestyle intervention, multidisciplinary medical care, medication optimization, and long-term maintenance — replacing fragmented solutions and GLP-1-only approaches.

Designed for employers and health plans, FlyteHealth drives measurable outcomes, optimized Rx spend, and a clear path to ROI.",2018,113,"Telehealth, Obesity, Technology, Healthcare, MedTech, Cardiometabolic, CKM, eCKM, Digital Health, CKM, eCKM",New Canaan,United States,CT,New Canaan,United States,CT
https://www.linkedin.com/in/fadoua-f-16453214b,FADOUA,F.,https://i.closelyhq.com/smngoz102jd7cct4h.51008daf.jpg, Senior clinical specialist III,Enara Health,United States,"Management, Restauration et boissons, Services de santé, Nutrition, Gestion des services de santé, Science, Clinical Nutrition, Long-term Care, Medical Nutrition Therapy, Acute Care, Food Management, Databases, Nutritional Medicine"," Senior clinical specialist III at Enara Health, SAHA Wellness,LLC at Self-employed, Dietetic Intern -Food Management- at Morrison Healthcare, Dietetic Intern -Long Term Care- at A.G. Rhodes, Dietetic Intern -Clinical care- at Emory Healthcare, Nutrition Internship at Private Practice, Visas Specialist at U.S Consulate in Morocco, Management Information System Coordinator at Notable","The University of Alabama, Texas A&M University","An individualized, comprehensive approach to managing obesity.",Hospitals and Health Care,"An experienced Registered Dietitian with a proven track record in remote clinical care. My expertise lies in weight management, chronic disease intervention, and comprehensive healthy diet modification. I am proficient in English, Arabic, and French, enabling me to provide effective counseling to patients from diverse cultural backgrounds. My specialization is obesity management using pharmacotherapy, and I am committed to integrating evidence-based practices into all counseling.",,,https://www.linkedin.com/company/enarahealth,https://www.enarahealth.com,Enara is building a platform and network to scale medical obesity treatment. Our platform allows medical groups and health partners to launch insurance-covered obesity programs with a multi-disciplinary network of caring medical providers and coaches. ,2020,80,"obesity, cardiometabolic medicine",San Mateo,United States,California,San Mateo,United States,California
https://www.linkedin.com/in/sharon-vallee-560b75180,Sharon,Vallee,https://i.closelyhq.com/smngoz5l82od2eptl.3a3aaa65.jpg,Operations Specialist,FORM │ Virtual obesity medicine clinic,United States,"Relationship Building, Soft Skills, Onboarding, Corporate Events, Customer Experience, Customer Service","Operations Specialist at FORM │ Virtual obesity medicine clinic, Workplace Manager at Included Health, Workplace Services at Grand Rounds Health, Remittance Associate at Deluxe | Payroll",,Operations Specialist FORM Health,Hospitals and Health Care,,,,https://www.linkedin.com/company/form-health,http://formhealth.co,"Form Health is the national leader in science-based obesity and cardiometabolic care. Our clinical care model consists of one-on-one, personalized care from a dedicated ABOM-certified physician and a CSOWM-certified Registered Dietitian, who develop individualized treatment plans that address behavioral health, nutrition, physical activity, and include a prescription for FDA-approved medication, if appropriate. Form Health keeps safety, efficacy, and outcomes at the forefront as we incorporate the latest research and science into our approach. This means we’re always innovating, constantly getting smarter about the science of obesity care, relentlessly focusing on exceptional results, and calling out harmful practices that hold back progress. The result is life-changing outcomes for our patients and meaningful ROI for our enterprise partners. Form Health is in-network with national health plans. Learn more at formhealth.co.",2019,268,,Boston,United States,Massachusetts,Boston,United States,Massachusetts
https://www.linkedin.com/in/lauraliang97,Laura,"Liang, M.A., CCC-SLP",,Clinical Systems Specialist,knownwell,United States,"Healthcare IT, Microsoft Power BI, SQL, Data Entry, Electronic Medical Record (EMR), ICD-10 & CPT Coding, Outcome Measurement & Tracking, Microsoft 365, Virtualization, Artificial Intelligence, Clinical Documentation, Technical Documentation, Microsoft Office, Customer Service, Microsoft Excel, Research, Project Management","Clinical Systems Specialist at knownwell, Speech Language Pathologist PRN at Select Rehabilitation, Embassy Healthcare, IT Specialist at Konkus Marble & Granite , Speech Language Pathologist at Embassy Healthcare , Acute Care Speech-Language Pathologist at The Ohio State University Wexner Medical Center, School Speech-Language Pathologist  at Monroe County Community School Corporation, Graduate Clinician at Indiana University Speech, Language, and Hearing Clinic at Indiana University Bloomington, Aide Provider at Kari Watts LLC, Research Assistant at COSI - Center of Science and Industry, Office Assistant at Franklin County Board of Developmental Disabilities","Indiana University Bloomington, The Ohio State University, Columbus State Community College",Clinical Systems Specialist,Hospitals and Health Care,"As a speech-language pathologist, I've worked in acute care, outpatient, and skilled nursing settings, gaining years of experience as a front-end user of multiple EHRs. I later transitioned into IT to strengthen my technical skills and problem-solving approach, and now, as a Clinical Systems Specialist, I combine my clinical background with my tech experience to support providers, improve workflows, and help make our systems easier and more intuitive to use.",,,https://www.linkedin.com/company/knownwellhealth,http://www.knownwell.co,"Have you ever dreaded going to the doctor, knowing you're in for a lecture? Us too. That’s why we created knownwell. 

At knownwell, we look past the scale to see our patients. We offer weight-inclusive healthcare for all and provide evidence-based medicine that supports your unique goals. 

Whether you need primary care or are focused on your metabolic health, we are here to serve you with warmth and expertise. We will treat you with empathy, patience, and respect, listen to you, and empower you to make informed decisions about your health journey with us. 

Let us take care of you and change the landscape of healthcare together. ",2022,126,,Boston,United States,MA,Boston,United States,MA
https://www.linkedin.com/in/casey-harrell-0b70a8185,Casey,Harrell,https://i.closelyhq.com/smngoz7995dmq8ouo.0d39ffe2.jpg,Clinical Trial Manager,knownwell,United States,"Weight Management, Metabolic Care, Phase III Clinical Trials, Dietetics, Adult CPR, Pediatric CPR, Clinical Research Management Systems, Clinical Research, Clinical Study Management, Cardiology, Clinical Cardiology, Geriatric Medicine, Heart Failure, Heart Disease, Heart Valves, Written Communication, Analytical Skills, Editing, Social Media, Health & Wellness","Clinical Trial Manager at knownwell, Clinical Research Coordinator at Cardiothoracic & Vascular Surgeons, PA, Team Lead of Clinical Services at Eurofins | CRL, Inc., Research Assistant at The University of Texas at Austin, Financial Analyst at Pure Envision, LLC, Front Desk Receptionist at Visible Changes, Legislative Assistant at Tusk Strategies",The University of Texas at Austin,"Clinical Trial Manager, CCRC",Hospitals and Health Care,,,,https://www.linkedin.com/company/knownwellhealth,http://www.knownwell.co,"Have you ever dreaded going to the doctor, knowing you're in for a lecture? Us too. That’s why we created knownwell. 

At knownwell, we look past the scale to see our patients. We offer weight-inclusive healthcare for all and provide evidence-based medicine that supports your unique goals. 

Whether you need primary care or are focused on your metabolic health, we are here to serve you with warmth and expertise. We will treat you with empathy, patience, and respect, listen to you, and empower you to make informed decisions about your health journey with us. 

Let us take care of you and change the landscape of healthcare together. ",2022,126,,Boston,United States,MA,Boston,United States,MA
https://www.linkedin.com/in/algawlik,Allyson,Gawlik,,Practice Manager,knownwell,United States,"Key Performance Indicators, Team Management, Performance Appraisal, Administrative Assistance, Patient Care, Problem Solving, Operations, Planning and Organizing, Project Management, Process Management, Patient Education, Customer Service, Teamwork, Interpersonal Relationships, Healthcare Management, Microsoft Excel, Leadership, Team Building, Operations Management, Patient Experience","Practice Manager at knownwell, Practice Manager at VillageMD, Center Manager at CareNow, Surgery Coordinator at The Advanced Spine Center, Account Services Specialist at Manning Media International, Certified Medical Assistant, Women’s Association for Obstetrics and Gynecology at Texas Health Resources",National American University,Practice Manager at knownwell,Hospitals and Health Care,"As a long-term healthcare operations and administrative leader – who has worked in both clinic and hospital settings – I am passionate about creating meaningful patient experiences. Patients are often in a vulnerable position and it is my mission to put them at ease as fast as possible. It begins with listening intently to their needs/concerns and responding with compassion, respect, and credible guidance. 
Patients – as well as healthcare leaders – benefit greatly from my operational expertise. More specifically, I tightly manage all aspects of businesses, including day-to-day operations, hiring/training, scheduling, and patient services. I regularly assess operational performance and seek to streamline/automate processes wherever possible. Keeping the “wheels in motion” is the key to running an efficient, profitable, and reputable healthcare practice.
Nothing is possible without a talented and motivated team. Recognizing this, I build a family atmosphere with my team members through advocating on their behalf and bridging gaps between them and senior leaders. In the end, my team members know that I have their backs and will put them in the best position to win with great training, ongoing coaching, internal equity, and an understanding of how their work connects to patient outcomes.",,,https://www.linkedin.com/company/knownwellhealth,http://www.knownwell.co,"Have you ever dreaded going to the doctor, knowing you're in for a lecture? Us too. That’s why we created knownwell. 

At knownwell, we look past the scale to see our patients. We offer weight-inclusive healthcare for all and provide evidence-based medicine that supports your unique goals. 

Whether you need primary care or are focused on your metabolic health, we are here to serve you with warmth and expertise. We will treat you with empathy, patience, and respect, listen to you, and empower you to make informed decisions about your health journey with us. 

Let us take care of you and change the landscape of healthcare together. ",2022,126,,Boston,United States,MA,Boston,United States,MA
https://www.linkedin.com/in/anystin-bigler,Anystin,Bigler,https://i.closelyhq.com/smngoz2b5sa6okljbg.78582f7d.jpg,"Manager, Payer Credentialing",knownwell,United States,"Medicare, Contract Management, Customer Engagement, Enrollment Management, Operations, English, Finance, Microsoft Outlook, Data Entry, Customer Relationship Management (CRM), Customer Success Management , Implementation & Onboarding , Healthcare Operations & Credentialing, Process Improvement & Workflow Automation , Data Analysis & Reporting, Account Management, Onboarding, Software Implementation, Strategic Communications, Customer Service Management","Manager, Payer Credentialing at knownwell, Payer Enrollment Specialist  at Systole Health, Customer Success & Onboarding Specialist  at Zaya Care, Health Coach Manager at Noom, Physical Therapy Technician at Tier 1 Physical Therapy, Store Associate at ALDI USA, Health Promotions at Tennessee Technological University","Tennessee Technological University, Roane State Community College",Customer Success | Implementation | HealthTech & Digital Health | Provider Onboarding & Credentialing,Hospitals and Health Care,"I specialize in streamlining customer success, implementation, and healthcare operations to help providers and organizations scale efficiently. With a background in credentialing, payer enrollments, and onboarding, I optimize workflows that improve provider experiences and drive business growth.

💡 Key Wins:
✔ Reduced provider enrollment time by 85% (from 38.67 to 5.85 days), boosting satisfaction and revenue.
✔ Increased provider booking rates from 40% to 72%, optimizing scheduling and workflows.
✔ Automated credentialing processes, cutting manual work and improving efficiency.

I thrive in fast-paced, evolving environments, bridging the gap between technology and healthcare operations to create scalable solutions.

📩 Let’s Connect! Always open to networking and exchanging insights in customer success, implementation, and healthcare operations.",,,https://www.linkedin.com/company/knownwellhealth,http://www.knownwell.co,"Have you ever dreaded going to the doctor, knowing you're in for a lecture? Us too. That’s why we created knownwell. 

At knownwell, we look past the scale to see our patients. We offer weight-inclusive healthcare for all and provide evidence-based medicine that supports your unique goals. 

Whether you need primary care or are focused on your metabolic health, we are here to serve you with warmth and expertise. We will treat you with empathy, patience, and respect, listen to you, and empower you to make informed decisions about your health journey with us. 

Let us take care of you and change the landscape of healthcare together. ",2022,126,,Boston,United States,MA,Boston,United States,MA
https://www.linkedin.com/in/christina-link-ms-rdn-ldn-cdces-64302321a,Christina,"Link, MS, RDN, LDN, CDCES",https://i.closelyhq.com/smngoz6ms7eegdfda.103efe11.jpg,Director of Nutrition,Ilant Health,United States,"Microsoft Office, Healthcare Management, Healthcare, State Policy, Medicaid Managed Care, Health Policy, Presentations, Global Health, Strategic Thinking, Driving Results, Medicaid, Dietetics, Strategic Planning, Holistic Nutrition, Public Speaking, Weight Management, Team Leadership, Health Education, Project Planning, Data Analysis","Director of Nutrition at Ilant Health, Registered Dietitian at Transcarent, Clinical Nutrition Lead |  Registered Dietitian at PeopleOne Health, Lead Dietitian |  Curriculum Creator at Impact Health Solutions, Director of Nutrition at X-Treme Fitness and Health Gym, Nutrition Scientist at Penn State Nutritional Science Department","University of North Florida, Indiana University of Pennsylvania, Indiana University of Pennsylvania",Nutrition Healthcare Leader | Innovator | Relentless,Hospitals and Health Care,"Strategic nutrition leader with experience building and scaling clinical nutrition programs across primary care, digital health, chronic disease management, obesity care, and population health. My expertise spans program development, clinical operations, interdisciplinary leadership, and translating evidence into innovative care models that improve patient outcomes and organizational performance.My career began in cardiometabolic research, where I conducted randomized controlled feeding trials examining the impact of nutrition on emerging cardiovascular risk factors. This foundation in scientific rigor continues to inform my approach to developing practical, evidence-based programs that can be successfully implemented in real-world healthcare settings.Throughout my career, I have led nutrition teams, developed clinical protocols, launched new service lines, and partnered with executive, clinical, operational, and technology stakeholders to integrate nutrition into broader healthcare strategy. As Accolade’s first Registered Dietitian, I established nutrition services infrastructure, developed clinical workflows and protocols, and helped advance nutrition as a component of whole-person care.Today, I serve as Director of Nutrition at Ilant Health, where I lead the strategy, growth, and clinical excellence of the nutrition department within a multidisciplinary obesity medicine model. My work focuses on building scalable clinical programs, developing high-performing teams, advancing evidence-based nutrition care, and driving initiatives across quality, patient engagement, education, and outcomes as the organization continues to grow.As a board-certified Diabetes Care and Education Specialist (CDCES), published scholar, and Doctorate of Clinical Nutrition candidate with a concentration in Healthcare Leadership, I am passionate about elevating the role of nutrition within healthcare systems and advancing innovative, value-based models of care.",,,https://www.linkedin.com/company/ilant-health,https://www.ilanthealth.com/,"Ilant Health is an obesity treatment company, focused on increasing access to obesity treatment while reducing total cost of care for employers and payers through value-based care. 

We provide the single front door for individuals with obesity, delivering end-to-end evidence-based solutions (bariatric surgery, medication, intense behavioral therapy) through a technology-enabled and analytics-driven obesity medicine practice. ",2022,41,,,,,,,
https://www.linkedin.com/in/matija-burtis-do-dabfm-dabom-83b7611aa,Matija,"Burtis DO, DABFM, DABOM",https://i.closelyhq.com/smngoz1q0tq3624c9.f6b695b9.jpg,Market Development Lead Physician,knownwell,United States,,"Market Development Lead Physician at knownwell, Clinical Lead Adult Obesity Medicine at MaineHealth Maine Medical Center, Founder and Medical Director of St. Mary's Regional Medical Center Weight Management at St. Mary's Health System",University of New England,Market Development Lead Physician at knownwell,Hospitals and Health Care,,,,https://www.linkedin.com/company/knownwellhealth,http://www.knownwell.co,"Have you ever dreaded going to the doctor, knowing you're in for a lecture? Us too. That’s why we created knownwell. 

At knownwell, we look past the scale to see our patients. We offer weight-inclusive healthcare for all and provide evidence-based medicine that supports your unique goals. 

Whether you need primary care or are focused on your metabolic health, we are here to serve you with warmth and expertise. We will treat you with empathy, patience, and respect, listen to you, and empower you to make informed decisions about your health journey with us. 

Let us take care of you and change the landscape of healthcare together. ",2022,126,,Boston,United States,MA,Boston,United States,MA
https://www.linkedin.com/in/teasiachandler,Te’Asia,Chandler,https://i.closelyhq.com/smngoz8et2bprvvu.e8c10090.jpg,Medical Practice Manager,knownwell,United States,"Filing, Communication, Vaccines, Budgeting, Patient Charting, Receptionist Duties, WebPT, Working with Physicians, Planning, Benefits Administration, Medication Administration, Bookkeeping, Anatomy, Medical Office, Clinical Administration, Fax, Office Equipment Maintenance, Leadership, Project Management, Medical Office Management",Medical Practice Manager at knownwell,"Fortis Institute, Lackawanna College",Committed Practice Management professional. Healthcare is and always will be my passion.,Hospitals and Health Care,"With over a decade of experience in medical administration and patient care, I have developed strong skills in scribing, billing, and coordinating healthcare services. I contributed to streamlining operations and enhancing patient care delivery. I am passionate about creating efficient, organized environments that prioritize patient well-being and team collaboration. My goal is to bring my diverse background in Practice Management and administrative leadership to organizations focused on delivering top-tier healthcare solutions.  
",,,https://www.linkedin.com/company/knownwellhealth,http://www.knownwell.co,"Have you ever dreaded going to the doctor, knowing you're in for a lecture? Us too. That’s why we created knownwell. 

At knownwell, we look past the scale to see our patients. We offer weight-inclusive healthcare for all and provide evidence-based medicine that supports your unique goals. 

Whether you need primary care or are focused on your metabolic health, we are here to serve you with warmth and expertise. We will treat you with empathy, patience, and respect, listen to you, and empower you to make informed decisions about your health journey with us. 

Let us take care of you and change the landscape of healthcare together. ",2022,126,,Boston,United States,MA,Boston,United States,MA
https://www.linkedin.com/in/emma-fitzgerald-44ab061ab,Emma,Fitzgerald ,https://i.closelyhq.com/smngoz4er4kr72n16.2d474c76.jpg,Operations Team Lead,Form Health,United States,"Project Coordination, Salesforce.com Implementation, Marketing Campaign Management, Reporting & Analysis, Operations Management, Contact Center Management, Artificial Intelligence (AI), Team Leadership, Salesforce.com Administration, System Administration, Business-to-Business (B2B), Team Management, Project Management, Teaching, Email, Administration, Programming, Customer Service, Availability, Scheduling","Operations Team Lead at Form Health, Yoga Teacher at CorePower Yoga, Accountability Coach at Calibrate, Company Owner & Teacher  at Emma Fein Yoga , Studio Operations Coordinator  at Precision Pilates Plus, Educator at lululemon, Yoga and Aerial Instructor at Om Factory Yoga, Program Director at MMA Valor",Point Park University,"Salesforce Administrator | Implementation & Healthcare Operations Lead | CRM Strategy, AI-Enabled Workflows, Automation, Workflow Optimization & Patient Engagement ",Hospitals and Health Care,"An upbeat and energetic team player and leader with a passion for wellness, who finds fulfillment in helping others, empowering people, and creating an open and inclusive environment.",,,https://www.linkedin.com/company/form-health,http://formhealth.co,"Form Health is the national leader in science-based obesity and cardiometabolic care. Our clinical care model consists of one-on-one, personalized care from a dedicated ABOM-certified physician and a CSOWM-certified Registered Dietitian, who develop individualized treatment plans that address behavioral health, nutrition, physical activity, and include a prescription for FDA-approved medication, if appropriate. Form Health keeps safety, efficacy, and outcomes at the forefront as we incorporate the latest research and science into our approach. This means we’re always innovating, constantly getting smarter about the science of obesity care, relentlessly focusing on exceptional results, and calling out harmful practices that hold back progress. The result is life-changing outcomes for our patients and meaningful ROI for our enterprise partners. Form Health is in-network with national health plans. Learn more at formhealth.co.",2019,268,,Boston,United States,Massachusetts,Boston,United States,Massachusetts
https://www.linkedin.com/in/benfitness,Ben,Silverman,https://i.closelyhq.com/smngoz4fti7472kes.85e46acf.jpg,Chief Executive Officer,WeightlessRx,United States,"Artificial Intelligence (AI), Automation, Direct Sales, Sales Consulting, Business Strategy, Sales, Direct Response Marketing, Business-to-Business (B2B), Nutrition, Personal Training, Functional Training, Business Development, Social Media Marketing, Weight Loss Coaching, Weight Training, Diet Planning, Diet, Fitness Instruction, Nutritional Counseling, Fitness","Chief Executive Officer at WeightlessRx, Founder / Executive Fitness & Nutrition Coach at Peak Performance Fitness, Consultant at en world group, All Japan National Taekwondo Champion at Japan National Taekwondo Federation","Saint Michael's College, Fudan University","Helping SMB’s and Professionals Save 5+ hours/ week and Increase Revenue With AI & Automations. From AI to ROI — the right tools, measurable outcomes","Health, Wellness & Fitness","Ben has been a fitness and health professional for over a decade, starting his career in martial arts as the National Taekwondo Champion of Japan before building his business helping expats in Asia to lose weight and get in shape. Now he runs WeightlessRx, the leading weight loss GLP-1 clinic that provides top of the line coaching for long lasting sustainable results",,,https://www.linkedin.com/company/weightlessrx,www.get.weightlessrx.com/home,"We offer physician-certified access and streamlined prescriptions to GLP-1 weight-loss drugs and other approved peptides —with no hassle and no hidden fees.

Don't wait any longer to start living your best, healthiest life. We Service All 50 States.",,1,,Casper,United States,,Casper,United States,
https://www.linkedin.com/in/jerusha-stahl-b0aa44231,Jerusha,Stahl,https://i.closelyhq.com/smngoz3f7jshcpgbt.2fec55a7.jpg,Obesity Medicine,Intellihealth,United States,"Medicine, Quality Patient Care, Compassionate care, Spanish-speaking, Evidence-based Medicine, Primary Care, Obesity Treatment, Telehealth","Obesity Medicine at Intellihealth, Physician at Kaiser Permanente, Physician at SCPMG","SUNY Stony Brook School of Medicine , Russell Sage College",Obesity Medicine Specialist ,Hospitals and Health Care,"I have worked as a primary care internist since 2007 and also practice obesity medicine since 2009. I have been involved in administrative roles over the past several years, currently leading our obesity medicine clinic and director of outpatient quality for my my medical center.",,,https://www.linkedin.com/company/flytehealth,http://www.flytehealth.com,"FlyteHealth is an integrated early cardio-kidney-metabolic (eCKM) care platform addressing obesity, prediabetes, type 2 diabetes, hypertension, and hyperlipidemia.

FlyteHealth is one of the few cardiometabolic programs backed by two separate actuarial analyses with independent data and methodology.

We deliver a single, risk-based clinical model that combines lifestyle intervention, multidisciplinary medical care, medication optimization, and long-term maintenance — replacing fragmented solutions and GLP-1-only approaches.

Designed for employers and health plans, FlyteHealth drives measurable outcomes, optimized Rx spend, and a clear path to ROI.",2018,113,"Telehealth, Obesity, Technology, Healthcare, MedTech, Cardiometabolic, CKM, eCKM, Digital Health, CKM, eCKM",New Canaan,United States,CT,New Canaan,United States,CT
https://www.linkedin.com/in/elena-noonan-mpas-pa-c-b53093203,Elena,"Noonan, MPAS, PA-C",https://i.closelyhq.com/smngoz1mhr0n61mp3g.c2135081.jpg,Metabolic Health/Obesity Medicine Physician Assistant,Enara Health,United States,"Psychiatry, Womens’ Health, Type 2 diabetes management profiency, Women's Health, Obesity medicine, Athena EMR, Obesity Treatment, Spanish, Current working knowledge of Athena EMR, Primary Care, Strong experience with Psychiatry/Behavioral Health , Chronic Disease Management","Metabolic Health/Obesity Medicine Physician Assistant at Enara Health, Obesity Medicine Physician Assistant at FORM │ Virtual obesity medicine clinic, Family Medicine Physician Assistant at Village Medical, Family Medicine Physician Assistant at Samaritan Health Services","Massachusetts College of Pharmacy and Health Sciences, University of Montevallo",Physician Assistant,Hospitals and Health Care,"I am passionate about making a difference in Obesity Medicine. Advocate and educate your patients! Proficiency in using the following AOMs, Anti Obesity Medications for chronic disease management: -Semaglutide (Wegovy, Ozempic)-Tirzepatide (Mounjaro, Zepbound)-Liraglutide (Saxenda)(Victoza)-Foundayo-Qsymia-Contrave-Metformin-Topiramate-Naltrexone-Bupropion",,,https://www.linkedin.com/company/enarahealth,https://www.enarahealth.com,Enara is building a platform and network to scale medical obesity treatment. Our platform allows medical groups and health partners to launch insurance-covered obesity programs with a multi-disciplinary network of caring medical providers and coaches. ,2020,80,"obesity, cardiometabolic medicine",San Mateo,United States,California,San Mateo,United States,California
https://www.linkedin.com/in/karla-saint-andre-md-face-dabom-204b17243,Karla,"Saint Andre, MD, FACE, DABOM",https://i.closelyhq.com/smngoz4r3c7q34v3f.2c2c8bac.jpg,Regional Medical Director,Form Health,United States,"Diabetes, Thyroid, Weight Management, Obesity, Obesity Treatment, Endocrinology, Osteoporosis","Regional Medical Director at Form Health, Endocrinologist at Houston Methodist","Houston Methodist Hospital, UTHealth Houston, Universidad Autonoma de Tamaulipas","Regional Medical Director, Endocrinologist and Obesity Medicine Specialist at Form Health",Hospitals and Health Care,,,,https://www.linkedin.com/company/form-health,http://formhealth.co,"Form Health is the national leader in science-based obesity and cardiometabolic care. Our clinical care model consists of one-on-one, personalized care from a dedicated ABOM-certified physician and a CSOWM-certified Registered Dietitian, who develop individualized treatment plans that address behavioral health, nutrition, physical activity, and include a prescription for FDA-approved medication, if appropriate. Form Health keeps safety, efficacy, and outcomes at the forefront as we incorporate the latest research and science into our approach. This means we’re always innovating, constantly getting smarter about the science of obesity care, relentlessly focusing on exceptional results, and calling out harmful practices that hold back progress. The result is life-changing outcomes for our patients and meaningful ROI for our enterprise partners. Form Health is in-network with national health plans. Learn more at formhealth.co.",2019,268,,Boston,United States,Massachusetts,Boston,United States,Massachusetts
https://www.linkedin.com/in/emely-sibrian-02005a213,Emely,Sibrian,https://i.closelyhq.com/smngoz75444se5cas.a177e4f1.jpg,Clinical Operations Lead,knownwell,United States,"Clinical Systems Implementation, EMR Training, Drug Testing, Medication Administration, Wound Care, Clinical Supervision, Medical Assisting, Clinical Pharmacy, Office Administration, Vital Signs, Phlebotomy, Triage, Health Insurance, Customer Experience, Customer Loyalty, Customer Service Training, Product Management Bookkeeping, Spanish, English","Clinical Operations Lead at knownwell, Medical Assistant at Franciscan Health, Medical Assistant at Northwest Health, Medical Assistant at Beacon Medical Group",Ivy Tech Community College,Clinical Operations Lead,Hospitals and Health Care,,,,https://www.linkedin.com/company/knownwellhealth,http://www.knownwell.co,"Have you ever dreaded going to the doctor, knowing you're in for a lecture? Us too. That’s why we created knownwell. 

At knownwell, we look past the scale to see our patients. We offer weight-inclusive healthcare for all and provide evidence-based medicine that supports your unique goals. 

Whether you need primary care or are focused on your metabolic health, we are here to serve you with warmth and expertise. We will treat you with empathy, patience, and respect, listen to you, and empower you to make informed decisions about your health journey with us. 

Let us take care of you and change the landscape of healthcare together. ",2022,126,,Boston,United States,MA,Boston,United States,MA
https://www.linkedin.com/in/melissa-myhre-0469b9260,Melissa,Myhre,https://i.closelyhq.com/smngoz2hqgqqepireg.f305260e.jpg,Regional Operations Manager,JumpstartMD,United States,"Zoom, ADP, Rippling, DocuSign, BirdEye, Microsoft Outlook, Microsoft Word, Microsoft Office, Microsoft Excel, Google Workspace( Docs, Sheets, Drive) , Trello, Dialpad, Dayback Scheduling , Elation Health , Salesforce / Health Cloud , Billing & Membership Management, Performance Management, Vendor Management, Workflow Optimization, Customer Service",Regional Operations Manager at JumpstartMD,,Regional Operations Manager | Clinic Operations & Member Experience | Process Optimization | Team Leadership | Healthcare Workflow Systems,Wellness and Fitness Services,"Experienced Regional Operations Manager dedicated to optimizing clinic performance, enhancing member experience, and fostering robust team development.I specialize in building sustainable operational workflows that empower staff, streamline processes, and deliver exceptional member satisfaction. My approach is hands-on, detail-oriented, and people-focused, enabling me to thrive in fast-moving environments where clear communication and effective problem-solving are essential.Key areas of expertise include:-Process Optimization: Analyzing and improving clinic flow, implementing new processes, and optimizing membership workflows.-Cross-Functional Leadership: Leading teams and partnering closely with leadership, finance, clinical groups, and vendors to ensure operational continuity.-Team Development: Creating comprehensive training materials, coaching staff on new protocols, and fostering a supportive culture.-Operational Management: Resolving complex logistical issues and ensuring each clinic is fully equipped for success.",,,https://www.linkedin.com/company/jumpstartmd,http://www.jumpstartmd.com,"JumpstartMD is helping thousands of people lose weight and live healthier and happier lives through personalized, medically supervised treatment programs. Based on extensive clinical research, JumpstartMD offers nutritional science and 1-on-1 support that's shown to reverse diabetes and cardio-metabolic risk.

As the largest medical weight loss practice in Northern California, JumpstartMD is the leading personalized science-based program driven by Stanford-trained physicians and Diplomates of the American Board of Obesity.

JumpstartMD is the most referred, medically supervised weight loss program by Bay Area physicians.",2007,98,"Weight Loss, Wellness, Nutrition, Bioidentical Hormone Replacement Therapy, healthcare, Physicians, Nurse Practitioners, Physician Assistants, Health Coach, Diabetes Prevention, Cardiometabolic risk, Men's Health, Women's Health, Endocrinology",Burlingame,United States,CA,Burlingame,United States,CA
https://www.linkedin.com/in/cynthia-gerome-mba-027a01346,Cynthia,"Gerome, MBA",https://i.closelyhq.com/smngoz1p1u66cju94o.00801ae7.jpg,Senior Manager Provider Operations,Form Health,United States,"Adult CPR, Employee Training, Scheduling Management, Healthcare Management, Cross-functional Coordination, Health Information Systems (HIS), People Management, Data Analysis, Management, Process Improvement Projects, Leadership, Problem Solving, Clinic Management, Regulatory Requirements, Employee Wellness, Software Licensing Management, Change Management, Patient Care Management, Team Facilitation, Operational Efficiency","Senior Manager Provider Operations at Form Health, Director of Patient Entry at CoreLife Healthcare, Manager at Elevation Corporate Health","Southern New Hampshire University, University of Maryland Global Campus",Senior Manager Provider Operations at Form Health,Hospitals and Health Care,,,,https://www.linkedin.com/company/form-health,http://formhealth.co,"Form Health is the national leader in science-based obesity and cardiometabolic care. Our clinical care model consists of one-on-one, personalized care from a dedicated ABOM-certified physician and a CSOWM-certified Registered Dietitian, who develop individualized treatment plans that address behavioral health, nutrition, physical activity, and include a prescription for FDA-approved medication, if appropriate. Form Health keeps safety, efficacy, and outcomes at the forefront as we incorporate the latest research and science into our approach. This means we’re always innovating, constantly getting smarter about the science of obesity care, relentlessly focusing on exceptional results, and calling out harmful practices that hold back progress. The result is life-changing outcomes for our patients and meaningful ROI for our enterprise partners. Form Health is in-network with national health plans. Learn more at formhealth.co.",2019,268,,Boston,United States,Massachusetts,Boston,United States,Massachusetts
https://www.linkedin.com/in/corinnevangile,Corinne,Vangile,https://i.closelyhq.com/smngoz4vqmqcmb86.950cdf15.jpg,Administrative Manager and Health and Wellness Coach,Onyx Weight Loss Clinic,United States,"Patient Education, Team Collaboration, Time Management, Telehealth, Marketing Material Creation, Patient Scheduling, Lifestyle Medicine, Wix, MailChimp, Canva, Creative Content Creation, Meal Planning, Customer Service, Office Administration","Administrative Manager and Health and Wellness Coach at Onyx Weight Loss Clinic, Social Media Marketing at Self-employed",East Carolina University,Aspiring Nutritionist in Integrative Health | Skilled in Health & Wellness Coaching  | Passionate About Empowering Clients to Heal Through Nutrition and Lifestyle Medicine,,"I am an aspiring Nutritionist in Integrative Health with a passion for helping individuals transform their health through holistic, functional wellness. I currently hold a certification as a Health and Wellness Coach through AFPA, which complement my hands-on experience guiding clients toward healthier, sustainable lifestyles.

Currently, I serve as Administrative Management & Health and Wellness Coach at Onyx Weight Loss Clinic, where I combine patient coaching with operational and marketing responsibilities. In this role, I create personalized meal plans, provide one-on-one lifestyle guidance, manage patient scheduling and communications, and develop marketing content, including social media posts and email campaigns.

My academic journey includes completing a Bachelor of Science in University Studies with a thematic core in Administrative Studies and Human Behavior, and I am preparing to pursue a Master of Science in Nutrition and Integrative Health. Through my coursework and professional experience, I have honed skills in nutrition education, patient engagement, health coaching, and operational management, all while building a strong foundation in human behavior and wellness principles.

I am driven by a mission to empower clients to improve their health through nutrition and lifestyle medicine, focusing on practical, sustainable strategies that fit real lives. I am always eager to connect with like-minded professionals, collaborate on wellness initiatives, and explore opportunities to expand my impact in integrative health.",,,https://www.linkedin.com/company/onyx-weight-loss-clinic,https://www.onyxweightloss.com,,,1,,Huntersville,United States,North Carolina,,,
https://www.linkedin.com/in/francis-nju-912a453b4,Francis,Nju,,Senior Software Engineer,Form Health,United States,"TypeScript, PostgreSQL, Amazon Web Services (AWS), Python (Programming Language), React.js, Software Infrastructure, Software Development, Software Industry, Software Systems Engineering, Software Design","Senior Software Engineer at Form Health, Senior Software Engineer at Cedar, Software Engineer at Microsoft, Software Engineer at Apex Fintech Solutions",Western Governors University,Engineer at Form Health,Hospitals and Health Care,"Senior Software Engineer with 12+ years building scalable backend systems across healthcare, fintech, and cloud platforms. Deep expertise in Go, Python, distributed systems, PostgreSQL, AWS and event-driven architectures. Proven ability to ship high-reliability systems, optimize performance at scale, and lead cross-functional technical design. Delivered production RAG/LLM systems, HIPAA-compliant APIs, and high-volume financial workflows. Known for owning complex systems end-to-end and driving measurable business impact.",,,https://www.linkedin.com/company/form-health,http://formhealth.co,"Form Health is the national leader in science-based obesity and cardiometabolic care. Our clinical care model consists of one-on-one, personalized care from a dedicated ABOM-certified physician and a CSOWM-certified Registered Dietitian, who develop individualized treatment plans that address behavioral health, nutrition, physical activity, and include a prescription for FDA-approved medication, if appropriate. Form Health keeps safety, efficacy, and outcomes at the forefront as we incorporate the latest research and science into our approach. This means we’re always innovating, constantly getting smarter about the science of obesity care, relentlessly focusing on exceptional results, and calling out harmful practices that hold back progress. The result is life-changing outcomes for our patients and meaningful ROI for our enterprise partners. Form Health is in-network with national health plans. Learn more at formhealth.co.",2019,268,,Boston,United States,Massachusetts,Boston,United States,Massachusetts
